 ,names,degree,harmonic,eigenvector_centrality,betweenness
ENSG00000000005,TNMD,2,0.0,0.002969729665529895,0.0
ENSG00000260520,ENSG00000260520,2,0.0,0.0040100819003521734,0.0
ENSG00000260645,ENSG00000260645,2,0.0,0.003101128271695766,0.0
ENSG00000260646,ENSG00000260646,2,0.0,0.8009813955118846,0.0
ENSG00000260647,ENSG00000260647,2,0.0,0.0,0.0
ENSG00000260650,ENSG00000260650,2,0.0,0.005453828915474054,0.0
ENSG00000260657,ENSG00000260657,2,0.0,0.0,0.0
ENSG00000260661,ENSG00000260661,2,0.0,0.0023398433900939375,0.0
ENSG00000260669,ENSG00000260669,2,0.0,0.0,0.0
ENSG00000260672,ENSG00000260672,2,0.0,0.0018147193976606499,0.0
ENSG00000260689,HNRNPA3P11,2,0.0,0.0,0.0
ENSG00000260691,ANKRD20A1,2,0.0,0.021680365732423334,0.0
ENSG00000260694,ENSG00000260694,2,0.0,0.0,0.0
ENSG00000260698,ENSG00000260698,2,0.0,0.0,0.0
ENSG00000260701,ENSG00000260701,2,0.0,0.0,0.0
ENSG00000260706,ENSG00000260706,2,0.0,0.0,0.0
ENSG00000260708,TBC1D22A-DT,2,0.0,0.003210804924979793,0.0
ENSG00000260710,UBE2I-AS1,2,0.0,0.0018224799612847626,0.0
ENSG00000260714,ENSG00000260714,2,0.0,0.11758836491585765,0.0
ENSG00000260725,ENSG00000260725,2,0.0,0.0033922595654329374,0.0
ENSG00000260727,SLC7A5P1,2,0.0,0.0007296058568807717,0.0
ENSG00000260733,WWOX-AS2,2,0.0,0.0,0.0
ENSG00000260737,LINC01227,2,0.0,0.005062531660037584,0.0
ENSG00000260740,ENSG00000260740,2,0.0,0.0016740603415920897,0.0
ENSG00000260742,ITPRID2-DT,2,0.0,0.0,0.0
ENSG00000260743,ENSG00000260743,2,0.0,0.0001757255748434502,0.0
ENSG00000260744,ENSG00000260744,2,0.0,0.0,0.0
ENSG00000260643,ENSG00000260643,2,0.0,0.001192975888491338,0.0
ENSG00000260641,TSPAN5-DT,2,0.0,0.0011284860263885757,0.0
ENSG00000260640,ENSG00000260640,2,0.0,0.0,0.0
ENSG00000260585,ENSG00000260585,2,0.0,0.0017006570748147954,0.0
ENSG00000260528,FAM157C,2,0.0,0.01061937041843667,0.0
ENSG00000260537,ENSG00000260537,2,0.0,0.011870789782061618,0.0
ENSG00000260545,ENSG00000260545,2,0.0,1.0831658896127589e-05,0.0
ENSG00000260552,COSMOC,2,0.0,0.004200413664382858,0.0
ENSG00000260558,ENSG00000260558,2,0.0,0.000584543743392282,0.0
ENSG00000260563,ENSG00000260563,2,0.0,0.007562441849629721,0.0
ENSG00000260572,PPM1L-DT,2,0.0,0.0,0.0
ENSG00000260573,ENSG00000260573,2,0.0,0.0036429903145703143,0.0
ENSG00000260577,CDH3-AS1,2,0.0,0.0,0.0
ENSG00000260578,ENSG00000260578,2,0.0,0.0,0.0
ENSG00000260583,ENSG00000260583,2,0.0,0.0,0.0
ENSG00000260589,STAM-DT,2,0.0,0.0,0.0
ENSG00000260635,ENSG00000260635,2,0.0,0.03522481128122013,0.0
ENSG00000260592,ENSG00000260592,2,0.0,0.0,0.0
ENSG00000260593,ENSG00000260593,2,0.0,0.0,0.0
ENSG00000260594,ENSG00000260594,2,0.0,0.0,0.0
ENSG00000260604,TGILR,2,0.0,0.0023866303287501368,0.0
ENSG00000260615,RPL23AP97,2,0.0,0.009166208782610713,0.0
ENSG00000260616,CYLD-AS2,2,0.0,0.0036474949950607394,0.0
ENSG00000260618,ENSG00000260618,2,0.0,0.009050293998115756,0.0
ENSG00000260621,ENSG00000260621,2,0.0,0.0018283297965707153,0.0
ENSG00000260625,RUSF1-DT,2,0.0,0.0,0.0
ENSG00000260628,ENSG00000260628,2,0.0,9.55675738325391e-05,0.0
ENSG00000260633,ENSG00000260633,2,0.0,0.0,0.0
ENSG00000260755,ENSG00000260755,2,0.0,0.00043481279890584016,0.0
ENSG00000260773,ENSG00000260773,2,0.0,1.4696106395969274e-05,0.0
ENSG00000260776,GOLGA6FP,2,0.0,0.0016087778633441642,0.0
ENSG00000260910,SWINGN,2,0.0,0.0,0.0
ENSG00000260884,PCHILR,2,0.0,0.0019255492728938535,0.0
ENSG00000260886,TAT-AS1,2,0.0,0.0037636134670637894,0.0
ENSG00000260889,CKBP1,2,0.0,0.00022805715400227248,0.0
ENSG00000260891,ENSG00000260891,2,0.0,0.0,0.0
ENSG00000260892,ENSG00000260892,2,0.0,0.0,0.0
ENSG00000260896,ARLNC1,2,0.0,0.019756395616936984,0.0
ENSG00000260898,ADPGK-AS1,2,0.0,0.0,0.0
ENSG00000260899,ENSG00000260899,2,0.0,0.0,0.0
ENSG00000260903,XKR7,2,0.0,0.0,0.0
ENSG00000260907,ENSG00000260907,2,0.0,0.0,0.0
ENSG00000260908,PLA2G10CP,2,0.0,0.0,0.0
ENSG00000260911,ENSG00000260911,2,0.0,0.0002897157488347006,0.0
ENSG00000260877,ENSG00000260877,2,0.0,0.0,0.0
ENSG00000260914,ENSG00000260914,2,0.0,0.0035903908671046417,0.0
ENSG00000260918,ENSG00000260918,2,0.0,0.00022760799947154392,0.0
ENSG00000260919,ENSG00000260919,2,0.0,0.040137383194366806,0.0
ENSG00000260924,LINC01311,2,0.0,0.0016378122747565602,0.0
ENSG00000260926,ENSG00000260926,2,0.0,0.0,0.0
ENSG00000260934,ENSG00000260934,2,0.0,0.0,0.0
ENSG00000260937,ENSG00000260937,2,0.0,0.005621772059087456,0.0
ENSG00000260942,CAPN10-DT,2,0.0,0.003680748224640241,0.0
ENSG00000260947,ENSG00000260947,2,0.0,0.0005235573536999743,0.0
ENSG00000260948,ENSG00000260948,2,0.0,0.002327123517283311,0.0
ENSG00000260949,ENSG00000260949,2,0.0,0.006731357281203984,0.0
ENSG00000260879,ENSG00000260879,2,0.0,0.0,0.0
ENSG00000260876,LINC01229,2,0.0,0.0,0.0
ENSG00000260777,ENSG00000260777,2,0.0,0.0,0.0
ENSG00000260806,PAPOLA-DT,2,0.0,0.0,0.0
ENSG00000260778,MIR3677HG,2,0.0,0.0,0.0
ENSG00000260782,ENSG00000260782,2,0.0,0.005637449924149677,0.0
ENSG00000260785,CASC17,2,0.0,0.0,0.0
ENSG00000260788,CEDORA,2,0.0,0.003859654111333599,0.0
ENSG00000260790,CDR2-DT,2,0.0,0.0021183657894884157,0.0
ENSG00000260793,ENSG00000260793,2,0.0,0.002248744448846494,0.0
ENSG00000260796,ENSG00000260796,2,0.0,0.0,0.0
ENSG00000260798,ENSG00000260798,2,0.0,0.0,0.0
ENSG00000260802,SERTM2,2,0.0,0.00019129356862006367,0.0
ENSG00000260803,ENSG00000260803,2,0.0,0.0,0.0
ENSG00000260805,ENSG00000260805,2,0.0,0.0,0.0
ENSG00000260807,CEROX1,2,0.0,0.0012867402639005399,0.0
ENSG00000260874,ENSG00000260874,2,0.0,0.0,0.0
ENSG00000260808,ENSG00000260808,2,0.0,0.0005658127890833841,0.0
ENSG00000260814,ENSG00000260814,2,0.0,0.0,0.0
ENSG00000260830,ENSG00000260830,2,0.0,0.005564865990381,0.0
ENSG00000260832,ENSG00000260832,2,0.0,0.0,0.0
ENSG00000260836,ENSG00000260836,2,0.0,0.0,0.0
ENSG00000260838,ENSG00000260838,2,0.0,0.029431082855438107,0.0
ENSG00000260848,ENSG00000260848,2,0.0,0.0003264576880949879,0.0
ENSG00000260850,ENSG00000260850,2,0.0,0.0,0.0
ENSG00000260852,FBXL19-AS1,2,0.0,0.0,0.0
ENSG00000260855,ENSG00000260855,2,0.0,0.000252159477724336,0.0
ENSG00000260867,ENSG00000260867,2,0.0,0.0,0.0
ENSG00000260526,AP1AR-DT,2,0.0,0.0,0.0
ENSG00000260517,ENSG00000260517,2,0.0,0.0,0.0
ENSG00000258323,ENSG00000258323,2,0.0,0.004599994950000521,0.0
ENSG00000260515,ENSG00000260515,2,0.0,0.0,0.0
ENSG00000260209,LINC03136,2,0.0,0.0038346818060459114,0.0
ENSG00000260213,CENPN-AS1,2,0.0,0.00035312031404500024,0.0
ENSG00000260219,CD2BP2-DT,2,0.0,0.0017416089994842033,0.0
ENSG00000260220,CCDC187,2,0.0,0.0006996638124393958,0.0
ENSG00000260228,CDH13-AS2,2,0.0,0.0006312413720502873,0.0
ENSG00000260229,PPIAP51,2,0.0,0.005479948099183673,0.0
ENSG00000260231,KDM7A-DT,2,0.0,0.0031935160678059757,0.0
ENSG00000260233,ZNRD2-DT,2,0.0,0.0,0.0
ENSG00000260234,ENSG00000260234,2,0.0,0.0,0.0
ENSG00000260236,PTPN23-DT,2,0.0,0.0,0.0
ENSG00000260238,PMF1-BGLAP,2,0.0,0.015349269299281203,0.0
ENSG00000260247,SUB1P4,2,0.0,0.0013793369077537143,0.0
ENSG00000260249,ENSG00000260249,2,0.0,0.0014539846861622396,0.0
ENSG00000260252,ENSG00000260252,2,0.0,0.0,0.0
ENSG00000260253,ENSG00000260253,2,0.0,0.0,0.0
ENSG00000260259,LINC02166,2,0.0,0.0,0.0
ENSG00000260265,LINC02562,2,0.0,0.0031001467112083806,0.0
ENSG00000260266,PPIAP46,2,0.0,0.009681049402521638,0.0
ENSG00000260271,ENSG00000260271,2,0.0,0.0,0.0
ENSG00000260272,ENSG00000260272,2,0.0,0.0004979041205810637,0.0
ENSG00000260274,ENSG00000260274,2,0.0,0.0,0.0
ENSG00000260277,ENSG00000260277,2,0.0,0.0004296147826029964,0.0
ENSG00000260278,BMP2K-DT,2,0.0,0.0,0.0
ENSG00000260279,ENSG00000260279,2,0.0,0.003901837425753863,0.0
ENSG00000260281,ITFG1-AS1,2,0.0,0.0,0.0
ENSG00000260206,ENSG00000260206,2,0.0,0.0,0.0
ENSG00000260196,ENSG00000260196,2,0.0,0.0,0.0
ENSG00000260194,ENSG00000260194,2,0.0,0.00018629861062118198,0.0
ENSG00000260126,ENSG00000260126,2,0.0,0.006492682469569849,0.0
ENSG00000260092,ENSG00000260092,2,0.0,0.01946148977404999,0.0
ENSG00000260095,ENSG00000260095,2,0.0,0.0,0.0
ENSG00000260097,SPDYE6,2,0.0,0.0,0.0
ENSG00000260101,AFTPH-DT,2,0.0,0.0,0.0
ENSG00000260103,ENSG00000260103,2,0.0,0.005438459128882657,0.0
ENSG00000260109,ENSG00000260109,2,0.0,0.0,0.0
ENSG00000260115,CDH8-AS1,2,0.0,0.018681140347081127,0.0
ENSG00000260121,ENSG00000260121,2,0.0,0.00437747069066452,0.0
ENSG00000260122,ENSG00000260122,2,0.0,0.0,0.0
ENSG00000260123,CARMAL,2,0.0,0.0,0.0
ENSG00000260125,AGBL1-AS1,2,0.0,0.0014327940733411195,0.0
ENSG00000260128,ULK4P2,2,0.0,0.0,0.0
ENSG00000260193,LINC02846,2,0.0,0.0,0.0
ENSG00000260132,UNKL-AS1,2,0.0,0.0019237110748610072,0.0
ENSG00000260136,ENSG00000260136,2,0.0,0.0,0.0
ENSG00000260144,ENSG00000260144,2,0.0,0.017612711460279342,0.0
ENSG00000260163,ENSG00000260163,2,0.0,0.0,0.0
ENSG00000260166,ENSG00000260166,2,0.0,0.001983328773338668,0.0
ENSG00000260170,ENSG00000260170,2,0.0,0.0,0.0
ENSG00000260173,ENSG00000260173,2,0.0,0.000269141625800542,0.0
ENSG00000260179,ENSG00000260179,2,0.0,0.0010191927830756938,0.0
ENSG00000260185,ENSG00000260185,2,0.0,0.0,0.0
ENSG00000260186,LINC02137,2,0.0,0.06138791631996058,0.0
ENSG00000260190,ENSG00000260190,2,0.0,0.0,0.0
ENSG00000260285,TRMT61A-DT,2,0.0,0.0,0.0
ENSG00000260288,ENSG00000260288,2,0.0,0.0,0.0
ENSG00000260289,ENSG00000260289,2,0.0,0.0020708030295997276,0.0
ENSG00000260467,ENSG00000260467,2,0.0,0.0,0.0
ENSG00000260423,LINC02367,2,0.0,0.0,0.0
ENSG00000260425,ENSG00000260425,2,0.0,0.0,0.0
ENSG00000260428,SCX,2,0.0,0.00038598071622270605,0.0
ENSG00000260430,ENSG00000260430,2,0.0,0.00031943813489006414,0.0
ENSG00000260433,LINC01917,2,0.0,0.0,0.0
ENSG00000260439,LMF1-AS1,2,0.0,0.0007041483278342503,0.0
ENSG00000260441,ENSG00000260441,2,0.0,0.0,0.0
ENSG00000260442,ATP2A1-AS1,2,0.0,0.0,0.0
ENSG00000260448,LCMT1-AS1,2,0.0,0.0013914832723911337,0.0
ENSG00000260464,ENSG00000260464,2,0.0,0.0,0.0
ENSG00000260465,ENSG00000260465,2,0.0,0.00032053116743341976,0.0
ENSG00000260468,LINC01290,2,0.0,0.0,0.0
ENSG00000260420,LINC02182,2,0.0,0.005864406683298969,0.0
ENSG00000260469,INSYN1-AS1,2,0.0,0.00061817639862356,0.0
ENSG00000260473,ENSG00000260473,2,0.0,0.0063779345712731104,0.0
ENSG00000260475,SLC25A28-DT,2,0.0,0.004046309533367188,0.0
ENSG00000260477,LINC01584,2,0.0,0.0018931874318359222,0.0
ENSG00000260490,MYL12BP1,2,0.0,0.0,0.0
ENSG00000260492,CISTR,2,0.0,0.010410939450065099,0.0
ENSG00000260493,E2F5-DT,2,0.0,0.0019225582484841844,0.0
ENSG00000260495,ENSG00000260495,2,0.0,0.0,0.0
ENSG00000260498,ENSG00000260498,2,0.0,0.0058947798158253215,0.0
ENSG00000260507,ENSG00000260507,2,0.0,0.004006347858983597,0.0
ENSG00000260510,ENSG00000260510,2,0.0,0.0,0.0
ENSG00000260422,ENSG00000260422,2,0.0,0.0,0.0
ENSG00000260418,ENSG00000260418,2,0.0,0.0,0.0
ENSG00000260290,ENSG00000260290,2,0.0,0.0013349490868529265,0.0
ENSG00000260342,ENSG00000260342,2,0.0,0.0075114587889014706,0.0
ENSG00000260302,LINC01882,2,0.0,0.001718915235587399,0.0
ENSG00000260304,ENSG00000260304,2,0.0,0.0,0.0
ENSG00000260305,NTRK3-AS1,2,0.0,0.0,0.0
ENSG00000260306,ENSG00000260306,2,0.0,0.001594579808922782,0.0
ENSG00000260314,MRC1,2,0.0,0.13838308919077258,0.0
ENSG00000260317,LINC02986,2,0.0,0.0028978792351015514,0.0
ENSG00000260329,TMEM263-DT,2,0.0,0.0,0.0
ENSG00000260331,ENSG00000260331,2,0.0,0.0,0.0
ENSG00000260337,ENSG00000260337,2,0.0,0.0,0.0
ENSG00000260338,LINC01570,2,0.0,0.003852175790443496,0.0
ENSG00000260339,HEXA-AS1,2,0.0,0.004286371793608935,0.0
ENSG00000260345,ENSG00000260345,2,0.0,0.0,0.0
ENSG00000260409,ENSG00000260409,2,0.0,0.0,0.0
ENSG00000260350,ENSG00000260350,2,0.0,0.0,0.0
ENSG00000260352,SMG1-DT,2,0.0,0.0018712256434649222,0.0
ENSG00000260366,ENSG00000260366,2,0.0,0.008503527027260087,0.0
ENSG00000260367,ENSG00000260367,2,0.0,0.001030686796350118,0.0
ENSG00000260368,ENSG00000260368,2,0.0,0.0,0.0
ENSG00000260369,ENSG00000260369,2,0.0,0.004977451628743768,0.0
ENSG00000260371,ENSG00000260371,2,0.0,0.0,0.0
ENSG00000260378,ENSG00000260378,2,0.0,0.019638934681405294,0.0
ENSG00000260381,ENSG00000260381,2,0.0,0.016319422091757713,0.0
ENSG00000260389,WBP11P1,2,0.0,0.00021632152128034317,0.0
ENSG00000260398,ENSG00000260398,2,0.0,0.0006567213037211991,0.0
ENSG00000260951,ENSG00000260951,2,0.0,0.0,0.0
ENSG00000260955,ENSG00000260955,2,0.0,0.022421557026670227,0.0
ENSG00000260969,WWOX-AS1,2,0.0,0.0008009032174261769,0.0
ENSG00000260970,ENSG00000260970,2,0.0,0.0,0.0
ENSG00000261587,TMEM249,2,0.0,0.0,0.0
ENSG00000261592,ENSG00000261592,2,0.0,0.01769246283771541,0.0
ENSG00000261602,NQO1-AS1,2,0.0,0.0,0.0
ENSG00000261610,ENSG00000261610,2,0.0,0.0,0.0
ENSG00000261611,ENSG00000261611,2,0.0,0.0,0.0
ENSG00000261616,TTC23-AS1,2,0.0,0.0,0.0
ENSG00000261617,LINC02177,2,0.0,0.0003335844394214389,0.0
ENSG00000261618,LINC02605,2,0.0,0.0031025043170442913,0.0
ENSG00000261625,ENSG00000261625,2,0.0,0.001086438923529537,0.0
ENSG00000261632,ENSG00000261632,2,0.0,0.006934291250842624,0.0
ENSG00000261634,PAQR5-DT,2,0.0,0.0,0.0
ENSG00000261636,LINC02191,2,0.0,0.0,0.0
ENSG00000261638,ENSG00000261638,2,0.0,0.00011010020700784655,0.0
ENSG00000261644,CYLD-AS1,2,0.0,0.018055386431806892,0.0
ENSG00000261652,PIERCE2,2,0.0,0.0,0.0
ENSG00000261654,ENSG00000261654,2,0.0,0.0,0.0
ENSG00000261655,ENSG00000261655,2,0.0,0.05437267706726889,0.0
ENSG00000261659,ENSG00000261659,2,0.0,0.0005650804576966493,0.0
ENSG00000261663,ECI1-AS1,2,0.0,0.0005479846610334075,0.0
ENSG00000261664,TTC39A-AS1,2,0.0,0.0,0.0
ENSG00000261668,ENSG00000261668,2,0.0,0.0,0.0
ENSG00000261670,ENSG00000261670,2,0.0,0.006305453483232674,0.0
ENSG00000261673,ENSG00000261673,2,0.0,0.0,0.0
ENSG00000261678,SCRT1,2,0.0,0.0,0.0
ENSG00000261691,ENSG00000261691,2,0.0,0.03514315807051762,0.0
ENSG00000261586,ENSG00000261586,2,0.0,0.021223265345140577,0.0
ENSG00000261582,ENSG00000261582,2,0.0,0.0,0.0
ENSG00000261578,ENSG00000261578,2,0.0,0.0,0.0
ENSG00000261488,TBILA,2,0.0,0.004618075860662259,0.0
ENSG00000261442,ENSG00000261442,2,0.0,0.02739271215380527,0.0
ENSG00000261448,ENSG00000261448,2,0.0,0.0,0.0
ENSG00000261451,ENSG00000261451,2,0.0,0.006249919283433251,0.0
ENSG00000261455,LINC01003,2,0.0,0.0,0.0
ENSG00000261456,TUBB8,2,0.0,0.0,0.0
ENSG00000261459,ENSG00000261459,2,0.0,0.00419170691498572,0.0
ENSG00000261460,CELF6-AS1,2,0.0,0.01873945628354592,0.0
ENSG00000261465,COQ7-DT,2,0.0,0.0,0.0
ENSG00000261468,ENSG00000261468,2,0.0,0.0014627555099064357,0.0
ENSG00000261472,ENSG00000261472,2,0.0,0.002925235087339927,0.0
ENSG00000261485,PAN3-AS1,2,0.0,0.0003412950487771992,0.0
ENSG00000261499,ENSG00000261499,2,0.0,0.0,0.0
ENSG00000261575,ENSG00000261575,2,0.0,0.0,0.0
ENSG00000261504,LINC01686,2,0.0,0.0005107713188607511,0.0
ENSG00000261505,ENSG00000261505,2,0.0,0.0,0.0
ENSG00000261519,ENSG00000261519,2,0.0,0.0,0.0
ENSG00000261526,ENSG00000261526,2,0.0,0.0,0.0
ENSG00000261532,ENSG00000261532,2,0.0,0.004623511671582609,0.0
ENSG00000261542,ENSG00000261542,2,0.0,0.004008807097828446,0.0
ENSG00000261543,ENSG00000261543,2,0.0,0.0,0.0
ENSG00000261546,ENSG00000261546,2,0.0,0.0016548065721273232,0.0
ENSG00000261549,ENSG00000261549,2,0.0,0.005095065285238054,0.0
ENSG00000261557,EEF1A1P38,2,0.0,0.0,0.0
ENSG00000261572,ENSG00000261572,2,0.0,0.0,0.0
ENSG00000261701,HPR,2,0.0,0.003948675307105518,0.0
ENSG00000261714,ENSG00000261714,2,0.0,0.0,0.0
ENSG00000261716,H2BC20P,2,0.0,0.000417225683399277,0.0
ENSG00000261868,MFSD1P1,2,0.0,0.0,0.0
ENSG00000261822,ENSG00000261822,2,0.0,0.004220577873908571,0.0
ENSG00000261823,ENSG00000261823,2,0.0,0.06383143667216006,0.0
ENSG00000261826,ENSG00000261826,2,0.0,0.0,0.0
ENSG00000261831,ENSG00000261831,2,0.0,0.0010432115741794913,0.0
ENSG00000261832,ENSG00000261832,2,0.0,0.0,0.0
ENSG00000261838,ENSG00000261838,2,0.0,0.00025157816243013393,0.0
ENSG00000261839,ENSG00000261839,2,0.0,0.0,0.0
ENSG00000261840,ENSG00000261840,2,0.0,0.0055542746370060726,0.0
ENSG00000261845,ENSG00000261845,2,0.0,0.0,0.0
ENSG00000261857,MIA,2,0.0,0.0,0.0
ENSG00000261864,ENSG00000261864,2,0.0,0.00098006186209014,0.0
ENSG00000261872,ENSG00000261872,2,0.0,0.006186879267189484,0.0
ENSG00000261819,ENSG00000261819,2,0.0,0.0068690567547110256,0.0
ENSG00000261873,SMIM36,2,0.0,0.0012322918733309678,0.0
ENSG00000261884,ENSG00000261884,2,0.0,0.0034088736014678722,0.0
ENSG00000261886,GOSR2-DT,2,0.0,0.0,0.0
ENSG00000261888,ENSG00000261888,2,0.0,0.004349486971228372,0.0
ENSG00000261889,ENSG00000261889,2,0.0,0.0003909967955289876,0.0
ENSG00000261915,ENSG00000261915,2,0.0,0.0,0.0
ENSG00000261924,ENSG00000261924,2,0.0,0.0028529706410064352,0.0
ENSG00000261934,PCDHGA9,2,0.0,0.0013928464368648467,0.0
ENSG00000261938,ENSG00000261938,2,0.0,0.010761736618005308,0.0
ENSG00000261949,GFY,2,0.0,0.0,0.0
ENSG00000261970,ENSG00000261970,2,0.0,0.0,0.0
ENSG00000261821,ENSG00000261821,2,0.0,0.0075433411157010185,0.0
ENSG00000261807,LINC02141,2,0.0,0.0029404440893095133,0.0
ENSG00000261717,ENSG00000261717,2,0.0,0.0,0.0
ENSG00000261759,ITPRIPL2-AS1,2,0.0,0.0,0.0
ENSG00000261722,ENSG00000261722,2,0.0,0.0,0.0
ENSG00000261723,PALB2-AS1,2,0.0,0.0006929607100152393,0.0
ENSG00000261729,GS1-204I12.4,2,0.0,0.005001695905445099,0.0
ENSG00000261731,ENSG00000261731,2,0.0,0.008427939206599512,0.0
ENSG00000261732,ENSG00000261732,2,0.0,0.0,0.0
ENSG00000261734,ENSG00000261734,2,0.0,0.0027877945427627173,0.0
ENSG00000261740,BOLA2-SMG1P6,2,0.0,0.0,0.0
ENSG00000261742,LINC00922,2,0.0,0.0011591341046567531,0.0
ENSG00000261754,ENSG00000261754,2,0.0,0.000377086688475415,0.0
ENSG00000261757,ENSG00000261757,2,0.0,0.0010822495747350967,0.0
ENSG00000261758,STAG1-DT,2,0.0,0.02021482924759182,0.0
ENSG00000261760,ENSG00000261760,2,0.0,0.0,0.0
ENSG00000261804,ENSG00000261804,2,0.0,0.0,0.0
ENSG00000261762,ENSG00000261762,2,0.0,0.0,0.0
ENSG00000261764,KRT18P18,2,0.0,0.011238806412012995,0.0
ENSG00000261766,ENSG00000261766,2,0.0,0.0,0.0
ENSG00000261770,ENSG00000261770,2,0.0,0.00815557387126772,0.0
ENSG00000261771,DNAAF4-CCPG1,2,0.0,0.0,0.0
ENSG00000261780,LINC02582,2,0.0,0.0,0.0
ENSG00000261786,ENSG00000261786,2,0.0,0.005123572553556812,0.0
ENSG00000261787,TCF24,2,0.0,0.0007259332443280493,0.0
ENSG00000261790,ENSG00000261790,2,0.0,0.016048965356231588,0.0
ENSG00000261794,GOLGA8H,2,0.0,0.012043531825323703,0.0
ENSG00000261796,ISY1-RAB43,2,0.0,0.0,0.0
ENSG00000261441,POLG-DT,2,0.0,0.0,0.0
ENSG00000261437,LINC02894,2,0.0,0.0,0.0
ENSG00000261436,ENSG00000261436,2,0.0,0.0,0.0
ENSG00000261121,LINC02473,2,0.0,0.00016248278304269268,0.0
ENSG00000261093,ENSG00000261093,2,0.0,0.0,0.0
ENSG00000261094,ENSG00000261094,2,0.0,0.011477945817467083,0.0
ENSG00000261095,ENSG00000261095,2,0.0,0.0014591307256848801,0.0
ENSG00000261096,ENSG00000261096,2,0.0,0.0,0.0
ENSG00000261101,ENSG00000261101,2,0.0,0.0049219230875988,0.0
ENSG00000261102,ATP5MFP6,2,0.0,0.01321579246520725,0.0
ENSG00000261103,ENSG00000261103,2,0.0,0.0,0.0
ENSG00000261105,LMO7-AS1,2,0.0,0.0,0.0
ENSG00000261113,ENSG00000261113,2,0.0,0.0,0.0
ENSG00000261118,ENSG00000261118,2,0.0,0.0,0.0
ENSG00000261120,ENSG00000261120,2,0.0,0.0,0.0
ENSG00000261124,ENSG00000261124,2,0.0,0.0,0.0
ENSG00000261087,ZNNT1,2,0.0,0.0,0.0
ENSG00000261130,ENSG00000261130,2,0.0,0.0051243766004085145,0.0
ENSG00000261141,ENSG00000261141,2,0.0,0.0006712907610903427,0.0
ENSG00000261143,ADAMTS7P3,2,0.0,0.018940571083644154,0.0
ENSG00000261147,ENSG00000261147,2,0.0,0.0002486043252300853,0.0
ENSG00000261159,ENSG00000261159,2,0.0,0.005578100229501644,0.0
ENSG00000261161,ENSG00000261161,2,0.0,0.0,0.0
ENSG00000261167,ENSG00000261167,2,0.0,0.0,0.0
ENSG00000261168,ENSG00000261168,2,0.0,0.0,0.0
ENSG00000261170,ENSG00000261170,2,0.0,0.0021771201396325094,0.0
ENSG00000261172,ENSG00000261172,2,0.0,0.005426874139102803,0.0
ENSG00000261173,DNAJA2-DT,2,0.0,0.110105878186263,0.0
ENSG00000261090,ENSG00000261090,2,0.0,0.0,0.0
ENSG00000261083,LINC02516,2,0.0,1.4332399631735069e-05,0.0
ENSG00000261183,SPINT1-AS1,2,0.0,0.00296138787059039,0.0
ENSG00000261024,ENSG00000261024,2,0.0,0.0030539452658687057,0.0
ENSG00000260971,ENSG00000260971,2,0.0,0.0,0.0
ENSG00000260978,ENSG00000260978,2,0.0,0.008220634918354217,0.0
ENSG00000260979,USP7-AS1,2,0.0,0.0007420503352134224,0.0
ENSG00000260983,ENSG00000260983,2,0.0,0.005576885723781698,0.0
ENSG00000260989,ENSG00000260989,2,0.0,0.0,0.0
ENSG00000260995,ENSG00000260995,2,0.0,4.011164354565575e-05,0.0
ENSG00000260996,ENSG00000260996,2,0.0,0.0006866310069003457,0.0
ENSG00000260999,ENSG00000260999,2,0.0,0.0,0.0
ENSG00000261002,VPS39-DT,2,0.0,0.001102033492008748,0.0
ENSG00000261003,ENSG00000261003,2,0.0,0.0,0.0
ENSG00000261019,ENSG00000261019,2,0.0,0.0012944708631034605,0.0
ENSG00000261026,ENSG00000261026,2,0.0,0.0,0.0
ENSG00000261079,ENSG00000261079,2,0.0,0.004300352603691185,0.0
ENSG00000261028,ENSG00000261028,2,0.0,0.001664922677345889,0.0
ENSG00000261029,MPHOSPH6-DT,2,0.0,0.0,0.0
ENSG00000261040,WFDC21P,2,0.0,0.0,0.0
ENSG00000261049,ENSG00000261049,2,0.0,0.0002969509944047315,0.0
ENSG00000261052,SULT1A3,2,0.0,0.0,0.0
ENSG00000261054,SYNM-AS2,2,0.0,0.07444162946744454,0.0
ENSG00000261058,ENSG00000261058,2,0.0,0.0,0.0
ENSG00000261064,LINC02256,2,0.0,0.0,0.0
ENSG00000261065,ENSG00000261065,2,0.0,0.0,0.0
ENSG00000261070,ENSG00000261070,2,0.0,0.004356577180404762,0.0
ENSG00000261071,ENSG00000261071,2,0.0,0.0,0.0
ENSG00000261175,LINC02188,2,0.0,0.0,0.0
ENSG00000261187,ENSG00000261187,2,0.0,0.0002798712903335297,0.0
ENSG00000261427,ENSG00000261427,2,0.0,0.0018649302609224482,0.0
ENSG00000261351,ENSG00000261351,2,0.0,0.0,0.0
ENSG00000261307,ENSG00000261307,2,0.0,0.0,0.0
ENSG00000261310,ENSG00000261310,2,0.0,7.649774579918137e-05,0.0
ENSG00000261312,ENSG00000261312,2,0.0,0.0,0.0
ENSG00000261313,ENSG00000261313,2,0.0,0.001762836367719529,0.0
ENSG00000261318,DIS3L-AS1,2,0.0,0.0,0.0
ENSG00000261329,ENSG00000261329,2,0.0,0.024143448436407755,0.0
ENSG00000261335,ENSG00000261335,2,0.0,0.0,0.0
ENSG00000261336,EIF4BP5,2,0.0,0.0,0.0
ENSG00000261338,ENSG00000261338,2,0.0,0.023037124862502752,0.0
ENSG00000261341,SMIM47,2,0.0,0.053345017860752825,0.0
ENSG00000261348,LINC02136,2,0.0,0.0,0.0
ENSG00000261359,PYCARD-AS1,2,0.0,0.0010708248454832127,0.0
ENSG00000261302,NUP93-DT,2,0.0,0.00272390810568629,0.0
ENSG00000261360,OTULIN-DT,2,0.0,0.0008552708244016548,0.0
ENSG00000261366,MANEA-DT,2,0.0,0.01627181689398094,0.0
ENSG00000261367,ENSG00000261367,2,0.0,0.0,0.0
ENSG00000261369,ITFG1-AS2,2,0.0,0.021794833159379665,0.0
ENSG00000261371,PECAM1,2,0.0,0.0,0.0
ENSG00000261377,PDCD6IPP2,2,0.0,0.058302446148535636,0.0
ENSG00000261379,ENSG00000261379,2,0.0,0.000799778082050282,0.0
ENSG00000261394,ENSG00000261394,2,0.0,0.0,0.0
ENSG00000261396,ENSG00000261396,2,0.0,0.0007799844264212491,0.0
ENSG00000261419,PLA2G10DP,2,0.0,0.0,0.0
ENSG00000261420,MPC1-DT,2,0.0,0.0,0.0
ENSG00000261305,ENSG00000261305,2,0.0,0.009880658659039922,0.0
ENSG00000261273,ENSG00000261273,2,0.0,0.004830400743758862,0.0
ENSG00000261188,TFIP11-DT,2,0.0,0.0,0.0
ENSG00000261220,ST3GAL1-DT,2,0.0,0.002180772977554403,0.0
ENSG00000261189,DSP-AS1,2,0.0,0.0035442279702033648,0.0
ENSG00000261190,ENSG00000261190,2,0.0,0.0,0.0
ENSG00000261191,ENSG00000261191,2,0.0,0.0,0.0
ENSG00000261193,ENSG00000261193,2,0.0,0.0,0.0
ENSG00000261195,IQCK-AS1,2,0.0,0.0,0.0
ENSG00000261202,TNRC6B-DT,2,0.0,0.004786751093875788,0.0
ENSG00000261207,ENSG00000261207,2,0.0,0.0,0.0
ENSG00000261208,ENSG00000261208,2,0.0,0.0,0.0
ENSG00000261211,ENSG00000261211,2,0.0,0.004262119334948088,0.0
ENSG00000261216,ENSG00000261216,2,0.0,0.0,0.0
ENSG00000261218,ENSG00000261218,2,0.0,0.016545603150664005,0.0
ENSG00000261231,LINC02133,2,0.0,0.004257407684870432,0.0
ENSG00000261272,MUC22,2,0.0,0.0,0.0
ENSG00000261241,LINC02128,2,0.0,0.000984605593364037,0.0
ENSG00000261242,ENSG00000261242,2,0.0,0.03602261541177773,0.0
ENSG00000261247,GOLGA8T,2,0.0,0.0,0.0
ENSG00000261248,ENSG00000261248,2,0.0,0.011085567706977939,0.0
ENSG00000261251,EFCAB6-DT,2,0.0,0.0,0.0
ENSG00000261253,ENSG00000261253,2,0.0,0.0039005302126334097,0.0
ENSG00000261260,ENSG00000261260,2,0.0,0.0,0.0
ENSG00000261261,ENSG00000261261,2,0.0,0.0012141585644412447,0.0
ENSG00000261266,ENSG00000261266,2,0.0,0.00030857579129734276,0.0
ENSG00000261267,ENSG00000261267,2,0.0,0.0012045647848455275,0.0
ENSG00000261268,QKILA,2,0.0,0.00041027816576368693,0.0
ENSG00000260088,DDX59-AS1,2,0.0,0.0,0.0
ENSG00000260084,ENSG00000260084,2,0.0,0.0,0.0
ENSG00000260081,MRFAP1P1,2,0.0,0.05973390826422262,0.0
ENSG00000259180,ENSG00000259180,2,0.0,0.0996655202351493,0.0
ENSG00000258868,ENSG00000258868,2,0.0,0.0,0.0
ENSG00000258871,ENSG00000258871,2,0.0,0.007874795499238653,0.0
ENSG00000258875,ENSG00000258875,2,0.0,3.972659294411622e-05,0.0
ENSG00000258881,ENSG00000258881,2,0.0,0.0,0.0
ENSG00000258883,NBEAP4,2,0.0,0.0,0.0
ENSG00000258884,LINC02321,2,0.0,0.0,0.0
ENSG00000258887,ENSG00000258887,2,0.0,0.0,0.0
ENSG00000258888,ENSG00000258888,2,0.0,0.0,0.0
ENSG00000258902,ENSG00000258902,2,0.0,0.0,0.0
ENSG00000258903,ENSG00000258903,2,0.0,0.031047826370080998,0.0
ENSG00000258908,ENSG00000258908,2,0.0,0.003089863201715243,0.0
ENSG00000258909,ENSG00000258909,2,0.0,0.0,0.0
ENSG00000258910,LINC01956,2,0.0,0.1156659016164935,0.0
ENSG00000258912,LINC02316,2,0.0,0.0,0.0
ENSG00000258913,LINC02691,2,0.0,0.0,0.0
ENSG00000258918,ENSG00000258918,2,0.0,0.009358522038919518,0.0
ENSG00000258919,ENSG00000258919,2,0.0,0.0,0.0
ENSG00000258920,FOXN3-AS1,2,0.0,0.0,0.0
ENSG00000258924,ENSG00000258924,2,0.0,0.00019713665373556461,0.0
ENSG00000258928,ENSG00000258928,2,0.0,0.0030597069581928616,0.0
ENSG00000258935,ENSG00000258935,2,0.0,0.0006995260186790013,0.0
ENSG00000258940,MIA2-AS1,2,0.0,0.0,0.0
ENSG00000258942,ENSG00000258942,2,0.0,0.0,0.0
ENSG00000258944,ENSG00000258944,2,0.0,0.0,0.0
ENSG00000258945,ENSG00000258945,2,0.0,0.001606981163445415,0.0
ENSG00000258867,HISLA,2,0.0,0.0010849514785742592,0.0
ENSG00000258859,LINC02296,2,0.0,0.0,0.0
ENSG00000258857,ENSG00000258857,2,0.0,0.0,0.0
ENSG00000258813,RBM25-AS1,2,0.0,0.0036882943091326656,0.0
ENSG00000258773,ENSG00000258773,2,0.0,0.0009671004687155655,0.0
ENSG00000258777,ENSG00000258777,2,0.0,0.009496251642840734,0.0
ENSG00000258779,LOHAN2,2,0.0,0.0,0.0
ENSG00000258782,ENSG00000258782,2,0.0,0.0,0.0
ENSG00000258783,KRT18P6,2,0.0,0.0,0.0
ENSG00000258784,ENSG00000258784,2,0.0,0.005026967452380454,0.0
ENSG00000258789,ENSG00000258789,2,0.0,0.005080486236748065,0.0
ENSG00000258790,ENSG00000258790,2,0.0,0.01116889635471278,0.0
ENSG00000258792,ENSG00000258792,2,0.0,2.1251998474157846e-05,0.0
ENSG00000258807,ENSG00000258807,2,0.0,0.00155759436899211,0.0
ENSG00000258811,ENSG00000258811,2,0.0,0.002455510058628048,0.0
ENSG00000258815,LINC02820,2,0.0,0.0,0.0
ENSG00000258856,ENSG00000258856,2,0.0,0.0009556307671265311,0.0
ENSG00000258818,RNASE4,2,0.0,0.0,0.0
ENSG00000258819,LINC02289,2,0.0,0.000993295389604322,0.0
ENSG00000258820,ENSG00000258820,2,0.0,0.0011339538395492767,0.0
ENSG00000258823,ENSG00000258823,2,0.0,0.002045331117882823,0.0
ENSG00000258830,ENSG00000258830,2,0.0,0.0,0.0
ENSG00000258831,ENSG00000258831,2,0.0,0.0,0.0
ENSG00000258837,ENSG00000258837,2,0.0,0.0,0.0
ENSG00000258839,MC1R,2,0.0,0.00040606732980574627,0.0
ENSG00000258847,ENSG00000258847,2,0.0,0.0,0.0
ENSG00000258851,ENSG00000258851,2,0.0,0.0,0.0
ENSG00000258853,ENSG00000258853,2,0.0,0.0,0.0
ENSG00000258949,ENSG00000258949,2,0.0,0.0003936588103152032,0.0
ENSG00000258955,LINC00519,2,0.0,0.00034355132610171095,0.0
ENSG00000258957,GALNT16-AS1,2,0.0,0.002025480986578368,0.0
ENSG00000259125,LRP1-AS,2,0.0,0.004735074414791104,0.0
ENSG00000259083,PNN-AS1,2,0.0,0.012176706159805475,0.0
ENSG00000259087,ENSG00000259087,2,0.0,0.00046223953957576377,0.0
ENSG00000259088,ENSG00000259088,2,0.0,0.0027517358609575777,0.0
ENSG00000259090,SEPTIN7P1,2,0.0,0.0,0.0
ENSG00000259098,ENSG00000259098,2,0.0,0.0,0.0
ENSG00000259104,PTCSC3,2,0.0,0.059394137056699645,0.0
ENSG00000259106,ENSG00000259106,2,0.0,0.0005887145077714428,0.0
ENSG00000259112,NDUFC2-KCTD14,2,0.0,0.0,0.0
ENSG00000259113,ENSG00000259113,2,0.0,0.0,0.0
ENSG00000259115,ENSG00000259115,2,0.0,0.00014165125023939652,0.0
ENSG00000259118,MAX-AS1,2,0.0,0.014017760093032686,0.0
ENSG00000259126,ENSG00000259126,2,0.0,0.004134150094938807,0.0
ENSG00000259080,ENSG00000259080,2,0.0,0.0,0.0
ENSG00000259133,ENSG00000259133,2,0.0,0.0,0.0
ENSG00000259134,LINC00924,2,0.0,0.03740559299689526,0.0
ENSG00000259137,ENSG00000259137,2,0.0,0.0035550183090762256,0.0
ENSG00000259144,RANBP20P,2,0.0,0.0007651298263025644,0.0
ENSG00000259146,SIPA1L1-AS1,2,0.0,0.0,0.0
ENSG00000259158,ADAM20P1,2,0.0,0.015922828393616615,0.0
ENSG00000259163,TTC7B-AS1,2,0.0,0.0,0.0
ENSG00000259165,DDX18P1,2,0.0,0.002099513566554611,0.0
ENSG00000259168,ENSG00000259168,2,0.0,0.0019097756333146276,0.0
ENSG00000259172,SNRPA1-DT,2,0.0,0.003166830821553792,0.0
ENSG00000259175,ENSG00000259175,2,0.0,0.00792237581243106,0.0
ENSG00000259081,ENSG00000259081,2,0.0,0.0,0.0
ENSG00000259076,ENSG00000259076,2,0.0,0.0,0.0
ENSG00000258968,ENSG00000258968,2,0.0,0.038148193659877226,0.0
ENSG00000259018,ENSG00000259018,2,0.0,0.00022565259489998655,0.0
ENSG00000258969,LINC02307,2,0.0,0.008996122950647185,0.0
ENSG00000258979,LINC02299,2,0.0,0.0,0.0
ENSG00000258983,ENSG00000258983,2,0.0,0.0,0.0
ENSG00000258985,ENSG00000258985,2,0.0,0.026820485509422447,0.0
ENSG00000258989,ENSG00000258989,2,0.0,0.0035553371504867142,0.0
ENSG00000258998,ENSG00000258998,2,0.0,0.0,0.0
ENSG00000259005,ENSG00000259005,2,0.0,0.0,0.0
ENSG00000259006,ENSG00000259006,2,0.0,0.0014355000780197171,0.0
ENSG00000259007,ENSG00000259007,2,0.0,0.0012804965855671817,0.0
ENSG00000259015,ENSG00000259015,2,0.0,0.0004127624623744377,0.0
ENSG00000259017,ENSG00000259017,2,0.0,0.0012876217586581507,0.0
ENSG00000259020,ENSG00000259020,2,0.0,0.0,0.0
ENSG00000259075,POC1B-GALNT4,2,0.0,0.0007320127670068296,0.0
ENSG00000259030,FPGT-TNNI3K,2,0.0,0.0,0.0
ENSG00000259035,ENSG00000259035,2,0.0,0.0011292003319918504,0.0
ENSG00000259038,ENSG00000259038,2,0.0,0.00011069715870193636,0.0
ENSG00000259039,SLC35F4-AS1,2,0.0,0.0,0.0
ENSG00000259050,CHORDC2P,2,0.0,0.0,0.0
ENSG00000259062,ACTN1-DT,2,0.0,0.0,0.0
ENSG00000259065,MIDEAS-AS1,2,0.0,0.0037696009020799035,0.0
ENSG00000259066,ENSG00000259066,2,0.0,0.0014241450195289556,0.0
ENSG00000259070,LINC00639,2,0.0,0.013226508964177007,0.0
ENSG00000259072,ENSG00000259072,2,0.0,0.005102189494767908,0.0
ENSG00000259073,FOXN3-AS2,2,0.0,0.0010187496271416502,0.0
ENSG00000258772,ENSG00000258772,2,0.0,0.006303501915903657,0.0
ENSG00000258766,DIO2-AS1,2,0.0,0.0,0.0
ENSG00000258763,ENSG00000258763,2,0.0,0.0,0.0
ENSG00000258479,LINC00640,2,0.0,0.004214218529939767,0.0
ENSG00000258433,ENSG00000258433,2,0.0,0.011916058503728351,0.0
ENSG00000258448,ENSG00000258448,2,0.0,0.0,0.0
ENSG00000258449,ENSG00000258449,2,0.0,0.0002618985205174953,0.0
ENSG00000258451,EGILA,2,0.0,0.004070134271556592,0.0
ENSG00000258454,ENSG00000258454,2,0.0,0.032330433806843605,0.0
ENSG00000258455,ENSG00000258455,2,0.0,0.00194579077846285,0.0
ENSG00000258461,ENSG00000258461,2,0.0,0.00760158342344344,0.0
ENSG00000258466,ENSG00000258466,2,0.0,0.0,0.0
ENSG00000258471,ENSG00000258471,2,0.0,0.009916438574763747,0.0
ENSG00000258473,ENSG00000258473,2,0.0,0.0,0.0
ENSG00000258474,LINC02313,2,0.0,2.3949583628045876e-05,0.0
ENSG00000258487,LINC02277,2,0.0,0.0,0.0
ENSG00000258429,PDF,2,0.0,0.0,0.0
ENSG00000258498,DIO3OS,2,0.0,0.08654297606954148,0.0
ENSG00000258504,ENSG00000258504,2,0.0,0.0,0.0
ENSG00000258515,ENSG00000258515,2,0.0,0.00027214824215508076,0.0
ENSG00000258534,ENSG00000258534,2,0.0,0.0007160382042407648,0.0
ENSG00000258535,ENSG00000258535,2,0.0,0.0,0.0
ENSG00000258546,CENPUP2,2,0.0,0.004899154501947736,0.0
ENSG00000258548,LINC00645,2,0.0,1.3939544764504267e-05,0.0
ENSG00000258551,CRAT37,2,0.0,0.0,0.0
ENSG00000258558,ENSG00000258558,2,0.0,0.0,0.0
ENSG00000258560,ENSG00000258560,2,0.0,0.009874172213902492,0.0
ENSG00000258565,BLZF2P,2,0.0,0.0022589615719713144,0.0
ENSG00000258430,ENSG00000258430,2,0.0,0.0021462413271138483,0.0
ENSG00000258428,ENSG00000258428,2,0.0,0.0,0.0
ENSG00000258583,LINC01500,2,0.0,0.0,0.0
ENSG00000258386,ENSG00000258386,2,0.0,0.0,0.0
ENSG00000258334,TROAP-AS1,2,0.0,0.018266389824677903,0.0
ENSG00000258342,ENSG00000258342,2,0.0,0.0018055629246205283,0.0
ENSG00000258344,ENSG00000258344,2,0.0,0.0,0.0
ENSG00000258357,NSA2P2,2,0.0,0.01699113102206143,0.0
ENSG00000258365,ENSG00000258365,2,0.0,0.00015833022924787783,0.0
ENSG00000258376,PAPLN-AS1,2,0.0,0.0,0.0
ENSG00000258377,ENSG00000258377,2,0.0,0.0007505586187241805,0.0
ENSG00000258378,ENSG00000258378,2,0.0,0.0,0.0
ENSG00000258380,FOXN3-AS4,2,0.0,0.0,0.0
ENSG00000258384,RCCD1-AS1,2,0.0,0.0053390903563272545,0.0
ENSG00000258385,ENSG00000258385,2,0.0,0.0,0.0
ENSG00000258388,PPT2-EGFL8,2,0.0,0.0014060732654589776,0.0
ENSG00000258427,RMB8AP1,2,0.0,0.0,0.0
ENSG00000258394,ENSG00000258394,2,0.0,0.0016809433707165294,0.0
ENSG00000258399,MIR493HG,2,0.0,0.11591922050495952,0.0
ENSG00000258400,ENSG00000258400,2,0.0,0.0,0.0
ENSG00000258402,ENSG00000258402,2,0.0,0.01350119533616375,0.0
ENSG00000258404,LINC02320,2,0.0,0.0022527483800181807,0.0
ENSG00000258405,ZNF578,2,0.0,0.0,0.0
ENSG00000258416,ENSG00000258416,2,0.0,0.0007777857132412688,0.0
ENSG00000258417,ENSG00000258417,2,0.0,0.0,0.0
ENSG00000258422,ENSG00000258422,2,0.0,0.07489421678342949,0.0
ENSG00000258424,ENSG00000258424,2,0.0,0.0,0.0
ENSG00000258425,ENSG00000258425,2,0.0,0.01791583405078572,0.0
ENSG00000258580,ENSG00000258580,2,0.0,3.815839346579185e-06,0.0
ENSG00000258588,TRIM6-TRIM34,2,0.0,0.01511311079699029,0.0
ENSG00000258761,ENSG00000258761,2,0.0,0.003376419957604723,0.0
ENSG00000258733,LINC02328,2,0.0,0.0,0.0
ENSG00000258699,ENSG00000258699,2,0.0,0.0013365695980117128,0.0
ENSG00000258700,LINC00871,2,0.0,0.01951091618798404,0.0
ENSG00000258701,VESTAR,2,0.0,0.0006606343508203923,0.0
ENSG00000258702,ENSG00000258702,2,0.0,0.0009620214315074824,0.0
ENSG00000258703,ENSG00000258703,2,0.0,0.0,0.0
ENSG00000258708,SLC25A21-AS1,2,0.0,0.0,0.0
ENSG00000258710,LINC01193,2,0.0,0.0,0.0
ENSG00000258728,ENSG00000258728,2,0.0,0.001377535921606145,0.0
ENSG00000258729,ENSG00000258729,2,0.0,0.0049129523786387045,0.0
ENSG00000258730,ITPK1-AS1,2,0.0,0.0,0.0
ENSG00000258731,DDHD1-DT,2,0.0,0.0010189130383750772,0.0
ENSG00000258735,PPP1R13B-DT,2,0.0,0.0,0.0
ENSG00000258696,ENSG00000258696,2,0.0,0.0,0.0
ENSG00000258738,BAZ1A-AS1,2,0.0,0.0,0.0
ENSG00000258740,FOS-AS1,2,0.0,0.0,0.0
ENSG00000258743,LINC02301,2,0.0,0.0,0.0
ENSG00000258745,ENSG00000258745,2,0.0,0.0,0.0
ENSG00000258747,ENSG00000258747,2,0.0,0.0,0.0
ENSG00000258748,KIF26A-DT,2,0.0,0.02476620935262569,0.0
ENSG00000258751,ENSG00000258751,2,0.0,0.0,0.0
ENSG00000258752,FOXN3-AS3,2,0.0,0.0,0.0
ENSG00000258757,ENSG00000258757,2,0.0,0.0,0.0
ENSG00000258758,ENSG00000258758,2,0.0,0.0010289576544296123,0.0
ENSG00000258760,ENSG00000258760,2,0.0,0.0,0.0
ENSG00000258698,ENSG00000258698,2,0.0,0.0017215579551124465,0.0
ENSG00000258690,ENSG00000258690,2,0.0,0.013997349141541406,0.0
ENSG00000258590,NBEAP1,2,0.0,0.0011302796955788656,0.0
ENSG00000258654,ENSG00000258654,2,0.0,0.005668981348245634,0.0
ENSG00000258593,ENSG00000258593,2,0.0,0.0014283017418630247,0.0
ENSG00000258601,ENSG00000258601,2,0.0,0.0,0.0
ENSG00000258602,LINC01629,2,0.0,0.012975065151303778,0.0
ENSG00000258609,LINC-ROR,2,0.0,5.6890439765772537e-05,0.0
ENSG00000258623,RAD51B-AS1,2,0.0,0.0007332726728436504,0.0
ENSG00000258628,RHPN2P1,2,0.0,0.0019407393857742655,0.0
ENSG00000258630,LINC02292,2,0.0,0.0,0.0
ENSG00000258633,RRAGAP1-AS1,2,0.0,0.0,0.0
ENSG00000258637,ENSG00000258637,2,0.0,0.0,0.0
ENSG00000258646,ENSG00000258646,2,0.0,0.00042193244501895536,0.0
ENSG00000258651,SEC23A-AS1,2,0.0,0.0,0.0
ENSG00000258655,ARHGAP5-AS1,2,0.0,0.0,0.0
ENSG00000258689,LINC01269,2,0.0,0.0,0.0
ENSG00000258657,GZMH-AS1,2,0.0,0.0,0.0
ENSG00000258658,TOMM20L-DT,2,0.0,0.015182045030683128,0.0
ENSG00000258659,TRIM34,2,0.0,0.021746490850907758,0.0
ENSG00000258660,ENSG00000258660,2,0.0,0.000681032457414476,0.0
ENSG00000258666,WARS1-AS1,2,0.0,0.012785876551035677,0.0
ENSG00000258673,LINC01397,2,0.0,0.0,0.0
ENSG00000258674,ENSG00000258674,2,0.0,0.0,0.0
ENSG00000258675,LINC02308,2,0.0,0.0,0.0
ENSG00000258677,ENSG00000258677,2,0.0,0.000705931090163996,0.0
ENSG00000258679,ENSG00000258679,2,0.0,0.083468539377282,0.0
ENSG00000258687,ENSG00000258687,2,0.0,0.006108518276818357,0.0
ENSG00000259177,ENSG00000259177,2,0.0,0.0021532406730462848,0.0
ENSG00000259181,ENSG00000259181,2,0.0,0.0004401864576487018,0.0
ENSG00000260077,ENSG00000260077,2,0.0,0.007095401458103206,0.0
ENSG00000259185,ENSG00000259185,2,0.0,0.0004159940915471348,0.0
ENSG00000259684,ENSG00000259684,2,0.0,0.0,0.0
ENSG00000259685,IDH2-DT,2,0.0,0.0,0.0
ENSG00000259687,LINC01220,2,0.0,0.0,0.0
ENSG00000259699,HMGB1P8,2,0.0,0.005829045733485752,0.0
ENSG00000259702,ENSG00000259702,2,0.0,0.0014715805842627052,0.0
ENSG00000259704,ENSG00000259704,2,0.0,0.000787852042165195,0.0
ENSG00000259705,FBN1-DT,2,0.0,0.0,0.0
ENSG00000259709,ENSG00000259709,2,0.0,0.0023152697837370583,0.0
ENSG00000259711,ENSG00000259711,2,0.0,0.0,0.0
ENSG00000259712,ENSG00000259712,2,0.0,0.0,0.0
ENSG00000259713,ENSG00000259713,2,0.0,0.0,0.0
ENSG00000259715,ENSG00000259715,2,0.0,0.03007583651284864,0.0
ENSG00000259720,ENSG00000259720,2,0.0,0.0003042126621699462,0.0
ENSG00000259728,LINC00933,2,0.0,0.0,0.0
ENSG00000259751,TUBAP11,2,0.0,0.0016234021074700556,0.0
ENSG00000259753,ENSG00000259753,2,0.0,0.0008921329782840866,0.0
ENSG00000259754,ENSG00000259754,2,0.0,0.0006934226613958477,0.0
ENSG00000259756,ENSG00000259756,2,0.0,0.0,0.0
ENSG00000259762,ENSG00000259762,2,0.0,0.03715349216354494,0.0
ENSG00000259763,LINC02157,2,0.0,0.0037764920909886352,0.0
ENSG00000259772,LINC03034,2,0.0,0.0,0.0
ENSG00000259773,ENSG00000259773,2,0.0,0.0,0.0
ENSG00000259775,EIF5-DT,2,0.0,0.029178189867900658,0.0
ENSG00000259780,ENSG00000259780,2,0.0,0.002863395700109653,0.0
ENSG00000259781,HMGB1P6,2,0.0,5.882309561388791e-05,0.0
ENSG00000259683,ENSG00000259683,2,0.0,0.0,0.0
ENSG00000259677,ENSG00000259677,2,0.0,0.0,0.0
ENSG00000259675,ENSG00000259675,2,0.0,8.251857539118177e-05,0.0
ENSG00000259617,ENSG00000259617,2,0.0,0.002080757415476505,0.0
ENSG00000259582,ENSG00000259582,2,0.0,0.0,0.0
ENSG00000259583,ALDH1A3-AS1,2,0.0,0.0022947967762048933,0.0
ENSG00000259592,PRELID1P4,2,0.0,0.0007898913734661084,0.0
ENSG00000259594,ENSG00000259594,2,0.0,0.0020015614730552384,0.0
ENSG00000259598,ENSG00000259598,2,0.0,0.0037538668546559565,0.0
ENSG00000259604,ENSG00000259604,2,0.0,0.011957926933844884,0.0
ENSG00000259605,ENSG00000259605,2,0.0,0.014383671923349921,0.0
ENSG00000259607,ENSG00000259607,2,0.0,0.00011666132046775777,0.0
ENSG00000259609,ENSG00000259609,2,0.0,0.0,0.0
ENSG00000259612,EEF1A1P22,2,0.0,0.0,0.0
ENSG00000259616,ENSG00000259616,2,0.0,0.0,0.0
ENSG00000259620,ENSG00000259620,2,0.0,0.0,0.0
ENSG00000259672,ENSG00000259672,2,0.0,0.004991664443838138,0.0
ENSG00000259621,ENSG00000259621,2,0.0,0.002228117056414641,0.0
ENSG00000259627,ENSG00000259627,2,0.0,0.0,0.0
ENSG00000259631,ENSG00000259631,2,0.0,0.0,0.0
ENSG00000259637,DNM1P38,2,0.0,0.0,0.0
ENSG00000259642,ST20-AS1,2,0.0,0.0004985168496992092,0.0
ENSG00000259648,ENSG00000259648,2,0.0,0.00039836175109127697,0.0
ENSG00000259649,ENSG00000259649,2,0.0,0.005484793372606104,0.0
ENSG00000259661,ENSG00000259661,2,0.0,0.00040694130668458167,0.0
ENSG00000259666,LINGO1-AS1,2,0.0,0.0034662701900730988,0.0
ENSG00000259668,ENSG00000259668,2,0.0,0.0,0.0
ENSG00000259669,ENSG00000259669,2,0.0,7.494572199437858e-05,0.0
ENSG00000259783,LINC02259,2,0.0,0.0,0.0
ENSG00000259786,LINC02109,2,0.0,0.0,0.0
ENSG00000259790,ANP32BP1,2,0.0,0.0,0.0
ENSG00000260018,MBTPS1-DT,2,0.0,0.0,0.0
ENSG00000259955,ENSG00000259955,2,0.0,1.4398956327539531e-05,0.0
ENSG00000259964,THSD4-AS1,2,0.0,0.0008800037976770917,0.0
ENSG00000259969,ENSG00000259969,2,0.0,0.0014290087820345498,0.0
ENSG00000259985,ENSG00000259985,2,0.0,0.0,0.0
ENSG00000259994,ENSG00000259994,2,0.0,0.0,0.0
ENSG00000259995,ENSG00000259995,2,0.0,0.0,0.0
ENSG00000260000,ENSG00000260000,2,0.0,0.032335903730607046,0.0
ENSG00000260001,TGFBR3L,2,0.0,0.0,0.0
ENSG00000260005,TEPSIN-AS1,2,0.0,0.009886681423762827,0.0
ENSG00000260008,ENSG00000260008,2,0.0,0.06199745970909941,0.0
ENSG00000260011,ENSG00000260011,2,0.0,0.008166153257684548,0.0
ENSG00000260019,LINC01992,2,0.0,0.500850728902764,0.0
ENSG00000259953,LINC02977,2,0.0,0.01760690047856903,0.0
ENSG00000260025,CRIM1-DT,2,0.0,0.0,0.0
ENSG00000260029,ENSG00000260029,2,0.0,0.0023645392773202385,0.0
ENSG00000260030,ENSG00000260030,2,0.0,0.007971084329054603,0.0
ENSG00000260034,LCMT1-AS2,2,0.0,0.0,0.0
ENSG00000260037,ENSG00000260037,2,0.0,0.004171985369110505,0.0
ENSG00000260041,ENSG00000260041,2,0.0,0.00040935500804764884,0.0
ENSG00000260042,ENSG00000260042,2,0.0,0.002205902428097986,0.0
ENSG00000260051,ENSG00000260051,2,0.0,9.446925938544897e-05,0.0
ENSG00000260060,ENSG00000260060,2,0.0,0.039305492298255904,0.0
ENSG00000260063,ENSG00000260063,2,0.0,0.000711359438189625,0.0
ENSG00000260075,NSFP1,2,0.0,0.00017720893027038187,0.0
ENSG00000259954,IL21R-AS1,2,0.0,0.0,0.0
ENSG00000259952,ENSG00000259952,2,0.0,0.0053929664977958175,0.0
ENSG00000259803,SLC22A31,2,0.0,0.0,0.0
ENSG00000259883,EHD4-AS1,2,0.0,0.010247970961663562,0.0
ENSG00000259813,ENSG00000259813,2,0.0,0.004657279948808221,0.0
ENSG00000259814,ENSG00000259814,2,0.0,0.005509567926732114,0.0
ENSG00000259818,CZIB-DT,2,0.0,0.0,0.0
ENSG00000259826,CDK13-DT,2,0.0,0.014178597077650816,0.0
ENSG00000259843,HEATR3-AS1,2,0.0,0.0,0.0
ENSG00000259846,ENSG00000259846,2,0.0,0.0005219242646559581,0.0
ENSG00000259847,LINC02126,2,0.0,0.003903439796150661,0.0
ENSG00000259849,VENTXP1,2,0.0,0.0,0.0
ENSG00000259865,ENSG00000259865,2,0.0,0.0,0.0
ENSG00000259868,ENSG00000259868,2,0.0,0.004327040808193697,0.0
ENSG00000259877,ZNF778-DT,2,0.0,0.004416748742633427,0.0
ENSG00000259887,FIGNL2-DT,2,0.0,0.018442511963683537,0.0
ENSG00000259945,ENSG00000259945,2,0.0,0.0,0.0
ENSG00000259895,TEDC2-AS1,2,0.0,0.04665598319145618,0.0
ENSG00000259899,ENSG00000259899,2,0.0,0.00028837354033545924,0.0
ENSG00000259900,ENSG00000259900,2,0.0,0.0,0.0
ENSG00000259915,ENSG00000259915,2,0.0,0.0022596074321340697,0.0
ENSG00000259916,AQP7B,2,0.0,0.0,0.0
ENSG00000259917,HNRNPLP2,2,0.0,0.0,0.0
ENSG00000259920,ENSG00000259920,2,0.0,0.001115556443909365,0.0
ENSG00000259929,ENSG00000259929,2,0.0,0.0,0.0
ENSG00000259933,PKD1-AS1,2,0.0,0.0022943146100252937,0.0
ENSG00000259941,ENSG00000259941,2,0.0,0.0,0.0
ENSG00000259943,ZMPSTE24-DT,2,0.0,0.0033543538720415722,0.0
ENSG00000259579,ENSG00000259579,2,0.0,0.0,0.0
ENSG00000259577,CERNA1,2,0.0,0.006539714186609702,0.0
ENSG00000259575,ENSG00000259575,2,0.0,0.0,0.0
ENSG00000259334,LINC00596,2,0.0,0.0,0.0
ENSG00000259294,ENSG00000259294,2,0.0,0.006017873468778236,0.0
ENSG00000259296,ENSG00000259296,2,0.0,0.001803780692947064,0.0
ENSG00000259305,ZHX1-C8orf76,2,0.0,0.0,0.0
ENSG00000259306,ENSG00000259306,2,0.0,0.005718143003733266,0.0
ENSG00000259312,ENSG00000259312,2,0.0,0.0019288054574968941,0.0
ENSG00000259314,ENSG00000259314,2,0.0,0.0009478951842537614,0.0
ENSG00000259319,JDP2-AS1,2,0.0,0.0,0.0
ENSG00000259321,ENSG00000259321,2,0.0,0.005098027110681281,0.0
ENSG00000259322,ENSG00000259322,2,0.0,0.01393423971517478,0.0
ENSG00000259326,ENSG00000259326,2,0.0,0.0,0.0
ENSG00000259327,ENSG00000259327,2,0.0,0.01979490092889182,0.0
ENSG00000259335,HNRNPMP1,2,0.0,0.0,0.0
ENSG00000259283,ENSG00000259283,2,0.0,0.0,0.0
ENSG00000259347,SMAD3-DT,2,0.0,0.0,0.0
ENSG00000259351,ENSG00000259351,2,0.0,0.0,0.0
ENSG00000259353,ENSG00000259353,2,0.0,0.008097701483305764,0.0
ENSG00000259354,SLC30A4-AS1,2,0.0,0.0,0.0
ENSG00000259357,CERS2-AS1,2,0.0,0.0035932831634289376,0.0
ENSG00000259359,ENSG00000259359,2,0.0,0.010560663658342191,0.0
ENSG00000259361,LINC00927,2,0.0,0.0,0.0
ENSG00000259362,ENSG00000259362,2,0.0,0.0005329099044239123,0.0
ENSG00000259370,ENSG00000259370,2,0.0,0.0,0.0
ENSG00000259371,ENSG00000259371,2,0.0,0.0004322053460894122,0.0
ENSG00000259374,NDUFB4P11,2,0.0,0.0,0.0
ENSG00000259289,SMASR,2,0.0,0.005001276221296675,0.0
ENSG00000259280,ENSG00000259280,2,0.0,0.0,0.0
ENSG00000259376,ENSG00000259376,2,0.0,0.0,0.0
ENSG00000259225,LINC02345,2,0.0,0.005446031504219614,0.0
ENSG00000259195,ENSG00000259195,2,0.0,0.0013297140745555248,0.0
ENSG00000259199,ENSG00000259199,2,0.0,0.005766781089568365,0.0
ENSG00000259201,ENSG00000259201,2,0.0,0.0,0.0
ENSG00000259202,SMAD3-AS1,2,0.0,0.0091115816999668,0.0
ENSG00000259207,ITGB3,2,0.0,0.006713455478838502,0.0
ENSG00000259211,ENSG00000259211,2,0.0,0.004234193873678497,0.0
ENSG00000259215,LINC02896,2,0.0,0.0,0.0
ENSG00000259219,ENSG00000259219,2,0.0,0.0236695867546227,0.0
ENSG00000259221,ENSG00000259221,2,0.0,0.0036295967881892245,0.0
ENSG00000259222,ENSG00000259222,2,0.0,0.0027449600805897903,0.0
ENSG00000259223,ENSG00000259223,2,0.0,0.0,0.0
ENSG00000259230,LINC02323,2,0.0,0.0,0.0
ENSG00000259277,ENSG00000259277,2,0.0,0.0005119912119370961,0.0
ENSG00000259234,ANKRD34C-AS1,2,0.0,0.0,0.0
ENSG00000259237,LINC02490,2,0.0,0.001033702720040432,0.0
ENSG00000259242,ENSG00000259242,2,0.0,0.006224635951762568,0.0
ENSG00000259244,ENSG00000259244,2,0.0,0.0021050779825980246,0.0
ENSG00000259245,LINC02853,2,0.0,0.003701023946393546,0.0
ENSG00000259250,ENSG00000259250,2,0.0,0.010795956458345055,0.0
ENSG00000259255,ENSG00000259255,2,0.0,0.0,0.0
ENSG00000259256,LINC01895,2,0.0,0.0,0.0
ENSG00000259267,LINC02622,2,0.0,0.0,0.0
ENSG00000259269,ENSG00000259269,2,0.0,0.0,0.0
ENSG00000259276,ENSG00000259276,2,0.0,0.0,0.0
ENSG00000259375,ENSG00000259375,2,0.0,0.0012298765317204554,0.0
ENSG00000259380,LINC02895,2,0.0,0.0,0.0
ENSG00000259571,BLID,2,0.0,0.0,0.0
ENSG00000259521,INO80-AS1,2,0.0,0.0,0.0
ENSG00000259471,LINC01169,2,0.0,0.0,0.0
ENSG00000259474,ENSG00000259474,2,0.0,0.004227207365828604,0.0
ENSG00000259479,SORD2P,2,0.0,0.0531990440981548,0.0
ENSG00000259483,ENSG00000259483,2,0.0,0.0025519496065315285,0.0
ENSG00000259498,TPM1-AS,2,0.0,0.0,0.0
ENSG00000259499,ENSG00000259499,2,0.0,0.0,0.0
ENSG00000259502,ENSG00000259502,2,0.0,0.005572370904879336,0.0
ENSG00000259504,ENSG00000259504,2,0.0,0.0,0.0
ENSG00000259515,ENSG00000259515,2,0.0,0.006425778121347464,0.0
ENSG00000259516,ANP32AP1,2,0.0,0.0037256922941182446,0.0
ENSG00000259519,ENSG00000259519,2,0.0,0.0,0.0
ENSG00000259522,ENSG00000259522,2,0.0,0.0,0.0
ENSG00000259465,AHCYP7,2,0.0,0.03237613731313944,0.0
ENSG00000259523,ENSG00000259523,2,0.0,0.009582604674502075,0.0
ENSG00000259527,LINC00052,2,0.0,0.0005745511136485992,0.0
ENSG00000259529,ENSG00000259529,2,0.0,0.0018772214724171632,0.0
ENSG00000259532,ENSG00000259532,2,0.0,0.005275064911199746,0.0
ENSG00000259536,ENSG00000259536,2,0.0,0.07484244411948325,0.0
ENSG00000259541,POU2F3-AS1,2,0.0,0.006549559709131311,0.0
ENSG00000259542,ENSG00000259542,2,0.0,0.008811507766799299,0.0
ENSG00000259544,ENSG00000259544,2,0.0,0.0005789598966288725,0.0
ENSG00000259548,ENSG00000259548,2,0.0,0.0,0.0
ENSG00000259556,ENSG00000259556,2,0.0,0.0,0.0
ENSG00000259563,ENSG00000259563,2,0.0,0.0005958586913625678,0.0
ENSG00000259468,ENSG00000259468,2,0.0,0.00011979384305804983,0.0
ENSG00000259462,CPEB1-AS1,2,0.0,0.0,0.0
ENSG00000259385,ENSG00000259385,2,0.0,0.0,0.0
ENSG00000259426,KIF23-AS1,2,0.0,0.013461839668910054,0.0
ENSG00000259390,ENSG00000259390,2,0.0,0.0063161773225925,0.0
ENSG00000259394,ENSG00000259394,2,0.0,0.0015769801635533618,0.0
ENSG00000259403,ENSG00000259403,2,0.0,0.0,0.0
ENSG00000259408,ENSG00000259408,2,0.0,0.0002491744590931804,0.0
ENSG00000259410,ENSG00000259410,2,0.0,0.0,0.0
ENSG00000259411,HNRNPA1P45,2,0.0,0.0010076452332219061,0.0
ENSG00000259416,LINC02883,2,0.0,0.0,0.0
ENSG00000259417,CTXND1,2,0.0,0.001923811583573243,0.0
ENSG00000259418,ENSG00000259418,2,0.0,0.0015481846854661274,0.0
ENSG00000259420,ENSG00000259420,2,0.0,0.0,0.0
ENSG00000259424,IRAIN,2,0.0,0.0,0.0
ENSG00000259430,CERS3-AS1,2,0.0,0.0012335171488078189,0.0
ENSG00000259460,ENSG00000259460,2,0.0,0.003235607607980978,0.0
ENSG00000259434,ENSG00000259434,2,0.0,0.0012972294894827356,0.0
ENSG00000259436,ENSG00000259436,2,0.0,0.0,0.0
ENSG00000259438,MAPK6-DT,2,0.0,0.00577991842792685,0.0
ENSG00000259440,NPM1P43,2,0.0,0.0,0.0
ENSG00000259442,ENSG00000259442,2,0.0,0.024762743430519818,0.0
ENSG00000259446,RYR3-DT,2,0.0,0.007869743061867648,0.0
ENSG00000259447,ENSG00000259447,2,0.0,0.0,0.0
ENSG00000259448,LINC02352,2,0.0,0.0,0.0
ENSG00000259456,ADNP-AS1,2,0.0,0.0,0.0
ENSG00000259458,MGC15885,2,0.0,0.0,0.0
ENSG00000259459,LINC02568,2,0.0,0.0,0.0
ENSG00000261996,ENSG00000261996,2,0.0,0.0,0.0
ENSG00000262003,ENSG00000262003,2,0.0,0.0,0.0
ENSG00000262020,ENSG00000262020,2,0.0,8.492320325188935e-05,0.0
ENSG00000267886,ENSG00000267886,2,0.0,0.05341021662804281,0.0
ENSG00000267546,ENSG00000267546,2,0.0,0.0002502654011446966,0.0
ENSG00000267547,ENSG00000267547,2,0.0,0.0,0.0
ENSG00000267549,ZSCAN5A-AS1,2,0.0,0.0012170358749520563,0.0
ENSG00000267550,PTPRS-AS1,2,0.0,0.0016508380997233853,0.0
ENSG00000267551,GNA15-DT,2,0.0,0.0005422355743268266,0.0
ENSG00000267552,ENSG00000267552,2,0.0,0.004275847974732169,0.0
ENSG00000267557,ENSG00000267557,2,0.0,0.04484042877259854,0.0
ENSG00000267559,ENSG00000267559,2,0.0,0.00635157528301201,0.0
ENSG00000267560,ENSG00000267560,2,0.0,0.0,0.0
ENSG00000267565,ENSG00000267565,2,0.0,0.00044764317035219677,0.0
ENSG00000267568,ENSG00000267568,2,0.0,0.0010287570846759361,0.0
ENSG00000267571,ENSG00000267571,2,0.0,5.450735748240209e-05,0.0
ENSG00000267577,DNAAF3-AS1,2,0.0,0.039439356372865525,0.0
ENSG00000267581,ENSG00000267581,2,0.0,0.0,0.0
ENSG00000267593,LINC01926,2,0.0,0.0,0.0
ENSG00000267598,IER2-AS1,2,0.0,0.0006959608433889374,0.0
ENSG00000267601,ENSG00000267601,2,0.0,0.0,0.0
ENSG00000267605,ENSG00000267605,2,0.0,0.0,0.0
ENSG00000267615,ENSG00000267615,2,0.0,0.0,0.0
ENSG00000267618,ENSG00000267618,2,0.0,0.0007345808856242982,0.0
ENSG00000267627,ENSG00000267627,2,0.0,0.005146711676426617,0.0
ENSG00000267629,ENSG00000267629,2,0.0,0.09480896014212715,0.0
ENSG00000267633,ENSG00000267633,2,0.0,0.05217544775809489,0.0
ENSG00000267638,ENSG00000267638,2,0.0,0.0010735375660187313,0.0
ENSG00000267640,ENSG00000267640,2,0.0,0.0,0.0
ENSG00000267532,MIR497HG,2,0.0,0.014020165679825194,0.0
ENSG00000267530,LINC01836,2,0.0,0.1225974421601866,0.0
ENSG00000267522,LINC01864,2,0.0,0.004284264234630528,0.0
ENSG00000267477,ENSG00000267477,2,0.0,0.0,0.0
ENSG00000267436,MFSD12-AS1,2,0.0,0.0,0.0
ENSG00000267439,ENSG00000267439,2,0.0,0.0,0.0
ENSG00000267440,LINC02594,2,0.0,0.0,0.0
ENSG00000267448,ENSG00000267448,2,0.0,0.006415339372416647,0.0
ENSG00000267452,LINC02073,2,0.0,0.0010256886344048712,0.0
ENSG00000267454,ZNF582-DT,2,0.0,0.0063636589448425145,0.0
ENSG00000267461,ENSG00000267461,2,0.0,0.0,0.0
ENSG00000267466,ENSG00000267466,2,0.0,0.0,0.0
ENSG00000267469,ENSG00000267469,2,0.0,8.901513818424791e-05,0.0
ENSG00000267470,ZNF571-AS1,2,0.0,0.0,0.0
ENSG00000267475,NUDT19-DT,2,0.0,0.006491597695155737,0.0
ENSG00000267484,PLIN3-AS1,2,0.0,0.0,0.0
ENSG00000267519,MIR23AHG,2,0.0,0.007115755849286822,0.0
ENSG00000267489,LINC01837,2,0.0,0.0,0.0
ENSG00000267491,ENSG00000267491,2,0.0,0.00026361697162119197,0.0
ENSG00000267493,CIRBP-AS1,2,0.0,0.0,0.0
ENSG00000267498,UQCRFS1-DT,2,0.0,0.002187215806240102,0.0
ENSG00000267505,ENSG00000267505,2,0.0,0.013121686722396927,0.0
ENSG00000267506,ENSG00000267506,2,0.0,0.0,0.0
ENSG00000267508,ZNF285,2,0.0,0.004332965383462327,0.0
ENSG00000267509,ENSG00000267509,2,0.0,0.013784090576022413,0.0
ENSG00000267510,ENSG00000267510,2,0.0,0.04694811020564381,0.0
ENSG00000267512,NACC1-AS1,2,0.0,0.0,0.0
ENSG00000267515,ENSG00000267515,2,0.0,0.003050468791140753,0.0
ENSG00000267642,ASXL3-DT,2,0.0,0.0,0.0
ENSG00000267645,POLR2J2-UPK3BL1,2,0.0,0.0,0.0
ENSG00000267648,ENSG00000267648,2,0.0,0.005264820022238882,0.0
ENSG00000267784,ENSG00000267784,2,0.0,0.029671851651532886,0.0
ENSG00000267745,ENSG00000267745,2,0.0,0.0004675155987940795,0.0
ENSG00000267748,ENSG00000267748,2,0.0,0.006715833120631499,0.0
ENSG00000267750,RUNDC3A-AS1,2,0.0,0.009854567308941785,0.0
ENSG00000267760,ENSG00000267760,2,0.0,0.003450437200612304,0.0
ENSG00000267761,MIR4527HG,2,0.0,0.0,0.0
ENSG00000267762,ENSG00000267762,2,0.0,0.0,0.0
ENSG00000267764,CTIF-AS1,2,0.0,0.0,0.0
ENSG00000267769,ENSG00000267769,2,0.0,0.0,0.0
ENSG00000267772,LINC01999,2,0.0,0.0030092820200301644,0.0
ENSG00000267777,LINC01791,2,0.0,0.0004949492549210444,0.0
ENSG00000267779,LINC01533,2,0.0,0.0,0.0
ENSG00000267786,ENSG00000267786,2,0.0,0.0,0.0
ENSG00000267742,SINHCAFP2,2,0.0,0.014934896134580046,0.0
ENSG00000267795,SMIM22,2,0.0,0.0,0.0
ENSG00000267796,LIN37,2,0.0,0.0,0.0
ENSG00000267799,MAN1A2P1,2,0.0,0.013370901202642688,0.0
ENSG00000267809,NDUFV2P1,2,0.0,0.0,0.0
ENSG00000267811,ENSG00000267811,2,0.0,0.0,0.0
ENSG00000267827,ENSG00000267827,2,0.0,0.004295302325026442,0.0
ENSG00000267838,ENSG00000267838,2,0.0,0.001999379928079666,0.0
ENSG00000267852,ARHGEF18-AS1,2,0.0,0.009142169542329668,0.0
ENSG00000267855,NDUFA7,2,0.0,0.0,0.0
ENSG00000267868,ENSG00000267868,2,0.0,0.0,0.0
ENSG00000267879,ENSG00000267879,2,0.0,0.002936616700769939,0.0
ENSG00000267743,ENSG00000267743,2,0.0,0.0,0.0
ENSG00000267740,ENSG00000267740,2,0.0,0.0,0.0
ENSG00000267649,ENSG00000267649,2,0.0,0.0008550778742179568,0.0
ENSG00000267692,TAF9P3,2,0.0,0.004179935541589415,0.0
ENSG00000267651,ENSG00000267651,2,0.0,0.0,0.0
ENSG00000267653,ENSG00000267653,2,0.0,0.0006210183192670623,0.0
ENSG00000267662,TSHZ3-AS1,2,0.0,0.0,0.0
ENSG00000267665,ENSG00000267665,2,0.0,0.0,0.0
ENSG00000267666,ENSG00000267666,2,0.0,0.0031014179644242032,0.0
ENSG00000267673,FDX2,2,0.0,0.000446427676752266,0.0
ENSG00000267676,THA1P,2,0.0,0.0,0.0
ENSG00000267677,ENSG00000267677,2,0.0,0.0,0.0
ENSG00000267681,ENSG00000267681,2,0.0,0.0,0.0
ENSG00000267686,LINC03111,2,0.0,0.0,0.0
ENSG00000267688,ENSG00000267688,2,0.0,1.0804424138877074e-05,0.0
ENSG00000267694,ENSG00000267694,2,0.0,0.005310035264551623,0.0
ENSG00000267737,ENSG00000267737,2,0.0,0.0035143367783796275,0.0
ENSG00000267696,ERVK-28,2,0.0,0.00779716091789681,0.0
ENSG00000267703,ENSG00000267703,2,0.0,0.0,0.0
ENSG00000267705,ENSG00000267705,2,0.0,0.004665044625033238,0.0
ENSG00000267707,ENSG00000267707,2,0.0,0.0,0.0
ENSG00000267708,RDM1P3,2,0.0,0.0,0.0
ENSG00000267709,ENSG00000267709,2,0.0,0.003632275036325201,0.0
ENSG00000267717,SRSF10P1,2,0.0,0.00020296434752154388,0.0
ENSG00000267724,ENSG00000267724,2,0.0,0.0,0.0
ENSG00000267731,ENSG00000267731,2,0.0,0.0006272224402682122,0.0
ENSG00000267732,ENSG00000267732,2,0.0,0.015630561292791754,0.0
ENSG00000267734,ENSG00000267734,2,0.0,0.0,0.0
ENSG00000267432,DNAH17-AS1,2,0.0,0.001240430250739015,0.0
ENSG00000267426,ENSG00000267426,2,0.0,0.0,0.0
ENSG00000267424,RTBDN-AS1,2,0.0,0.0,0.0
ENSG00000267188,ENSG00000267188,2,0.0,0.0004081021219535709,0.0
ENSG00000267134,LINC01924,2,0.0,0.0,0.0
ENSG00000267136,ENSG00000267136,2,0.0,0.0,0.0
ENSG00000267140,ENSG00000267140,2,0.0,0.0,0.0
ENSG00000267147,LINC01842,2,0.0,0.0,0.0
ENSG00000267149,ENSG00000267149,2,0.0,0.0,0.0
ENSG00000267152,ENSG00000267152,2,0.0,0.0,0.0
ENSG00000267157,ENSG00000267157,2,0.0,0.004624537546460251,0.0
ENSG00000267165,CHMP1B-AS1,2,0.0,0.0016393474339700782,0.0
ENSG00000267168,ENSG00000267168,2,0.0,0.0,0.0
ENSG00000267172,ENSG00000267172,2,0.0,0.0,0.0
ENSG00000267174,TSPAN16-AS1,2,0.0,0.010114220520452796,0.0
ENSG00000267192,ENSG00000267192,2,0.0,0.007334300883943922,0.0
ENSG00000267130,ENSG00000267130,2,0.0,0.0031961946513155066,0.0
ENSG00000267193,ENSG00000267193,2,0.0,0.0,0.0
ENSG00000267198,ENSG00000267198,2,0.0,0.0,0.0
ENSG00000267199,ENSG00000267199,2,0.0,0.0,0.0
ENSG00000267201,LINC01775,2,0.0,0.0,0.0
ENSG00000267205,ENSG00000267205,2,0.0,0.004228091263895427,0.0
ENSG00000267207,BCAS3-AS1,2,0.0,0.0,0.0
ENSG00000267213,DPY19L3-DT,2,0.0,0.0028429279443154603,0.0
ENSG00000267219,ENSG00000267219,2,0.0,0.0,0.0
ENSG00000267220,ENSG00000267220,2,0.0,0.0003108260295057611,0.0
ENSG00000267221,C17orf113,2,0.0,0.0,0.0
ENSG00000267223,ENSG00000267223,2,0.0,0.0009736146487091782,0.0
ENSG00000267131,ENSG00000267131,2,0.0,0.028465426525583433,0.0
ENSG00000267128,RNF157-AS1,2,0.0,0.0,0.0
ENSG00000267226,MALT1-AS1,2,0.0,0.0,0.0
ENSG00000267079,ENSG00000267079,2,0.0,0.0020154512375525633,0.0
ENSG00000267049,ENSG00000267049,2,0.0,0.0006443614286586747,0.0
ENSG00000267058,ENSG00000267058,2,0.0,0.0,0.0
ENSG00000267059,ENSG00000267059,2,0.0,0.0011333284046712085,0.0
ENSG00000267060,PTGES3L,2,0.0,0.05958324008868401,0.0
ENSG00000267062,ENSG00000267062,2,0.0,0.0020641953652866057,0.0
ENSG00000267063,ENSG00000267063,2,0.0,0.031487699872935225,0.0
ENSG00000267064,UXT-AS1,2,0.0,0.0,0.0
ENSG00000267065,LINC02080,2,0.0,0.0,0.0
ENSG00000267070,ENSG00000267070,2,0.0,0.0,0.0
ENSG00000267072,ENSG00000267072,2,0.0,0.0014942178318206854,0.0
ENSG00000267077,ENSG00000267077,2,0.0,0.0,0.0
ENSG00000267082,DOCK6-AS1,2,0.0,0.005963625198114733,0.0
ENSG00000267123,SCAT1,2,0.0,2.7786782566802495e-05,0.0
ENSG00000267088,ENSG00000267088,2,0.0,0.0015357828094155102,0.0
ENSG00000267091,CTBP2P7,2,0.0,0.009434694036538833,0.0
ENSG00000267097,SLC14A2-AS1,2,0.0,0.004069476870232023,0.0
ENSG00000267101,ENSG00000267101,2,0.0,0.0023032683843042735,0.0
ENSG00000267104,TBC1D3P1-DHX40P1,2,0.0,0.002764045014876587,0.0
ENSG00000267108,ENSG00000267108,2,0.0,0.0,0.0
ENSG00000267114,ENSG00000267114,2,0.0,0.00088457985589235,0.0
ENSG00000267115,ENSG00000267115,2,0.0,0.0,0.0
ENSG00000267119,RPL10P15,2,0.0,0.0,0.0
ENSG00000267121,FMNL1-DT,2,0.0,0.001507383887913046,0.0
ENSG00000267122,DOT1L-AS1,2,0.0,0.003337874187440796,0.0
ENSG00000267225,WDR7-OT1,2,0.0,3.2196076503196994e-05,0.0
ENSG00000267228,ENSG00000267228,2,0.0,0.0,0.0
ENSG00000267423,ENSG00000267423,2,0.0,0.0,0.0
ENSG00000267394,ATXN7L3-AS1,2,0.0,0.009808949566702413,0.0
ENSG00000267356,ENSG00000267356,2,0.0,0.0,0.0
ENSG00000267360,ENSG00000267360,2,0.0,0.001991378307335966,0.0
ENSG00000267363,ENSG00000267363,2,0.0,0.00753431351078442,0.0
ENSG00000267364,ENSG00000267364,2,0.0,0.0035345590207300553,0.0
ENSG00000267365,KCNJ2-AS1,2,0.0,0.001257320281169183,0.0
ENSG00000267368,UPK3BL1,2,0.0,0.0006569649291302935,0.0
ENSG00000267375,ENSG00000267375,2,0.0,0.0,0.0
ENSG00000267379,ENSG00000267379,2,0.0,0.00015216898253608293,0.0
ENSG00000267382,GAD3P,2,0.0,0.017765953101702165,0.0
ENSG00000267385,ENSG00000267385,2,0.0,0.0004371315558399427,0.0
ENSG00000267388,ENSG00000267388,2,0.0,0.0,0.0
ENSG00000267395,DM1-AS,2,0.0,0.012880320309885285,0.0
ENSG00000267342,ENSG00000267342,2,0.0,0.0,0.0
ENSG00000267396,ENSG00000267396,2,0.0,0.0,0.0
ENSG00000267397,ENSG00000267397,2,0.0,0.0,0.0
ENSG00000267402,TCF4-AS2,2,0.0,0.0,0.0
ENSG00000267404,ENSG00000267404,2,0.0,0.001057753741552522,0.0
ENSG00000267406,ENSG00000267406,2,0.0,0.011378758913716135,0.0
ENSG00000267413,LINC01901,2,0.0,0.0,0.0
ENSG00000267414,SETBP1-DT,2,0.0,0.012023125398680095,0.0
ENSG00000267416,HEATR6-DT,2,0.0,0.0009236743610422886,0.0
ENSG00000267419,ZNF56P,2,0.0,0.0037281429816295483,0.0
ENSG00000267421,ZFP28-DT,2,0.0,0.011408989712049266,0.0
ENSG00000267422,ENSG00000267422,2,0.0,0.002348999737389499,0.0
ENSG00000267345,ENSG00000267345,2,0.0,0.0,0.0
ENSG00000267341,ENSG00000267341,2,0.0,0.011205265888162159,0.0
ENSG00000267244,ENSG00000267244,2,0.0,0.0,0.0
ENSG00000267283,ENSG00000267283,2,0.0,0.006512304227092996,0.0
ENSG00000267251,ENSG00000267251,2,0.0,0.0,0.0
ENSG00000267253,WHSC1L2P,2,0.0,0.0,0.0
ENSG00000267255,ENSG00000267255,2,0.0,0.0,0.0
ENSG00000267260,ENSG00000267260,2,0.0,0.0,0.0
ENSG00000267261,ENSG00000267261,2,0.0,0.006620216476880408,0.0
ENSG00000267262,RFX2-AS1,2,0.0,0.003269520274535801,0.0
ENSG00000267275,KLF2-DT,2,0.0,0.0005993063449200194,0.0
ENSG00000267277,ENSG00000267277,2,0.0,0.0,0.0
ENSG00000267279,ENSG00000267279,2,0.0,0.02522123137424772,0.0
ENSG00000267281,ATF7-NPFF,2,0.0,0.0,0.0
ENSG00000267282,LNCOB1,2,0.0,0.0009017021152143522,0.0
ENSG00000267291,MAP4K1-AS1,2,0.0,0.0,0.0
ENSG00000267339,LINC00906,2,0.0,0.004827427951290351,0.0
ENSG00000267296,CEBPA-DT,2,0.0,0.0026833445498132043,0.0
ENSG00000267299,RFX2-AS2,2,0.0,0.0023854117169109556,0.0
ENSG00000267302,RNFT1-DT,2,0.0,0.0,0.0
ENSG00000267309,ZNF566-AS1,2,0.0,0.0,0.0
ENSG00000267312,ENSG00000267312,2,0.0,0.0,0.0
ENSG00000267314,ENSG00000267314,2,0.0,0.0,0.0
ENSG00000267316,ENSG00000267316,2,0.0,0.0015594626648194213,0.0
ENSG00000267317,ENSG00000267317,2,0.0,0.0,0.0
ENSG00000267320,ENSG00000267320,2,0.0,0.0038441883153463767,0.0
ENSG00000267325,LINC01415,2,0.0,0.0,0.0
ENSG00000267337,LINC01478,2,0.0,0.0,0.0
ENSG00000267882,ENSG00000267882,2,0.0,0.00025415606107477573,0.0
ENSG00000267892,ENSG00000267892,2,0.0,0.0,0.0
ENSG00000267040,ATP8B1-AS1,2,0.0,0.01057095679236202,0.0
ENSG00000267898,ENSG00000267898,2,0.0,0.005684868435979965,0.0
ENSG00000269191,ENSG00000269191,2,0.0,0.0410118855266658,0.0
ENSG00000269194,ENSG00000269194,2,0.0,0.0138434881477478,0.0
ENSG00000269235,ZNF350-AS1,2,0.0,0.0,0.0
ENSG00000269242,ENSG00000269242,2,0.0,0.014290760333651363,0.0
ENSG00000269243,HSH2D-AS1,2,0.0,0.08646939152200485,0.0
ENSG00000269274,ENSG00000269274,2,0.0,0.0,0.0
ENSG00000269288,ENSG00000269288,2,0.0,0.0,0.0
ENSG00000269289,ENSG00000269289,2,0.0,0.0010836985781188092,0.0
ENSG00000269296,ENSG00000269296,2,0.0,0.0,0.0
ENSG00000269303,GRAMD1A-AS1,2,0.0,0.004683327825817743,0.0
ENSG00000269307,ENSG00000269307,2,0.0,0.0007578175649149678,0.0
ENSG00000269313,MAGIX,2,0.0,0.0019332164681663034,0.0
ENSG00000269318,ENSG00000269318,2,0.0,0.004229779762526887,0.0
ENSG00000269321,ENSG00000269321,2,0.0,0.0,0.0
ENSG00000269335,IKBKG,2,0.0,0.0022144374589358473,0.0
ENSG00000269352,PTOV1-AS2,2,0.0,0.006847821397334228,0.0
ENSG00000269365,ENSG00000269365,2,0.0,0.0,0.0
ENSG00000269373,ENSG00000269373,2,0.0,0.0008277410290000582,0.0
ENSG00000269374,ENSG00000269374,2,0.0,0.0,0.0
ENSG00000269388,ENSG00000269388,2,0.0,0.0,0.0
ENSG00000269392,NR1H2-AS1,2,0.0,0.0,0.0
ENSG00000269399,ENSG00000269399,2,0.0,0.0,0.0
ENSG00000269404,SPIB,2,0.0,0.017949332008851734,0.0
ENSG00000269420,PLA2G4C-AS1,2,0.0,0.0,0.0
ENSG00000269425,ENSG00000269425,2,0.0,0.00019313540459301115,0.0
ENSG00000269179,ENSG00000269179,2,0.0,0.002327219874041023,0.0
ENSG00000269177,ENSG00000269177,2,0.0,0.0,0.0
ENSG00000269172,PAK4-AS1,2,0.0,0.002316010200914759,0.0
ENSG00000269066,ENSG00000269066,2,0.0,0.0012744392673915013,0.0
ENSG00000268964,ERVV-2,2,0.0,0.0007828802905340024,0.0
ENSG00000268981,ENSG00000268981,2,0.0,0.00111587522757335,0.0
ENSG00000268983,KXD1-AS1,2,0.0,0.0,0.0
ENSG00000268985,ENSG00000268985,2,0.0,0.014222456054831153,0.0
ENSG00000268996,MAN1B1-DT,2,0.0,0.0,0.0
ENSG00000269001,ZNF818P,2,0.0,0.0012771169761884187,0.0
ENSG00000269032,ENSG00000269032,2,0.0,0.00139575697141859,0.0
ENSG00000269035,ENSG00000269035,2,0.0,0.0,0.0
ENSG00000269038,SF1-DT,2,0.0,0.002410095175763168,0.0
ENSG00000269053,ENSG00000269053,2,0.0,0.0,0.0
ENSG00000269054,ZNF497-AS1,2,0.0,0.0009412129075002884,0.0
ENSG00000269072,ENSG00000269072,2,0.0,0.033736424177216714,0.0
ENSG00000269161,ENSG00000269161,2,0.0,0.0003449405767840315,0.0
ENSG00000269082,ENSG00000269082,2,0.0,0.0,0.0
ENSG00000269086,LINC02965,2,0.0,0.0035123884048868467,0.0
ENSG00000269091,ZNF473-AS1,2,0.0,0.06773067088194758,0.0
ENSG00000269095,ENSG00000269095,2,0.0,0.005500485501115852,0.0
ENSG00000269102,ENSG00000269102,2,0.0,0.0,0.0
ENSG00000269107,ENSG00000269107,2,0.0,0.014274885916020268,0.0
ENSG00000269124,ENSG00000269124,2,0.0,0.004235009081435843,0.0
ENSG00000269139,ENSG00000269139,2,0.0,0.0,0.0
ENSG00000269145,MAST3-AS1,2,0.0,0.0,0.0
ENSG00000269148,SYMPK-AS1,2,0.0,0.0,0.0
ENSG00000269151,PPP5C-AS1,2,0.0,0.06435379246870322,0.0
ENSG00000269427,ENSG00000269427,2,0.0,0.000712619401877196,0.0
ENSG00000269469,ENSG00000269469,2,0.0,0.004903999524906509,0.0
ENSG00000269473,ZNF132-DT,2,0.0,0.005347423662066789,0.0
ENSG00000269915,ENSG00000269915,2,0.0,0.0,0.0
ENSG00000269845,CCNYL6,2,0.0,0.0,0.0
ENSG00000269846,ENSG00000269846,2,0.0,0.0,0.0
ENSG00000269855,RNF225,2,0.0,0.0,0.0
ENSG00000269873,ENSG00000269873,2,0.0,0.0,0.0
ENSG00000269886,ENSG00000269886,2,0.0,0.025294708383585107,0.0
ENSG00000269889,ENSG00000269889,2,0.0,0.0,0.0
ENSG00000269901,ENSG00000269901,2,0.0,0.004516423448225451,0.0
ENSG00000269902,ENSG00000269902,2,0.0,0.0,0.0
ENSG00000269904,MAP2K4P1,2,0.0,0.023280825661658046,0.0
ENSG00000269907,PTMAP11,2,0.0,0.0,0.0
ENSG00000269910,ENSG00000269910,2,0.0,0.0,0.0
ENSG00000269921,ENSG00000269921,2,0.0,0.0015812288281911624,0.0
ENSG00000269839,ENSG00000269839,2,0.0,0.03749576078509145,0.0
ENSG00000269939,PCF11-AS1,2,0.0,0.0,0.0
ENSG00000269947,ENSG00000269947,2,0.0,0.0014301782144877507,0.0
ENSG00000269950,ENSG00000269950,2,0.0,0.0025584782962604575,0.0
ENSG00000269956,MKNK1-AS1,2,0.0,0.0015713842655472805,0.0
ENSG00000269957,ENSG00000269957,2,0.0,0.001145458793429897,0.0
ENSG00000269959,SPACA6-AS1,2,0.0,0.00529699027208419,0.0
ENSG00000269967,ENSG00000269967,2,0.0,4.3390065951867106e-05,0.0
ENSG00000269968,ENSG00000269968,2,0.0,0.0,0.0
ENSG00000269972,ENSG00000269972,2,0.0,0.0005001620912320053,0.0
ENSG00000269978,ENSG00000269978,2,0.0,0.0008213923792354973,0.0
ENSG00000269982,ENSG00000269982,2,0.0,0.01372658489073429,0.0
ENSG00000269843,ENSG00000269843,2,0.0,0.006189899339336221,0.0
ENSG00000269836,ENSG00000269836,2,0.0,0.0033286874052358972,0.0
ENSG00000269481,ENSG00000269481,2,0.0,0.0024887527575703583,0.0
ENSG00000269604,ENSG00000269604,2,0.0,0.0,0.0
ENSG00000269482,ENSG00000269482,2,0.0,0.0,0.0
ENSG00000269487,ENSG00000269487,2,0.0,0.004132860967545164,0.0
ENSG00000269502,DMRTC1,2,0.0,0.0042154683525283555,0.0
ENSG00000269514,ENSG00000269514,2,0.0,0.0,0.0
ENSG00000269516,CYP4F23P,2,0.0,0.0,0.0
ENSG00000269534,ENSG00000269534,2,0.0,0.002504601269214213,0.0
ENSG00000269547,ENSG00000269547,2,0.0,0.0006393671218865551,0.0
ENSG00000269559,ENSG00000269559,2,0.0,0.004941236046491275,0.0
ENSG00000269570,ENSG00000269570,2,0.0,0.0,0.0
ENSG00000269590,ENSG00000269590,2,0.0,0.0,0.0
ENSG00000269599,ENSG00000269599,2,0.0,0.0,0.0
ENSG00000269621,ENSG00000269621,2,0.0,0.0,0.0
ENSG00000269834,ZNF528-AS1,2,0.0,0.00047739011809109214,0.0
ENSG00000269635,ENSG00000269635,2,0.0,0.0015439431618966986,0.0
ENSG00000269656,NOP53-AS1,2,0.0,0.023637151860798223,0.0
ENSG00000269662,BNIP3P39,2,0.0,0.0,0.0
ENSG00000269680,ENSG00000269680,2,0.0,0.0,0.0
ENSG00000269693,ENSG00000269693,2,0.0,0.005413632180491724,0.0
ENSG00000269694,ENSG00000269694,2,0.0,0.0,0.0
ENSG00000269720,CCDC194,2,0.0,0.0003661610206145883,0.0
ENSG00000269737,ENSG00000269737,2,0.0,0.00025645189871913203,0.0
ENSG00000269802,ENSG00000269802,2,0.0,0.0,0.0
ENSG00000269807,ENSG00000269807,2,0.0,0.0007624880398319897,0.0
ENSG00000269813,ENSG00000269813,2,0.0,0.001616600968569201,0.0
ENSG00000268945,ENSG00000268945,2,0.0,0.00031390977189644484,0.0
ENSG00000268938,ENSG00000268938,2,0.0,0.0,0.0
ENSG00000268912,ENSG00000268912,2,0.0,0.0,0.0
ENSG00000268184,ENSG00000268184,2,0.0,0.0016556323470194104,0.0
ENSG00000268093,ENSG00000268093,2,0.0,0.0020655140314588334,0.0
ENSG00000268095,ZNF649-AS1,2,0.0,0.0,0.0
ENSG00000268107,ENSG00000268107,2,0.0,0.0,0.0
ENSG00000268112,ENSG00000268112,2,0.0,0.0,0.0
ENSG00000268120,ENSG00000268120,2,0.0,0.023976605364517043,0.0
ENSG00000268129,ENSG00000268129,2,0.0,0.0,0.0
ENSG00000268133,ENSG00000268133,2,0.0,0.0,0.0
ENSG00000268144,NIFKP6,2,0.0,0.0,0.0
ENSG00000268149,MAP2K7-AS1,2,0.0,0.001123353049883129,0.0
ENSG00000268157,ENSG00000268157,2,0.0,0.0,0.0
ENSG00000268170,ENSG00000268170,2,0.0,0.04715832043858394,0.0
ENSG00000268186,ZNF114-AS1,2,0.0,0.0,0.0
ENSG00000268083,ENSG00000268083,2,0.0,0.0,0.0
ENSG00000268189,ENSG00000268189,2,0.0,0.0024381046401252006,0.0
ENSG00000268191,ENSG00000268191,2,0.0,0.0009355571524928894,0.0
ENSG00000268193,ENSG00000268193,2,0.0,0.0,0.0
ENSG00000268199,ENSG00000268199,2,0.0,0.0,0.0
ENSG00000268218,ENSG00000268218,2,0.0,0.0,0.0
ENSG00000268222,EEF1A1P7,2,0.0,0.0,0.0
ENSG00000268230,ENSG00000268230,2,0.0,0.0,0.0
ENSG00000268266,PKMYT1AR,2,0.0,0.0,0.0
ENSG00000268278,ENSG00000268278,2,0.0,0.0,0.0
ENSG00000268279,ENSG00000268279,2,0.0,7.961602144069784e-05,0.0
ENSG00000268288,ENSG00000268288,2,0.0,0.0,0.0
ENSG00000268087,ENSG00000268087,2,0.0,0.00020722517875691084,0.0
ENSG00000268081,ENSG00000268081,2,0.0,0.0015423833820793443,0.0
ENSG00000268297,CLEC4GP1,2,0.0,0.0,0.0
ENSG00000267984,ENSG00000267984,2,0.0,0.0023621473948951424,0.0
ENSG00000267905,VSIG10L-AS1,2,0.0,0.04826233508957051,0.0
ENSG00000267919,ENSG00000267919,2,0.0,0.006492274877749348,0.0
ENSG00000267920,SNX6P1,2,0.0,0.0011799985707531663,0.0
ENSG00000267922,ENSG00000267922,2,0.0,0.0,0.0
ENSG00000267934,ENSG00000267934,2,0.0,0.0007812845208561986,0.0
ENSG00000267938,EIF1P6,2,0.0,0.0,0.0
ENSG00000267939,ENSG00000267939,2,0.0,0.016917821905567752,0.0
ENSG00000267940,ENSG00000267940,2,0.0,0.015905023692882617,0.0
ENSG00000267943,ENSG00000267943,2,0.0,0.003606369896899218,0.0
ENSG00000267968,ENSG00000267968,2,0.0,0.0,0.0
ENSG00000267980,ENSG00000267980,2,0.0,0.0,0.0
ENSG00000268001,CARD8-AS1,2,0.0,0.001589444093997365,0.0
ENSG00000268070,ENSG00000268070,2,0.0,0.0,0.0
ENSG00000268015,PPP2R1A-AS1,2,0.0,0.0,0.0
ENSG00000268030,ENSG00000268030,2,0.0,0.0,0.0
ENSG00000268041,ERFL,2,0.0,0.005576301981856743,0.0
ENSG00000268047,ENSG00000268047,2,0.0,0.018437554210246742,0.0
ENSG00000268049,ZNF497-AS2,2,0.0,0.0,0.0
ENSG00000268055,ENSG00000268055,2,0.0,0.0,0.0
ENSG00000268056,ENSG00000268056,2,0.0,0.0,0.0
ENSG00000268058,BNIP3P40,2,0.0,0.0,0.0
ENSG00000268061,NAPA-AS1,2,0.0,0.0005586595224375936,0.0
ENSG00000268066,FMR1-AS1,2,0.0,0.0,0.0
ENSG00000268069,ENSG00000268069,2,0.0,0.0,0.0
ENSG00000268289,ENSG00000268289,2,0.0,0.0,0.0
ENSG00000268309,ENSG00000268309,2,0.0,0.0009724523060243529,0.0
ENSG00000268896,ENSG00000268896,2,0.0,0.000591797178609542,0.0
ENSG00000268756,ENSG00000268756,2,0.0,0.011855908181532551,0.0
ENSG00000268649,ENSG00000268649,2,0.0,0.0,0.0
ENSG00000268650,ENSG00000268650,2,0.0,0.0,0.0
ENSG00000268658,LINC00664,2,0.0,4.3619594458459424e-05,0.0
ENSG00000268677,ENSG00000268677,2,0.0,0.0048469047537024225,0.0
ENSG00000268678,ENSG00000268678,2,0.0,0.0031225086767035877,0.0
ENSG00000268686,ENSG00000268686,2,0.0,0.0,0.0
ENSG00000268744,ENSG00000268744,2,0.0,0.0,0.0
ENSG00000268746,ENSG00000268746,2,0.0,0.04936649589003266,0.0
ENSG00000268747,COX16P1,2,0.0,0.0,0.0
ENSG00000268751,SCGB1B2P,2,0.0,0.0,0.0
ENSG00000268754,LINC01081,2,0.0,0.003612464033265693,0.0
ENSG00000268764,ENSG00000268764,2,0.0,0.014003069985884273,0.0
ENSG00000268636,ENSG00000268636,2,0.0,0.0,0.0
ENSG00000268790,ENSG00000268790,2,0.0,0.0010451523050465366,0.0
ENSG00000268798,ENSG00000268798,2,0.0,0.0022848142179655077,0.0
ENSG00000268810,ENSG00000268810,2,0.0,0.0,0.0
ENSG00000268812,LIF-AS2,2,0.0,0.0,0.0
ENSG00000268836,ENSG00000268836,2,0.0,0.0013742750580680294,0.0
ENSG00000268854,ENSG00000268854,2,0.0,0.0014215806601586862,0.0
ENSG00000268858,ENSG00000268858,2,0.0,0.0,0.0
ENSG00000268869,ESPNP,2,0.0,0.0,0.0
ENSG00000268873,DTNA-AS1,2,0.0,0.002182159769081971,0.0
ENSG00000268886,ENSG00000268886,2,0.0,0.0,0.0
ENSG00000268894,PLCE1-AS1,2,0.0,0.0,0.0
ENSG00000268643,ENSG00000268643,2,0.0,0.0014506177290075503,0.0
ENSG00000268635,ENSG00000268635,2,0.0,0.0003978923164191413,0.0
ENSG00000268322,BNIP3P25,2,0.0,0.013489551754805566,0.0
ENSG00000268461,ENSG00000268461,2,0.0,0.011590906523467615,0.0
ENSG00000268333,ENSG00000268333,2,0.0,0.000300650597922702,0.0
ENSG00000268361,ENSG00000268361,2,0.0,0.0,0.0
ENSG00000268375,ENSG00000268375,2,0.0,0.0,0.0
ENSG00000268392,ENSG00000268392,2,0.0,0.000613637398946428,0.0
ENSG00000268400,ENSG00000268400,2,0.0,0.0,0.0
ENSG00000268401,ENSG00000268401,2,0.0,0.001049316125282094,0.0
ENSG00000268403,ZNF143-AS1,2,0.0,0.0009251769589560854,0.0
ENSG00000268434,ENSG00000268434,2,0.0,0.006721857487803923,0.0
ENSG00000268438,BNIP3P27,2,0.0,0.0,0.0
ENSG00000268458,ENSG00000268458,2,0.0,0.010691694274666997,0.0
ENSG00000268460,ENSG00000268460,2,0.0,0.0016468864019163931,0.0
ENSG00000268465,ENSG00000268465,2,0.0,0.04987782623925705,0.0
ENSG00000268592,RAET1E-AS1,2,0.0,0.0,0.0
ENSG00000268475,ENSG00000268475,2,0.0,0.0070468042536324495,0.0
ENSG00000268480,NFILZ,2,0.0,0.0007025880054116136,0.0
ENSG00000268518,MYREM,2,0.0,0.003848834701964229,0.0
ENSG00000268521,VN1R83P,2,0.0,0.0,0.0
ENSG00000268529,CYP2T3P,2,0.0,0.0009780314861161027,0.0
ENSG00000268530,ENSG00000268530,2,0.0,0.0006668553911905415,0.0
ENSG00000268555,ENSG00000268555,2,0.0,0.0,0.0
ENSG00000268560,ENSG00000268560,2,0.0,0.0,0.0
ENSG00000268564,ILVBL-AS1,2,0.0,0.0,0.0
ENSG00000268583,ENSG00000268583,2,0.0,0.0258925121255826,0.0
ENSG00000268584,ENSG00000268584,2,0.0,0.017086143815664808,0.0
ENSG00000267042,ENSG00000267042,2,0.0,0.0,0.0
ENSG00000267039,ENSG00000267039,2,0.0,0.025140009866030908,0.0
ENSG00000262039,ENSG00000262039,2,0.0,0.0008760613582318005,0.0
ENSG00000264701,ENSG00000264701,2,0.0,0.006114353306794924,0.0
ENSG00000263684,ENSG00000263684,2,0.0,0.0,0.0
ENSG00000263707,ENSG00000263707,2,0.0,0.0,0.0
ENSG00000263708,ENSG00000263708,2,0.0,0.000348664704016555,0.0
ENSG00000263709,ENSG00000263709,2,0.0,0.0,0.0
ENSG00000263711,LINC02864,2,0.0,0.06284691288167968,0.0
ENSG00000263718,SEPTIN9-DT,2,0.0,0.0002449671201553962,0.0
ENSG00000263724,DLGAP1-AS3,2,0.0,0.0,0.0
ENSG00000263727,ENSG00000263727,2,0.0,0.0,0.0
ENSG00000263731,ENSG00000263731,2,0.0,0.0,0.0
ENSG00000263756,ENSG00000263756,2,0.0,0.0,0.0
ENSG00000263765,ENSG00000263765,2,0.0,0.0,0.0
ENSG00000263781,ENSG00000263781,2,0.0,0.0,0.0
ENSG00000263787,SKAP1-AS1,2,0.0,0.0,0.0
ENSG00000263798,ENSG00000263798,2,0.0,0.0,0.0
ENSG00000263809,ENSG00000263809,2,0.0,0.0011152020415544654,0.0
ENSG00000263823,ENSG00000263823,2,0.0,0.0,0.0
ENSG00000263826,ENSG00000263826,2,0.0,0.002092998598451037,0.0
ENSG00000263829,SINHCAFP1,2,0.0,0.004183738809534974,0.0
ENSG00000263843,MIF4GD-DT,2,0.0,0.0018488769501341026,0.0
ENSG00000263847,ENSG00000263847,2,0.0,0.003959210909000568,0.0
ENSG00000263859,ENSG00000263859,2,0.0,0.0,0.0
ENSG00000263862,LINC01543,2,0.0,0.0,0.0
ENSG00000263873,THY1-AS1,2,0.0,0.0017625765303998357,0.0
ENSG00000263874,LASP1NB,2,0.0,0.004193845468149686,0.0
ENSG00000263878,DLGAP1-AS4,2,0.0,0.0,0.0
ENSG00000263683,ENSG00000263683,2,0.0,0.0,0.0
ENSG00000263677,ENSG00000263677,2,0.0,0.0,0.0
ENSG00000263655,ENSG00000263655,2,0.0,0.0,0.0
ENSG00000263499,ENSG00000263499,2,0.0,0.00262493762122294,0.0
ENSG00000263331,ENSG00000263331,2,0.0,0.5171664759743235,0.0
ENSG00000263345,SGSM2-AS1,2,0.0,0.0036258359723534295,0.0
ENSG00000263361,MIR378H,2,0.0,0.0,0.0
ENSG00000263369,ENSG00000263369,2,0.0,0.0004077238590048141,0.0
ENSG00000263393,ENSG00000263393,2,0.0,0.004251113656880248,0.0
ENSG00000263412,NFE2L1-DT,2,0.0,0.0,0.0
ENSG00000263424,ENSG00000263424,2,0.0,0.0,0.0
ENSG00000263432,RN7SL689P,2,0.0,0.0,0.0
ENSG00000263477,ENSG00000263477,2,0.0,0.0,0.0
ENSG00000263489,ENSG00000263489,2,0.0,0.0,0.0
ENSG00000263494,ENSG00000263494,2,0.0,0.0011225804728491023,0.0
ENSG00000263503,MAPK8IP1P2,2,0.0,0.0014015413819993248,0.0
ENSG00000263647,BPTFP1,2,0.0,0.005220161413524338,0.0
ENSG00000263508,ENSG00000263508,2,0.0,0.0,0.0
ENSG00000263513,FAM72C,2,0.0,0.00047117001893036994,0.0
ENSG00000263531,ENSG00000263531,2,0.0,0.0015793568253873892,0.0
ENSG00000263563,UBBP4,2,0.0,0.0,0.0
ENSG00000263571,ENSG00000263571,2,0.0,0.006091298290326247,0.0
ENSG00000263585,PYCR1-AS1,2,0.0,0.0,0.0
ENSG00000263594,ENSG00000263594,2,0.0,0.0,0.0
ENSG00000263620,ENSG00000263620,2,0.0,0.008422284288381222,0.0
ENSG00000263624,ENSG00000263624,2,0.0,0.0073451377414740305,0.0
ENSG00000263627,PPP4R1-AS1,2,0.0,0.00042008655410529606,0.0
ENSG00000263644,ENSG00000263644,2,0.0,0.00634239264618501,0.0
ENSG00000263884,THOC1-DT,2,0.0,0.00080569704845631,0.0
ENSG00000263917,ENSG00000263917,2,0.0,0.0018789297486044956,0.0
ENSG00000263923,ENSG00000263923,2,0.0,0.0016201138173656065,0.0
ENSG00000264545,ENSG00000264545,2,0.0,0.0,0.0
ENSG00000264365,ENSG00000264365,2,0.0,0.001444235314373733,0.0
ENSG00000264434,ENSG00000264434,2,0.0,0.0,0.0
ENSG00000264443,ENSG00000264443,2,0.0,0.0074368291473653,0.0
ENSG00000264448,MIR378D2HG,2,0.0,0.0,0.0
ENSG00000264458,MYO1D-AS1,2,0.0,0.0005129552258401072,0.0
ENSG00000264475,ENSG00000264475,2,0.0,0.00396026354457397,0.0
ENSG00000264513,ENSG00000264513,2,0.0,0.00029203295708387007,0.0
ENSG00000264514,ENSG00000264514,2,0.0,0.0,0.0
ENSG00000264515,VSTM2B-DT,2,0.0,0.0,0.0
ENSG00000264519,RN7SL596P,2,0.0,0.002591364387062199,0.0
ENSG00000264520,ENSG00000264520,2,0.0,0.051414958069996325,0.0
ENSG00000264548,ENSG00000264548,2,0.0,0.09174146362771476,0.0
ENSG00000264300,ENSG00000264300,2,0.0,0.0,0.0
ENSG00000264558,ENSG00000264558,2,0.0,0.002845784062020599,0.0
ENSG00000264569,DCXR-DT,2,0.0,0.0011179473277475873,0.0
ENSG00000264575,LINC00526,2,0.0,0.0,0.0
ENSG00000264577,ENSG00000264577,2,0.0,0.0,0.0
ENSG00000264578,ENSG00000264578,2,0.0,0.0,0.0
ENSG00000264589,MAPT-AS1,2,0.0,0.0,0.0
ENSG00000264595,ENSG00000264595,2,0.0,0.004413632246924327,0.0
ENSG00000264622,ENSG00000264622,2,0.0,0.0007881782894670635,0.0
ENSG00000264630,PRKCA-AS1,2,0.0,0.0,0.0
ENSG00000264666,ENSG00000264666,2,0.0,0.0004127392067731042,0.0
ENSG00000264672,SEPTIN4-AS1,2,0.0,0.0,0.0
ENSG00000264339,ENSG00000264339,2,0.0,0.005891156808777739,0.0
ENSG00000264273,ENSG00000264273,2,0.0,0.00019967243852091887,0.0
ENSG00000263924,ENSG00000263924,2,0.0,0.0,0.0
ENSG00000264044,ENSG00000264044,2,0.0,0.01673653326713557,0.0
ENSG00000263934,SNORD3A,2,0.0,0.00121137354903498,0.0
ENSG00000263952,ENSG00000263952,2,0.0,0.0042956388170450974,0.0
ENSG00000263958,NETO1-DT,2,0.0,0.0,0.0
ENSG00000263961,RHEX,2,0.0,0.0,0.0
ENSG00000263982,ENSG00000263982,2,0.0,0.0,0.0
ENSG00000263986,ENSG00000263986,2,0.0,0.0008639086817724525,0.0
ENSG00000264006,AKR1C8,2,0.0,0.0007476632479835979,0.0
ENSG00000264016,ENSG00000264016,2,0.0,0.004342686580253832,0.0
ENSG00000264017,RN7SL336P,2,0.0,0.0,0.0
ENSG00000264019,ENSG00000264019,2,0.0,0.0,0.0
ENSG00000264026,LINC02003,2,0.0,0.0016287465451621614,0.0
ENSG00000264057,ENSG00000264057,2,0.0,0.0009554771724677939,0.0
ENSG00000264272,ENSG00000264272,2,0.0,0.0026051115352283692,0.0
ENSG00000264058,ENSG00000264058,2,0.0,0.0016934353903013545,0.0
ENSG00000264078,ENSG00000264078,2,0.0,0.0005234584553939534,0.0
ENSG00000264083,ENSG00000264083,2,0.0,0.0,0.0
ENSG00000264107,MIR4733HG,2,0.0,0.0010612032432368915,0.0
ENSG00000264116,ENSG00000264116,2,0.0,0.0,0.0
ENSG00000264149,ENSG00000264149,2,0.0,0.0,0.0
ENSG00000264164,ENSG00000264164,2,0.0,0.0,0.0
ENSG00000264187,ENSG00000264187,2,0.0,0.0,0.0
ENSG00000264229,RNU4ATAC,2,0.0,0.0,0.0
ENSG00000264235,MYL12-AS1,2,0.0,0.0,0.0
ENSG00000264269,DYM-AS1,2,0.0,0.0025625898936803924,0.0
ENSG00000263321,ENSG00000263321,2,0.0,0.00578111817509813,0.0
ENSG00000263317,LINC01982,2,0.0,0.0,0.0
ENSG00000263301,ENSG00000263301,2,0.0,0.0035193959482791638,0.0
ENSG00000262445,ENSG00000262445,2,0.0,0.0,0.0
ENSG00000262304,ENSG00000262304,2,0.0,9.373975325435734e-05,0.0
ENSG00000262312,ENSG00000262312,2,0.0,0.003386962244455587,0.0
ENSG00000262339,ENSG00000262339,2,0.0,0.0,0.0
ENSG00000262370,ENSG00000262370,2,0.0,0.008624308045411564,0.0
ENSG00000262372,ENSG00000262372,2,0.0,0.0031846150699163665,0.0
ENSG00000262406,MMP12,2,0.0,0.000829913465398564,0.0
ENSG00000262412,ENSG00000262412,2,0.0,0.0010556383954122093,0.0
ENSG00000262413,ENSG00000262413,2,0.0,0.0003089504128978415,0.0
ENSG00000262420,TXNDC11-AS1,2,0.0,0.0,0.0
ENSG00000262429,ENSG00000262429,2,0.0,0.008724136974592778,0.0
ENSG00000262434,MRM3-AS1,2,0.0,0.0,0.0
ENSG00000262456,ENSG00000262456,2,0.0,0.000514109451032238,0.0
ENSG00000262267,ENSG00000262267,2,0.0,0.0,0.0
ENSG00000262468,LINC01569,2,0.0,0.002750552600292358,0.0
ENSG00000262481,TMEM256-PLSCR3,2,0.0,0.0,0.0
ENSG00000262482,FLYWCH1-AS1,2,0.0,0.0,0.0
ENSG00000262484,CCER2,2,0.0,0.004435459146321535,0.0
ENSG00000262503,SPICP3,2,0.0,0.0016882315694482593,0.0
ENSG00000262526,ENSG00000262526,2,0.0,0.0,0.0
ENSG00000262528,ENSG00000262528,2,0.0,0.0,0.0
ENSG00000262529,ENSG00000262529,2,0.0,0.0,0.0
ENSG00000262560,ENSG00000262560,2,0.0,0.0,0.0
ENSG00000262576,PCDHGA4,2,0.0,0.0,0.0
ENSG00000262580,ENSG00000262580,2,0.0,0.02761281256063866,0.0
ENSG00000262302,ENSG00000262302,2,0.0,0.0,0.0
ENSG00000262235,TMF1P1,2,0.0,0.001505180844192671,0.0
ENSG00000262585,LINC01979,2,0.0,0.0011556391732149764,0.0
ENSG00000262147,FOXK2-AS1,2,0.0,0.0036272307176662432,0.0
ENSG00000262049,ENSG00000262049,2,0.0,0.0,0.0
ENSG00000262050,ENSG00000262050,2,0.0,0.0006355568179159977,0.0
ENSG00000262052,ENSG00000262052,2,0.0,0.0008381943287520054,0.0
ENSG00000262074,SNORD3B-2,2,0.0,0.0047281945535312606,0.0
ENSG00000262089,ENSG00000262089,2,0.0,0.005579958605840045,0.0
ENSG00000262098,ENSG00000262098,2,0.0,0.011034684957492638,0.0
ENSG00000262112,ENSG00000262112,2,0.0,0.0,0.0
ENSG00000262115,ENSG00000262115,2,0.0,0.0,0.0
ENSG00000262116,ENSG00000262116,2,0.0,0.0025472125849611603,0.0
ENSG00000262133,ENSG00000262133,2,0.0,0.0,0.0
ENSG00000262136,NQO1-DT,2,0.0,0.0,0.0
ENSG00000262151,ENSG00000262151,2,0.0,0.00229437614362194,0.0
ENSG00000262231,ENSG00000262231,2,0.0,0.010251743977262678,0.0
ENSG00000262152,GREP1,2,0.0,0.0034649353107477966,0.0
ENSG00000262158,MTCO3P24,2,0.0,0.0018149765354613413,0.0
ENSG00000262160,ENSG00000262160,2,0.0,0.0012158850454489683,0.0
ENSG00000262165,C17orf114,2,0.0,0.011619558938493925,0.0
ENSG00000262179,MYMX,2,0.0,0.0015683945520951269,0.0
ENSG00000262185,LINC02861,2,0.0,0.0001069373568503529,0.0
ENSG00000262202,ENSG00000262202,2,0.0,0.0012228065995187568,0.0
ENSG00000262209,PCDHGB3,2,0.0,0.0009159077016526634,0.0
ENSG00000262211,ENSG00000262211,2,0.0,0.0,0.0
ENSG00000262213,ENSG00000262213,2,0.0,0.0,0.0
ENSG00000262227,ENSG00000262227,2,0.0,0.0,0.0
ENSG00000262583,TMEM231P1,2,0.0,0.0,0.0
ENSG00000262587,ENSG00000262587,2,0.0,0.001148234637838088,0.0
ENSG00000263300,ENSG00000263300,2,0.0,0.0002722452820630428,0.0
ENSG00000263142,LRRC37A17P,2,0.0,0.0006561672323184022,0.0
ENSG00000263004,AKAP1-DT,2,0.0,0.0,0.0
ENSG00000263011,ENSG00000263011,2,0.0,0.0,0.0
ENSG00000263017,ENSG00000263017,2,0.0,0.0,0.0
ENSG00000263020,ENSG00000263020,2,0.0,0.003257239185331579,0.0
ENSG00000263033,ENSG00000263033,2,0.0,0.0,0.0
ENSG00000263050,DPH1-AS1,2,0.0,0.0,0.0
ENSG00000263051,ENSG00000263051,2,0.0,0.0009109990082580903,0.0
ENSG00000263080,ENSG00000263080,2,0.0,0.0022851726173414707,0.0
ENSG00000263089,ENSG00000263089,2,0.0,0.0003482005433007352,0.0
ENSG00000263105,ENSG00000263105,2,0.0,0.00046417217114512655,0.0
ENSG00000263126,ENSG00000263126,2,0.0,0.0,0.0
ENSG00000263146,LINC01896,2,0.0,0.002065217025404747,0.0
ENSG00000262967,ENSG00000262967,2,0.0,0.0008474680084041589,0.0
ENSG00000263154,ENSG00000263154,2,0.0,0.0,0.0
ENSG00000263171,ENSG00000263171,2,0.0,0.0008968184960543941,0.0
ENSG00000263212,ENSG00000263212,2,0.0,0.0,0.0
ENSG00000263219,RYKP1,2,0.0,8.214686492456358e-05,0.0
ENSG00000263232,ATP5F1AP3,2,0.0,0.005118316555071379,0.0
ENSG00000263235,ENSG00000263235,2,0.0,0.01579605902332519,0.0
ENSG00000263257,LINC03107,2,0.0,0.0,0.0
ENSG00000263266,RPS7P1,2,0.0,0.0006584522437593392,0.0
ENSG00000263271,ENSG00000263271,2,0.0,0.0,0.0
ENSG00000263280,ENSG00000263280,2,0.0,0.0,0.0
ENSG00000263293,EFCAB13-DT,2,0.0,0.0006960713244855665,0.0
ENSG00000262999,ENSG00000262999,2,0.0,0.015594291035261705,0.0
ENSG00000262966,ENSG00000262966,2,0.0,0.0,0.0
ENSG00000262681,ENSG00000262681,2,0.0,0.0,0.0
ENSG00000262810,SMG6-AS1,2,0.0,0.0,0.0
ENSG00000262686,GLIS2-AS1,2,0.0,0.0029885230677353485,0.0
ENSG00000262692,ENSG00000262692,2,0.0,0.0,0.0
ENSG00000262700,ENSG00000262700,2,0.0,0.0029336820602669563,0.0
ENSG00000262714,ENSG00000262714,2,0.0,0.0013585670814818631,0.0
ENSG00000262728,ARHGAP11A-DT,2,0.0,0.0003385187590289194,0.0
ENSG00000262730,ENSG00000262730,2,0.0,0.01019428145959444,0.0
ENSG00000262732,ENSG00000262732,2,0.0,0.0006267145766132927,0.0
ENSG00000262769,ENSG00000262769,2,0.0,0.00039276650539362925,0.0
ENSG00000262772,LINC01977,2,0.0,0.0,0.0
ENSG00000262777,CRK-AS1,2,0.0,7.019060248246105e-05,0.0
ENSG00000262791,WDR81-AS1,2,0.0,0.0,0.0
ENSG00000262831,P4HB-AS1,2,0.0,0.006951274639534384,0.0
ENSG00000262950,ENSG00000262950,2,0.0,0.0,0.0
ENSG00000262837,ENSG00000262837,2,0.0,0.0,0.0
ENSG00000262873,ENSG00000262873,2,0.0,0.0025123778096528973,0.0
ENSG00000262874,C19orf84,2,0.0,0.0034512044874396115,0.0
ENSG00000262877,ENSG00000262877,2,0.0,0.0,0.0
ENSG00000262880,ENSG00000262880,2,0.0,0.003443377551108242,0.0
ENSG00000262898,ENSG00000262898,2,0.0,0.006402131521833149,0.0
ENSG00000262899,ENSG00000262899,2,0.0,0.0003267191997881649,0.0
ENSG00000262902,MTCO1P40,2,0.0,0.0,0.0
ENSG00000262903,CTNS-AS1,2,0.0,0.007391760364714702,0.0
ENSG00000262904,TMPOP2,2,0.0,0.0017392890666232048,0.0
ENSG00000262919,CCNQ,2,0.0,0.0,0.0
ENSG00000264693,ENSG00000264693,2,0.0,0.037697854583076215,0.0
ENSG00000264705,ENSG00000264705,2,0.0,0.0016510258907915072,0.0
ENSG00000267033,ENSG00000267033,2,0.0,0.0,0.0
ENSG00000264736,BDP1P,2,0.0,0.0,0.0
ENSG00000266397,LPIN2-AS2,2,0.0,0.0,0.0
ENSG00000266401,DLGAP1-AS6,2,0.0,0.0,0.0
ENSG00000266405,CBX3P2,2,0.0,0.003086994156546568,0.0
ENSG00000266441,ARHGAP28-AS1,2,0.0,0.005522786129176076,0.0
ENSG00000266445,NARF-AS1,2,0.0,0.006048921512962616,0.0
ENSG00000266450,ENSG00000266450,2,0.0,0.0015030128900280072,0.0
ENSG00000266456,ENSG00000266456,2,0.0,0.0,0.0
ENSG00000266466,ENSG00000266466,2,0.0,0.0,0.0
ENSG00000266469,ENSG00000266469,2,0.0,0.00032465201559899224,0.0
ENSG00000266490,ENSG00000266490,2,0.0,0.0013649447589195688,0.0
ENSG00000266497,RDM1P2,2,0.0,0.0019016071852419887,0.0
ENSG00000266524,GDF10,2,0.0,0.01724922600781698,0.0
ENSG00000266527,LYRM9-AS1,2,0.0,0.0,0.0
ENSG00000266537,SPDYE22P,2,0.0,0.0,0.0
ENSG00000266541,ENSG00000266541,2,0.0,0.0,0.0
ENSG00000266578,ENSG00000266578,2,0.0,0.0005997102856569174,0.0
ENSG00000266598,ENSG00000266598,2,0.0,0.042260126558729315,0.0
ENSG00000266599,ENSG00000266599,2,0.0,0.004874739313324421,0.0
ENSG00000266601,ENSG00000266601,2,0.0,0.007787232705919316,0.0
ENSG00000266602,ENSG00000266602,2,0.0,0.021846369111830237,0.0
ENSG00000266613,COP1P1,2,0.0,0.00586146020663922,0.0
ENSG00000266642,ENSG00000266642,2,0.0,0.0015116237505027087,0.0
ENSG00000266644,ENSG00000266644,2,0.0,0.002572763112564786,0.0
ENSG00000266651,ENSG00000266651,2,0.0,0.010209075612319294,0.0
ENSG00000266677,ENSG00000266677,2,0.0,0.002139345256823446,0.0
ENSG00000266389,PIK3R5-DT,2,0.0,0.0,0.0
ENSG00000266385,ENSG00000266385,2,0.0,0.003825093553435046,0.0
ENSG00000266379,ENSG00000266379,2,0.0,0.0,0.0
ENSG00000266208,GJD3-AS1,2,0.0,0.0,0.0
ENSG00000266094,RASSF5,2,0.0,0.00105610349082824,0.0
ENSG00000266100,ENSG00000266100,2,0.0,0.0,0.0
ENSG00000266101,ENSG00000266101,2,0.0,0.0,0.0
ENSG00000266111,ENSG00000266111,2,0.0,0.002933984616368559,0.0
ENSG00000266114,ENSG00000266114,2,0.0,1.4417654825338878e-05,0.0
ENSG00000266120,ENSG00000266120,2,0.0,0.0,0.0
ENSG00000266149,ENSG00000266149,2,0.0,0.0,0.0
ENSG00000266155,ENSG00000266155,2,0.0,0.0019908448804743756,0.0
ENSG00000266171,ENSG00000266171,2,0.0,0.0,0.0
ENSG00000266185,RN7SL804P,2,0.0,0.0005581906166891044,0.0
ENSG00000266200,PNLIPRP2,2,0.0,0.005124158894068188,0.0
ENSG00000266217,CTSLP2,2,0.0,0.00050144220159511,0.0
ENSG00000266368,ENSG00000266368,2,0.0,0.0028829849930049247,0.0
ENSG00000266248,ENSG00000266248,2,0.0,0.010543791862316128,0.0
ENSG00000266261,ENSG00000266261,2,0.0,0.012667070679423895,0.0
ENSG00000266282,UBL5P2,2,0.0,0.0,0.0
ENSG00000266288,LINC02974,2,0.0,0.0,0.0
ENSG00000266289,LINC02933,2,0.0,0.011030183078069274,0.0
ENSG00000266290,DYNLL2-DT,2,0.0,0.0016427118442689432,0.0
ENSG00000266306,ENSG00000266306,2,0.0,0.025071378375630695,0.0
ENSG00000266312,LINC01927,2,0.0,0.0174578218662134,0.0
ENSG00000266313,LINC03146,2,0.0,0.0,0.0
ENSG00000266341,ENSG00000266341,2,0.0,0.0,0.0
ENSG00000266357,LINC02074,2,0.0,3.15496662671183e-05,0.0
ENSG00000266680,ENSG00000266680,2,0.0,0.0002074233859410769,0.0
ENSG00000266696,ENSG00000266696,2,0.0,0.0014775283090180356,0.0
ENSG00000266708,RAB12-AS1,2,0.0,0.0,0.0
ENSG00000266993,ENSG00000266993,2,0.0,0.00255564398595013,0.0
ENSG00000266964,FXYD1,2,0.0,0.0069077576567856515,0.0
ENSG00000266969,CEP192-DT,2,0.0,0.0,0.0
ENSG00000266970,SOCS3-DT,2,0.0,0.0,0.0
ENSG00000266975,FARSA-AS1,2,0.0,0.0,0.0
ENSG00000266976,ERVE-5,2,0.0,0.06249786991673312,0.0
ENSG00000266977,ENSG00000266977,2,0.0,0.0022965539611835093,0.0
ENSG00000266978,LIMASI,2,0.0,0.002549224727903292,0.0
ENSG00000266983,RANBP3-DT,2,0.0,0.00027406527789305805,0.0
ENSG00000266984,POLR3GP2,2,0.0,0.0,0.0
ENSG00000266987,ENSG00000266987,2,0.0,0.0019612923945143313,0.0
ENSG00000266992,DHX40P1,2,0.0,0.0,0.0
ENSG00000266994,ENSG00000266994,2,0.0,0.0,0.0
ENSG00000266953,ENSG00000266953,2,0.0,0.031985482029364166,0.0
ENSG00000266997,ENSG00000266997,2,0.0,0.0,0.0
ENSG00000266998,ENSG00000266998,2,0.0,0.025822842849877074,0.0
ENSG00000267001,ENSG00000267001,2,0.0,0.0003235035928156733,0.0
ENSG00000267002,ENSG00000267002,2,0.0,0.0005049589946871152,0.0
ENSG00000267006,ENSG00000267006,2,0.0,0.0,0.0
ENSG00000267007,ENSG00000267007,2,0.0,0.021418761395834353,0.0
ENSG00000267011,ENSG00000267011,2,0.0,0.0,0.0
ENSG00000267016,ENSG00000267016,2,0.0,0.011098882187853371,0.0
ENSG00000267024,ENSG00000267024,2,0.0,0.003129890089488113,0.0
ENSG00000267026,ENSG00000267026,2,0.0,0.0,0.0
ENSG00000267030,ENSG00000267030,2,0.0,0.0,0.0
ENSG00000266957,ENSG00000266957,2,0.0,0.01318139267982152,0.0
ENSG00000266952,LINC01538,2,0.0,0.0,0.0
ENSG00000266717,ENSG00000266717,2,0.0,0.003384979586277462,0.0
ENSG00000266846,ENSG00000266846,2,0.0,0.0,0.0
ENSG00000266718,ENSG00000266718,2,0.0,0.0,0.0
ENSG00000266728,ENSG00000266728,2,0.0,0.0,0.0
ENSG00000266729,DSG1-AS1,2,0.0,0.009027660483399693,0.0
ENSG00000266733,TBC1D29P,2,0.0,0.0,0.0
ENSG00000266765,ENSG00000266765,2,0.0,0.0,0.0
ENSG00000266767,ENSG00000266767,2,0.0,0.0,0.0
ENSG00000266820,KPNA2P3,2,0.0,0.0,0.0
ENSG00000266824,ENSG00000266824,2,0.0,0.004556534389072293,0.0
ENSG00000266835,GAPLINC,2,0.0,0.0,0.0
ENSG00000266840,ENSG00000266840,2,0.0,9.729163361187059e-05,0.0
ENSG00000266844,MBP-AS1,2,0.0,0.0,0.0
ENSG00000266850,RBBP8-AS1,2,0.0,0.00208079110999768,0.0
ENSG00000266950,ENSG00000266950,2,0.0,0.0,0.0
ENSG00000266865,ENSG00000266865,2,0.0,0.0035767121847253753,0.0
ENSG00000266877,ENSG00000266877,2,0.0,0.0,0.0
ENSG00000266903,CEACAM16-AS1,2,0.0,0.0036604925390788866,0.0
ENSG00000266910,ENSG00000266910,2,0.0,0.003976927635649899,0.0
ENSG00000266916,ZNF793-AS1,2,0.0,0.047208113743963775,0.0
ENSG00000266921,ZNF230-DT,2,0.0,0.0004437945343768954,0.0
ENSG00000266928,ENSG00000266928,2,0.0,0.0012647460643387617,0.0
ENSG00000266929,ENSG00000266929,2,0.0,0.029317515687300188,0.0
ENSG00000266933,MADCAM1-AS1,2,0.0,0.0010486441411075805,0.0
ENSG00000266936,ENSG00000266936,2,0.0,0.00908156636930034,0.0
ENSG00000266947,ENSG00000266947,2,0.0,0.0019478755971688302,0.0
ENSG00000266075,RN7SL574P,2,0.0,0.003339688437534943,0.0
ENSG00000266036,SLC9A3R1-AS1,2,0.0,0.0,0.0
ENSG00000266010,GATA6-AS1,2,0.0,0.0,0.0
ENSG00000265205,ENSG00000265205,2,0.0,0.0,0.0
ENSG00000265118,ENSG00000265118,2,0.0,0.001693822477973133,0.0
ENSG00000265125,ENSG00000265125,2,0.0,0.0014258320282618648,0.0
ENSG00000265128,ENSG00000265128,2,0.0,0.005542857580929169,0.0
ENSG00000265136,ENSG00000265136,2,0.0,0.0,0.0
ENSG00000265142,MIR133A1HG,2,0.0,0.0,0.0
ENSG00000265168,ALDOC-AS1,2,0.0,0.0,0.0
ENSG00000265179,ENSG00000265179,2,0.0,0.0,0.0
ENSG00000265188,ENSG00000265188,2,0.0,0.0,0.0
ENSG00000265190,ANXA8,2,0.0,0.0018364085254670224,0.0
ENSG00000265194,ENSG00000265194,2,0.0,0.00212134045921446,0.0
ENSG00000265204,ENSG00000265204,2,0.0,0.005849721201186566,0.0
ENSG00000265218,ENSG00000265218,2,0.0,0.057112070897166925,0.0
ENSG00000265107,GJA5,2,0.0,0.00087394981912912,0.0
ENSG00000265254,ENSG00000265254,2,0.0,0.012500258512329646,0.0
ENSG00000265257,ENSG00000265257,2,0.0,0.0115237091493449,0.0
ENSG00000265287,ENSG00000265287,2,0.0,0.0022753385681366423,0.0
ENSG00000265303,ENSG00000265303,2,0.0,0.0,0.0
ENSG00000265313,LINC01476,2,0.0,0.0,0.0
ENSG00000265316,EPB41L3-AS1,2,0.0,0.0,0.0
ENSG00000265342,ENSG00000265342,2,0.0,0.0,0.0
ENSG00000265349,ENSG00000265349,2,0.0,0.0,0.0
ENSG00000265359,ENSG00000265359,2,0.0,0.0,0.0
ENSG00000265366,GLUD1P2,2,0.0,0.004004448503883451,0.0
ENSG00000265393,ENSG00000265393,2,0.0,0.0007268747068006334,0.0
ENSG00000265115,ENSG00000265115,2,0.0,0.0,0.0
ENSG00000265100,ENSG00000265100,2,0.0,0.0,0.0
ENSG00000265399,ENSG00000265399,2,0.0,0.07734478295293652,0.0
ENSG00000264924,ENSG00000264924,2,0.0,0.0,0.0
ENSG00000264745,TTC39C-AS1,2,0.0,0.0,0.0
ENSG00000264750,ENSG00000264750,2,0.0,8.563529066788896e-05,0.0
ENSG00000264772,ENSG00000264772,2,0.0,0.0,0.0
ENSG00000264775,PPIAP14,2,0.0,0.0,0.0
ENSG00000264791,ENSG00000264791,2,0.0,0.0003558447512676237,0.0
ENSG00000264808,ENSG00000264808,2,0.0,0.0,0.0
ENSG00000264809,Metazoa_SRP,2,0.0,0.0,0.0
ENSG00000264825,ENSG00000264825,2,0.0,0.009999742902770963,0.0
ENSG00000264860,ENSG00000264860,2,0.0,0.004078832819244412,0.0
ENSG00000264914,ENSG00000264914,2,0.0,0.0,0.0
ENSG00000264920,ENSG00000264920,2,0.0,0.008143764532137302,0.0
ENSG00000264937,ENSG00000264937,2,0.0,0.0,0.0
ENSG00000265091,ENSG00000265091,2,0.0,0.0027498776233165355,0.0
ENSG00000264943,SH3GL1P2,2,0.0,0.004946906895491769,0.0
ENSG00000264954,PRR29-AS1,2,0.0,0.00028011310667048556,0.0
ENSG00000264958,ALOX12P1,2,0.0,0.0,0.0
ENSG00000264964,TWSG1-DT,2,0.0,0.0,0.0
ENSG00000264985,ENSG00000264985,2,0.0,0.0024348679764565873,0.0
ENSG00000265000,MARCHF10-DT,2,0.0,0.0,0.0
ENSG00000265008,ENSG00000265008,2,0.0,0.0003915625851511429,0.0
ENSG00000265018,AGAP12P,2,0.0,0.0013108136602392193,0.0
ENSG00000265055,ENSG00000265055,2,0.0,0.0,0.0
ENSG00000265069,ENSG00000265069,2,0.0,0.0,0.0
ENSG00000265073,ENSG00000265073,2,0.0,0.011830090090661006,0.0
ENSG00000265394,ENSG00000265394,2,0.0,0.0017164415292960065,0.0
ENSG00000265401,ENSG00000265401,2,0.0,0.00541466691375859,0.0
ENSG00000266002,ENSG00000266002,2,0.0,0.0,0.0
ENSG00000265794,ENSG00000265794,2,0.0,0.003875207063944373,0.0
ENSG00000265735,RN7SL5P,2,0.0,0.0,0.0
ENSG00000265737,ENSG00000265737,2,0.0,0.0,0.0
ENSG00000265739,ENSG00000265739,2,0.0,0.08203521708272211,0.0
ENSG00000265749,ENSG00000265749,2,0.0,0.0,0.0
ENSG00000265750,ENSG00000265750,2,0.0,0.0,0.0
ENSG00000265752,LINC02958,2,0.0,0.0010253578899951312,0.0
ENSG00000265758,LINC01900,2,0.0,0.0,0.0
ENSG00000265763,ZNF488,2,0.0,0.0,0.0
ENSG00000265778,ZNF516-AS1,2,0.0,0.0020536386385404336,0.0
ENSG00000265784,ENSG00000265784,2,0.0,0.0007568398529676125,0.0
ENSG00000265790,RNASEH1P1,2,0.0,0.011283254103702001,0.0
ENSG00000265818,EEF1E1-BLOC1S5,2,0.0,0.00016312117897102047,0.0
ENSG00000265727,RN7SL648P,2,0.0,0.002755452890386731,0.0
ENSG00000265845,ENSG00000265845,2,0.0,0.0,0.0
ENSG00000265888,DSCAS,2,0.0,0.001546615043296509,0.0
ENSG00000265907,LPIN2-AS1,2,0.0,0.003761007612936114,0.0
ENSG00000265908,ENSG00000265908,2,0.0,0.003312794027285531,0.0
ENSG00000265912,ENSG00000265912,2,0.0,0.0,0.0
ENSG00000265962,GACAT2,2,0.0,0.0,0.0
ENSG00000265967,ENSG00000265967,2,0.0,0.004510330968071793,0.0
ENSG00000265975,ENSG00000265975,2,0.0,0.0028376366342933346,0.0
ENSG00000265980,ENSG00000265980,2,0.0,0.00822782980855948,0.0
ENSG00000265984,GREB1L-DT,2,0.0,0.0025625956851674787,0.0
ENSG00000265994,ENSG00000265994,2,0.0,0.02996794219957482,0.0
ENSG00000265728,ENSG00000265728,2,0.0,8.579128282685674e-06,0.0
ENSG00000265702,MARCHF10-AS1,2,0.0,0.0018725614369046397,0.0
ENSG00000265408,ENSG00000265408,2,0.0,0.1294113273933634,0.0
ENSG00000265496,ENSG00000265496,2,0.0,0.003984540182158751,0.0
ENSG00000265415,PRR11-AS1,2,0.0,0.0057244554550254165,0.0
ENSG00000265443,ENSG00000265443,2,0.0,0.0,0.0
ENSG00000265451,CLASP1-AS1,2,0.0,0.003392111002112237,0.0
ENSG00000265458,NARF-AS2,2,0.0,0.0,0.0
ENSG00000265460,ENSG00000265460,2,0.0,0.0,0.0
ENSG00000265474,ENSG00000265474,2,0.0,0.0,0.0
ENSG00000265478,ENSG00000265478,2,0.0,0.0,0.0
ENSG00000265480,KRT18P55,2,0.0,0.0010013811798763733,0.0
ENSG00000265485,LINC01915,2,0.0,0.007063823112283149,0.0
ENSG00000265487,ENSG00000265487,2,0.0,0.0,0.0
ENSG00000265490,ENSG00000265490,2,0.0,0.0,0.0
ENSG00000265542,ENSG00000265542,2,0.0,0.002389285305684074,0.0
ENSG00000265693,ENSG00000265693,2,0.0,0.0,0.0
ENSG00000265552,ENSG00000265552,2,0.0,0.0,0.0
ENSG00000265554,ENSG00000265554,2,0.0,6.514829326850712e-05,0.0
ENSG00000265558,MIR3918,2,0.0,0.0,0.0
ENSG00000265618,ENSG00000265618,2,0.0,0.0,0.0
ENSG00000265630,ENSG00000265630,2,0.0,0.01147555391058827,0.0
ENSG00000265656,ENSG00000265656,2,0.0,0.0009881588271614668,0.0
ENSG00000265664,ENSG00000265664,2,0.0,0.0,0.0
ENSG00000265678,ENSG00000265678,2,0.0,0.021361708264812443,0.0
ENSG00000265683,SYPL1P2,2,0.0,0.0,0.0
ENSG00000265688,MILIP,2,0.0,0.00021676453454021994,0.0
ENSG00000265692,LINC01970,2,0.0,7.84760665295109e-05,0.0
ENSG00000258325,ITFG2-AS1,2,0.0,0.000708508266694533,0.0
ENSG00000258317,ENSG00000258317,2,0.0,0.00267611183645132,0.0
ENSG00000243384,ENSG00000243384,2,0.0,0.0007083267666264289,0.0
ENSG00000250095,NREP-AS1,2,0.0,2.3338175336358455e-05,0.0
ENSG00000250267,ENSG00000250267,2,0.0,0.0029946770494577793,0.0
ENSG00000250284,ENSG00000250284,2,0.0,0.0,0.0
ENSG00000250286,ENSG00000250286,2,0.0,0.00026325620312967255,0.0
ENSG00000250295,RDH10-AS1,2,0.0,0.0,0.0
ENSG00000250306,ENSG00000250306,2,0.0,0.0001744442639536609,0.0
ENSG00000250309,MYOZ3-AS1,2,0.0,0.0,0.0
ENSG00000250310,ENSG00000250310,2,0.0,0.0,0.0
ENSG00000250328,MGC32805,2,0.0,0.008886023015942643,0.0
ENSG00000250331,LINC01340,2,0.0,0.0018448952146245044,0.0
ENSG00000250334,LINC00989,2,0.0,0.006844461407185928,0.0
ENSG00000250343,STK32A-AS1,2,0.0,0.00048410399620782527,0.0
ENSG00000250348,SV2C-AS2,2,0.0,0.0,0.0
ENSG00000250357,ENSG00000250357,2,0.0,0.0,0.0
ENSG00000250358,LINC02200,2,0.0,0.011922313520008157,0.0
ENSG00000250361,GYPB,2,0.0,0.006186742539042036,0.0
ENSG00000250365,HEATR5A-DT,2,0.0,0.0,0.0
ENSG00000250379,ENSG00000250379,2,0.0,0.0,0.0
ENSG00000250383,ENSG00000250383,2,0.0,0.006391872563038082,0.0
ENSG00000250387,LINC02197,2,0.0,0.002288859349117348,0.0
ENSG00000250390,ENSG00000250390,2,0.0,0.0023202805038260764,0.0
ENSG00000250397,ENSG00000250397,2,0.0,0.0,0.0
ENSG00000250406,ENSG00000250406,2,0.0,0.0,0.0
ENSG00000250407,ENSG00000250407,2,0.0,5.0235245572575624e-05,0.0
ENSG00000250412,KLHL2P1,2,0.0,8.81241610197949e-05,0.0
ENSG00000250415,ENSG00000250415,2,0.0,0.0001254246022723499,0.0
ENSG00000250266,LINC01612,2,0.0,0.0,0.0
ENSG00000250264,ENSG00000250264,2,0.0,0.020832310654486673,0.0
ENSG00000250258,ENSG00000250258,2,0.0,0.0,0.0
ENSG00000250151,ARPC4-TTLL3,2,0.0,0.0015573969223630266,0.0
ENSG00000250102,LINC02377,2,0.0,0.0015395277362199008,0.0
ENSG00000250105,ACTN3-AS1,2,0.0,0.0010170797584131812,0.0
ENSG00000250116,RHOQ-AS1,2,0.0,0.0,0.0
ENSG00000250125,LINC02232,2,0.0,0.0018715048662887876,0.0
ENSG00000250129,NEK11-AS1,2,0.0,0.0,0.0
ENSG00000250132,ENSG00000250132,2,0.0,0.0019314755326088186,0.0
ENSG00000250135,ENSG00000250135,2,0.0,0.0013838468119328517,0.0
ENSG00000250137,ENSG00000250137,2,0.0,0.0004890263225257627,0.0
ENSG00000250140,ENSG00000250140,2,0.0,0.010139981568218468,0.0
ENSG00000250144,EEF1A1P35,2,0.0,0.001621746506281452,0.0
ENSG00000250149,ENSG00000250149,2,0.0,0.0,0.0
ENSG00000250155,SLC1A3-AS1,2,0.0,0.0007765654304293747,0.0
ENSG00000250250,ENSG00000250250,2,0.0,0.1376074163490745,0.0
ENSG00000250156,ENSG00000250156,2,0.0,0.5388490898720415,0.0
ENSG00000250158,ENSG00000250158,2,0.0,0.0,0.0
ENSG00000250174,ENSG00000250174,2,0.0,0.00489791485573845,0.0
ENSG00000250182,EEF1A1P13,2,0.0,0.014362406239665632,0.0
ENSG00000250186,ENSG00000250186,2,0.0,0.00013235173256719482,0.0
ENSG00000250208,FZD10-AS1,2,0.0,0.0,0.0
ENSG00000250222,TRIM7-AS2,2,0.0,0.0007445828513476457,0.0
ENSG00000250230,ENSG00000250230,2,0.0,0.018860771749513904,0.0
ENSG00000250237,ENSG00000250237,2,0.0,0.010119338096081084,0.0
ENSG00000250240,ENSG00000250240,2,0.0,0.002182537295742736,0.0
ENSG00000250243,ENSG00000250243,2,0.0,0.0,0.0
ENSG00000250420,AACSP1,2,0.0,0.0013086991396291925,0.0
ENSG00000250423,KIAA1210,2,0.0,0.004135890680078188,0.0
ENSG00000250424,ENSG00000250424,2,0.0,0.0,0.0
ENSG00000250697,ENSG00000250697,2,0.0,0.050731488485732015,0.0
ENSG00000250614,ENSG00000250614,2,0.0,0.0,0.0
ENSG00000250619,ENSG00000250619,2,0.0,0.0,0.0
ENSG00000250635,CXXC5-AS1,2,0.0,0.0,0.0
ENSG00000250644,ENSG00000250644,2,0.0,0.00016645852390127948,0.0
ENSG00000250646,ENSG00000250646,2,0.0,0.0,0.0
ENSG00000250651,PABPC1P7,2,0.0,0.0,0.0
ENSG00000250659,ENSG00000250659,2,0.0,0.0024866347097682925,0.0
ENSG00000250669,ENSG00000250669,2,0.0,0.014422310997626293,0.0
ENSG00000250670,ENSG00000250670,2,0.0,0.0,0.0
ENSG00000250673,REELD1,2,0.0,0.0009701982398126137,0.0
ENSG00000250692,ENSG00000250692,2,0.0,0.0,0.0
ENSG00000250698,ENSG00000250698,2,0.0,0.0015397724730625974,0.0
ENSG00000250603,ENSG00000250603,2,0.0,0.00709894793171037,0.0
ENSG00000250699,ENSG00000250699,2,0.0,0.0,0.0
ENSG00000250709,CCDC169-SOHLH2,2,0.0,0.0,0.0
ENSG00000250714,ENSG00000250714,2,0.0,0.008536373623833327,0.0
ENSG00000250734,ENSG00000250734,2,0.0,0.0,0.0
ENSG00000250735,ENSG00000250735,2,0.0,0.065794065864347,0.0
ENSG00000250742,LINC02381,2,0.0,0.0,0.0
ENSG00000250748,MSRB3-AS1,2,0.0,0.003522997168288855,0.0
ENSG00000250751,ENSG00000250751,2,0.0,0.0,0.0
ENSG00000250754,LINC02436,2,0.0,0.007844492747060991,0.0
ENSG00000250761,ENSG00000250761,2,0.0,0.008950047267821214,0.0
ENSG00000250770,ENSG00000250770,2,0.0,0.01352641440662869,0.0
ENSG00000250604,ENSG00000250604,2,0.0,0.0,0.0
ENSG00000250602,ENSG00000250602,2,0.0,0.07678334969290056,0.0
ENSG00000250426,FTLP10,2,0.0,0.0036683852206061238,0.0
ENSG00000250506,CDK3,2,0.0,0.0,0.0
ENSG00000250432,FAM242C,2,0.0,0.004808364092047472,0.0
ENSG00000250436,LINC02499,2,0.0,0.019100714510394978,0.0
ENSG00000250437,LINC02161,2,0.0,0.0,0.0
ENSG00000250447,LINC02105,2,0.0,0.00015759173563095432,0.0
ENSG00000250453,ENSG00000250453,2,0.0,0.0353151289547204,0.0
ENSG00000250486,FAM218A,2,0.0,0.0,0.0
ENSG00000250488,LINC02233,2,0.0,0.0,0.0
ENSG00000250490,LINC02145,2,0.0,0.03800428040411583,0.0
ENSG00000250493,ENSG00000250493,2,0.0,0.0,0.0
ENSG00000250500,ENSG00000250500,2,0.0,0.012073452968150458,0.0
ENSG00000250501,ENSG00000250501,2,0.0,0.0,0.0
ENSG00000250508,LINC02701,2,0.0,0.0,0.0
ENSG00000250597,ENSG00000250597,2,0.0,0.0004019403267927581,0.0
ENSG00000250529,LINC02121,2,0.0,0.0,0.0
ENSG00000250536,ABHD17AP3,2,0.0,0.002095955141761854,0.0
ENSG00000250538,NPY2R-AS1,2,0.0,0.0004776821598456704,0.0
ENSG00000250541,ENSG00000250541,2,0.0,0.019904480530213174,0.0
ENSG00000250548,LINC01303,2,0.0,0.0,0.0
ENSG00000250563,KNOP1P5,2,0.0,0.0,0.0
ENSG00000250564,LINC02999,2,0.0,0.0005308317884548834,0.0
ENSG00000250582,SMAD1-AS2,2,0.0,0.002863393154093442,0.0
ENSG00000250583,ENSG00000250583,2,0.0,0.0,0.0
ENSG00000250590,LINC02492,2,0.0,0.0,0.0
ENSG00000250592,ENSG00000250592,2,0.0,0.0034297911973836777,0.0
ENSG00000250098,ENSG00000250098,2,0.0,0.0,0.0
ENSG00000250092,ENSG00000250092,2,0.0,0.04377532296461009,0.0
ENSG00000258311,ENSG00000258311,2,0.0,0.0,0.0
ENSG00000250081,ENSG00000250081,2,0.0,0.0019643732258794017,0.0
ENSG00000249664,ENSG00000249664,2,0.0,0.0,0.0
ENSG00000249669,CARMN,2,0.0,0.0027450204468348616,0.0
ENSG00000249675,ENSG00000249675,2,0.0,0.0031536080576879373,0.0
ENSG00000249678,ENSG00000249678,2,0.0,0.0031024579400480896,0.0
ENSG00000249679,ENSG00000249679,2,0.0,0.0,0.0
ENSG00000249685,ENSG00000249685,2,0.0,0.0,0.0
ENSG00000249690,LRBA-AS1,2,0.0,0.0005239401296222891,0.0
ENSG00000249695,ENSG00000249695,2,0.0,0.0035512808317777317,0.0
ENSG00000249699,LINC02261,2,0.0,0.0,0.0
ENSG00000249700,SRD5A3-AS1,2,0.0,0.0,0.0
ENSG00000249710,DDIT4L-AS1,2,0.0,0.004008950642822495,0.0
ENSG00000249717,PARM1-AS1,2,0.0,0.003523572823604293,0.0
ENSG00000249721,ENSG00000249721,2,0.0,0.00528151422255543,0.0
ENSG00000249725,ENSG00000249725,2,0.0,0.0013868152609124917,0.0
ENSG00000249736,LINC02242,2,0.0,0.0,0.0
ENSG00000249740,OSMR-DT,2,0.0,0.0,0.0
ENSG00000249751,ECSCR,2,0.0,0.018691723639564315,0.0
ENSG00000249752,ENSG00000249752,2,0.0,0.01474723777783233,0.0
ENSG00000249753,ENSG00000249753,2,0.0,0.0,0.0
ENSG00000249754,NDUFB4P9,2,0.0,0.0038179309257156597,0.0
ENSG00000249767,ENPP7P10,2,0.0,0.0,0.0
ENSG00000249771,ENSG00000249771,2,0.0,0.00042611171311218927,0.0
ENSG00000249772,ENSG00000249772,2,0.0,0.0014999432952872622,0.0
ENSG00000249786,EAF1-AS1,2,0.0,0.0,0.0
ENSG00000249787,ENSG00000249787,2,0.0,0.0,0.0
ENSG00000249650,CEP72-DT,2,0.0,0.0,0.0
ENSG00000249635,ENSG00000249635,2,0.0,0.042525050529606354,0.0
ENSG00000249628,LINC00942,2,0.0,0.0020235384277578375,0.0
ENSG00000249534,LINC01258,2,0.0,0.0,0.0
ENSG00000249471,ZNF324B,2,0.0,0.013097077302302638,0.0
ENSG00000249481,SPATS1,2,0.0,0.0011033530477764255,0.0
ENSG00000249484,LINC01470,2,0.0,0.0,0.0
ENSG00000249487,LINC01586,2,0.0,0.020185328397021342,0.0
ENSG00000249493,ANKRD20A18P,2,0.0,0.0029099942964583244,0.0
ENSG00000249500,LINC01179,2,0.0,0.05756234767449283,0.0
ENSG00000249502,MED28-DT,2,0.0,0.008092959754489622,0.0
ENSG00000249506,ZEB2P1,2,0.0,0.0,0.0
ENSG00000249509,NEUROG2-AS1,2,0.0,0.004838170066299392,0.0
ENSG00000249513,ENSG00000249513,2,0.0,0.003845884886078916,0.0
ENSG00000249515,LINC02113,2,0.0,0.017357459858907184,0.0
ENSG00000249547,ENSG00000249547,2,0.0,0.0,0.0
ENSG00000249624,IFNAR2-IL10RB,2,0.0,0.0,0.0
ENSG00000249565,SERBP1P5,2,0.0,0.0,0.0
ENSG00000249574,ENSG00000249574,2,0.0,0.0,0.0
ENSG00000249580,MTATP6P22,2,0.0,0.0010674561140672071,0.0
ENSG00000249590,ENSG00000249590,2,0.0,0.0,0.0
ENSG00000249593,ENSG00000249593,2,0.0,0.003781907561368128,0.0
ENSG00000249602,ENSG00000249602,2,0.0,0.0007540526793098133,0.0
ENSG00000249604,ENSG00000249604,2,0.0,0.0,0.0
ENSG00000249609,ENSG00000249609,2,0.0,0.0,0.0
ENSG00000249614,LINC02503,2,0.0,0.0,0.0
ENSG00000249618,LINC02465,2,0.0,0.0026140951952938448,0.0
ENSG00000249621,SNCAIP-AS2,2,0.0,0.0,0.0
ENSG00000249797,LINC02147,2,0.0,0.005739565414364685,0.0
ENSG00000249803,CTB-1I21.1,2,0.0,0.0,0.0
ENSG00000249806,ENSG00000249806,2,0.0,0.0,0.0
ENSG00000250031,PTPN11P2,2,0.0,0.003032523493799801,0.0
ENSG00000249992,TMEM158,2,0.0,0.0,0.0
ENSG00000249996,PPIC-AS1,2,0.0,0.0,0.0
ENSG00000249998,ENSG00000249998,2,0.0,0.0008451315489934967,0.0
ENSG00000250007,GJD2-DT,2,0.0,0.0,0.0
ENSG00000250012,ENSG00000250012,2,0.0,0.0007125726845710812,0.0
ENSG00000250015,ENSG00000250015,2,0.0,0.0,0.0
ENSG00000250017,ENSG00000250017,2,0.0,0.0,0.0
ENSG00000250020,SPICP4,2,0.0,0.0,0.0
ENSG00000250021,ARPIN-AP3S2,2,0.0,0.0,0.0
ENSG00000250025,ENSG00000250025,2,0.0,0.0014959030996745681,0.0
ENSG00000250027,ENSG00000250027,2,0.0,0.00225954886899041,0.0
ENSG00000250033,SLC7A11-AS1,2,0.0,0.0,0.0
ENSG00000249984,ENSG00000249984,2,0.0,0.0,0.0
ENSG00000250038,ENSG00000250038,2,0.0,0.0,0.0
ENSG00000250039,ENSG00000250039,2,0.0,0.0,0.0
ENSG00000250041,ENSG00000250041,2,0.0,0.003071849042347739,0.0
ENSG00000250043,ENSG00000250043,2,0.0,0.0005111585799779789,0.0
ENSG00000250046,ENSG00000250046,2,0.0,0.0,0.0
ENSG00000250048,LINC00603,2,0.0,0.00020105191121038056,0.0
ENSG00000250056,LINC01018,2,0.0,9.124194589151196e-05,0.0
ENSG00000250057,ENSG00000250057,2,0.0,2.8333900035567957e-05,0.0
ENSG00000250064,ENSG00000250064,2,0.0,1.2673168052549594e-05,0.0
ENSG00000250072,SH3TC2-DT,2,0.0,0.001589363974520432,0.0
ENSG00000250073,ESAM-AS1,2,0.0,0.0,0.0
ENSG00000249988,ENSG00000249988,2,0.0,0.0,0.0
ENSG00000249971,ENSG00000249971,2,0.0,0.0,0.0
ENSG00000249816,LINC00964,2,0.0,0.0031359728237944306,0.0
ENSG00000249899,ITGA2-AS1,2,0.0,0.00045433122901972716,0.0
ENSG00000249825,THBS4-AS1,2,0.0,0.0,0.0
ENSG00000249839,PPIP5K1P1,2,0.0,0.0032196779007042623,0.0
ENSG00000249849,ENSG00000249849,2,0.0,0.002936850162832078,0.0
ENSG00000249854,CDH18-AS1,2,0.0,0.0004950875626578896,0.0
ENSG00000249856,ENSG00000249856,2,0.0,0.0008963240535901303,0.0
ENSG00000249863,ENSG00000249863,2,0.0,0.013554257722577932,0.0
ENSG00000249867,LINC02742,2,0.0,0.00018271130995721173,0.0
ENSG00000249868,ENSG00000249868,2,0.0,0.02223994064582859,0.0
ENSG00000249875,ENSG00000249875,2,0.0,0.00020384835977740239,0.0
ENSG00000249881,ENSG00000249881,2,0.0,0.0,0.0
ENSG00000249889,ALG1L11P,2,0.0,0.042103589482340616,0.0
ENSG00000249906,NGFR-AS1,2,0.0,0.0,0.0
ENSG00000249967,ENSG00000249967,2,0.0,0.0022024812037185464,0.0
ENSG00000249916,SNCAIP-AS1,2,0.0,0.01747892801219804,0.0
ENSG00000249917,LINC00536,2,0.0,0.000673812620241563,0.0
ENSG00000249930,ENSG00000249930,2,0.0,0.0008046149513419607,0.0
ENSG00000249931,GOLGA8K,2,0.0,0.0,0.0
ENSG00000249936,RAC1P2,2,0.0,0.0017369169227004213,0.0
ENSG00000249937,LINC02223,2,0.0,0.04983384458791853,0.0
ENSG00000249948,GBA3,2,0.0,0.005126455726856305,0.0
ENSG00000249951,ENSG00000249951,2,0.0,0.000938449859513561,0.0
ENSG00000249955,ENSG00000249955,2,0.0,0.002102617343357824,0.0
ENSG00000249961,TERB1,2,0.0,0.0,0.0
ENSG00000249965,CDC42P4,2,0.0,0.0,0.0
ENSG00000250781,ENSG00000250781,2,0.0,0.12160737054706984,0.0
ENSG00000250786,SNHG18,2,0.0,0.0,0.0
ENSG00000250790,ENSG00000250790,2,0.0,0.0,0.0
ENSG00000250794,ALG1L12P,2,0.0,0.0,0.0
ENSG00000251602,MTA1-DT,2,0.0,0.0,0.0
ENSG00000251608,OR12D1,2,0.0,0.0021486249977801684,0.0
ENSG00000251611,FHIP1A-DT,2,0.0,0.0009702867433984239,0.0
ENSG00000251613,ENSG00000251613,2,0.0,0.0007504419557363791,0.0
ENSG00000251614,HSPA8P19,2,0.0,0.0,0.0
ENSG00000251615,ENSG00000251615,2,0.0,0.0,0.0
ENSG00000251632,LINC02172,2,0.0,0.0,0.0
ENSG00000251634,NAIPP4,2,0.0,0.0007169634383065375,0.0
ENSG00000251637,LINC02754,2,0.0,0.0,0.0
ENSG00000251661,IFITM3-AS1,2,0.0,0.00029678556866349134,0.0
ENSG00000251669,FAM86EP,2,0.0,0.001031285953608889,0.0
ENSG00000251670,ENSG00000251670,2,0.0,0.0036742467130428296,0.0
ENSG00000251687,ENSG00000251687,2,0.0,0.0,0.0
ENSG00000251689,ENSG00000251689,2,0.0,0.0020627593283777334,0.0
ENSG00000251775,ENSG00000251775,2,0.0,0.0,0.0
ENSG00000251867,ENSG00000251867,2,0.0,0.0008223961507116051,0.0
ENSG00000251992,SCARNA17,2,0.0,0.0,0.0
ENSG00000252690,ENSG00000252690,2,0.0,0.004597769763638231,0.0
ENSG00000253048,RNU4-60P,2,0.0,0.0,0.0
ENSG00000253058,RNA5SP437,2,0.0,0.0,0.0
ENSG00000253092,ENSG00000253092,2,0.0,0.01639054400695907,0.0
ENSG00000253103,LINC01609,2,0.0,0.0029143605051417188,0.0
ENSG00000253106,ENSG00000253106,2,0.0,0.02487600545622264,0.0
ENSG00000253108,ENSG00000253108,2,0.0,0.0032154424491458123,0.0
ENSG00000253111,TRIB1AL,2,0.0,0.0049498029157608245,0.0
ENSG00000251598,ENSG00000251598,2,0.0,0.0,0.0
ENSG00000251586,TET2-AS1,2,0.0,0.0012731745114980561,0.0
ENSG00000251580,LINC02482,2,0.0,0.0049086801218363235,0.0
ENSG00000251523,ENSG00000251523,2,0.0,0.0,0.0
ENSG00000251459,ENSG00000251459,2,0.0,5.9785485897821115e-05,0.0
ENSG00000251461,ENSG00000251461,2,0.0,0.0,0.0
ENSG00000251471,ENSG00000251471,2,0.0,0.0,0.0
ENSG00000251474,RPL32P3,2,0.0,0.0016470799369804549,0.0
ENSG00000251476,MTCO1P31,2,0.0,0.0004728468197256397,0.0
ENSG00000251484,ENSG00000251484,2,0.0,0.0,0.0
ENSG00000251488,ENSG00000251488,2,0.0,0.01436231801304049,0.0
ENSG00000251493,FOXD1,2,0.0,0.0050098988631128265,0.0
ENSG00000251503,CENPS-CORT,2,0.0,0.0,0.0
ENSG00000251520,ENSG00000251520,2,0.0,0.0,0.0
ENSG00000251521,IMPA1P1,2,0.0,0.0,0.0
ENSG00000251532,ENSG00000251532,2,0.0,0.0,0.0
ENSG00000251574,ENSG00000251574,2,0.0,0.0016051054393159867,0.0
ENSG00000251533,LINC00605,2,0.0,0.00015247907250514912,0.0
ENSG00000251537,ENSG00000251537,2,0.0,0.0026510676583643175,0.0
ENSG00000251538,LINC02201,2,0.0,0.0005906972134348482,0.0
ENSG00000251544,MTND5P12,2,0.0,0.0,0.0
ENSG00000251553,DDX18P4,2,0.0,0.0016813994162513369,0.0
ENSG00000251555,ENSG00000251555,2,0.0,0.0,0.0
ENSG00000251556,ENSG00000251556,2,0.0,0.0,0.0
ENSG00000251557,ENSG00000251557,2,0.0,0.0,0.0
ENSG00000251567,ENSG00000251567,2,0.0,0.0023536022619846764,0.0
ENSG00000251569,ENSG00000251569,2,0.0,0.0001082813115978483,0.0
ENSG00000251571,DDX3P3,2,0.0,0.006168317364672478,0.0
ENSG00000253116,ENSG00000253116,2,0.0,5.347172558746161e-05,0.0
ENSG00000253117,OC90,2,0.0,0.0,0.0
ENSG00000253125,EGR3-AS1,2,0.0,0.0,0.0
ENSG00000253317,ENSG00000253317,2,0.0,0.0008575586897271441,0.0
ENSG00000253288,ENSG00000253288,2,0.0,0.03219448287987872,0.0
ENSG00000253295,ENSG00000253295,2,0.0,0.01575438048401318,0.0
ENSG00000253298,LINC01845,2,0.0,0.0012710499915464825,0.0
ENSG00000253301,LINC01606,2,0.0,0.0,0.0
ENSG00000253302,STAU2-AS1,2,0.0,0.0,0.0
ENSG00000253304,TMEM200B,2,0.0,0.0,0.0
ENSG00000253308,ENSG00000253308,2,0.0,0.0,0.0
ENSG00000253309,SERPINE3,2,0.0,0.0035600670315506016,0.0
ENSG00000253311,LINC01847,2,0.0,0.0,0.0
ENSG00000253313,C1orf210,2,0.0,0.015508871837208404,0.0
ENSG00000253314,LINC00293,2,0.0,0.0006037803294974917,0.0
ENSG00000253322,ENSG00000253322,2,0.0,0.0010247985178750785,0.0
ENSG00000253282,ENSG00000253282,2,0.0,0.0,0.0
ENSG00000253327,RAD21-AS1,2,0.0,0.00014955707010018063,0.0
ENSG00000253328,SUMO2P19,2,0.0,0.0,0.0
ENSG00000253331,ENSG00000253331,2,0.0,0.0005370960227418607,0.0
ENSG00000253334,ENSG00000253334,2,0.0,0.0,0.0
ENSG00000253335,ENSG00000253335,2,0.0,0.0,0.0
ENSG00000253341,PCBP2P2,2,0.0,0.00016979078141909283,0.0
ENSG00000253342,ENSG00000253342,2,0.0,0.0,0.0
ENSG00000253344,ENSG00000253344,2,0.0,0.0,0.0
ENSG00000253348,ENSG00000253348,2,0.0,0.0,0.0
ENSG00000253351,LINC01298,2,0.0,0.002073139853503569,0.0
ENSG00000253355,LINC03090,2,0.0,0.0,0.0
ENSG00000253286,ENSG00000253286,2,0.0,0.007183228904688118,0.0
ENSG00000253267,DLGAP2-AS1,2,0.0,0.002495706754590515,0.0
ENSG00000253130,ENSG00000253130,2,0.0,0.0,0.0
ENSG00000253184,ENSG00000253184,2,0.0,0.001621282112492937,0.0
ENSG00000253141,ENSG00000253141,2,0.0,0.0,0.0
ENSG00000253147,LINC03023,2,0.0,0.0,0.0
ENSG00000253154,ENSG00000253154,2,0.0,0.0,0.0
ENSG00000253161,LINC01605,2,0.0,0.0,0.0
ENSG00000253164,ENSG00000253164,2,0.0,0.002550205557235373,0.0
ENSG00000253167,WASHC5-AS1,2,0.0,0.02154145024229996,0.0
ENSG00000253170,ENSG00000253170,2,0.0,0.0,0.0
ENSG00000253174,ENSG00000253174,2,0.0,0.0016846713458852224,0.0
ENSG00000253175,ENSG00000253175,2,0.0,0.0,0.0
ENSG00000253180,ENSG00000253180,2,0.0,0.0020897762644220058,0.0
ENSG00000253181,ENSG00000253181,2,0.0,0.0,0.0
ENSG00000253190,ENSG00000253190,2,0.0,0.011927752821484035,0.0
ENSG00000253263,ENSG00000253263,2,0.0,0.0,0.0
ENSG00000253200,ENSG00000253200,2,0.0,0.0,0.0
ENSG00000253203,GUSBP3,2,0.0,0.0,0.0
ENSG00000253205,ENSG00000253205,2,0.0,0.0,0.0
ENSG00000253210,DENND3-AS1,2,0.0,0.0,0.0
ENSG00000253217,ENSG00000253217,2,0.0,0.0007058429001752032,0.0
ENSG00000253235,ENSG00000253235,2,0.0,0.008413647359720366,0.0
ENSG00000253236,LINC02143,2,0.0,0.00037443236193166753,0.0
ENSG00000253238,ENSG00000253238,2,0.0,1.5073423467340247e-05,0.0
ENSG00000253251,SHLD3,2,0.0,0.0,0.0
ENSG00000253252,ENSG00000253252,2,0.0,0.0,0.0
ENSG00000253256,ENSG00000253256,2,0.0,0.00038417945679049357,0.0
ENSG00000251455,ENSG00000251455,2,0.0,0.0,0.0
ENSG00000251450,RASGRF2-AS1,2,0.0,0.0,0.0
ENSG00000251448,ENSG00000251448,2,0.0,0.0,0.0
ENSG00000251002,TRD-AS1,2,0.0,0.0,0.0
ENSG00000250961,RMEL3,2,0.0,0.0009529322125997613,0.0
ENSG00000250962,RLIG1P3,2,0.0,0.0008108467765415116,0.0
ENSG00000250969,ENSG00000250969,2,0.0,0.0,0.0
ENSG00000250971,ENSG00000250971,2,0.0,0.0,0.0
ENSG00000250974,LINC02196,2,0.0,0.0012855207220024642,0.0
ENSG00000250980,NSA2P6,2,0.0,0.0,0.0
ENSG00000250981,MARCHF11-AS1,2,0.0,0.0,0.0
ENSG00000250986,LINC02600,2,0.0,0.0,0.0
ENSG00000250988,SNHG21,2,0.0,0.0,0.0
ENSG00000250990,ENSG00000250990,2,0.0,0.0,0.0
ENSG00000250999,ENSG00000250999,2,0.0,0.0,0.0
ENSG00000251011,TMEM108-AS1,2,0.0,0.0015283702278414727,0.0
ENSG00000250955,ENSG00000250955,2,0.0,0.0014906857141339552,0.0
ENSG00000251015,SLC25A30-AS1,2,0.0,0.0,0.0
ENSG00000251018,HMMR-AS1,2,0.0,0.0,0.0
ENSG00000251026,NIHCOLE,2,0.0,0.021091019716804653,0.0
ENSG00000251059,PRKG2-AS1,2,0.0,0.0,0.0
ENSG00000251075,HTT-AS,2,0.0,0.0008711645503524603,0.0
ENSG00000251076,ENSG00000251076,2,0.0,0.02285159265841223,0.0
ENSG00000251081,ENSG00000251081,2,0.0,0.0002543249375350734,0.0
ENSG00000251088,ENSG00000251088,2,0.0,0.06973951700944417,0.0
ENSG00000251128,WWC2-AS1,2,0.0,0.0,0.0
ENSG00000251129,LINC02506,2,0.0,0.0030378194912124624,0.0
ENSG00000251131,ENSG00000251131,2,0.0,0.0067721102911300745,0.0
ENSG00000250958,LINC00492,2,0.0,0.0,0.0
ENSG00000250954,ENSG00000250954,2,0.0,0.0005311285487302265,0.0
ENSG00000251148,ENSG00000251148,2,0.0,0.00032352409808638575,0.0
ENSG00000250877,ENSG00000250877,2,0.0,0.0,0.0
ENSG00000250803,ZNF475,2,0.0,0.0,0.0
ENSG00000250814,LINC02221,2,0.0,0.000352839267300382,0.0
ENSG00000250819,LINC02493,2,0.0,0.002465807929786943,0.0
ENSG00000250838,ENSG00000250838,2,0.0,0.00017531894976382262,0.0
ENSG00000250846,EPHA5-AS1,2,0.0,0.0,0.0
ENSG00000250848,PPP4R2P1,2,0.0,0.0073747105668103856,0.0
ENSG00000250855,ENSG00000250855,2,0.0,0.005038432293264037,0.0
ENSG00000250859,HNRNPKP1,2,0.0,0.0,0.0
ENSG00000250863,ENSG00000250863,2,0.0,0.00036802506145573364,0.0
ENSG00000250866,ADAMTS16-AS1,2,0.0,0.02282339278510187,0.0
ENSG00000250869,ENSG00000250869,2,0.0,0.13534716514681375,0.0
ENSG00000250878,METTL21EP,2,0.0,0.0,0.0
ENSG00000250950,ENSG00000250950,2,0.0,0.006595551304719423,0.0
ENSG00000250882,ENSG00000250882,2,0.0,0.0037711318650138033,0.0
ENSG00000250891,LINC02208,2,0.0,0.013927319220356272,0.0
ENSG00000250892,ENSG00000250892,2,0.0,0.0,0.0
ENSG00000250896,RNPS1P1,2,0.0,0.0005507654563494651,0.0
ENSG00000250900,TRIM7-AS1,2,0.0,0.023300745348337384,0.0
ENSG00000250902,SMAD1-AS1,2,0.0,0.0,0.0
ENSG00000250905,ENSG00000250905,2,0.0,0.0,0.0
ENSG00000250909,KIAA1191-AS1,2,0.0,0.0015011743380802666,0.0
ENSG00000250934,ENSG00000250934,2,0.0,0.0030704862330012566,0.0
ENSG00000250945,ENSG00000250945,2,0.0,0.006917720369418318,0.0
ENSG00000250947,TRPC7-AS2,2,0.0,0.007266477222197904,0.0
ENSG00000251143,NUMA1-AS1,2,0.0,0.0,0.0
ENSG00000251161,ENSG00000251161,2,0.0,0.0015952601651775527,0.0
ENSG00000251446,ENSG00000251446,2,0.0,0.0,0.0
ENSG00000251365,LINC02236,2,0.0,0.0024207215471137226,0.0
ENSG00000251294,ENSG00000251294,2,0.0,0.0024087648095804937,0.0
ENSG00000251298,TMEM184C-DT,2,0.0,0.0,0.0
ENSG00000251301,LINC02384,2,0.0,0.0019254769672864965,0.0
ENSG00000251309,ENSG00000251309,2,0.0,6.0057216125337324e-05,0.0
ENSG00000251321,PCAT4,2,0.0,0.004068649359824874,0.0
ENSG00000251330,ENSG00000251330,2,0.0,0.0,0.0
ENSG00000251339,ENSG00000251339,2,0.0,0.0,0.0
ENSG00000251356,RAB5CP2,2,0.0,0.0,0.0
ENSG00000251357,ENSG00000251357,2,0.0,0.0,0.0
ENSG00000251359,WWC2-AS2,2,0.0,0.0017227563510523332,0.0
ENSG00000251361,ENSG00000251361,2,0.0,0.0,0.0
ENSG00000251370,SEMA5A-AS1,2,0.0,0.0008517707427404348,0.0
ENSG00000251287,ALG1L2,2,0.0,0.0035318979310822057,0.0
ENSG00000251372,LINC00499,2,0.0,0.0,0.0
ENSG00000251391,ENSG00000251391,2,0.0,0.00044250096918359777,0.0
ENSG00000251393,ENSG00000251393,2,0.0,0.0,0.0
ENSG00000251398,LINC01256,2,0.0,0.00384282723291737,0.0
ENSG00000251408,ENSG00000251408,2,0.0,0.0,0.0
ENSG00000251412,ENSG00000251412,2,0.0,0.0,0.0
ENSG00000251414,ENSG00000251414,2,0.0,0.005653137066129712,0.0
ENSG00000251417,ENSG00000251417,2,0.0,0.0,0.0
ENSG00000251423,DNAH5-AS1,2,0.0,0.0,0.0
ENSG00000251442,LINC01094,2,0.0,0.009469423234352356,0.0
ENSG00000251443,LINC02160,2,0.0,0.000706522388481647,0.0
ENSG00000251291,LINC02462,2,0.0,0.0004071267297958825,0.0
ENSG00000251273,LINC02228,2,0.0,0.013175533202440016,0.0
ENSG00000251170,ENSG00000251170,2,0.0,0.021459532214389156,0.0
ENSG00000251210,LINC02270,2,0.0,0.0,0.0
ENSG00000251171,ENSG00000251171,2,0.0,0.0,0.0
ENSG00000251173,UCHL1-DT,2,0.0,0.0012802305045360744,0.0
ENSG00000251179,TMEM92-AS1,2,0.0,0.0,0.0
ENSG00000251182,LINC02497,2,0.0,0.0,0.0
ENSG00000251184,ENSG00000251184,2,0.0,0.0,0.0
ENSG00000251185,ENSG00000251185,2,0.0,0.009259682966350965,0.0
ENSG00000251187,ENSG00000251187,2,0.0,0.0004138502195858212,0.0
ENSG00000251188,ENSG00000251188,2,0.0,0.0,0.0
ENSG00000251191,LINC00589,2,0.0,0.0,0.0
ENSG00000251196,ENSG00000251196,2,0.0,0.03242383993800317,0.0
ENSG00000251209,LINC00923,2,0.0,0.0,0.0
ENSG00000251211,ENSG00000251211,2,0.0,0.0,0.0
ENSG00000251271,ALG1L7P,2,0.0,0.02391598918100786,0.0
ENSG00000251216,ENSG00000251216,2,0.0,0.0,0.0
ENSG00000251218,ENSG00000251218,2,0.0,0.0,0.0
ENSG00000251221,LINC01337,2,0.0,0.0,0.0
ENSG00000251224,CNOT10-AS1,2,0.0,0.004571285418485963,0.0
ENSG00000251226,LINC02714,2,0.0,0.0,0.0
ENSG00000251229,ENSG00000251229,2,0.0,0.0,0.0
ENSG00000251234,PSMA2P2,2,0.0,0.0,0.0
ENSG00000251246,EFNA4-EFNA3,2,0.0,0.0005891980046268938,0.0
ENSG00000251259,ENSG00000251259,2,0.0,0.0,0.0
ENSG00000251260,WDFY3-AS1,2,0.0,0.002143996396544511,0.0
ENSG00000251270,ENSG00000251270,2,0.0,0.0012349364866144916,0.0
ENSG00000249465,RBMXP4,2,0.0,0.0012900245215573107,0.0
ENSG00000249454,GZMAP1,2,0.0,0.0006216832469346888,0.0
ENSG00000249448,MTCO1P24,2,0.0,0.00035085850888260983,0.0
ENSG00000247934,ENSG00000247934,2,0.0,0.0004934562072464722,0.0
ENSG00000245662,LINC02211,2,0.0,0.016257873504731304,0.0
ENSG00000245667,ENSG00000245667,2,0.0,0.0,0.0
ENSG00000245729,LINC02226,2,0.0,0.0015400102814318425,0.0
ENSG00000245748,ENSG00000245748,2,0.0,0.005161778932377585,0.0
ENSG00000245812,LINC02202,2,0.0,0.016378126131754257,0.0
ENSG00000245848,CEBPA,2,0.0,0.0,0.0
ENSG00000245888,NSMCE1-DT,2,0.0,0.00037052094057957803,0.0
ENSG00000245928,SDAD1-AS1,2,0.0,0.0,0.0
ENSG00000245958,SEPTIN7P14,2,0.0,0.001651585732158789,0.0
ENSG00000245970,RPL30-AS1,2,0.0,0.005859762320394491,0.0
ENSG00000245975,MINDY2-DT,2,0.0,0.0,0.0
ENSG00000246016,ENSG00000246016,2,0.0,0.0,0.0
ENSG00000246022,ALDH1L1-AS2,2,0.0,0.0,0.0
ENSG00000246082,NUDT16L2P,2,0.0,0.0015827874279994239,0.0
ENSG00000246084,LINC02325,2,0.0,0.02688414069242602,0.0
ENSG00000246089,MCPH1-DT,2,0.0,0.0,0.0
ENSG00000246100,LINC00900,2,0.0,0.0010914343068137997,0.0
ENSG00000246130,TNFRSF10B-AS1,2,0.0,0.0,0.0
ENSG00000246223,LINC01550,2,0.0,0.0,0.0
ENSG00000246225,ENSG00000246225,2,0.0,0.07323780395138069,0.0
ENSG00000246283,TTBK2-AS1,2,0.0,0.005518514659407456,0.0
ENSG00000246308,ENSG00000246308,2,0.0,0.0004623926145581158,0.0
ENSG00000246316,ENSG00000246316,2,0.0,5.211384166069716e-05,0.0
ENSG00000246323,FAM13B-AS1,2,0.0,0.0,0.0
ENSG00000246334,PRR7-AS1,2,0.0,0.0008823892083221154,0.0
ENSG00000245651,ENSG00000245651,2,0.0,0.0006869762536161204,0.0
ENSG00000245648,KLRK1-AS1,2,0.0,0.0,0.0
ENSG00000245598,DACT3-AS1,2,0.0,0.0,0.0
ENSG00000245164,LINC00861,2,0.0,0.0013003507828616599,0.0
ENSG00000245017,LINC02453,2,0.0,0.005271378428935502,0.0
ENSG00000245059,C16orf46-DT,2,0.0,0.0,0.0
ENSG00000245060,LINC00847,2,0.0,0.0,0.0
ENSG00000245067,IGFBP7-AS1,2,0.0,0.0580825838106368,0.0
ENSG00000245080,MIR3150BHG,2,0.0,0.0022509722287165725,0.0
ENSG00000245105,A2M-AS1,2,0.0,0.0030913842957693708,0.0
ENSG00000245112,SMARCA5-AS1,2,0.0,0.0031894317479658303,0.0
ENSG00000245146,MALINC1,2,0.0,0.0,0.0
ENSG00000245148,ARAP1-AS2,2,0.0,0.008968895333881502,0.0
ENSG00000245149,RNF139-DT,2,0.0,0.003844182844401388,0.0
ENSG00000245156,ENSG00000245156,2,0.0,0.0006303026119375149,0.0
ENSG00000245205,EEF1A1P4,2,0.0,0.0015612929269681346,0.0
ENSG00000245571,FAM111A-DT,2,0.0,0.18513481688037914,0.0
ENSG00000245261,CUL9-AS1,2,0.0,0.0,0.0
ENSG00000245281,ASAH1-AS1,2,0.0,0.008226305230505094,0.0
ENSG00000245293,CYP2U1-AS1,2,0.0,0.0,0.0
ENSG00000245311,BMAL2-AS1,2,0.0,0.0,0.0
ENSG00000245317,MRNIP-DT,2,0.0,0.004676533345235714,0.0
ENSG00000245330,DEPTOR-AS1,2,0.0,0.0009924477492863823,0.0
ENSG00000245385,ENSG00000245385,2,0.0,0.0,0.0
ENSG00000245468,LINC02447,2,0.0,0.04415931385946359,0.0
ENSG00000245479,LINC01585,2,0.0,0.0,0.0
ENSG00000245482,ENSG00000245482,2,0.0,0.0,0.0
ENSG00000245522,LINC02709,2,0.0,0.017064762294396938,0.0
ENSG00000246339,EXTL3-AS1,2,0.0,0.0,0.0
ENSG00000246350,ZBED9-AS1,2,0.0,0.002341412635935969,0.0
ENSG00000246363,LINC02458,2,0.0,0.005808042070065364,0.0
ENSG00000247381,PLUT,2,0.0,0.0,0.0
ENSG00000247095,MIR210HG,2,0.0,0.0005476986092693141,0.0
ENSG00000247131,ENSG00000247131,2,0.0,0.0,0.0
ENSG00000247213,LINC01498,2,0.0,0.006028663020534621,0.0
ENSG00000247287,PRKCH-AS1,2,0.0,0.0,0.0
ENSG00000247311,ENSG00000247311,2,0.0,0.0,0.0
ENSG00000247317,LY6E-DT,2,0.0,0.0019312121225922177,0.0
ENSG00000247324,ENSG00000247324,2,0.0,0.0017004171235341327,0.0
ENSG00000247345,PDE4D-AS1,2,0.0,0.026172017186942075,0.0
ENSG00000247363,NUP107-DT,2,0.0,0.0,0.0
ENSG00000247372,ENSG00000247372,2,0.0,0.0,0.0
ENSG00000247373,TMED2-DT,2,0.0,0.0040094469818236535,0.0
ENSG00000247416,NCAM1-AS2,2,0.0,0.0,0.0
ENSG00000247033,ENSG00000247033,2,0.0,0.011156004172379505,0.0
ENSG00000247473,CARS1-AS1,2,0.0,0.0010053066915918416,0.0
ENSG00000247498,GPRC5D-AS1,2,0.0,0.00152480074775225,0.0
ENSG00000247516,MIR4458HG,2,0.0,0.0,0.0
ENSG00000247556,OIP5-AS1,2,0.0,0.03943155634284115,0.0
ENSG00000247627,MTND4P12,2,0.0,0.0006559741894450696,0.0
ENSG00000247699,FABP6-AS1,2,0.0,0.0032403896326772454,0.0
ENSG00000247728,ARHGAP11B-DT,2,0.0,0.0,0.0
ENSG00000247735,KCTD13-DT,2,0.0,0.0006487759670737788,0.0
ENSG00000247765,ENSG00000247765,2,0.0,0.0,0.0
ENSG00000247775,SNCA-AS1,2,0.0,0.00032385149229027143,0.0
ENSG00000247796,MOCS2-DT,2,0.0,0.0,0.0
ENSG00000247049,ENSG00000247049,2,0.0,0.0,0.0
ENSG00000246898,LINC00920,2,0.0,0.0003546669722505926,0.0
ENSG00000246366,LACTB2-AS1,2,0.0,0.0007465100437192532,0.0
ENSG00000246627,ENSG00000246627,2,0.0,0.006218693925328029,0.0
ENSG00000246375,PPM1K-DT,2,0.0,0.0035354754424567762,0.0
ENSG00000246394,ZNF84-DT,2,0.0,0.00024950310461857556,0.0
ENSG00000246422,DIAPH1-AS1,2,0.0,0.0,0.0
ENSG00000246451,KLC1-AS1,2,0.0,0.0007676944947574941,0.0
ENSG00000246477,ENSG00000246477,2,0.0,0.006217634682627946,0.0
ENSG00000246526,LINC02481,2,0.0,0.0,0.0
ENSG00000246528,SLCO5A1-AS1,2,0.0,0.00017576015266303262,0.0
ENSG00000246541,SMARCAD1-DT,2,0.0,0.011099408092362225,0.0
ENSG00000246548,LINC02288,2,0.0,0.0,0.0
ENSG00000246575,ENSG00000246575,2,0.0,6.532024796194489e-05,0.0
ENSG00000246582,TNFRSF10A-DT,2,0.0,0.015551043673753802,0.0
ENSG00000246640,PICART1,2,0.0,0.0005734510050792135,0.0
ENSG00000246877,DNM1P35,2,0.0,0.0,0.0
ENSG00000246731,MGC16275,2,0.0,0.0,0.0
ENSG00000246740,PLA2G4E-AS1,2,0.0,0.0,0.0
ENSG00000246763,RGMB-AS1,2,0.0,0.00026295057069360844,0.0
ENSG00000246774,COL25A1-DT,2,0.0,0.002282190907320091,0.0
ENSG00000246777,DYNC1LI2-DT,2,0.0,0.0004901345061690455,0.0
ENSG00000246790,SORL1-AS1,2,0.0,0.0022976098991911494,0.0
ENSG00000246792,ENSG00000246792,2,0.0,0.0,0.0
ENSG00000246820,RIC3-DT,2,0.0,0.004616093785272136,0.0
ENSG00000246851,NUP214-AS1,2,0.0,0.0015972894896026121,0.0
ENSG00000246863,GPR176-DT,2,0.0,0.0,0.0
ENSG00000246876,LINC02466,2,0.0,0.003075031549992824,0.0
ENSG00000244945,RUFY1-AS1,2,0.0,0.007224403254449964,0.0
ENSG00000244932,IFT122P2,2,0.0,0.0,0.0
ENSG00000244926,ALKBH3-AS1,2,0.0,0.0025519729612003225,0.0
ENSG00000243960,ENSG00000243960,2,0.0,0.002868586731903736,0.0
ENSG00000243819,RN7SL832P,2,0.0,0.0012101711473250548,0.0
ENSG00000243836,WDR86-AS1,2,0.0,0.003196948527676706,0.0
ENSG00000243844,RPL17P33,2,0.0,0.0007333716062518771,0.0
ENSG00000243847,RN7SL610P,2,0.0,0.0,0.0
ENSG00000243849,CFAP44-AS1,2,0.0,0.0,0.0
ENSG00000243861,ENSG00000243861,2,0.0,0.0056379604084595865,0.0
ENSG00000243871,RN7SL487P,2,0.0,0.0027376347527534963,0.0
ENSG00000243883,RN7SL419P,2,0.0,0.0020107971048803908,0.0
ENSG00000243896,OR2A7,2,0.0,0.0014564094239720158,0.0
ENSG00000243910,TUBA4B,2,0.0,0.0,0.0
ENSG00000243926,TIPARP-AS1,2,0.0,0.0,0.0
ENSG00000243979,ENSG00000243979,2,0.0,0.003560764397530498,0.0
ENSG00000243810,CFAP61-AS1,2,0.0,0.007975988322023151,0.0
ENSG00000244004,RPS3AP19,2,0.0,0.030266372719296213,0.0
ENSG00000244036,UBE2H-DT,2,0.0,0.0,0.0
ENSG00000244040,IL12A-AS1,2,0.0,0.004107901022548604,0.0
ENSG00000244050,DEFB109F,2,0.0,0.0,0.0
ENSG00000244052,RPL5P24,2,0.0,0.0,0.0
ENSG00000244060,RPS2P41,2,0.0,0.019159344933003357,0.0
ENSG00000244063,ENSG00000244063,2,0.0,0.0,0.0
ENSG00000244073,RPS4XP6,2,0.0,0.005935874358374091,0.0
ENSG00000244115,DNAJC25-GNG10,2,0.0,0.003231724504811549,0.0
ENSG00000244124,ATP1B3-AS1,2,0.0,0.003260558359614341,0.0
ENSG00000244125,ENSG00000244125,2,0.0,0.0,0.0
ENSG00000243811,APOBEC3D,2,0.0,0.0,0.0
ENSG00000243797,ENSG00000243797,2,0.0,0.007130752305896724,0.0
ENSG00000244137,CAPN9-AS1,2,0.0,0.004622212506026733,0.0
ENSG00000243629,LINC00880,2,0.0,0.10067531765280416,0.0
ENSG00000243406,MRPS31P5,2,0.0,0.0009909228690247992,0.0
ENSG00000243415,ENSG00000243415,2,0.0,0.0,0.0
ENSG00000243431,RPL5P30,2,0.0,0.0,0.0
ENSG00000243477,NAA80,2,0.0,0.0,0.0
ENSG00000243478,AOX2P,2,0.0,0.0,0.0
ENSG00000243501,ENSG00000243501,2,0.0,0.001584220559931253,0.0
ENSG00000243504,RPS23P1,2,0.0,0.0034269889143609534,0.0
ENSG00000243509,TNFRSF6B,2,0.0,0.0,0.0
ENSG00000243547,HNRNPKP4,2,0.0,0.0,0.0
ENSG00000243566,UPK3B,2,0.0,0.0,0.0
ENSG00000243613,ENSG00000243613,2,0.0,0.0,0.0
ENSG00000243649,CFB,2,0.0,0.00038846857553507104,0.0
ENSG00000243795,LINC02044,2,0.0,0.0,0.0
ENSG00000243659,ENSG00000243659,2,0.0,0.0020718474004526905,0.0
ENSG00000243694,LINC02027,2,0.0,0.0,0.0
ENSG00000243696,ENSG00000243696,2,0.0,0.0033860572836798995,0.0
ENSG00000243709,LEFTY1,2,0.0,0.04810633049715223,0.0
ENSG00000243715,CACNA2D3-AS1,2,0.0,0.0006628379149033249,0.0
ENSG00000243716,NPIPB5,2,0.0,0.0004905699264108277,0.0
ENSG00000243729,OR5V1,2,0.0,0.0025249299453855532,0.0
ENSG00000243742,RPLP0P2,2,0.0,0.0,0.0
ENSG00000243753,HLA-L,2,0.0,0.0,0.0
ENSG00000243762,ENSG00000243762,2,0.0,0.0004098602321279742,0.0
ENSG00000243775,OSTCP1,2,0.0,0.0,0.0
ENSG00000244128,LINC01322,2,0.0,0.0,0.0
ENSG00000244151,ENSG00000244151,2,0.0,0.0,0.0
ENSG00000244757,ENSG00000244757,2,0.0,0.0,0.0
ENSG00000244615,PSPC1P2,2,0.0,0.0006828116794609853,0.0
ENSG00000244490,RWDD4P1,2,0.0,0.0010512970610142495,0.0
ENSG00000244502,HDAC11-AS1,2,0.0,0.0,0.0
ENSG00000244541,LINC01213,2,0.0,0.002527400916471072,0.0
ENSG00000244556,ODCP,2,0.0,0.0010468061953093084,0.0
ENSG00000244558,KCNK15-AS1,2,0.0,0.002950316874887478,0.0
ENSG00000244573,RPL30P11,2,0.0,0.001537350010917482,0.0
ENSG00000244578,LINC01391,2,0.0,0.0,0.0
ENSG00000244586,WNT5A-AS1,2,0.0,0.0,0.0
ENSG00000244588,RAD21L1,2,0.0,0.0,0.0
ENSG00000244604,ENSG00000244604,2,0.0,0.0,0.0
ENSG00000244610,RN7SL756P,2,0.0,0.03137552092787618,0.0
ENSG00000244617,ASPRV1,2,0.0,0.0013139959744963511,0.0
ENSG00000244471,TPTE2P3,2,0.0,0.0,0.0
ENSG00000244649,LINC02086,2,0.0,0.0,0.0
ENSG00000244650,ENSG00000244650,2,0.0,0.0,0.0
ENSG00000244675,ENSG00000244675,2,0.0,0.0,0.0
ENSG00000244676,ENSG00000244676,2,0.0,0.004515404959813194,0.0
ENSG00000244691,RPL10AP1,2,0.0,0.0,0.0
ENSG00000244699,EVA1CP5,2,0.0,0.0063615170448786664,0.0
ENSG00000244706,ENSG00000244706,2,0.0,0.021796279596364848,0.0
ENSG00000244722,RPSAP29,2,0.0,0.0,0.0
ENSG00000244730,PHF5AP3,2,0.0,0.0007776361780315794,0.0
ENSG00000244733,ENSG00000244733,2,0.0,0.0,0.0
ENSG00000244752,CRYBB2,2,0.0,0.0048613633742722005,0.0
ENSG00000244476,ERVFRD-1,2,0.0,0.009844028843413672,0.0
ENSG00000244468,TM4SF18-AS1,2,0.0,0.0,0.0
ENSG00000244161,FLNB-AS1,2,0.0,0.003048869752795518,0.0
ENSG00000244286,ITGB5-AS1,2,0.0,0.0,0.0
ENSG00000244184,PELP1-DT,2,0.0,0.0002635413150090642,0.0
ENSG00000244194,RN7SL218P,2,0.0,0.0,0.0
ENSG00000244203,FOXP1-AS1,2,0.0,0.0007411758971779213,0.0
ENSG00000244215,LINC02016,2,0.0,0.0013911371247148103,0.0
ENSG00000244219,TMEM225B,2,0.0,0.0,0.0
ENSG00000244229,RPL26P35,2,0.0,0.005040409590479105,0.0
ENSG00000244242,IFITM10,2,0.0,0.0,0.0
ENSG00000244247,ENSG00000244247,2,0.0,0.0,0.0
ENSG00000244266,ENSG00000244266,2,0.0,0.012395060157995162,0.0
ENSG00000244267,RPL34P22,2,0.0,0.0,0.0
ENSG00000244268,ENSG00000244268,2,0.0,0.001108491081387417,0.0
ENSG00000244289,RPS3AP35,2,0.0,0.0041863314609172485,0.0
ENSG00000244461,LINC02077,2,0.0,0.0,0.0
ENSG00000244300,GATA2-AS1,2,0.0,0.008149740504181137,0.0
ENSG00000244301,AOX3P,2,0.0,0.0131140285254707,0.0
ENSG00000244302,PEX5L-AS2,2,0.0,0.003062700046909398,0.0
ENSG00000244306,DUXAP10,2,0.0,0.0,0.0
ENSG00000244345,ENSG00000244345,2,0.0,0.0,0.0
ENSG00000244349,ENSG00000244349,2,0.0,0.0,0.0
ENSG00000244361,RPL30P7,2,0.0,6.648811042660112e-05,0.0
ENSG00000244380,ENSG00000244380,2,0.0,0.0,0.0
ENSG00000244383,FAM3D-AS1,2,0.0,0.0,0.0
ENSG00000244456,SPECC1P2,2,0.0,4.797688873433781e-06,0.0
ENSG00000244459,ENSG00000244459,2,0.0,0.00012058695816787637,0.0
ENSG00000247903,TM7SF3-AS1,2,0.0,0.00241484391405751,0.0
ENSG00000247970,ENSG00000247970,2,0.0,0.002872912985205899,0.0
ENSG00000249437,NAIP,2,0.0,0.004500534267257847,0.0
ENSG00000247982,LINC00926,2,0.0,0.0,0.0
ENSG00000248916,NUP210P3,2,0.0,0.19817191270321471,0.0
ENSG00000248923,MTND5P11,2,0.0,0.00552066547179184,0.0
ENSG00000248925,PDCD6-DT,2,0.0,0.06356916771123142,0.0
ENSG00000248927,ENSG00000248927,2,0.0,0.0005835695505849381,0.0
ENSG00000248936,ENSG00000248936,2,0.0,0.0,0.0
ENSG00000248939,ENSG00000248939,2,0.0,0.0,0.0
ENSG00000248954,ENSG00000248954,2,0.0,0.0,0.0
ENSG00000248956,HMGB1P44,2,0.0,0.0,0.0
ENSG00000248964,ENSG00000248964,2,0.0,0.0,0.0
ENSG00000248965,ENSG00000248965,2,0.0,0.0,0.0
ENSG00000248966,BCLAF1P1,2,0.0,0.0,0.0
ENSG00000248969,ENSG00000248969,2,0.0,0.00038428418579251525,0.0
ENSG00000248980,SPCS3-AS1,2,0.0,0.004226106924791744,0.0
ENSG00000248984,ENSG00000248984,2,0.0,0.0,0.0
ENSG00000248993,ENSG00000248993,2,0.0,0.00016904999887410816,0.0
ENSG00000248996,PDLIM7-AS1,2,0.0,0.0,0.0
ENSG00000249001,DMP1-AS1,2,0.0,0.0005844228826909742,0.0
ENSG00000249012,ENSG00000249012,2,0.0,0.0,0.0
ENSG00000249017,ENSG00000249017,2,0.0,0.0039024788162840994,0.0
ENSG00000249019,ENSG00000249019,2,0.0,0.0,0.0
ENSG00000249022,ENSG00000249022,2,0.0,0.0,0.0
ENSG00000249028,ENSG00000249028,2,0.0,0.0,0.0
ENSG00000249035,CLMAT3,2,0.0,0.004911317195820102,0.0
ENSG00000249036,ENSG00000249036,2,0.0,0.0020071680398804333,0.0
ENSG00000249041,ENSG00000249041,2,0.0,0.003566370544471685,0.0
ENSG00000248901,LINC01846,2,0.0,0.007520873422065631,0.0
ENSG00000248896,SOX7-AS1,2,0.0,0.0,0.0
ENSG00000248885,SEPTIN7P10,2,0.0,0.006671915806720389,0.0
ENSG00000248787,ENSG00000248787,2,0.0,0.0,0.0
ENSG00000248724,NPHP3-AS1,2,0.0,0.0012765550813738273,0.0
ENSG00000248727,LINC01948,2,0.0,0.013236072771163036,0.0
ENSG00000248733,ENSG00000248733,2,0.0,0.0022338358714817184,0.0
ENSG00000248734,ENSG00000248734,2,0.0,0.004081395205141643,0.0
ENSG00000248744,ENSG00000248744,2,0.0,0.006356557325768005,0.0
ENSG00000248753,ENSG00000248753,2,0.0,0.0005437270353870028,0.0
ENSG00000248757,LINC02115,2,0.0,0.055264166125232224,0.0
ENSG00000248758,ENSG00000248758,2,0.0,0.000846560789687386,0.0
ENSG00000248762,ENSG00000248762,2,0.0,0.0,0.0
ENSG00000248771,SMIM31,2,0.0,0.00345155183320657,0.0
ENSG00000248779,ENSG00000248779,2,0.0,0.004907292231301194,0.0
ENSG00000248790,ENSG00000248790,2,0.0,0.011184904029365481,0.0
ENSG00000248881,ENSG00000248881,2,0.0,0.0,0.0
ENSG00000248791,ENSG00000248791,2,0.0,0.017106748723796035,0.0
ENSG00000248794,ENSG00000248794,2,0.0,0.0,0.0
ENSG00000248801,C8orf34-AS1,2,0.0,0.0,0.0
ENSG00000248810,LINC02432,2,0.0,0.0,0.0
ENSG00000248816,ENSG00000248816,2,0.0,0.057650070225803866,0.0
ENSG00000248837,ENSG00000248837,2,0.0,0.0037602485126230203,0.0
ENSG00000248851,ENSG00000248851,2,0.0,0.004657862069393827,0.0
ENSG00000248866,USP46-DT,2,0.0,0.0,0.0
ENSG00000248869,LINC02511,2,0.0,0.0,0.0
ENSG00000248873,SERBP1P6,2,0.0,0.0003528086187143681,0.0
ENSG00000248874,LINC02899,2,0.0,0.024536547505601452,0.0
ENSG00000249049,ENSG00000249049,2,0.0,0.0,0.0
ENSG00000249061,ENSG00000249061,2,0.0,0.0009364708565731207,0.0
ENSG00000249068,ENSG00000249068,2,0.0,0.0,0.0
ENSG00000249346,LINC01016,2,0.0,0.0,0.0
ENSG00000249286,AMD1P3,2,0.0,0.0,0.0
ENSG00000249295,ENSG00000249295,2,0.0,0.0,0.0
ENSG00000249304,ENSG00000249304,2,0.0,0.0,0.0
ENSG00000249306,LINC01411,2,0.0,0.004324352282052632,0.0
ENSG00000249309,ENSG00000249309,2,0.0,0.0,0.0
ENSG00000249310,APOBEC3B-AS1,2,0.0,0.0003955142153479524,0.0
ENSG00000249318,ENSG00000249318,2,0.0,0.002526168763288412,0.0
ENSG00000249330,ENSG00000249330,2,0.0,0.0,0.0
ENSG00000249332,LINC02149,2,0.0,0.0,0.0
ENSG00000249335,ENSG00000249335,2,0.0,0.0,0.0
ENSG00000249345,LINC02405,2,0.0,0.0,0.0
ENSG00000249373,ENSG00000249373,2,0.0,0.0,0.0
ENSG00000249267,LINC00939,2,0.0,0.0056308785835661596,0.0
ENSG00000249375,CASC11,2,0.0,0.004967766192766629,0.0
ENSG00000249379,GCLC-AS1,2,0.0,0.0,0.0
ENSG00000249406,TILAM,2,0.0,0.0,0.0
ENSG00000249407,IL20RB-AS1,2,0.0,0.0013766283433113119,0.0
ENSG00000249409,ENSG00000249409,2,0.0,0.00619293684109162,0.0
ENSG00000249412,ENSG00000249412,2,0.0,0.0,0.0
ENSG00000249417,ENSG00000249417,2,0.0,0.001859991161916432,0.0
ENSG00000249419,ENSG00000249419,2,0.0,0.0,0.0
ENSG00000249425,LINC02477,2,0.0,0.0,0.0
ENSG00000249426,ENSG00000249426,2,0.0,0.0005149257435048413,0.0
ENSG00000249436,LNCBRM,2,0.0,0.0,0.0
ENSG00000249279,LINC02057,2,0.0,0.0021706786173430214,0.0
ENSG00000249264,EEF1A1P9,2,0.0,0.0,0.0
ENSG00000249069,ENSG00000249069,2,0.0,0.0024881672713599184,0.0
ENSG00000249160,LINC02213,2,0.0,0.00035462421343554436,0.0
ENSG00000249085,TNPO1-DT,2,0.0,0.014982077654089094,0.0
ENSG00000249087,ZNF436-AS1,2,0.0,0.0,0.0
ENSG00000249094,ENSG00000249094,2,0.0,0.0018956944902267202,0.0
ENSG00000249096,LINC02362,2,0.0,0.0016117265134774487,0.0
ENSG00000249100,ENSG00000249100,2,0.0,0.0,0.0
ENSG00000249106,GPM6A-DT,2,0.0,0.0,0.0
ENSG00000249112,ENSG00000249112,2,0.0,0.0010376563752267183,0.0
ENSG00000249125,ENSG00000249125,2,0.0,0.0014596014974670338,0.0
ENSG00000249129,SUDS3P1,2,0.0,0.0,0.0
ENSG00000249131,PSD2-AS1,2,0.0,0.0001866152667519237,0.0
ENSG00000249150,ENSG00000249150,2,0.0,0.0503073920689416,0.0
ENSG00000249167,SEMA6A-AS2,2,0.0,0.006470200876016402,0.0
ENSG00000249259,ENSG00000249259,2,0.0,0.017817100961328703,0.0
ENSG00000249169,ENSG00000249169,2,0.0,0.0033361824130952256,0.0
ENSG00000249174,ENSG00000249174,2,0.0,0.0,0.0
ENSG00000249180,ENSG00000249180,2,0.0,0.0,0.0
ENSG00000249193,HSPD1P5,2,0.0,0.0,0.0
ENSG00000249199,ENSG00000249199,2,0.0,0.0019508944763364255,0.0
ENSG00000249222,ATP5MGL,2,0.0,0.0012375770109413077,0.0
ENSG00000249231,CASC16,2,0.0,0.0,0.0
ENSG00000249234,ENSG00000249234,2,0.0,0.0005178983195253895,0.0
ENSG00000249236,ENSG00000249236,2,0.0,0.0004945299387837373,0.0
ENSG00000249239,RACK1P3,2,0.0,0.009768790567315588,0.0
ENSG00000249241,LINC02265,2,0.0,0.0,0.0
ENSG00000248714,ZNF652-AS1,2,0.0,0.005076522351304876,0.0
ENSG00000248712,DRC12,2,0.0,0.0,0.0
ENSG00000248708,LINC02144,2,0.0,0.004807856331226754,0.0
ENSG00000248319,LINC02275,2,0.0,0.014456381503504872,0.0
ENSG00000248254,ENSG00000248254,2,0.0,0.002615384501256031,0.0
ENSG00000248256,OCIAD1-AS1,2,0.0,0.0,0.0
ENSG00000248261,ENSG00000248261,2,0.0,0.0,0.0
ENSG00000248262,ENSG00000248262,2,0.0,0.046233159600789116,0.0
ENSG00000248265,ENSG00000248265,2,0.0,0.0,0.0
ENSG00000248268,ENSG00000248268,2,0.0,0.0,0.0
ENSG00000248275,TRIM52-AS1,2,0.0,0.0,0.0
ENSG00000248285,ENSG00000248285,2,0.0,0.0,0.0
ENSG00000248296,ENSG00000248296,2,0.0,0.002821140156820782,0.0
ENSG00000248307,LINC00616,2,0.0,0.0005351186736851974,0.0
ENSG00000248318,SNTB1-AS2,2,0.0,0.0,0.0
ENSG00000248330,LINC00613,2,0.0,0.0013578162158443098,0.0
ENSG00000248243,LINC02014,2,0.0,0.0,0.0
ENSG00000248334,WHAMMP2,2,0.0,0.0,0.0
ENSG00000248335,ENSG00000248335,2,0.0,0.02028195912688571,0.0
ENSG00000248338,LINC02472,2,0.0,0.008120325066100206,0.0
ENSG00000248343,ENSG00000248343,2,0.0,0.00013485254398588908,0.0
ENSG00000248347,ENSG00000248347,2,0.0,0.00027528253909059894,0.0
ENSG00000248356,ENSG00000248356,2,0.0,0.0010613646434378158,0.0
ENSG00000248359,ENSG00000248359,2,0.0,0.0017428959276760718,0.0
ENSG00000248371,ENSG00000248371,2,0.0,0.00266719817453889,0.0
ENSG00000248373,ENSG00000248373,2,0.0,0.0,0.0
ENSG00000248375,ENSG00000248375,2,0.0,0.0,0.0
ENSG00000248388,HAFML,2,0.0,0.002021614469140252,0.0
ENSG00000248245,ENSG00000248245,2,0.0,0.013249541159579749,0.0
ENSG00000248242,ENSG00000248242,2,0.0,0.0,0.0
ENSG00000248400,ST13P12,2,0.0,0.0007065233419552614,0.0
ENSG00000248167,TRIM39-RPP21,2,0.0,0.0007860043048409677,0.0
ENSG00000248015,ENSG00000248015,2,0.0,0.0,0.0
ENSG00000248027,ARHGAP42-AS1,2,0.0,0.01123562226336118,0.0
ENSG00000248109,MARCOL,2,0.0,0.0033820631962996955,0.0
ENSG00000248113,PTPN11P5,2,0.0,0.0,0.0
ENSG00000248115,SCFD2-AS1,2,0.0,0.008691246544011167,0.0
ENSG00000248118,LINC01019,2,0.0,0.0,0.0
ENSG00000248125,ENSG00000248125,2,0.0,0.003566503755152452,0.0
ENSG00000248148,ENSG00000248148,2,0.0,0.0,0.0
ENSG00000248150,LINC02150,2,0.0,0.0,0.0
ENSG00000248159,HSPA8P11,2,0.0,0.0,0.0
ENSG00000248165,ENSG00000248165,2,0.0,0.0011921045062981137,0.0
ENSG00000248172,ENSG00000248172,2,0.0,0.0,0.0
ENSG00000248240,ENSG00000248240,2,0.0,0.016342384261576876,0.0
ENSG00000248174,LINC02268,2,0.0,0.0,0.0
ENSG00000248176,ENSG00000248176,2,0.0,0.0,0.0
ENSG00000248197,LINC00290,2,0.0,0.0,0.0
ENSG00000248200,ENSG00000248200,2,0.0,0.0,0.0
ENSG00000248202,ENSG00000248202,2,0.0,0.0,0.0
ENSG00000248210,LINC02355,2,0.0,0.0033561598461457746,0.0
ENSG00000248211,TRPC7-AS1,2,0.0,0.036609616420911754,0.0
ENSG00000248222,SLIT3-AS1,2,0.0,0.0,0.0
ENSG00000248231,KRT8P4,2,0.0,0.0,0.0
ENSG00000248235,ENSG00000248235,2,0.0,0.017244155205037914,0.0
ENSG00000248238,LINC02438,2,0.0,0.00048149600289045403,0.0
ENSG00000248397,LINC00498,2,0.0,0.0011022616731931622,0.0
ENSG00000248403,NACAP6,2,0.0,0.0007677029105590385,0.0
ENSG00000248698,LINC01085,2,0.0,0.0,0.0
ENSG00000248656,ENSG00000248656,2,0.0,0.0,0.0
ENSG00000248559,ENSG00000248559,2,0.0,0.0,0.0
ENSG00000248576,ENSG00000248576,2,0.0,0.000644741738198441,0.0
ENSG00000248585,ENSG00000248585,2,0.0,0.001109941146322509,0.0
ENSG00000248588,ENSG00000248588,2,0.0,0.0,0.0
ENSG00000248592,STIMATE-MUSTN1,2,0.0,0.0,0.0
ENSG00000248596,ENSG00000248596,2,0.0,0.0,0.0
ENSG00000248599,SLEAR,2,0.0,0.0,0.0
ENSG00000248627,ENSG00000248627,2,0.0,0.0,0.0
ENSG00000248633,GET1P1,2,0.0,0.0,0.0
ENSG00000248646,ENSG00000248646,2,0.0,5.8702846839533096e-05,0.0
ENSG00000248647,ENSG00000248647,2,0.0,0.0015777613661523743,0.0
ENSG00000248659,CARMIL2P1,2,0.0,0.0006699032868794525,0.0
ENSG00000248545,ENSG00000248545,2,0.0,0.0,0.0
ENSG00000248663,LINC00992,2,0.0,0.0,0.0
ENSG00000248664,ENSG00000248664,2,0.0,0.000412009642515963,0.0
ENSG00000248672,LY75-CD302,2,0.0,0.010472475635543833,0.0
ENSG00000248673,LINC01331,2,0.0,0.0,0.0
ENSG00000248676,ENSG00000248676,2,0.0,0.00092656481104201,0.0
ENSG00000248677,LINC02102,2,0.0,0.0009330285453286638,0.0
ENSG00000248685,LINC02484,2,0.0,0.0027254180624473293,0.0
ENSG00000248690,HAS2-AS1,2,0.0,0.0,0.0
ENSG00000248692,ADGRL3-AS1,2,0.0,0.0,0.0
ENSG00000248693,LINC02100,2,0.0,0.0,0.0
ENSG00000248694,ENSG00000248694,2,0.0,0.031525772709909465,0.0
ENSG00000248554,C5orf34-AS1,2,0.0,0.0003125723256461169,0.0
ENSG00000248540,ENSG00000248540,2,0.0,0.01519883520203811,0.0
ENSG00000248405,PRR5-ARHGAP8,2,0.0,0.0,0.0
ENSG00000248475,ENSG00000248475,2,0.0,0.00011878419433307485,0.0
ENSG00000248406,ENSG00000248406,2,0.0,0.0018605126698843196,0.0
ENSG00000248428,ENSG00000248428,2,0.0,0.0,0.0
ENSG00000248429,GASK1B-AS1,2,0.0,0.0,0.0
ENSG00000248431,ENSG00000248431,2,0.0,0.0,0.0
ENSG00000248441,LETR1,2,0.0,0.0004082825524450803,0.0
ENSG00000248455,LINC02217,2,0.0,0.0015608697467189335,0.0
ENSG00000248457,LINC02220,2,0.0,0.0,0.0
ENSG00000248458,ENSG00000248458,2,0.0,0.0,0.0
ENSG00000248461,ENSG00000248461,2,0.0,0.0,0.0
ENSG00000248464,FGF10-AS1,2,0.0,0.0008658187992634709,0.0
ENSG00000248468,ENSG00000248468,2,0.0,0.0,0.0
ENSG00000248484,ENSG00000248484,2,0.0,0.0,0.0
ENSG00000248537,ENSG00000248537,2,0.0,0.0,0.0
ENSG00000248485,PCP4L1,2,0.0,0.18903922340333876,0.0
ENSG00000248487,ABHD14A,2,0.0,0.00352014978416514,0.0
ENSG00000248491,ENSG00000248491,2,0.0,0.0,0.0
ENSG00000248498,ASNSP1,2,0.0,0.0005784070873448204,0.0
ENSG00000248505,LINC02380,2,0.0,0.0006366472687215707,0.0
ENSG00000248510,LINC02267,2,0.0,0.010682405811043507,0.0
ENSG00000248511,ENSG00000248511,2,0.0,0.010376696009580551,0.0
ENSG00000248515,ENSG00000248515,2,0.0,0.00035738641931113823,0.0
ENSG00000248516,ENSG00000248516,2,0.0,0.0,0.0
ENSG00000248525,ENSG00000248525,2,0.0,0.006162746607828974,0.0
ENSG00000248528,LINC02058,2,0.0,0.0,0.0
ENSG00000253356,ENSG00000253356,2,0.0,0.00017923978359721547,0.0
ENSG00000253358,ENSG00000253358,2,0.0,0.0,0.0
ENSG00000253361,ENSG00000253361,2,0.0,0.0,0.0
ENSG00000256928,ENSG00000256928,2,0.0,0.00243733629257232,0.0
ENSG00000256193,LINC00507,2,0.0,0.0,0.0
ENSG00000256195,ENSG00000256195,2,0.0,0.013509491361987236,0.0
ENSG00000256196,ENSG00000256196,2,0.0,0.0015684236334470882,0.0
ENSG00000256206,ENSG00000256206,2,0.0,0.00789039854936123,0.0
ENSG00000256209,ENSG00000256209,2,0.0,0.0,0.0
ENSG00000256226,ENSG00000256226,2,0.0,0.001642008722524806,0.0
ENSG00000256232,LINC02387,2,0.0,0.0,0.0
ENSG00000256234,SSPN-AS1,2,0.0,0.0004406460486414887,0.0
ENSG00000256237,ENSG00000256237,2,0.0,0.0,0.0
ENSG00000256238,SUPT16HP1,2,0.0,0.004735774584312707,0.0
ENSG00000256249,ENSG00000256249,2,0.0,0.016045977821636883,0.0
ENSG00000256250,ENSG00000256250,2,0.0,0.0,0.0
ENSG00000256271,ENSG00000256271,2,0.0,0.025062258825906843,0.0
ENSG00000256278,ENSG00000256278,2,0.0,0.0,0.0
ENSG00000256282,MTCH1P2,2,0.0,0.11283841472464622,0.0
ENSG00000256288,LINC02617,2,0.0,0.0,0.0
ENSG00000256306,ENSG00000256306,2,0.0,0.02228816789946232,0.0
ENSG00000256311,ENSG00000256311,2,0.0,0.0001696793190344549,0.0
ENSG00000256314,ENSG00000256314,2,0.0,0.018025881684093227,0.0
ENSG00000256315,CADM1-AS1,2,0.0,0.0,0.0
ENSG00000256321,ENSG00000256321,2,0.0,0.0008874963159264359,0.0
ENSG00000256340,ABCC6P1,2,0.0,0.0,0.0
ENSG00000256343,RIMBP2-AS1,2,0.0,0.0002334902914122841,0.0
ENSG00000256349,ENSG00000256349,2,0.0,0.0011622965369850826,0.0
ENSG00000256356,HSPA8P5,2,0.0,4.4967208184779804e-05,0.0
ENSG00000256189,DPPA4P3,2,0.0,0.0,0.0
ENSG00000256155,LINC02598,2,0.0,0.003953629596549521,0.0
ENSG00000256152,ENSG00000256152,2,0.0,0.0085496620176442,0.0
ENSG00000256037,MRPL40P1,2,0.0,0.0,0.0
ENSG00000255964,HSPD1P12,2,0.0,0.06294200632712256,0.0
ENSG00000255966,GAPDH-DT,2,0.0,0.0050524890758856765,0.0
ENSG00000255968,ITPR2-AS2,2,0.0,0.017057752541731745,0.0
ENSG00000255983,ENSG00000255983,2,0.0,0.0,0.0
ENSG00000255992,PUS1-AS1,2,0.0,0.0009559066358057064,0.0
ENSG00000256007,ARAP1-AS1,2,0.0,0.002328655417218199,0.0
ENSG00000256008,CABP1-DT,2,0.0,0.0024383803200019156,0.0
ENSG00000256013,ENSG00000256013,2,0.0,0.0,0.0
ENSG00000256029,ENSG00000256029,2,0.0,0.00020585751351556405,0.0
ENSG00000256030,CBX3P4,2,0.0,0.006919758379999891,0.0
ENSG00000256034,ENSG00000256034,2,0.0,0.05173875287368346,0.0
ENSG00000256040,PAPPA-AS1,2,0.0,0.0,0.0
ENSG00000256146,ENSG00000256146,2,0.0,0.0,0.0
ENSG00000256056,C12orf71BP,2,0.0,0.0,0.0
ENSG00000256060,TRAPPC2B,2,0.0,0.0004652593475605581,0.0
ENSG00000256070,ENSG00000256070,2,0.0,7.398219151786354e-05,0.0
ENSG00000256073,URB1-AS1,2,0.0,0.0,0.0
ENSG00000256083,HMGA2-AS2,2,0.0,0.0006677767164995714,0.0
ENSG00000256092,SBNO1-AS1,2,0.0,0.0,0.0
ENSG00000256100,ENSG00000256100,2,0.0,0.0006551740684065378,0.0
ENSG00000256101,ENSG00000256101,2,0.0,0.0006819575148816363,0.0
ENSG00000256116,ENSG00000256116,2,0.0,0.0,0.0
ENSG00000256120,SOX5-AS1,2,0.0,5.547791577022738e-05,0.0
ENSG00000256124,LINC01152,2,0.0,0.0,0.0
ENSG00000256364,ENSG00000256364,2,0.0,0.008585637882237155,0.0
ENSG00000256377,MRPS35-DT,2,0.0,0.0,0.0
ENSG00000256389,ENSG00000256389,2,0.0,0.00016859083089282265,0.0
ENSG00000256751,PLBD1-AS1,2,0.0,0.0017197945553354315,0.0
ENSG00000256637,LINC01965,2,0.0,0.0005069424657258838,0.0
ENSG00000256646,ENSG00000256646,2,0.0,0.0,0.0
ENSG00000256654,ENSG00000256654,2,0.0,0.0011807935652064577,0.0
ENSG00000256658,ENSG00000256658,2,0.0,0.0014738235797856882,0.0
ENSG00000256681,MIX23P5,2,0.0,0.0009186726641030905,0.0
ENSG00000256686,ENSG00000256686,2,0.0,0.005853859850636496,0.0
ENSG00000256690,STX5-DT,2,0.0,0.005814297521168872,0.0
ENSG00000256695,ENSG00000256695,2,0.0,0.0,0.0
ENSG00000256705,ENSG00000256705,2,0.0,0.0,0.0
ENSG00000256723,ENSG00000256723,2,0.0,0.00562391778839775,0.0
ENSG00000256733,LINC02954,2,0.0,0.0014921785841776382,0.0
ENSG00000256789,LNCROPM,2,0.0,0.000998267226670533,0.0
ENSG00000256628,ZBTB11-AS1,2,0.0,0.0,0.0
ENSG00000256802,LCIIAR,2,0.0,0.09399816008087285,0.0
ENSG00000256812,CAPNS2,2,0.0,0.0,0.0
ENSG00000256813,CCDC86-AS1,2,0.0,0.0,0.0
ENSG00000256825,ENSG00000256825,2,0.0,0.00888461905035368,0.0
ENSG00000256826,ATP5MFP4,2,0.0,0.0,0.0
ENSG00000256852,KNOP1P1,2,0.0,0.00035125683677268834,0.0
ENSG00000256861,ENSG00000256861,2,0.0,0.004845190669118672,0.0
ENSG00000256862,PARP11-AS1,2,0.0,0.011212803939923733,0.0
ENSG00000256870,SLC5A8,2,0.0,0.0016330850908166,0.0
ENSG00000256879,PDE3A-AS1,2,0.0,0.0,0.0
ENSG00000256897,ENSG00000256897,2,0.0,0.0,0.0
ENSG00000256632,ENSG00000256632,2,0.0,0.004984771534106677,0.0
ENSG00000256625,ENSG00000256625,2,0.0,0.002175609759114152,0.0
ENSG00000256399,ENSG00000256399,2,0.0,0.013341818757469332,0.0
ENSG00000256512,ENSG00000256512,2,0.0,0.0,0.0
ENSG00000256407,ENSG00000256407,2,0.0,0.0,0.0
ENSG00000256422,LINC02552,2,0.0,0.0,0.0
ENSG00000256424,LINC02414,2,0.0,0.0005423290808111096,0.0
ENSG00000256442,ENSG00000256442,2,0.0,0.0016342894058981264,0.0
ENSG00000256448,ENSG00000256448,2,0.0,0.021769542296607828,0.0
ENSG00000256452,ENSG00000256452,2,0.0,0.0007406395840286888,0.0
ENSG00000256453,DND1,2,0.0,0.15813007052046021,0.0
ENSG00000256458,ENSG00000256458,2,0.0,0.0005680304788919734,0.0
ENSG00000256469,ENSG00000256469,2,0.0,0.0017123506651789593,0.0
ENSG00000256482,BCAT1-AS1,2,0.0,0.0034301980483059428,0.0
ENSG00000256504,ENSG00000256504,2,0.0,0.0,0.0
ENSG00000256514,ENSG00000256514,2,0.0,0.002556836380573223,0.0
ENSG00000256615,KCNJ8-AS1,2,0.0,0.0,0.0
ENSG00000256533,ENSG00000256533,2,0.0,0.0,0.0
ENSG00000256540,IQSEC3-AS1,2,0.0,0.0033882205524526773,0.0
ENSG00000256542,ENSG00000256542,2,0.0,0.005172025105833896,0.0
ENSG00000256546,LINC02985,2,0.0,0.04749429989846609,0.0
ENSG00000256568,ENSG00000256568,2,0.0,0.01727118062385202,0.0
ENSG00000256569,ENSG00000256569,2,0.0,0.0856652776716678,0.0
ENSG00000256574,OR13A1,2,0.0,0.001055812262046455,0.0
ENSG00000256576,LINC02361,2,0.0,0.0,0.0
ENSG00000256582,LINC02390,2,0.0,0.0011111797196407466,0.0
ENSG00000256589,ENPP7P5,2,0.0,0.0,0.0
ENSG00000256612,CYP2B7P,2,0.0,0.0,0.0
ENSG00000255959,ENSG00000255959,2,0.0,0.08698733905264507,0.0
ENSG00000255949,RPS6KB2-AS1,2,0.0,0.0,0.0
ENSG00000255946,ENSG00000255946,2,0.0,0.0,0.0
ENSG00000255441,SIGLEC10-AS1,2,0.0,0.0,0.0
ENSG00000255395,ENSG00000255395,2,0.0,0.008452444788185128,0.0
ENSG00000255397,NASPP1,2,0.0,0.0,0.0
ENSG00000255404,ENSG00000255404,2,0.0,0.08277300312900618,0.0
ENSG00000255406,LINC02730,2,0.0,0.013925284621992069,0.0
ENSG00000255408,PCDHA3,2,0.0,0.0,0.0
ENSG00000255410,ENSG00000255410,2,0.0,0.0037537467814812713,0.0
ENSG00000255411,LINC02548,2,0.0,0.0,0.0
ENSG00000255418,LINC02718,2,0.0,0.006946297435970539,0.0
ENSG00000255432,ENSG00000255432,2,0.0,0.06780642904908488,0.0
ENSG00000255438,ENSG00000255438,2,0.0,0.0,0.0
ENSG00000255439,ENSG00000255439,2,0.0,0.0,0.0
ENSG00000255447,ENSG00000255447,2,0.0,0.002573205191469884,0.0
ENSG00000255389,ENSG00000255389,2,0.0,0.006306417633104825,0.0
ENSG00000255449,ENSG00000255449,2,0.0,0.005670507372968678,0.0
ENSG00000255467,ENSG00000255467,2,0.0,0.11879981425055613,0.0
ENSG00000255469,BOLA3P1,2,0.0,0.0,0.0
ENSG00000255474,GAU1,2,0.0,0.0,0.0
ENSG00000255475,ENSG00000255475,2,0.0,0.0065699337677412395,0.0
ENSG00000255487,ENSG00000255487,2,0.0,0.0,0.0
ENSG00000255491,ENSG00000255491,2,0.0,0.0006833452891253827,0.0
ENSG00000255495,ENSG00000255495,2,0.0,0.001218751272885834,0.0
ENSG00000255496,ENSG00000255496,2,0.0,0.0,0.0
ENSG00000255501,CARD18,2,0.0,3.1851192899442165e-05,0.0
ENSG00000255506,ENSG00000255506,2,0.0,9.445484745657944e-05,0.0
ENSG00000255393,OOSP4B,2,0.0,0.004985128698313686,0.0
ENSG00000255388,LINC02741,2,0.0,0.0,0.0
ENSG00000255516,ENSG00000255516,2,0.0,0.0,0.0
ENSG00000255326,MAP6-AS1,2,0.0,0.0006940599038548492,0.0
ENSG00000255289,ENSG00000255289,2,0.0,0.005305329394313777,0.0
ENSG00000255299,ENSG00000255299,2,0.0,0.00011387933688613876,0.0
ENSG00000255300,LINC02745,2,0.0,0.0,0.0
ENSG00000255306,GLTC1,2,0.0,0.0,0.0
ENSG00000255308,CSRP3-AS1,2,0.0,0.0022566275468966805,0.0
ENSG00000255311,DLG2-AS2,2,0.0,0.02361532830558021,0.0
ENSG00000255314,ENSG00000255314,2,0.0,0.0,0.0
ENSG00000255319,ENPP7P8,2,0.0,0.0022472833720616338,0.0
ENSG00000255320,ENSG00000255320,2,0.0,8.937435045563168e-05,0.0
ENSG00000255321,ENSG00000255321,2,0.0,0.0,0.0
ENSG00000255323,LINC01495,2,0.0,0.0,0.0
ENSG00000255328,ENSG00000255328,2,0.0,0.0,0.0
ENSG00000255384,ENSG00000255384,2,0.0,0.005687188380973197,0.0
ENSG00000255337,TMEM123-DT,2,0.0,0.0,0.0
ENSG00000255340,ENSG00000255340,2,0.0,0.0,0.0
ENSG00000255346,NOX5,2,0.0,0.1511450214680951,0.0
ENSG00000255348,ENSG00000255348,2,0.0,0.0010779981607210234,0.0
ENSG00000255355,PATL1-DT,2,0.0,0.0,0.0
ENSG00000255364,SMILR,2,0.0,0.0,0.0
ENSG00000255366,ENSG00000255366,2,0.0,0.0,0.0
ENSG00000255372,ENSG00000255372,2,0.0,0.0005349478248266637,0.0
ENSG00000255374,TAS2R43,2,0.0,0.0,0.0
ENSG00000255381,ENSG00000255381,2,0.0,0.0007358578363131787,0.0
ENSG00000255382,LINC02734,2,0.0,0.015428322585398323,0.0
ENSG00000255507,ENSG00000255507,2,0.0,0.0030055882643730838,0.0
ENSG00000255517,DPP3-DT,2,0.0,0.02091346638929424,0.0
ENSG00000255931,ENSG00000255931,2,0.0,0.0008054196218188613,0.0
ENSG00000255772,LINC01479,2,0.0,0.003265241937593504,0.0
ENSG00000255655,ENSG00000255655,2,0.0,0.0,0.0
ENSG00000255669,ENSG00000255669,2,0.0,0.008920537699741408,0.0
ENSG00000255672,ENSG00000255672,2,0.0,0.0,0.0
ENSG00000255689,ENSG00000255689,2,0.0,0.002180383956244365,0.0
ENSG00000255693,LINC02389,2,0.0,0.0008779744846948127,0.0
ENSG00000255725,TDGP1,2,0.0,0.0019443336098759524,0.0
ENSG00000255730,ENSG00000255730,2,0.0,0.0,0.0
ENSG00000255733,IFNG-AS1,2,0.0,0.029065841410153365,0.0
ENSG00000255745,ENSG00000255745,2,0.0,0.00021190559464432293,0.0
ENSG00000255750,ENSG00000255750,2,0.0,0.0,0.0
ENSG00000255760,LINC02422,2,0.0,0.0,0.0
ENSG00000255776,VDAC2P2,2,0.0,0.0022890680574336,0.0
ENSG00000255649,PLBD1-AS2,2,0.0,0.0312732893858258,0.0
ENSG00000255817,ENSG00000255817,2,0.0,0.0,0.0
ENSG00000255835,ENSG00000255835,2,0.0,0.005880502999506402,0.0
ENSG00000255839,ENSG00000255839,2,0.0,0.004846543633623003,0.0
ENSG00000255847,ENSG00000255847,2,0.0,0.0030166288530042683,0.0
ENSG00000255850,RXYLT1-AS1,2,0.0,0.0,0.0
ENSG00000255856,ENSG00000255856,2,0.0,0.0,0.0
ENSG00000255867,DENND5B-AS1,2,0.0,0.0,0.0
ENSG00000255871,ENSG00000255871,2,0.0,0.0,0.0
ENSG00000255874,PRECSIT,2,0.0,0.0,0.0
ENSG00000255875,PABPN1P2,2,0.0,0.0,0.0
ENSG00000255921,BCAT1-DT,2,0.0,0.006548038519856885,0.0
ENSG00000255650,FAM222A-AS1,2,0.0,0.0011856778872566278,0.0
ENSG00000255647,ENSG00000255647,2,0.0,0.0,0.0
ENSG00000255520,ENSG00000255520,2,0.0,0.0032102961382152345,0.0
ENSG00000255559,ZNF252P-AS1,2,0.0,0.003931231907527639,0.0
ENSG00000255523,ENSG00000255523,2,0.0,0.0,0.0
ENSG00000255524,NPIPB8,2,0.0,0.0056930467773780675,0.0
ENSG00000255525,ENSG00000255525,2,0.0,0.0,0.0
ENSG00000255526,NEDD8-MDP1,2,0.0,0.005225390363240645,0.0
ENSG00000255532,NOX4P1,2,0.0,0.0028805134195023794,0.0
ENSG00000255537,ENSG00000255537,2,0.0,0.0,0.0
ENSG00000255549,ENPP7P6,2,0.0,0.0,0.0
ENSG00000255553,LINC02733,2,0.0,0.00171759335145184,0.0
ENSG00000255555,ENSG00000255555,2,0.0,2.8419739759672874e-05,0.0
ENSG00000255557,ENSG00000255557,2,0.0,0.0,0.0
ENSG00000255558,ENSG00000255558,2,0.0,0.004702109591674473,0.0
ENSG00000255561,FDXACB1,2,0.0,0.0,0.0
ENSG00000255644,ENSG00000255644,2,0.0,0.0004839172821057473,0.0
ENSG00000255566,ENSG00000255566,2,0.0,0.025737320108763617,0.0
ENSG00000255568,ENSG00000255568,2,0.0,0.0,0.0
ENSG00000255580,ENSG00000255580,2,0.0,0.0018186896775062233,0.0
ENSG00000255585,ENSG00000255585,2,0.0,0.00022496833045605153,0.0
ENSG00000255587,RAB44,2,0.0,0.0,0.0
ENSG00000255618,LINC02440,2,0.0,0.0,0.0
ENSG00000255621,ENSG00000255621,2,0.0,0.003435470506063084,0.0
ENSG00000255622,PCDHB17P,2,0.0,0.0035501761023070755,0.0
ENSG00000255624,C10orf88B,2,0.0,0.0040569507608253725,0.0
ENSG00000255629,ENSG00000255629,2,0.0,0.0,0.0
ENSG00000255642,PABPC1P4,2,0.0,0.0006983291917773704,0.0
ENSG00000256925,ADGRA1-AS1,2,0.0,0.0029306787101715226,0.0
ENSG00000256937,KRT17P8,2,0.0,0.0008031172646651571,0.0
ENSG00000255274,SMIM35,2,0.0,0.007061170191536852,0.0
ENSG00000256940,PPP1R14B-AS1,2,0.0,0.0017076774574956016,0.0
ENSG00000257767,ENSG00000257767,2,0.0,0.0,0.0
ENSG00000257771,LINC02395,2,0.0,0.0,0.0
ENSG00000257817,TBX3-AS1,2,0.0,0.0009418435284139244,0.0
ENSG00000257818,C1GALT1P1,2,0.0,0.00046810374450294013,0.0
ENSG00000257829,ENSG00000257829,2,0.0,0.0,0.0
ENSG00000257831,ENSG00000257831,2,0.0,0.003384028400450116,0.0
ENSG00000257838,OTOAP1,2,0.0,0.0,0.0
ENSG00000257839,PHLDA1-DT,2,0.0,0.0,0.0
ENSG00000257842,NOVA1-DT,2,0.0,0.0,0.0
ENSG00000257845,LINC02294,2,0.0,0.0007891104315770972,0.0
ENSG00000257851,HNRNPA3P10,2,0.0,1.4341554103904984e-05,0.0
ENSG00000257859,CASC18,2,0.0,0.0,0.0
ENSG00000257878,ENSG00000257878,2,0.0,0.0010874490204056267,0.0
ENSG00000257883,LINC03088,2,0.0,0.014200202705825914,0.0
ENSG00000257890,ENSG00000257890,2,0.0,0.0005635795659608446,0.0
ENSG00000257900,ENSG00000257900,2,0.0,0.0017860751967165816,0.0
ENSG00000257904,ENSG00000257904,2,0.0,0.002981246551859287,0.0
ENSG00000257906,LINC02156,2,0.0,0.005485110149304618,0.0
ENSG00000257910,ENSG00000257910,2,0.0,0.0,0.0
ENSG00000257913,DDN-AS1,2,0.0,0.005685216937149659,0.0
ENSG00000257918,ENSG00000257918,2,0.0,0.0,0.0
ENSG00000257920,LINC02409,2,0.0,0.0,0.0
ENSG00000257925,ENSG00000257925,2,0.0,0.0038953849689684545,0.0
ENSG00000257941,DENRP2,2,0.0,0.0,0.0
ENSG00000257943,ENSG00000257943,2,0.0,0.001846019191716149,0.0
ENSG00000257764,ENSG00000257764,2,0.0,0.0,0.0
ENSG00000257761,ENSG00000257761,2,0.0,0.00132043630125941,0.0
ENSG00000257750,LINC02445,2,0.0,0.0,0.0
ENSG00000257681,ENSG00000257681,2,0.0,0.0013682828781090678,0.0
ENSG00000257604,ENSG00000257604,2,0.0,0.0,0.0
ENSG00000257605,MYG1-AS1,2,0.0,0.005466861398557039,0.0
ENSG00000257612,MIR4307HG,2,0.0,0.0,0.0
ENSG00000257622,ENSG00000257622,2,0.0,0.011447193709731351,0.0
ENSG00000257653,ENSG00000257653,2,0.0,0.01618030193918393,0.0
ENSG00000257654,ENSG00000257654,2,0.0,0.0,0.0
ENSG00000257657,ENSG00000257657,2,0.0,0.0,0.0
ENSG00000257660,ADCY6-DT,2,0.0,0.0,0.0
ENSG00000257663,ENSG00000257663,2,0.0,0.018827430001040257,0.0
ENSG00000257666,CBX3P5,2,0.0,9.325876843118154e-05,0.0
ENSG00000257677,LINC02464,2,0.0,0.0,0.0
ENSG00000257683,LINC02463,2,0.0,0.0,0.0
ENSG00000257747,LINC02426,2,0.0,0.0021252916450297896,0.0
ENSG00000257696,BLTP3B-DT,2,0.0,0.015548065458295358,0.0
ENSG00000257702,LBX2-AS1,2,0.0,0.0,0.0
ENSG00000257703,ENSG00000257703,2,0.0,0.0,0.0
ENSG00000257704,INAFM1,2,0.0,0.0,0.0
ENSG00000257711,ENSG00000257711,2,0.0,0.008590393998629606,0.0
ENSG00000257718,CPNE8-AS1,2,0.0,0.0,0.0
ENSG00000257732,TXNRD1-AS1,2,0.0,0.0,0.0
ENSG00000257740,ENSG00000257740,2,0.0,0.013901345411134984,0.0
ENSG00000257741,LINC01490,2,0.0,0.006572613217013503,0.0
ENSG00000257743,MGAM2,2,0.0,0.00112875829150179,0.0
ENSG00000257746,ENSG00000257746,2,0.0,0.002134824245867432,0.0
ENSG00000257947,ENSG00000257947,2,0.0,0.0,0.0
ENSG00000257950,P2RX5-TAX1BP3,2,0.0,0.0,0.0
ENSG00000257953,ENSG00000257953,2,0.0,0.0005933280600841742,0.0
ENSG00000258227,CLEC5A,2,0.0,0.00029666279795710073,0.0
ENSG00000258168,PTPRB-AS1,2,0.0,0.0006726898931263348,0.0
ENSG00000258171,LINC02412,2,0.0,0.0,0.0
ENSG00000258172,ENSG00000258172,2,0.0,0.0020002186846517465,0.0
ENSG00000258175,LINC02300,2,0.0,0.0006731682710078703,0.0
ENSG00000258181,ENSG00000258181,2,0.0,0.05071914318789172,0.0
ENSG00000258183,LINC02392,2,0.0,0.0010756285474803617,0.0
ENSG00000258186,SLC7A5P2,2,0.0,0.0,0.0
ENSG00000258199,ENSG00000258199,2,0.0,0.0,0.0
ENSG00000258210,ENSG00000258210,2,0.0,0.0,0.0
ENSG00000258214,ENSG00000258214,2,0.0,0.0,0.0
ENSG00000258225,NAV3-AS1,2,0.0,0.010153866030207601,0.0
ENSG00000258231,ENSG00000258231,2,0.0,0.0,0.0
ENSG00000258144,LINC02406,2,0.0,0.0,0.0
ENSG00000258232,ENSG00000258232,2,0.0,0.0,0.0
ENSG00000258234,ENSG00000258234,2,0.0,0.0005868063992136661,0.0
ENSG00000258256,ENSG00000258256,2,0.0,0.0018711129509820118,0.0
ENSG00000258260,ENSG00000258260,2,0.0,0.0,0.0
ENSG00000258272,ENSG00000258272,2,0.0,0.00011947754935145744,0.0
ENSG00000258274,CRADD-AS1,2,0.0,0.0005889615107035876,0.0
ENSG00000258279,LINC00592,2,0.0,0.007705389377703733,0.0
ENSG00000258285,TESC-AS1,2,0.0,0.0,0.0
ENSG00000258292,LINC02410,2,0.0,4.5476138643842226e-05,0.0
ENSG00000258294,ENSG00000258294,2,0.0,0.0,0.0
ENSG00000258301,ENSG00000258301,2,0.0,0.0,0.0
ENSG00000258162,PPFIA2-AS2,2,0.0,0.007376353565189199,0.0
ENSG00000258137,ENSG00000258137,2,0.0,0.0,0.0
ENSG00000257987,SPMIP11,2,0.0,0.0,0.0
ENSG00000258056,CD63-AS1,2,0.0,0.0,0.0
ENSG00000258001,R3HDM2-DT,2,0.0,0.0,0.0
ENSG00000258010,ENSG00000258010,2,0.0,0.051825987679106365,0.0
ENSG00000258018,LINC02457,2,0.0,0.0,0.0
ENSG00000258026,ACSS3-AS1,2,0.0,0.00040766488340308594,0.0
ENSG00000258028,ENSG00000258028,2,0.0,0.0,0.0
ENSG00000258034,ENSG00000258034,2,0.0,0.0010778076453002417,0.0
ENSG00000258035,ENSG00000258035,2,0.0,0.0011970037030214257,0.0
ENSG00000258038,LINC02327,2,0.0,0.0,0.0
ENSG00000258044,ENSG00000258044,2,0.0,0.0,0.0
ENSG00000258052,ENSG00000258052,2,0.0,0.008694478818759833,0.0
ENSG00000258053,ENSG00000258053,2,0.0,0.01635234155367103,0.0
ENSG00000258057,BCDIN3D-AS1,2,0.0,0.0,0.0
ENSG00000258136,PRDM4-AS1,2,0.0,0.04838100387372722,0.0
ENSG00000258064,ENSG00000258064,2,0.0,0.024427006176792037,0.0
ENSG00000258072,ENSG00000258072,2,0.0,0.0026067490977289666,0.0
ENSG00000258083,OR9A4,2,0.0,0.023334791246106757,0.0
ENSG00000258084,ENSG00000258084,2,0.0,0.006409606557940188,0.0
ENSG00000258096,SLC38A2-AS1,2,0.0,0.0,0.0
ENSG00000258099,ATXN2-AS,2,0.0,0.0,0.0
ENSG00000258107,ENSG00000258107,2,0.0,0.00323292114368358,0.0
ENSG00000258114,ENSG00000258114,2,0.0,0.0,0.0
ENSG00000258117,LINC03056,2,0.0,0.0,0.0
ENSG00000258119,ENSG00000258119,2,0.0,0.0007289111559873663,0.0
ENSG00000258123,LINC02444,2,0.0,0.0,0.0
ENSG00000257599,OVCH1-AS1,2,0.0,0.005080742521506659,0.0
ENSG00000257596,SCAT2,2,0.0,0.004891542799354391,0.0
ENSG00000257595,LINC02356,2,0.0,0.000586662277957193,0.0
ENSG00000257181,ENSG00000257181,2,0.0,0.00516981851554012,0.0
ENSG00000257097,CLIP1-AS1,2,0.0,0.006168013285538545,0.0
ENSG00000257105,ENSG00000257105,2,0.0,0.0005910672788296967,0.0
ENSG00000257108,NHLRC4,2,0.0,0.0,0.0
ENSG00000257114,LINC02450,2,0.0,0.0044742132297355105,0.0
ENSG00000257119,EEF1B2P4,2,0.0,0.005416352725176766,0.0
ENSG00000257120,ENSG00000257120,2,0.0,0.0035627484208435346,0.0
ENSG00000257126,FOXG1-AS1,2,0.0,0.0,0.0
ENSG00000257135,ODC1-DT,2,0.0,0.0,0.0
ENSG00000257139,LINC02821,2,0.0,0.0,0.0
ENSG00000257164,ENSG00000257164,2,0.0,0.0,0.0
ENSG00000257165,ENSG00000257165,2,0.0,0.0007741385733054842,0.0
ENSG00000257183,ENSG00000257183,2,0.0,0.0,0.0
ENSG00000257095,ENSG00000257095,2,0.0,0.0033130824681847637,0.0
ENSG00000257185,LINC02293,2,0.0,0.0,0.0
ENSG00000257194,ENSG00000257194,2,0.0,0.037564277503577125,0.0
ENSG00000257207,ENSG00000257207,2,0.0,0.0379578535446235,0.0
ENSG00000257210,NACAP8,2,0.0,0.0010962886729967815,0.0
ENSG00000257219,LNCOG,2,0.0,0.0,0.0
ENSG00000257221,ENSG00000257221,2,0.0,0.0,0.0
ENSG00000257222,ENSG00000257222,2,0.0,0.0,0.0
ENSG00000257225,ENSG00000257225,2,0.0,0.0,0.0
ENSG00000257226,ENSG00000257226,2,0.0,0.00863664559026089,0.0
ENSG00000257228,PDZRN4-AS1,2,0.0,0.0,0.0
ENSG00000257239,ENSG00000257239,2,0.0,0.0,0.0
ENSG00000257096,ENSG00000257096,2,0.0,0.004843674140480788,0.0
ENSG00000257086,ENSG00000257086,2,0.0,0.005633991270154682,0.0
ENSG00000257258,ENSG00000257258,2,0.0,0.0,0.0
ENSG00000257002,CHRM1-AS1,2,0.0,0.002719575322587508,0.0
ENSG00000256943,GALNT9-AS1,2,0.0,0.0010998709153672592,0.0
ENSG00000256950,ENSG00000256950,2,0.0,0.010870092194404013,0.0
ENSG00000256955,ENSG00000256955,2,0.0,0.0,0.0
ENSG00000256966,ENSG00000256966,2,0.0,0.006269067077652918,0.0
ENSG00000256967,ENSG00000256967,2,0.0,0.0007388305832527417,0.0
ENSG00000256969,LINC03141,2,0.0,0.00020153984504421872,0.0
ENSG00000256972,ENSG00000256972,2,0.0,0.0009179548887677203,0.0
ENSG00000256984,ENSG00000256984,2,0.0,0.006676076698986532,0.0
ENSG00000256988,KCNA6-AS1,2,0.0,0.0014267102889327094,0.0
ENSG00000256994,LINC02378,2,0.0,0.0,0.0
ENSG00000257000,ENSG00000257000,2,0.0,0.002455985290908311,0.0
ENSG00000257004,ENSG00000257004,2,0.0,0.0,0.0
ENSG00000257084,MIR200CHG,2,0.0,0.00068465173453282,0.0
ENSG00000257022,ENSG00000257022,2,0.0,0.001882457896011923,0.0
ENSG00000257023,ETNK1-DT,2,0.0,0.0,0.0
ENSG00000257038,ARHGEF17-AS1,2,0.0,0.0017943139669690969,0.0
ENSG00000257043,SRSF3P1,2,0.0,0.005673700772770983,0.0
ENSG00000257046,SLCO1B3-SLCO1B7,2,0.0,0.03698417090544442,0.0
ENSG00000257056,LINC02282,2,0.0,0.0,0.0
ENSG00000257057,C11orf97,2,0.0,0.0,0.0
ENSG00000257058,ENSG00000257058,2,0.0,0.0002051972376689299,0.0
ENSG00000257065,ENSG00000257065,2,0.0,0.00187736694795694,0.0
ENSG00000257067,LINC02703,2,0.0,0.006448817071316582,0.0
ENSG00000257083,ENSG00000257083,2,0.0,0.006526258961840174,0.0
ENSG00000257256,ENSG00000257256,2,0.0,0.003682655393308307,0.0
ENSG00000257259,LINC02388,2,0.0,0.0008241116560666737,0.0
ENSG00000257588,AQP5-AS1,2,0.0,0.0023538922271583132,0.0
ENSG00000257529,RPL36A-HNRNPH2,2,0.0,0.0,0.0
ENSG00000257458,ENSG00000257458,2,0.0,0.0,0.0
ENSG00000257467,PPFIA2-AS1,2,0.0,0.001087217148282015,0.0
ENSG00000257474,ENSG00000257474,2,0.0,0.0,0.0
ENSG00000257497,GLIPR1-AS1,2,0.0,0.0003484045994279485,0.0
ENSG00000257507,LINC02373,2,0.0,0.0,0.0
ENSG00000257511,ENSG00000257511,2,0.0,0.003414282873217358,0.0
ENSG00000257513,NPIPB1P,2,0.0,0.0,0.0
ENSG00000257520,SFTA3,2,0.0,0.0016726615645310764,0.0
ENSG00000257522,ENSG00000257522,2,0.0,0.0,0.0
ENSG00000257523,LINC02326,2,0.0,0.00390924297127883,0.0
ENSG00000257524,ENSG00000257524,2,0.0,0.0,0.0
ENSG00000257530,BICD1-AS1,2,0.0,0.0,0.0
ENSG00000257454,ENSG00000257454,2,0.0,0.07042894677560528,0.0
ENSG00000257539,HSPA8P14,2,0.0,0.0,0.0
ENSG00000257548,ENSG00000257548,2,0.0,0.008347366904020574,0.0
ENSG00000257550,ATF7-AS1,2,0.0,0.0,0.0
ENSG00000257551,HLX-AS1,2,0.0,0.0,0.0
ENSG00000257553,ENSG00000257553,2,0.0,0.0,0.0
ENSG00000257556,LINC02298,2,0.0,0.0,0.0
ENSG00000257557,PPP1R12A-AS1,2,0.0,0.0,0.0
ENSG00000257568,MON2-AS1,2,0.0,0.0,0.0
ENSG00000257576,HSPD1P4,2,0.0,0.0005850090644483307,0.0
ENSG00000257579,ENSG00000257579,2,0.0,0.0,0.0
ENSG00000257585,LINC00609,2,0.0,0.0034489747650348315,0.0
ENSG00000257456,ENSG00000257456,2,0.0,0.002230232403998065,0.0
ENSG00000257453,PHLDA1-AS1,2,0.0,0.0020875548383962506,0.0
ENSG00000257265,ENSG00000257265,2,0.0,0.0019199185180392491,0.0
ENSG00000257376,ENSG00000257376,2,0.0,0.0,0.0
ENSG00000257270,ENSG00000257270,2,0.0,0.001343832553689506,0.0
ENSG00000257271,KIRREL3-AS1,2,0.0,0.002063158237897357,0.0
ENSG00000257277,ENSG00000257277,2,0.0,0.0,0.0
ENSG00000257279,ENSG00000257279,2,0.0,0.0007235212781823784,0.0
ENSG00000257283,ENSG00000257283,2,0.0,0.003337689691733521,0.0
ENSG00000257286,ENSG00000257286,2,0.0,0.0,0.0
ENSG00000257319,DBX2-AS1,2,0.0,0.002860477014520585,0.0
ENSG00000257325,ENSG00000257325,2,0.0,0.0036189501662666815,0.0
ENSG00000257341,ENSG00000257341,2,0.0,0.0,0.0
ENSG00000257345,LINC02413,2,0.0,0.0025933728443838238,0.0
ENSG00000257359,ENSG00000257359,2,0.0,0.014785156674766368,0.0
ENSG00000257379,ENSG00000257379,2,0.0,0.0,0.0
ENSG00000257452,ENSG00000257452,2,0.0,0.0,0.0
ENSG00000257386,ENSG00000257386,2,0.0,0.0,0.0
ENSG00000257390,ENSG00000257390,2,0.0,0.0,0.0
ENSG00000257398,ENSG00000257398,2,0.0,0.01567608602520912,0.0
ENSG00000257400,LNCHR1,2,0.0,0.0006397152710167647,0.0
ENSG00000257407,ENSG00000257407,2,0.0,0.0,0.0
ENSG00000257410,ENSG00000257410,2,0.0,0.004011372029799472,0.0
ENSG00000257411,ENSG00000257411,2,0.0,0.0,0.0
ENSG00000257433,RPAP3-DT,2,0.0,0.0,0.0
ENSG00000257438,ENSG00000257438,2,0.0,0.0035057627332499247,0.0
ENSG00000257446,ZNF878,2,0.0,0.08416589675296389,0.0
ENSG00000257449,ENSG00000257449,2,0.0,0.002438116816112031,0.0
ENSG00000255277,ABCC6P2,2,0.0,0.026908476128791062,0.0
ENSG00000255267,LINC02687,2,0.0,0.0005574559265700342,0.0
ENSG00000253363,ENSG00000253363,2,0.0,0.0,0.0
ENSG00000254350,ENSG00000254350,2,0.0,0.0,0.0
ENSG00000253973,NRIP3-DT,2,0.0,0.003714092905713773,0.0
ENSG00000253976,ENSG00000253976,2,0.0,6.599122070472945e-05,0.0
ENSG00000253982,CLN8-AS1,2,0.0,0.0059992070755045855,0.0
ENSG00000253983,ENSG00000253983,2,0.0,0.00020712185885908178,0.0
ENSG00000253992,ENSG00000253992,2,0.0,0.0,0.0
ENSG00000254008,LINC00051,2,0.0,0.0010030728835251496,0.0
ENSG00000254016,ALG1L10P,2,0.0,0.0186586219361558,0.0
ENSG00000254019,SLC45A4-AS1,2,0.0,0.006787537949507013,0.0
ENSG00000254024,GRHL2-DT,2,0.0,0.004372217902772843,0.0
ENSG00000254027,LNMICC,2,0.0,0.0,0.0
ENSG00000254028,ENSG00000254028,2,0.0,0.0,0.0
ENSG00000254031,ENSG00000254031,2,0.0,0.0,0.0
ENSG00000254034,INTS9-AS1,2,0.0,0.0006505356665487431,0.0
ENSG00000254035,ENSG00000254035,2,0.0,0.0,0.0
ENSG00000254039,ENSG00000254039,2,0.0,0.0,0.0
ENSG00000254042,SLIT3-AS2,2,0.0,0.00675463241475788,0.0
ENSG00000254043,ENSG00000254043,2,0.0,0.0,0.0
ENSG00000254057,ENSG00000254057,2,0.0,0.0,0.0
ENSG00000254064,PIWIL2-DT,2,0.0,0.0019156106888773227,0.0
ENSG00000254066,LINC01938,2,0.0,0.0,0.0
ENSG00000254080,LINC03071,2,0.0,0.0038547307222570708,0.0
ENSG00000254083,LINC01591,2,0.0,0.00013556964470101728,0.0
ENSG00000254089,ENSG00000254089,2,0.0,0.0,0.0
ENSG00000254090,MTND2P32,2,0.0,0.018423639617701052,0.0
ENSG00000254092,ENSG00000254092,2,0.0,0.001383737988155717,0.0
ENSG00000253972,MAL2-AS1,2,0.0,0.0036813614869682385,0.0
ENSG00000253968,ENSG00000253968,2,0.0,0.0,0.0
ENSG00000253965,ENSG00000253965,2,0.0,0.0,0.0
ENSG00000253911,ENSG00000253911,2,0.0,0.0,0.0
ENSG00000253859,ENSG00000253859,2,0.0,0.18880400111844373,0.0
ENSG00000253865,ENSG00000253865,2,0.0,0.001550908436414434,0.0
ENSG00000253868,FER1L6-AS2,2,0.0,0.00032721975387323186,0.0
ENSG00000253872,ENSG00000253872,2,0.0,0.0,0.0
ENSG00000253875,ENSG00000253875,2,0.0,0.0007503972978882796,0.0
ENSG00000253880,ENSG00000253880,2,0.0,0.007865910961454167,0.0
ENSG00000253891,ENSG00000253891,2,0.0,0.0053385512951256795,0.0
ENSG00000253897,ENSG00000253897,2,0.0,0.0006616158250451475,0.0
ENSG00000253901,ENSG00000253901,2,0.0,0.0,0.0
ENSG00000253908,ENSG00000253908,2,0.0,0.0,0.0
ENSG00000253910,PCDHGB2,2,0.0,0.0,0.0
ENSG00000253917,ENSG00000253917,2,0.0,0.0023363843596496616,0.0
ENSG00000253961,ENSG00000253961,2,0.0,0.00310260380497955,0.0
ENSG00000253921,ATOX1-AS1,2,0.0,0.004078246999646224,0.0
ENSG00000253923,ENSG00000253923,2,0.0,0.0,0.0
ENSG00000253925,ENSG00000253925,2,0.0,0.0,0.0
ENSG00000253930,TNFRSF10A-AS1,2,0.0,0.0,0.0
ENSG00000253931,ENSG00000253931,2,0.0,0.0,0.0
ENSG00000253939,ENSG00000253939,2,0.0,0.0,0.0
ENSG00000253943,KRT18P37,2,0.0,0.0,0.0
ENSG00000253944,MTUS1-DT,2,0.0,0.0,0.0
ENSG00000253949,ENSG00000253949,2,0.0,0.002831221913881872,0.0
ENSG00000253953,PCDHGB4,2,0.0,0.0005642199036098605,0.0
ENSG00000253958,CLDN23,2,0.0,0.0,0.0
ENSG00000254099,ENSG00000254099,2,0.0,0.0,0.0
ENSG00000254106,LINC01848,2,0.0,0.0009517074921038891,0.0
ENSG00000254109,RBPMS-AS1,2,0.0,0.001493449950706817,0.0
ENSG00000254303,ENSG00000254303,2,0.0,0.0,0.0
ENSG00000254251,ENSG00000254251,2,0.0,0.0017724260742458659,0.0
ENSG00000254252,RPL7P20,2,0.0,0.0,0.0
ENSG00000254254,PENK-AS1,2,0.0,0.0,0.0
ENSG00000254261,ENSG00000254261,2,0.0,0.0,0.0
ENSG00000254263,ENSG00000254263,2,0.0,0.0008876559793867559,0.0
ENSG00000254271,ANK3-DT,2,0.0,0.0,0.0
ENSG00000254275,LINC00824,2,0.0,0.0,0.0
ENSG00000254288,ENSG00000254288,2,0.0,0.0005962905429624255,0.0
ENSG00000254295,ENSG00000254295,2,0.0,0.001278652627247735,0.0
ENSG00000254297,TENM2-AS2,2,0.0,0.0026093316947776828,0.0
ENSG00000254300,LINC01111,2,0.0,0.0,0.0
ENSG00000254305,MRPL9P1,2,0.0,0.0,0.0
ENSG00000254245,PCDHGA3,2,0.0,0.003120005312005067,0.0
ENSG00000254306,ENSG00000254306,2,0.0,0.0,0.0
ENSG00000254307,ENSG00000254307,2,0.0,0.0,0.0
ENSG00000254314,ENSG00000254314,2,0.0,0.0,0.0
ENSG00000254317,ENSG00000254317,2,0.0,0.0,0.0
ENSG00000254332,TPM4P3,2,0.0,0.0,0.0
ENSG00000254333,NDST1-AS1,2,0.0,0.003421604042605232,0.0
ENSG00000254337,ENSG00000254337,2,0.0,0.05415567822035497,0.0
ENSG00000254338,MAFA-AS1,2,0.0,0.0,0.0
ENSG00000254340,ENSG00000254340,2,0.0,0.0,0.0
ENSG00000254343,ENSG00000254343,2,0.0,0.0,0.0
ENSG00000254346,MTND1P6,2,0.0,0.00950707042253755,0.0
ENSG00000254248,ENSG00000254248,2,0.0,0.0,0.0
ENSG00000254244,PAICSP4,2,0.0,0.0003939030347313303,0.0
ENSG00000254115,ENSG00000254115,2,0.0,0.0013209694567594941,0.0
ENSG00000254192,ENSG00000254192,2,0.0,0.001642242042948698,0.0
ENSG00000254119,LINC02842,2,0.0,0.0,0.0
ENSG00000254123,LINC02839,2,0.0,0.0,0.0
ENSG00000254129,ENSG00000254129,2,0.0,0.0,0.0
ENSG00000254130,LINC01947,2,0.0,0.0,0.0
ENSG00000254135,ENSG00000254135,2,0.0,0.0,0.0
ENSG00000254154,CRYZL2P-SEC16B,2,0.0,0.0,0.0
ENSG00000254162,ENSG00000254162,2,0.0,0.0,0.0
ENSG00000254171,ENSG00000254171,2,0.0,0.0,0.0
ENSG00000254177,ENSG00000254177,2,0.0,0.00285422580713424,0.0
ENSG00000254178,ENSG00000254178,2,0.0,8.704460721320184e-05,0.0
ENSG00000254187,ENSG00000254187,2,0.0,0.0,0.0
ENSG00000254197,SLC45A4-AS2,2,0.0,0.020869425420745307,0.0
ENSG00000254238,ENSG00000254238,2,0.0,0.0,0.0
ENSG00000254198,ENSG00000254198,2,0.0,0.0,0.0
ENSG00000254202,ENSG00000254202,2,0.0,0.0,0.0
ENSG00000254205,ENSG00000254205,2,0.0,0.0,0.0
ENSG00000254206,NPIPB11,2,0.0,0.0,0.0
ENSG00000254221,PCDHGB1,2,0.0,0.02015281030399813,0.0
ENSG00000254222,ENSG00000254222,2,0.0,0.0,0.0
ENSG00000254224,UQCRB-AS1,2,0.0,0.0009910468083282964,0.0
ENSG00000254230,ENSG00000254230,2,0.0,0.0,0.0
ENSG00000254231,WWP1-AS1,2,0.0,0.0,0.0
ENSG00000254233,LINC02365,2,0.0,0.0,0.0
ENSG00000254237,ENSG00000254237,2,0.0,0.001794716294075187,0.0
ENSG00000253858,ENSG00000253858,2,0.0,0.001998720827291419,0.0
ENSG00000253851,ENSG00000253851,2,0.0,0.0,0.0
ENSG00000253848,RBM12B-DT,2,0.0,0.0014226613273398932,0.0
ENSG00000253557,ENSG00000253557,2,0.0,0.0,0.0
ENSG00000253513,SQLE-DT,2,0.0,0.01085724609972546,0.0
ENSG00000253515,ENSG00000253515,2,0.0,0.004878200128853621,0.0
ENSG00000253517,XRCC6P4,2,0.0,0.00220635261184486,0.0
ENSG00000253519,ENSG00000253519,2,0.0,0.002050405675362382,0.0
ENSG00000253521,HPYR1,2,0.0,0.0,0.0
ENSG00000253522,MIR3142HG,2,0.0,0.018500713236484948,0.0
ENSG00000253524,ENSG00000253524,2,0.0,0.0,0.0
ENSG00000253537,PCDHGA7,2,0.0,0.0,0.0
ENSG00000253540,FAM86HP,2,0.0,0.0,0.0
ENSG00000253541,SEPTIN10P1,2,0.0,0.0066287516654011756,0.0
ENSG00000253549,CA3-AS1,2,0.0,0.0,0.0
ENSG00000253559,OSGEPL1-AS1,2,0.0,0.0007641420594301931,0.0
ENSG00000253503,ENSG00000253503,2,0.0,0.0,0.0
ENSG00000253564,ENSG00000253564,2,0.0,0.0,0.0
ENSG00000253567,FBXO16-AS1,2,0.0,0.008268329976792053,0.0
ENSG00000253570,RNF5P1,2,0.0,0.0,0.0
ENSG00000253573,ENSG00000253573,2,0.0,0.022849923663727883,0.0
ENSG00000253577,ENSG00000253577,2,0.0,0.0,0.0
ENSG00000253585,ENSG00000253585,2,0.0,0.014784264060033211,0.0
ENSG00000253591,KCNIP1-AS1,2,0.0,0.0,0.0
ENSG00000253596,ENSG00000253596,2,0.0,0.0,0.0
ENSG00000253598,SLC10A5,2,0.0,0.004592521108043212,0.0
ENSG00000253607,ENSG00000253607,2,0.0,0.0,0.0
ENSG00000253608,ENSG00000253608,2,0.0,0.0,0.0
ENSG00000253506,NACA2,2,0.0,0.0,0.0
ENSG00000253500,ENSG00000253500,2,0.0,0.009523782983346024,0.0
ENSG00000253619,ENSG00000253619,2,0.0,0.0,0.0
ENSG00000253427,ENSG00000253427,2,0.0,0.0,0.0
ENSG00000253366,GUSBP16,2,0.0,0.0,0.0
ENSG00000253373,ENSG00000253373,2,0.0,0.0,0.0
ENSG00000253377,ENSG00000253377,2,0.0,0.0,0.0
ENSG00000253385,AZIN1-AS2,2,0.0,0.01066612743483139,0.0
ENSG00000253390,ENTPD4-DT,2,0.0,0.0007074068081031356,0.0
ENSG00000253395,LINC03044,2,0.0,0.0005977201131458851,0.0
ENSG00000253404,CTNNA1-AS1,2,0.0,0.0,0.0
ENSG00000253405,EVX1-AS,2,0.0,0.0006124691465230732,0.0
ENSG00000253408,IKBKB-DT,2,0.0,0.0,0.0
ENSG00000253416,ENSG00000253416,2,0.0,0.0,0.0
ENSG00000253420,ENSG00000253420,2,0.0,0.042570659425104664,0.0
ENSG00000253428,LINC01942,2,0.0,0.008960624279437383,0.0
ENSG00000253490,LINC02099,2,0.0,0.004910908635410122,0.0
ENSG00000253431,SRPK2P,2,0.0,0.0005975285499308263,0.0
ENSG00000253434,LINC02237,2,0.0,0.0054954169882200955,0.0
ENSG00000253444,ENSG00000253444,2,0.0,0.0,0.0
ENSG00000253445,ENSG00000253445,2,0.0,0.0,0.0
ENSG00000253452,ENSG00000253452,2,0.0,0.0,0.0
ENSG00000253457,SMIM18,2,0.0,0.001964281893173745,0.0
ENSG00000253469,ENSG00000253469,2,0.0,0.0,0.0
ENSG00000253471,ENSG00000253471,2,0.0,0.0,0.0
ENSG00000253474,ENSG00000253474,2,0.0,0.0026062628231118662,0.0
ENSG00000253476,ENSG00000253476,2,0.0,4.531583163909786e-05,0.0
ENSG00000253485,PCDHGA5,2,0.0,0.0006396851651623917,0.0
ENSG00000253613,ENSG00000253613,2,0.0,0.019356763682310665,0.0
ENSG00000253621,RPSAP74,2,0.0,0.0,0.0
ENSG00000253844,ENSG00000253844,2,0.0,0.0,0.0
ENSG00000253793,ENSG00000253793,2,0.0,0.0003694711691681356,0.0
ENSG00000253733,LZTS1-AS1,2,0.0,0.0,0.0
ENSG00000253734,LINC01289,2,0.0,0.026882727255205532,0.0
ENSG00000253736,ENSG00000253736,2,0.0,0.0029088091375165676,0.0
ENSG00000253741,LNCOC1,2,0.0,0.0,0.0
ENSG00000253754,ENSG00000253754,2,0.0,0.0,0.0
ENSG00000253762,ENSG00000253762,2,0.0,0.0,0.0
ENSG00000253764,KBTBD11-AS1,2,0.0,0.0015958919344428541,0.0
ENSG00000253766,ENSG00000253766,2,0.0,0.0,0.0
ENSG00000253772,ENSG00000253772,2,0.0,0.0,0.0
ENSG00000253775,ENSG00000253775,2,0.0,0.0,0.0
ENSG00000253778,CNGB3-AS1,2,0.0,0.0018427711031319407,0.0
ENSG00000253799,LINC01030,2,0.0,0.0008818988926369203,0.0
ENSG00000253730,ENSG00000253730,2,0.0,0.0,0.0
ENSG00000253802,SIRLNT,2,0.0,0.0005951644897829784,0.0
ENSG00000253809,ENSG00000253809,2,0.0,1.8095908692600273e-05,0.0
ENSG00000253819,LINC01151,2,0.0,0.0008939048713106218,0.0
ENSG00000253821,ENSG00000253821,2,0.0,0.0,0.0
ENSG00000253824,ENSG00000253824,2,0.0,0.0,0.0
ENSG00000253825,ENSG00000253825,2,0.0,0.0,0.0
ENSG00000253831,ETV3L,2,0.0,0.0008347193605468414,0.0
ENSG00000253832,ENSG00000253832,2,0.0,0.0,0.0
ENSG00000253834,ENSG00000253834,2,0.0,0.00145006116805598,0.0
ENSG00000253836,ENSG00000253836,2,0.0,0.0,0.0
ENSG00000253837,LOXL2-AS1,2,0.0,0.0,0.0
ENSG00000253731,PCDHGA6,2,0.0,0.0,0.0
ENSG00000253722,ENSG00000253722,2,0.0,0.0005181908488738205,0.0
ENSG00000253626,EIF5AL1,2,0.0,0.0,0.0
ENSG00000253666,ENSG00000253666,2,0.0,0.0008992942795443035,0.0
ENSG00000253627,ENSG00000253627,2,0.0,0.047407120392501174,0.0
ENSG00000253629,ENSG00000253629,2,0.0,0.0027409643350629893,0.0
ENSG00000253633,LINC03047,2,0.0,0.0,0.0
ENSG00000253634,ENSG00000253634,2,0.0,0.00011386860479483524,0.0
ENSG00000253642,ENSG00000253642,2,0.0,0.0025481183702076977,0.0
ENSG00000253645,ENSG00000253645,2,0.0,0.0,0.0
ENSG00000253649,PRSS51,2,0.0,0.0343378670690073,0.0
ENSG00000253652,ENSG00000253652,2,0.0,0.0026699774715252937,0.0
ENSG00000253653,ENSG00000253653,2,0.0,0.0,0.0
ENSG00000253660,TENM2-AS3,2,0.0,0.0024270435324168526,0.0
ENSG00000253663,NPM1P52,2,0.0,0.005231317110929719,0.0
ENSG00000253667,ENSG00000253667,2,0.0,0.011005268382028454,0.0
ENSG00000253720,ENSG00000253720,2,0.0,0.0,0.0
ENSG00000253671,ENSG00000253671,2,0.0,0.0,0.0
ENSG00000253673,ENSG00000253673,2,0.0,0.0,0.0
ENSG00000253675,ENSG00000253675,2,0.0,0.0,0.0
ENSG00000253678,ENSG00000253678,2,0.0,0.0,0.0
ENSG00000253690,ENSG00000253690,2,0.0,0.0,0.0
ENSG00000253695,PINX1-DT,2,0.0,0.0007935731990233388,0.0
ENSG00000253702,LINC02847,2,0.0,0.0,0.0
ENSG00000253706,ENSG00000253706,2,0.0,0.000430211381382493,0.0
ENSG00000253708,ENSG00000253708,2,0.0,0.0,0.0
ENSG00000253713,ENSG00000253713,2,0.0,0.0,0.0
ENSG00000253716,MINCR,2,0.0,0.004067750183108588,0.0
ENSG00000254347,ENSG00000254347,2,0.0,0.011708725372547987,0.0
ENSG00000254361,ENSG00000254361,2,0.0,0.0057926137395370655,0.0
ENSG00000255252,ENSG00000255252,2,0.0,0.00041637105022553756,0.0
ENSG00000254363,ENSG00000254363,2,0.0,0.019830575161496576,0.0
ENSG00000254959,INMT-MINDY4,2,0.0,0.0,0.0
ENSG00000254966,IGSF22-AS1,2,0.0,0.0,0.0
ENSG00000254968,LINC02763,2,0.0,0.0,0.0
ENSG00000254973,ENSG00000254973,2,0.0,0.0016070972759664314,0.0
ENSG00000254975,ENSG00000254975,2,0.0,0.0,0.0
ENSG00000254979,ENSG00000254979,2,0.0,0.0,0.0
ENSG00000254980,ENSG00000254980,2,0.0,0.0,0.0
ENSG00000254988,ACER3-AS1,2,0.0,0.0,0.0
ENSG00000254990,ENSG00000254990,2,0.0,0.00023495988625286222,0.0
ENSG00000255003,CYCSP28,2,0.0,0.002166434287863855,0.0
ENSG00000255005,ENSG00000255005,2,0.0,0.0024846181180828994,0.0
ENSG00000255008,LINC02739,2,0.0,0.0,0.0
ENSG00000255015,ENSG00000255015,2,0.0,0.003693234374100783,0.0
ENSG00000255020,TDH-AS1,2,0.0,0.0,0.0
ENSG00000255026,ENSG00000255026,2,0.0,0.0029521098484103048,0.0
ENSG00000255027,DDX25-AS1,2,0.0,0.0,0.0
ENSG00000255029,ENSG00000255029,2,0.0,0.0,0.0
ENSG00000255031,ENSG00000255031,2,0.0,0.0,0.0
ENSG00000255032,TSPAN18-AS1,2,0.0,0.11533191909293455,0.0
ENSG00000255038,ENSG00000255038,2,0.0,0.0003734671652359362,0.0
ENSG00000255041,ENSG00000255041,2,0.0,0.0,0.0
ENSG00000255043,NAV2-AS5,2,0.0,0.002259453581402418,0.0
ENSG00000255046,ENSG00000255046,2,0.0,0.00046699481119278903,0.0
ENSG00000255050,ENSG00000255050,2,0.0,0.0,0.0
ENSG00000255054,ENSG00000255054,2,0.0,0.0018311301041584352,0.0
ENSG00000254942,ENSG00000254942,2,0.0,0.002230086681879749,0.0
ENSG00000254932,PKNOX2-AS1,2,0.0,0.0,0.0
ENSG00000254926,ENSG00000254926,2,0.0,0.0,0.0
ENSG00000254866,DEFB109D,2,0.0,0.0007331565336163757,0.0
ENSG00000254833,ENSG00000254833,2,0.0,0.0022475841886231366,0.0
ENSG00000254837,LIPT2-AS1,2,0.0,0.0,0.0
ENSG00000254838,GVINP1,2,0.0,0.0,0.0
ENSG00000254842,LINC02551,2,0.0,0.001272540137496227,0.0
ENSG00000254843,XIAPP2,2,0.0,0.0,0.0
ENSG00000254846,ENSG00000254846,2,0.0,0.004637276102584624,0.0
ENSG00000254854,NECTIN1-DT,2,0.0,0.0,0.0
ENSG00000254858,MPV17L2,2,0.0,0.0003637168993260322,0.0
ENSG00000254859,ENSG00000254859,2,0.0,0.000490633075803609,0.0
ENSG00000254862,LGR4-AS1,2,0.0,0.0,0.0
ENSG00000254865,ENSG00000254865,2,0.0,0.0,0.0
ENSG00000254870,ATP6V1G2-DDX39B,2,0.0,0.0,0.0
ENSG00000254919,ENSG00000254919,2,0.0,0.0,0.0
ENSG00000254873,ENSG00000254873,2,0.0,0.0,0.0
ENSG00000254877,ENSG00000254877,2,0.0,0.0,0.0
ENSG00000254878,ENSG00000254878,2,0.0,0.0026095387939345633,0.0
ENSG00000254879,PTPRJ-AS1,2,0.0,0.0,0.0
ENSG00000254880,PKNOX2-DT,2,0.0,0.007928787052059997,0.0
ENSG00000254887,LNROP,2,0.0,0.0,0.0
ENSG00000254893,RAP1BL,2,0.0,0.0005818564723944732,0.0
ENSG00000254894,NAV2-AS1,2,0.0,0.0,0.0
ENSG00000254898,ENSG00000254898,2,0.0,0.0,0.0
ENSG00000254905,ENSG00000254905,2,0.0,0.0,0.0
ENSG00000254909,ENSG00000254909,2,0.0,0.0015923853478463806,0.0
ENSG00000255071,SAA2-SAA4,2,0.0,0.015484232802083251,0.0
ENSG00000255073,ZFP91-CNTF,2,0.0,0.0,0.0
ENSG00000255075,CENPUP1,2,0.0,0.001086240331753716,0.0
ENSG00000255206,ENSG00000255206,2,0.0,0.009280396195342383,0.0
ENSG00000255178,LINC02720,2,0.0,0.0006067374081673956,0.0
ENSG00000255179,ENSG00000255179,2,0.0,0.004092985887869192,0.0
ENSG00000255182,ENSG00000255182,2,0.0,0.0,0.0
ENSG00000255187,LINC02748,2,0.0,0.0,0.0
ENSG00000255192,NANOGP8,2,0.0,0.0,0.0
ENSG00000255193,LINC02726,2,0.0,0.03868082474484567,0.0
ENSG00000255197,SLC39A13-AS1,2,0.0,0.007020607612845637,0.0
ENSG00000255198,SNHG9,2,0.0,0.0023276552848917735,0.0
ENSG00000255200,PGAM1P8,2,0.0,0.0,0.0
ENSG00000255201,ENSG00000255201,2,0.0,0.004612136645681642,0.0
ENSG00000255202,ENSG00000255202,2,0.0,0.0009644630521125007,0.0
ENSG00000255209,ENSG00000255209,2,0.0,0.0018017556945170324,0.0
ENSG00000255171,LINC01499,2,0.0,0.0019357947165036932,0.0
ENSG00000255216,ENSG00000255216,2,0.0,0.0,0.0
ENSG00000255219,ENSG00000255219,2,0.0,0.022674363345818994,0.0
ENSG00000255220,DDX18P5,2,0.0,0.0009965637205212375,0.0
ENSG00000255222,SETP17,2,0.0,0.0019794807681947353,0.0
ENSG00000255224,ENSG00000255224,2,0.0,0.004185831983666704,0.0
ENSG00000255227,LINC03096,2,0.0,0.008231135373610995,0.0
ENSG00000255229,ENSG00000255229,2,0.0,0.0,0.0
ENSG00000255236,CHKA-DT,2,0.0,0.004103830860949,0.0
ENSG00000255241,ENSG00000255241,2,0.0,0.00782573662288169,0.0
ENSG00000255247,NECTIN1-AS1,2,0.0,0.0,0.0
ENSG00000255250,ENSG00000255250,2,0.0,0.0035082529301329463,0.0
ENSG00000255177,MUC5B-AS1,2,0.0,0.003817723376793593,0.0
ENSG00000255164,ENSG00000255164,2,0.0,0.0,0.0
ENSG00000255082,GRM5-AS1,2,0.0,0.0,0.0
ENSG00000255122,ENSG00000255122,2,0.0,0.00011554906817217356,0.0
ENSG00000255084,NARS2-AS1,2,0.0,0.003179642127703678,0.0
ENSG00000255085,ENSG00000255085,2,0.0,0.0012618714485568567,0.0
ENSG00000255100,TSKU-AS1,2,0.0,0.00012750297367916717,0.0
ENSG00000255101,ENSG00000255101,2,0.0,0.15903825644154646,0.0
ENSG00000255104,ZNF286A-TBC1D26,2,0.0,0.010827182060417278,0.0
ENSG00000255105,PTMAP15,2,0.0,0.0,0.0
ENSG00000255108,ENSG00000255108,2,0.0,0.0,0.0
ENSG00000255109,LINC02740,2,0.0,0.004102482879900885,0.0
ENSG00000255114,HYOU1-AS1,2,0.0,0.0,0.0
ENSG00000255117,LINC02546,2,0.0,0.057678604072160425,0.0
ENSG00000255121,CENATAC-DT,2,0.0,0.0,0.0
ENSG00000255126,ENSG00000255126,2,0.0,0.0,0.0
ENSG00000255160,ENSG00000255160,2,0.0,0.0,0.0
ENSG00000255129,TTC12-DT,2,0.0,0.0,0.0
ENSG00000255130,ENSG00000255130,2,0.0,0.00039946597009641146,0.0
ENSG00000255136,TPBGL-AS1,2,0.0,0.0009784583237685315,0.0
ENSG00000255142,ENSG00000255142,2,0.0,0.0007304210148554251,0.0
ENSG00000255146,ENSG00000255146,2,0.0,0.0029525308672631516,0.0
ENSG00000255150,EID3,2,0.0,0.0,0.0
ENSG00000255152,MSH5-SAPCD1,2,0.0,0.0,0.0
ENSG00000255153,TOLLIP-DT,2,0.0,0.0,0.0
ENSG00000255154,HTD2,2,0.0,0.0007862337818607278,0.0
ENSG00000255157,DEFB130C,2,0.0,0.0,0.0
ENSG00000255158,ENSG00000255158,2,0.0,0.0,0.0
ENSG00000254831,KRT18P58,2,0.0,0.0006403932490869484,0.0
ENSG00000254829,KCTD14-AS2,2,0.0,0.005083037769503231,0.0
ENSG00000254827,SLC67A1-AS,2,0.0,0.0,0.0
ENSG00000254528,FXYD6-AS1,2,0.0,0.0,0.0
ENSG00000254473,UBQLN1-AS1,2,0.0,0.0006580876927168775,0.0
ENSG00000254477,ENSG00000254477,2,0.0,0.0,0.0
ENSG00000254480,LINC02749,2,0.0,0.017145913889711192,0.0
ENSG00000254483,SUGT1P4,2,0.0,0.0,0.0
ENSG00000254486,LINC02547,2,0.0,0.0,0.0
ENSG00000254489,MPPED2-AS1,2,0.0,0.029953181923573984,0.0
ENSG00000254495,ENSG00000254495,2,0.0,0.0058514433312048695,0.0
ENSG00000254503,ENSG00000254503,2,0.0,0.0,0.0
ENSG00000254510,ENSG00000254510,2,0.0,0.002077131505215749,0.0
ENSG00000254511,ENSG00000254511,2,0.0,0.00032511248671495774,0.0
ENSG00000254526,ENSG00000254526,2,0.0,0.0003542128652387232,0.0
ENSG00000254530,LINC02755,2,0.0,0.007882370231128092,0.0
ENSG00000254458,ENSG00000254458,2,0.0,0.0,0.0
ENSG00000254531,PPP3CA-DT,2,0.0,0.0018868322499410253,0.0
ENSG00000254533,ENSG00000254533,2,0.0,0.0,0.0
ENSG00000254542,NAV2-AS3,2,0.0,0.0,0.0
ENSG00000254551,ENSG00000254551,2,0.0,0.0,0.0
ENSG00000254557,ENSG00000254557,2,0.0,0.0011765121197020157,0.0
ENSG00000254559,ENSG00000254559,2,0.0,0.0,0.0
ENSG00000254563,ENSG00000254563,2,0.0,0.0,0.0
ENSG00000254568,ENSG00000254568,2,0.0,0.0014656018028284912,0.0
ENSG00000254571,ENSG00000254571,2,0.0,0.0,0.0
ENSG00000254584,LINC03031,2,0.0,0.0,0.0
ENSG00000254587,ENSG00000254587,2,0.0,0.004170022497732727,0.0
ENSG00000254461,ENSG00000254461,2,0.0,0.0,0.0
ENSG00000254453,NAV2-AS2,2,0.0,0.0,0.0
ENSG00000254590,ENSG00000254590,2,0.0,0.00019410783796122648,0.0
ENSG00000254413,CHKB-CPT1B,2,0.0,0.0,0.0
ENSG00000254365,ENSG00000254365,2,0.0,0.0010889145357212868,0.0
ENSG00000254367,ENSG00000254367,2,0.0,0.011098753002197825,0.0
ENSG00000254380,ENSG00000254380,2,0.0,0.0023514868440266136,0.0
ENSG00000254388,DUTP2,2,0.0,0.0020956111672954672,0.0
ENSG00000254389,RHPN1-AS1,2,0.0,0.010206969999295091,0.0
ENSG00000254396,ENSG00000254396,2,0.0,0.0080473281387927,0.0
ENSG00000254397,ENSG00000254397,2,0.0,0.0008704202317103506,0.0
ENSG00000254399,GLYATL1P4,2,0.0,0.0,0.0
ENSG00000254401,LINC02752,2,0.0,0.0,0.0
ENSG00000254402,LRRC24,2,0.0,0.0,0.0
ENSG00000254409,ENSG00000254409,2,0.0,0.2641636745744474,0.0
ENSG00000254416,LINC02732,2,0.0,0.0,0.0
ENSG00000254452,ENSG00000254452,2,0.0,0.0,0.0
ENSG00000254422,ENSG00000254422,2,0.0,0.002303953050286488,0.0
ENSG00000254427,ENSG00000254427,2,0.0,0.0,0.0
ENSG00000254428,ENSG00000254428,2,0.0,0.0010512558634753315,0.0
ENSG00000254431,ENSG00000254431,2,0.0,0.0,0.0
ENSG00000254432,ENSG00000254432,2,0.0,0.0,0.0
ENSG00000254433,AASDHPPT-AS1,2,0.0,0.0,0.0
ENSG00000254441,EIF2S2P6,2,0.0,0.0006019629822615288,0.0
ENSG00000254444,ENSG00000254444,2,0.0,0.0007323130573396036,0.0
ENSG00000254445,HSPB2-C11orf52,2,0.0,0.001277559999867243,0.0
ENSG00000254447,ENSG00000254447,2,0.0,0.0,0.0
ENSG00000254451,CAPS2-AS1,2,0.0,0.0059272200673157836,0.0
ENSG00000254589,EIF4A2P3,2,0.0,0.008753742123740154,0.0
ENSG00000254595,ENSG00000254595,2,0.0,0.0,0.0
ENSG00000254821,ENSG00000254821,2,0.0,0.0024636894340504746,0.0
ENSG00000254760,SIGLEC10-AS2,2,0.0,0.0036343186198715956,0.0
ENSG00000254718,ENSG00000254718,2,0.0,0.0021624808933997874,0.0
ENSG00000254721,ENSG00000254721,2,0.0,0.013487332921680159,0.0
ENSG00000254730,ENSG00000254730,2,0.0,0.004492959163985725,0.0
ENSG00000254731,ENSG00000254731,2,0.0,0.0006220145805500432,0.0
ENSG00000254734,ENSG00000254734,2,0.0,0.0,0.0
ENSG00000254741,ENSG00000254741,2,0.0,0.000584855268256349,0.0
ENSG00000254744,ENSG00000254744,2,0.0,0.0014854956721903434,0.0
ENSG00000254746,ENSG00000254746,2,0.0,0.07815634404442239,0.0
ENSG00000254748,HNRNPCP8,2,0.0,0.00036094446101513414,0.0
ENSG00000254756,ENSG00000254756,2,0.0,0.0,0.0
ENSG00000254759,NAP1L1P1,2,0.0,0.01958358577614357,0.0
ENSG00000254768,SLC17A6-DT,2,0.0,0.0,0.0
ENSG00000254712,ENSG00000254712,2,0.0,0.0,0.0
ENSG00000254777,ENSG00000254777,2,0.0,0.0,0.0
ENSG00000254779,EGLN1P1,2,0.0,0.0077578472462528185,0.0
ENSG00000254783,ENSG00000254783,2,0.0,0.0,0.0
ENSG00000254786,ENSG00000254786,2,0.0,0.0,0.0
ENSG00000254788,CKLF-CMTM1,2,0.0,0.0,0.0
ENSG00000254789,ENSG00000254789,2,0.0,0.0,0.0
ENSG00000254790,ENSG00000254790,2,0.0,0.016197738594333246,0.0
ENSG00000254793,FDPSP4,2,0.0,0.0,0.0
ENSG00000254812,ENSG00000254812,2,0.0,0.00021555760518286482,0.0
ENSG00000254815,LMNTD2-AS1,2,0.0,0.01196771090025572,0.0
ENSG00000254819,ANO3-AS1,2,0.0,0.0,0.0
ENSG00000254717,GLYATL1P2,2,0.0,0.0003483228859342891,0.0
ENSG00000254710,ENSG00000254710,2,0.0,0.00013617503390462243,0.0
ENSG00000254598,CSNK2A3,2,0.0,0.001841183049790868,0.0
ENSG00000254656,RTL1,2,0.0,0.0010435079327462656,0.0
ENSG00000254599,ENSG00000254599,2,0.0,0.000664927309515594,0.0
ENSG00000254607,KIRREL3-AS4,2,0.0,0.0008235701159297503,0.0
ENSG00000254612,DNAJB6P1,2,0.0,0.071981201027984,0.0
ENSG00000254614,CAPN1-AS1,2,0.0,0.006523356601008503,0.0
ENSG00000254620,ENSG00000254620,2,0.0,0.009160073974841466,0.0
ENSG00000254622,NAV2-AS4,2,0.0,0.001311461487139028,0.0
ENSG00000254631,ENSG00000254631,2,0.0,5.6190506592010714e-05,0.0
ENSG00000254632,ENSG00000254632,2,0.0,0.0029184430757410885,0.0
ENSG00000254634,SMG1P6,2,0.0,0.0034542108466358366,0.0
ENSG00000254638,ENSG00000254638,2,0.0,0.0024852071524656314,0.0
ENSG00000254648,ENSG00000254648,2,0.0,0.0,0.0
ENSG00000254659,LINC02715,2,0.0,0.0,0.0
ENSG00000254705,ENSG00000254705,2,0.0,0.0,0.0
ENSG00000254662,ENSG00000254662,2,0.0,0.002110374171436133,0.0
ENSG00000254664,ENSG00000254664,2,0.0,0.011440340032852108,0.0
ENSG00000254669,ENSG00000254669,2,0.0,0.0,0.0
ENSG00000254670,RASSF10-DT,2,0.0,0.0019674503984250464,0.0
ENSG00000254672,WEE2P1,2,0.0,0.0,0.0
ENSG00000254673,ENSG00000254673,2,0.0,0.0,0.0
ENSG00000254681,PKD1P5,2,0.0,0.00328651450382537,0.0
ENSG00000254687,ENSG00000254687,2,0.0,0.0,0.0
ENSG00000254688,ENSG00000254688,2,0.0,0.002721308679145601,0.0
ENSG00000254695,ENSG00000254695,2,0.0,0.0,0.0
ENSG00000254701,ENSG00000254701,2,0.0,0.0,0.0
ENSG00000269984,ENSG00000269984,2,0.0,0.0,0.0
ENSG00000269985,FARS2-AS1,2,0.0,0.0024767321794460597,0.0
ENSG00000269987,ENSG00000269987,2,0.0,0.0,0.0
ENSG00000287169,ENSG00000287169,2,0.0,0.0050912739086108275,0.0
ENSG00000287238,ENSG00000287238,2,0.0,0.018085444053763673,0.0
ENSG00000287242,ENSG00000287242,2,0.0,0.0033710588203427786,0.0
ENSG00000287243,THCAT155,2,0.0,0.0016291997230613654,0.0
ENSG00000287245,ENSG00000287245,2,0.0,0.0,0.0
ENSG00000287248,ENSG00000287248,2,0.0,0.0021570359610100114,0.0
ENSG00000287252,ENSG00000287252,2,0.0,0.0011685901247801605,0.0
ENSG00000287254,ENSG00000287254,2,0.0,0.001791202203048978,0.0
ENSG00000287256,ENSG00000287256,2,0.0,0.011336252856764631,0.0
ENSG00000287258,ENSG00000287258,2,0.0,0.0003558210454841721,0.0
ENSG00000287260,ENSG00000287260,2,0.0,0.0,0.0
ENSG00000287261,HPS1-AS1,2,0.0,0.0,0.0
ENSG00000287262,ENSG00000287262,2,0.0,0.0036713394414466657,0.0
ENSG00000287263,ENSG00000287263,2,0.0,0.0,0.0
ENSG00000287264,ENSG00000287264,2,0.0,0.0012274200009575334,0.0
ENSG00000287265,ENSG00000287265,2,0.0,0.009729864066427913,0.0
ENSG00000287268,ENSG00000287268,2,0.0,0.0,0.0
ENSG00000287269,ENSG00000287269,2,0.0,0.0005673869866294588,0.0
ENSG00000287271,ENSG00000287271,2,0.0,0.0,0.0
ENSG00000287276,CNTNAP3P7,2,0.0,0.0007066319318005379,0.0
ENSG00000287277,ENSG00000287277,2,0.0,7.640163320913591e-05,0.0
ENSG00000287279,ENSG00000287279,2,0.0,0.003740869181207616,0.0
ENSG00000287280,ENSG00000287280,2,0.0,0.0,0.0
ENSG00000287281,ENSG00000287281,2,0.0,0.004922059571058477,0.0
ENSG00000287284,ENSG00000287284,2,0.0,0.013563872031565831,0.0
ENSG00000287286,ENSG00000287286,2,0.0,0.0,0.0
ENSG00000287237,ENSG00000287237,2,0.0,0.0016447385993902947,0.0
ENSG00000287236,ENSG00000287236,2,0.0,0.0,0.0
ENSG00000287234,ENSG00000287234,2,0.0,0.0,0.0
ENSG00000287201,ENSG00000287201,2,0.0,0.002084923660248031,0.0
ENSG00000287172,ENSG00000287172,2,0.0,0.0005721611960267612,0.0
ENSG00000287182,ENSG00000287182,2,0.0,0.001934684605549779,0.0
ENSG00000287183,ENSG00000287183,2,0.0,0.0027983277733245097,0.0
ENSG00000287188,ENSG00000287188,2,0.0,0.0,0.0
ENSG00000287189,ENSG00000287189,2,0.0,0.003139779470000861,0.0
ENSG00000287190,ENSG00000287190,2,0.0,0.0,0.0
ENSG00000287191,ENSG00000287191,2,0.0,0.0,0.0
ENSG00000287192,ENSG00000287192,2,0.0,0.008118255992621592,0.0
ENSG00000287193,ENSG00000287193,2,0.0,0.0,0.0
ENSG00000287195,ENSG00000287195,2,0.0,0.0,0.0
ENSG00000287200,ENSG00000287200,2,0.0,0.0017861040625216434,0.0
ENSG00000287202,ENSG00000287202,2,0.0,0.0,0.0
ENSG00000287229,ENSG00000287229,2,0.0,0.0002483345056078465,0.0
ENSG00000287203,ENSG00000287203,2,0.0,0.0,0.0
ENSG00000287205,ENSG00000287205,2,0.0,0.008273459014523001,0.0
ENSG00000287211,ENSG00000287211,2,0.0,0.028136288212491124,0.0
ENSG00000287213,ENSG00000287213,2,0.0,0.0,0.0
ENSG00000287216,ENSG00000287216,2,0.0,0.0,0.0
ENSG00000287219,ENSG00000287219,2,0.0,0.011076620852593685,0.0
ENSG00000287221,ENSG00000287221,2,0.0,0.0,0.0
ENSG00000287222,ENSG00000287222,2,0.0,0.029686325744026913,0.0
ENSG00000287224,ENSG00000287224,2,0.0,0.0,0.0
ENSG00000287225,ENSG00000287225,2,0.0,0.0,0.0
ENSG00000287226,ENSG00000287226,2,0.0,0.00012685107996725716,0.0
ENSG00000287288,FRG1BP,2,0.0,0.0021253811207021457,0.0
ENSG00000287293,ENSG00000287293,2,0.0,0.0057682039190122365,0.0
ENSG00000287296,ENSG00000287296,2,0.0,0.018941451174968055,0.0
ENSG00000287399,ENSG00000287399,2,0.0,0.002261000175100199,0.0
ENSG00000287377,ENSG00000287377,2,0.0,0.0,0.0
ENSG00000287378,ENSG00000287378,2,0.0,0.0007412076988123705,0.0
ENSG00000287379,ENSG00000287379,2,0.0,0.016677312185037936,0.0
ENSG00000287383,ENSG00000287383,2,0.0,0.0012885444859596395,0.0
ENSG00000287385,ENSG00000287385,2,0.0,0.0,0.0
ENSG00000287387,ENSG00000287387,2,0.0,0.0035471348302185206,0.0
ENSG00000287389,ENSG00000287389,2,0.0,0.0,0.0
ENSG00000287390,ENSG00000287390,2,0.0,0.0009431836636590186,0.0
ENSG00000287391,ENSG00000287391,2,0.0,0.0026816133033820025,0.0
ENSG00000287394,MAGEA3-DT,2,0.0,0.002212850540162618,0.0
ENSG00000287398,ENSG00000287398,2,0.0,0.01095965834727233,0.0
ENSG00000287400,ENSG00000287400,2,0.0,6.683004285962455e-05,0.0
ENSG00000287373,ENSG00000287373,2,0.0,0.0,0.0
ENSG00000287401,ENSG00000287401,2,0.0,0.0015672417063569777,0.0
ENSG00000287402,ENSG00000287402,2,0.0,0.0,0.0
ENSG00000287404,ENSG00000287404,2,0.0,0.0011455401868805096,0.0
ENSG00000287405,HDAC4-AS2,2,0.0,0.0,0.0
ENSG00000287408,ENSG00000287408,2,0.0,0.0,0.0
ENSG00000287410,ENSG00000287410,2,0.0,0.0,0.0
ENSG00000287413,ENSG00000287413,2,0.0,0.0012689579934925582,0.0
ENSG00000287414,ENSG00000287414,2,0.0,0.008334163316553221,0.0
ENSG00000287419,ENSG00000287419,2,0.0,0.0,0.0
ENSG00000287420,ENSG00000287420,2,0.0,0.0,0.0
ENSG00000287422,ENSG00000287422,2,0.0,0.0007474299132807773,0.0
ENSG00000287376,ENSG00000287376,2,0.0,0.0007176791664886297,0.0
ENSG00000287372,ENSG00000287372,2,0.0,0.003503182100528855,0.0
ENSG00000287307,ENSG00000287307,2,0.0,0.0,0.0
ENSG00000287340,ENSG00000287340,2,0.0,0.0008421966682649096,0.0
ENSG00000287310,ENSG00000287310,2,0.0,0.0,0.0
ENSG00000287312,ENSG00000287312,2,0.0,0.015519069041703033,0.0
ENSG00000287315,ENSG00000287315,2,0.0,0.002047771794237439,0.0
ENSG00000287316,ENSG00000287316,2,0.0,0.0,0.0
ENSG00000287317,ENSG00000287317,2,0.0,0.019404663564384684,0.0
ENSG00000287321,ENSG00000287321,2,0.0,0.013890583751520474,0.0
ENSG00000287322,ENSG00000287322,2,0.0,0.0,0.0
ENSG00000287326,ENSG00000287326,2,0.0,0.0,0.0
ENSG00000287329,ENSG00000287329,2,0.0,0.0018602869637412598,0.0
ENSG00000287332,ENSG00000287332,2,0.0,0.03253446544599098,0.0
ENSG00000287335,ENSG00000287335,2,0.0,0.0,0.0
ENSG00000287343,ENSG00000287343,2,0.0,0.0,0.0
ENSG00000287370,ENSG00000287370,2,0.0,0.0,0.0
ENSG00000287346,ENSG00000287346,2,0.0,0.001134318699400837,0.0
ENSG00000287347,ENSG00000287347,2,0.0,0.0,0.0
ENSG00000287350,ENSG00000287350,2,0.0,0.0,0.0
ENSG00000287352,ENSG00000287352,2,0.0,0.0458476310503709,0.0
ENSG00000287354,ENSG00000287354,2,0.0,0.008649231068695383,0.0
ENSG00000287356,ENSG00000287356,2,0.0,0.0,0.0
ENSG00000287358,ENSG00000287358,2,0.0,0.0020275846725836717,0.0
ENSG00000287360,ENSG00000287360,2,0.0,0.020506583176336843,0.0
ENSG00000287362,ENSG00000287362,2,0.0,0.0,0.0
ENSG00000287367,ENSG00000287367,2,0.0,0.026362758094959686,0.0
ENSG00000287368,ENSG00000287368,2,0.0,0.02084013615114754,0.0
ENSG00000287170,ENSG00000287170,2,0.0,0.0,0.0
ENSG00000287168,ENSG00000287168,2,0.0,0.001591649677068207,0.0
ENSG00000269993,ENSG00000269993,2,0.0,0.0008697886567799876,0.0
ENSG00000287166,ENSG00000287166,2,0.0,0.0077161989537680616,0.0
ENSG00000286974,ENSG00000286974,2,0.0,0.006876723000775514,0.0
ENSG00000286975,ENSG00000286975,2,0.0,0.0,0.0
ENSG00000286976,ENSG00000286976,2,0.0,0.0,0.0
ENSG00000286977,ENSG00000286977,2,0.0,0.0,0.0
ENSG00000286982,ENSG00000286982,2,0.0,0.0,0.0
ENSG00000286984,ENSG00000286984,2,0.0,0.0,0.0
ENSG00000286985,ENSG00000286985,2,0.0,0.0013500630999801842,0.0
ENSG00000286989,ENSG00000286989,2,0.0,0.002579898866009588,0.0
ENSG00000286990,ENSG00000286990,2,0.0,0.0010118164348119868,0.0
ENSG00000286992,ENSG00000286992,2,0.0,0.0,0.0
ENSG00000286997,ENSG00000286997,2,0.0,0.001197476995713912,0.0
ENSG00000287001,ENSG00000287001,2,0.0,0.0,0.0
ENSG00000287005,ENSG00000287005,2,0.0,0.0,0.0
ENSG00000287011,ENSG00000287011,2,0.0,0.0,0.0
ENSG00000287016,ENSG00000287016,2,0.0,0.0,0.0
ENSG00000287021,ENSG00000287021,2,0.0,0.0011759097983137607,0.0
ENSG00000287026,ENSG00000287026,2,0.0,0.004302399186989024,0.0
ENSG00000287027,ENSG00000287027,2,0.0,0.0009974895514212531,0.0
ENSG00000287029,ENSG00000287029,2,0.0,0.002094452214682626,0.0
ENSG00000287030,ENSG00000287030,2,0.0,0.002331606922045564,0.0
ENSG00000287031,ENSG00000287031,2,0.0,0.0,0.0
ENSG00000287032,ENSG00000287032,2,0.0,0.002345665236911879,0.0
ENSG00000287033,ENSG00000287033,2,0.0,0.0,0.0
ENSG00000287037,ENSG00000287037,2,0.0,0.0003113140933276613,0.0
ENSG00000287038,ENSG00000287038,2,0.0,7.026664973941365e-05,0.0
ENSG00000286971,ENSG00000286971,2,0.0,0.0008367127951291771,0.0
ENSG00000286970,ENSG00000286970,2,0.0,0.0,0.0
ENSG00000286966,ENSG00000286966,2,0.0,0.0,0.0
ENSG00000286938,ENSG00000286938,2,0.0,0.0046803441816878335,0.0
ENSG00000286899,ENSG00000286899,2,0.0,0.0006352055865958526,0.0
ENSG00000286901,ENSG00000286901,2,0.0,0.0010405893707193586,0.0
ENSG00000286904,ENSG00000286904,2,0.0,0.0,0.0
ENSG00000286905,ENSG00000286905,2,0.0,0.0,0.0
ENSG00000286909,ENSG00000286909,2,0.0,0.0007763187873377701,0.0
ENSG00000286911,ENSG00000286911,2,0.0,0.1306984089821651,0.0
ENSG00000286913,ENSG00000286913,2,0.0,0.006897618953666784,0.0
ENSG00000286915,ENSG00000286915,2,0.0,0.00033742593344180706,0.0
ENSG00000286923,ENSG00000286923,2,0.0,0.0012196650670567555,0.0
ENSG00000286931,ENSG00000286931,2,0.0,0.030071508284862877,0.0
ENSG00000286937,ENSG00000286937,2,0.0,0.0,0.0
ENSG00000286940,MICB-DT,2,0.0,0.0,0.0
ENSG00000286965,ENSG00000286965,2,0.0,0.0,0.0
ENSG00000286943,ENSG00000286943,2,0.0,0.003382950927012221,0.0
ENSG00000286950,ENSG00000286950,2,0.0,0.0009966860480146932,0.0
ENSG00000286951,ENSG00000286951,2,0.0,0.00683985289125224,0.0
ENSG00000286952,ENSG00000286952,2,0.0,0.0016332481859418105,0.0
ENSG00000286953,ENSG00000286953,2,0.0,0.023339883303324514,0.0
ENSG00000286954,ENSG00000286954,2,0.0,0.0,0.0
ENSG00000286957,ENSG00000286957,2,0.0,0.007166586228435588,0.0
ENSG00000286959,ENSG00000286959,2,0.0,0.0,0.0
ENSG00000286960,ENSG00000286960,2,0.0,0.02809611874207246,0.0
ENSG00000286961,ENSG00000286961,2,0.0,0.00022924688212814812,0.0
ENSG00000286964,ENSG00000286964,2,0.0,0.002968493552637032,0.0
ENSG00000287041,ENSG00000287041,2,0.0,0.006085575125797681,0.0
ENSG00000287047,ENSG00000287047,2,0.0,9.355442061698175e-05,0.0
ENSG00000287051,KRT86-AS1,2,0.0,0.0009484008251648945,0.0
ENSG00000287142,ENSG00000287142,2,0.0,0.0,0.0
ENSG00000287121,ENSG00000287121,2,0.0,0.01848628707113796,0.0
ENSG00000287122,ENSG00000287122,2,0.0,0.0,0.0
ENSG00000287124,ENSG00000287124,2,0.0,0.0003664541744438143,0.0
ENSG00000287125,ENSG00000287125,2,0.0,0.0,0.0
ENSG00000287126,ENSG00000287126,2,0.0,0.0,0.0
ENSG00000287130,ENSG00000287130,2,0.0,0.0,0.0
ENSG00000287132,ENSG00000287132,2,0.0,0.027643111737247,0.0
ENSG00000287133,ENSG00000287133,2,0.0,0.0,0.0
ENSG00000287134,ENSG00000287134,2,0.0,0.0,0.0
ENSG00000287135,ENSG00000287135,2,0.0,0.0004984073381194943,0.0
ENSG00000287139,ENSG00000287139,2,0.0,0.0,0.0
ENSG00000287146,ENSG00000287146,2,0.0,0.0012216195518723492,0.0
ENSG00000287110,ACAD9-DT,2,0.0,0.0,0.0
ENSG00000287148,LINCADL,2,0.0,0.0004415731189845158,0.0
ENSG00000287149,ENSG00000287149,2,0.0,0.0010262588727711908,0.0
ENSG00000287150,ENSG00000287150,2,0.0,0.0011097002059050388,0.0
ENSG00000287153,ENSG00000287153,2,0.0,0.0,0.0
ENSG00000287154,ENSG00000287154,2,0.0,0.0,0.0
ENSG00000287155,ENSG00000287155,2,0.0,0.0,0.0
ENSG00000287157,ENSG00000287157,2,0.0,0.011740899445089641,0.0
ENSG00000287158,ENSG00000287158,2,0.0,0.02120886239661169,0.0
ENSG00000287159,ENSG00000287159,2,0.0,0.0,0.0
ENSG00000287161,ENSG00000287161,2,0.0,0.0012908676152434855,0.0
ENSG00000287164,ENSG00000287164,2,0.0,0.0,0.0
ENSG00000287115,LINC02993,2,0.0,6.380118330894697e-05,0.0
ENSG00000287109,ENSG00000287109,2,0.0,0.0,0.0
ENSG00000287054,ENSG00000287054,2,0.0,0.010910057002444884,0.0
ENSG00000287077,ENSG00000287077,2,0.0,0.0,0.0
ENSG00000287055,ENSG00000287055,2,0.0,0.0,0.0
ENSG00000287058,ENSG00000287058,2,0.0,0.0,0.0
ENSG00000287059,ENSG00000287059,2,0.0,0.00785964741569109,0.0
ENSG00000287061,ENSG00000287061,2,0.0,0.010211631698516318,0.0
ENSG00000287063,ENSG00000287063,2,0.0,0.0010249204283574581,0.0
ENSG00000287064,ENSG00000287064,2,0.0,0.0009968556212315888,0.0
ENSG00000287066,ENSG00000287066,2,0.0,0.0,0.0
ENSG00000287067,ENSG00000287067,2,0.0,0.0,0.0
ENSG00000287068,ENSG00000287068,2,0.0,0.003040732226787411,0.0
ENSG00000287069,ENSG00000287069,2,0.0,0.0,0.0
ENSG00000287076,ENSG00000287076,2,0.0,0.0006174941827695232,0.0
ENSG00000287078,ENSG00000287078,2,0.0,0.0,0.0
ENSG00000287106,ENSG00000287106,2,0.0,0.0002827675127895013,0.0
ENSG00000287080,H3C3,2,0.0,0.0,0.0
ENSG00000287081,ENSG00000287081,2,0.0,0.0026115843492966195,0.0
ENSG00000287083,ENSG00000287083,2,0.0,0.0,0.0
ENSG00000287085,ENSG00000287085,2,0.0,0.0,0.0
ENSG00000287086,ENSG00000287086,2,0.0,0.00035222293524634615,0.0
ENSG00000287087,ENSG00000287087,2,0.0,0.002298030150683621,0.0
ENSG00000287093,ENSG00000287093,2,0.0,0.010542293870166985,0.0
ENSG00000287094,ENSG00000287094,2,0.0,0.0,0.0
ENSG00000287099,ENSG00000287099,2,0.0,0.008141848780180722,0.0
ENSG00000287104,ENSG00000287104,2,0.0,0.0,0.0
ENSG00000287105,ENSG00000287105,2,0.0,0.0,0.0
ENSG00000287424,ENSG00000287424,2,0.0,0.0,0.0
ENSG00000287425,ENSG00000287425,2,0.0,0.00046573950065355226,0.0
ENSG00000287426,ENSG00000287426,2,0.0,0.0,0.0
ENSG00000287430,ENSG00000287430,2,0.0,0.0011879038772313116,0.0
ENSG00000287750,LINC03026,2,0.0,0.0,0.0
ENSG00000287754,ENSG00000287754,2,0.0,0.005141743966974202,0.0
ENSG00000287756,ENSG00000287756,2,0.0,0.08052721096841217,0.0
ENSG00000287757,ENSG00000287757,2,0.0,0.015582186763988811,0.0
ENSG00000287760,ENSG00000287760,2,0.0,0.0,0.0
ENSG00000287763,ENSG00000287763,2,0.0,0.0,0.0
ENSG00000287765,ENSG00000287765,2,0.0,0.0,0.0
ENSG00000287766,ENSG00000287766,2,0.0,0.008845100266624523,0.0
ENSG00000287769,ENSG00000287769,2,0.0,0.0002444831038330563,0.0
ENSG00000287773,ENSG00000287773,2,0.0,0.0,0.0
ENSG00000287775,ENSG00000287775,2,0.0,0.0,0.0
ENSG00000287777,ENSG00000287777,2,0.0,0.01604284507229359,0.0
ENSG00000287780,ENSG00000287780,2,0.0,0.0745118005995722,0.0
ENSG00000287781,ENSG00000287781,2,0.0,0.0018969650532112993,0.0
ENSG00000287782,ENSG00000287782,2,0.0,0.0055077718197016744,0.0
ENSG00000287783,ENSG00000287783,2,0.0,0.0,0.0
ENSG00000287786,ENSG00000287786,2,0.0,0.0,0.0
ENSG00000287789,ENSG00000287789,2,0.0,6.429326476177848e-06,0.0
ENSG00000287795,ENSG00000287795,2,0.0,0.008173786740517075,0.0
ENSG00000287799,ENSG00000287799,2,0.0,0.0,0.0
ENSG00000287801,ENSG00000287801,2,0.0,0.0,0.0
ENSG00000287804,ENSG00000287804,2,0.0,0.007611991502773006,0.0
ENSG00000287805,ENSG00000287805,2,0.0,0.03522259639549511,0.0
ENSG00000287806,ENSG00000287806,2,0.0,0.005826587095511327,0.0
ENSG00000287807,ENSG00000287807,2,0.0,0.00024401485593285687,0.0
ENSG00000287749,ENSG00000287749,2,0.0,0.0,0.0
ENSG00000287743,ENSG00000287743,2,0.0,0.0024804503237181837,0.0
ENSG00000287742,ENSG00000287742,2,0.0,0.0,0.0
ENSG00000287713,ENSG00000287713,2,0.0,0.0,0.0
ENSG00000287693,ENSG00000287693,2,0.0,0.0033883146575493044,0.0
ENSG00000287694,ENSG00000287694,2,0.0,0.0008717325795603095,0.0
ENSG00000287697,ENSG00000287697,2,0.0,0.047365476536606714,0.0
ENSG00000287698,ENSG00000287698,2,0.0,0.0,0.0
ENSG00000287702,ENSG00000287702,2,0.0,0.0,0.0
ENSG00000287706,ENSG00000287706,2,0.0,0.0,0.0
ENSG00000287707,ENSG00000287707,2,0.0,0.002342315981731673,0.0
ENSG00000287708,ENSG00000287708,2,0.0,0.0,0.0
ENSG00000287709,ENSG00000287709,2,0.0,0.0001522013460545203,0.0
ENSG00000287710,ENSG00000287710,2,0.0,0.12933364074113926,0.0
ENSG00000287712,ENSG00000287712,2,0.0,0.0020762611306570727,0.0
ENSG00000287715,ENSG00000287715,2,0.0,0.0,0.0
ENSG00000287739,ENSG00000287739,2,0.0,0.0036127782974653727,0.0
ENSG00000287721,ENSG00000287721,2,0.0,0.0014505044307744751,0.0
ENSG00000287722,ENSG00000287722,2,0.0,0.0,0.0
ENSG00000287724,ENSG00000287724,2,0.0,0.0,0.0
ENSG00000287726,ENSG00000287726,2,0.0,0.001588900621494001,0.0
ENSG00000287729,ENSG00000287729,2,0.0,0.002643121996252295,0.0
ENSG00000287731,ENSG00000287731,2,0.0,0.0014106349095147459,0.0
ENSG00000287732,ENSG00000287732,2,0.0,0.0003363871231695342,0.0
ENSG00000287733,ENSG00000287733,2,0.0,0.0,0.0
ENSG00000287735,ENSG00000287735,2,0.0,0.0,0.0
ENSG00000287737,ENSG00000287737,2,0.0,0.0028193491378903724,0.0
ENSG00000287738,ENSG00000287738,2,0.0,0.0016474512712803544,0.0
ENSG00000287808,DHX9-AS1,2,0.0,0.0006386059088927142,0.0
ENSG00000287809,ENSG00000287809,2,0.0,0.0015517864405793019,0.0
ENSG00000287814,ENSG00000287814,2,0.0,0.0016449792481665728,0.0
ENSG00000287901,ENSG00000287901,2,0.0,0.0010459951565966583,0.0
ENSG00000287878,ENSG00000287878,2,0.0,0.0,0.0
ENSG00000287879,ENSG00000287879,2,0.0,0.00034699221822389074,0.0
ENSG00000287881,ENSG00000287881,2,0.0,0.000973585011184138,0.0
ENSG00000287886,ENSG00000287886,2,0.0,0.0,0.0
ENSG00000287891,ENSG00000287891,2,0.0,0.0,0.0
ENSG00000287892,ENSG00000287892,2,0.0,0.007012751899579023,0.0
ENSG00000287894,ENSG00000287894,2,0.0,0.0,0.0
ENSG00000287895,ENSG00000287895,2,0.0,0.0,0.0
ENSG00000287896,ENSG00000287896,2,0.0,0.0,0.0
ENSG00000287898,ENSG00000287898,2,0.0,0.0006289690986804034,0.0
ENSG00000287899,ENSG00000287899,2,0.0,0.0,0.0
ENSG00000287903,ENSG00000287903,2,0.0,0.009899977141618778,0.0
ENSG00000287876,ENSG00000287876,2,0.0,0.0,0.0
ENSG00000287906,ENSG00000287906,2,0.0,0.0,0.0
ENSG00000287907,ENSG00000287907,2,0.0,1.8853352999556546e-06,0.0
ENSG00000287910,ENSG00000287910,2,0.0,0.0,0.0
ENSG00000287912,ENSG00000287912,2,0.0,0.013552655570727726,0.0
ENSG00000287913,ENSG00000287913,2,0.0,0.0011397104443112201,0.0
ENSG00000287915,ENSG00000287915,2,0.0,0.004438147726451864,0.0
ENSG00000287916,ENSG00000287916,2,0.0,0.015955029785032836,0.0
ENSG00000287917,ENSG00000287917,2,0.0,0.0,0.0
ENSG00000287919,ENSG00000287919,2,0.0,0.0,0.0
ENSG00000287920,ENSG00000287920,2,0.0,0.0006095659462990957,0.0
ENSG00000287922,ENSG00000287922,2,0.0,0.0,0.0
ENSG00000287877,ENSG00000287877,2,0.0,0.0,0.0
ENSG00000287875,ENSG00000287875,2,0.0,0.0200519460306147,0.0
ENSG00000287815,ENSG00000287815,2,0.0,0.0,0.0
ENSG00000287843,ENSG00000287843,2,0.0,0.0,0.0
ENSG00000287816,ENSG00000287816,2,0.0,0.0,0.0
ENSG00000287820,ENSG00000287820,2,0.0,0.0,0.0
ENSG00000287825,ENSG00000287825,2,0.0,0.012918012098665306,0.0
ENSG00000287828,ENSG00000287828,2,0.0,0.0014027562419891759,0.0
ENSG00000287829,ENSG00000287829,2,0.0,0.012347664561894775,0.0
ENSG00000287830,ENSG00000287830,2,0.0,0.0,0.0
ENSG00000287833,ENSG00000287833,2,0.0,0.0015204127705437784,0.0
ENSG00000287834,ENSG00000287834,2,0.0,0.0,0.0
ENSG00000287836,ENSG00000287836,2,0.0,0.0028206807621926865,0.0
ENSG00000287838,ENSG00000287838,2,0.0,0.005997624616715172,0.0
ENSG00000287839,ENSG00000287839,2,0.0,0.0037580619835111103,0.0
ENSG00000287844,ENSG00000287844,2,0.0,0.0,0.0
ENSG00000287870,ENSG00000287870,2,0.0,0.0014621715952783754,0.0
ENSG00000287849,ENSG00000287849,2,0.0,0.0,0.0
ENSG00000287851,ENSG00000287851,2,0.0,0.0,0.0
ENSG00000287853,ENSG00000287853,2,0.0,0.0,0.0
ENSG00000287855,ENSG00000287855,2,0.0,0.0070355179661354805,0.0
ENSG00000287857,ENSG00000287857,2,0.0,0.0,0.0
ENSG00000287858,ENSG00000287858,2,0.0,0.032414987291567395,0.0
ENSG00000287859,ENSG00000287859,2,0.0,0.025092591085760292,0.0
ENSG00000287860,ENSG00000287860,2,0.0,0.0,0.0
ENSG00000287861,ENSG00000287861,2,0.0,0.004268062458127872,0.0
ENSG00000287866,ENSG00000287866,2,0.0,0.0,0.0
ENSG00000287868,ENSG00000287868,2,0.0,0.01824844946725431,0.0
ENSG00000287691,ENSG00000287691,2,0.0,0.004492577476453773,0.0
ENSG00000287688,ENSG00000287688,2,0.0,0.0002802353480616669,0.0
ENSG00000287687,ENSG00000287687,2,0.0,0.0,0.0
ENSG00000287528,ENSG00000287528,2,0.0,0.0,0.0
ENSG00000287506,ENSG00000287506,2,0.0,0.0,0.0
ENSG00000287507,ENSG00000287507,2,0.0,0.0,0.0
ENSG00000287508,ENSG00000287508,2,0.0,0.32825413881787585,0.0
ENSG00000287511,ENSG00000287511,2,0.0,0.0,0.0
ENSG00000287513,ENSG00000287513,2,0.0,0.0,0.0
ENSG00000287516,ENSG00000287516,2,0.0,0.053249679292084025,0.0
ENSG00000287520,ENSG00000287520,2,0.0,0.0015163727086939603,0.0
ENSG00000287524,ENSG00000287524,2,0.0,0.0,0.0
ENSG00000287525,ENSG00000287525,2,0.0,0.0,0.0
ENSG00000287526,ENSG00000287526,2,0.0,0.0,0.0
ENSG00000287527,ENSG00000287527,2,0.0,0.0,0.0
ENSG00000287532,ENSG00000287532,2,0.0,0.0007221179784929296,0.0
ENSG00000287500,ENSG00000287500,2,0.0,0.005602673580934288,0.0
ENSG00000287533,ENSG00000287533,2,0.0,0.0015276398156252949,0.0
ENSG00000287535,ENSG00000287535,2,0.0,0.0,0.0
ENSG00000287539,ENSG00000287539,2,0.0,0.0,0.0
ENSG00000287542,HERC3,2,0.0,0.0,0.0
ENSG00000287544,ENSG00000287544,2,0.0,0.0,0.0
ENSG00000287545,ENSG00000287545,2,0.0,0.0,0.0
ENSG00000287548,ENSG00000287548,2,0.0,0.0,0.0
ENSG00000287549,ENSG00000287549,2,0.0,8.495544777979644e-05,0.0
ENSG00000287550,ENSG00000287550,2,0.0,0.0,0.0
ENSG00000287551,ENSG00000287551,2,0.0,0.009128066674863121,0.0
ENSG00000287552,ENSG00000287552,2,0.0,0.0,0.0
ENSG00000287503,ENSG00000287503,2,0.0,0.0012451361716916125,0.0
ENSG00000287496,ENSG00000287496,2,0.0,7.787809446820542e-05,0.0
ENSG00000287558,ENSG00000287558,2,0.0,0.0,0.0
ENSG00000287459,ENSG00000287459,2,0.0,0.01374799670860838,0.0
ENSG00000287434,ENSG00000287434,2,0.0,0.0018480231737694642,0.0
ENSG00000287437,ENSG00000287437,2,0.0,0.000523657522421643,0.0
ENSG00000287439,ENSG00000287439,2,0.0,0.0,0.0
ENSG00000287440,ENSG00000287440,2,0.0,0.0,0.0
ENSG00000287444,ENSG00000287444,2,0.0,0.0,0.0
ENSG00000287447,ENSG00000287447,2,0.0,0.0,0.0
ENSG00000287452,ENSG00000287452,2,0.0,0.08970140084998303,0.0
ENSG00000287453,ENSG00000287453,2,0.0,0.003676836893726165,0.0
ENSG00000287454,ENSG00000287454,2,0.0,0.0,0.0
ENSG00000287455,ENSG00000287455,2,0.0,0.0,0.0
ENSG00000287456,ENSG00000287456,2,0.0,0.0013736072919331935,0.0
ENSG00000287460,ENSG00000287460,2,0.0,0.006748228430978419,0.0
ENSG00000287494,ENSG00000287494,2,0.0,0.006961804447961465,0.0
ENSG00000287466,ENSG00000287466,2,0.0,0.003672098761252001,0.0
ENSG00000287469,ENSG00000287469,2,0.0,0.0,0.0
ENSG00000287470,ENSG00000287470,2,0.0,0.0,0.0
ENSG00000287473,ENSG00000287473,2,0.0,0.00046344468010945484,0.0
ENSG00000287474,ENSG00000287474,2,0.0,0.023021656018823822,0.0
ENSG00000287476,ENSG00000287476,2,0.0,0.0006046090680515521,0.0
ENSG00000287477,ENSG00000287477,2,0.0,0.0,0.0
ENSG00000287478,ENSG00000287478,2,0.0,0.0,0.0
ENSG00000287480,ENSG00000287480,2,0.0,0.0,0.0
ENSG00000287490,ENSG00000287490,2,0.0,0.0039399314941953745,0.0
ENSG00000287492,ENSG00000287492,2,0.0,0.0,0.0
ENSG00000287553,ENSG00000287553,2,0.0,0.0,0.0
ENSG00000287559,ENSG00000287559,2,0.0,0.03075111991686596,0.0
ENSG00000287685,ENSG00000287685,2,0.0,0.007638025951708158,0.0
ENSG00000287645,ENSG00000287645,2,0.0,0.015839374852187747,0.0
ENSG00000287623,ENSG00000287623,2,0.0,0.008693653077560383,0.0
ENSG00000287624,ENSG00000287624,2,0.0,0.0023926666575156547,0.0
ENSG00000287626,DTNBP1-AS1,2,0.0,0.0022865834544742274,0.0
ENSG00000287629,ENSG00000287629,2,0.0,0.004773969017323237,0.0
ENSG00000287630,ENSG00000287630,2,0.0,0.0,0.0
ENSG00000287631,ENSG00000287631,2,0.0,0.0,0.0
ENSG00000287635,ENSG00000287635,2,0.0,0.0,0.0
ENSG00000287636,ENSG00000287636,2,0.0,0.0,0.0
ENSG00000287637,ENSG00000287637,2,0.0,0.001632781152449279,0.0
ENSG00000287642,ENSG00000287642,2,0.0,0.028317309291595084,0.0
ENSG00000287643,ENSG00000287643,2,0.0,0.0023237388737099183,0.0
ENSG00000287646,ENSG00000287646,2,0.0,0.0043210324937943325,0.0
ENSG00000287619,ENSG00000287619,2,0.0,0.00020075984949739946,0.0
ENSG00000287651,ENSG00000287651,2,0.0,0.0,0.0
ENSG00000287655,ENSG00000287655,2,0.0,0.0,0.0
ENSG00000287656,ENSG00000287656,2,0.0,0.025896652107255183,0.0
ENSG00000287657,ENSG00000287657,2,0.0,0.0,0.0
ENSG00000287670,ENSG00000287670,2,0.0,0.0,0.0
ENSG00000287672,ENSG00000287672,2,0.0,0.0034816129721320075,0.0
ENSG00000287673,ENSG00000287673,2,0.0,0.014856137169799105,0.0
ENSG00000287676,ENSG00000287676,2,0.0,0.0,0.0
ENSG00000287678,ENSG00000287678,2,0.0,0.0,0.0
ENSG00000287679,ENSG00000287679,2,0.0,0.0,0.0
ENSG00000287682,ENSG00000287682,2,0.0,0.007280088271438638,0.0
ENSG00000287620,ENSG00000287620,2,0.0,0.0,0.0
ENSG00000287618,ENSG00000287618,2,0.0,0.0,0.0
ENSG00000287563,ENSG00000287563,2,0.0,0.0050599905419020045,0.0
ENSG00000287584,ENSG00000287584,2,0.0,0.0,0.0
ENSG00000287564,ENSG00000287564,2,0.0,0.0016262928896218797,0.0
ENSG00000287567,ENSG00000287567,2,0.0,0.0,0.0
ENSG00000287569,ENSG00000287569,2,0.0,0.0,0.0
ENSG00000287574,ENSG00000287574,2,0.0,0.0035887492174055797,0.0
ENSG00000287575,ENSG00000287575,2,0.0,0.24576689385864692,0.0
ENSG00000287576,ENSG00000287576,2,0.0,0.0,0.0
ENSG00000287577,ENSG00000287577,2,0.0,0.0008545867946626391,0.0
ENSG00000287578,ENSG00000287578,2,0.0,0.0036810330211625893,0.0
ENSG00000287579,ENSG00000287579,2,0.0,0.0,0.0
ENSG00000287580,ENSG00000287580,2,0.0,0.004201233903854229,0.0
ENSG00000287581,ENSG00000287581,2,0.0,0.0,0.0
ENSG00000287591,ENSG00000287591,2,0.0,0.0,0.0
ENSG00000287617,ENSG00000287617,2,0.0,0.0,0.0
ENSG00000287593,ENSG00000287593,2,0.0,0.0,0.0
ENSG00000287594,ENSG00000287594,2,0.0,0.02280751838756033,0.0
ENSG00000287595,ENSG00000287595,2,0.0,0.02791085061844529,0.0
ENSG00000287596,ENSG00000287596,2,0.0,0.0007790322155622711,0.0
ENSG00000287598,ENSG00000287598,2,0.0,0.0,0.0
ENSG00000287600,ENSG00000287600,2,0.0,0.0006482856181444295,0.0
ENSG00000287601,ENSG00000287601,2,0.0,0.0,0.0
ENSG00000287603,ENSG00000287603,2,0.0,0.0047060994200458965,0.0
ENSG00000287608,ENSG00000287608,2,0.0,0.008158234520501111,0.0
ENSG00000287613,ENSG00000287613,2,0.0,0.004847825253614216,0.0
ENSG00000287616,ENSG00000287616,2,0.0,0.011974939331261737,0.0
ENSG00000286898,ENSG00000286898,2,0.0,0.0,0.0
ENSG00000286897,ENSG00000286897,2,0.0,0.0,0.0
ENSG00000286896,ENSG00000286896,2,0.0,0.0,0.0
ENSG00000286343,ENSG00000286343,2,0.0,0.004424890488085956,0.0
ENSG00000286150,ENSG00000286150,2,0.0,0.0004082648587358717,0.0
ENSG00000286152,ENSG00000286152,2,0.0,0.0,0.0
ENSG00000286153,RUNX1-AS1,2,0.0,0.0,0.0
ENSG00000286154,ENSG00000286154,2,0.0,0.0010072636853786228,0.0
ENSG00000286156,BMS1P23,2,0.0,0.0009018195544265318,0.0
ENSG00000286161,ENSG00000286161,2,0.0,0.0,0.0
ENSG00000286164,ENSG00000286164,2,0.0,0.0001679795242399406,0.0
ENSG00000286167,ENSG00000286167,2,0.0,0.0,0.0
ENSG00000286171,ENSG00000286171,2,0.0,0.0,0.0
ENSG00000286172,RNVU1-8,2,0.0,0.0003387486662993459,0.0
ENSG00000286174,ENSG00000286174,2,0.0,0.006062866675580423,0.0
ENSG00000286176,ENSG00000286176,2,0.0,0.0,0.0
ENSG00000286186,ENSG00000286186,2,0.0,0.0005221145262644303,0.0
ENSG00000286191,ENSG00000286191,2,0.0,0.0,0.0
ENSG00000286192,ENSG00000286192,2,0.0,0.0,0.0
ENSG00000286193,CPLANE1-AS1,2,0.0,0.019912812578569496,0.0
ENSG00000286196,ENSG00000286196,2,0.0,0.0,0.0
ENSG00000286197,ENSG00000286197,2,0.0,0.0,0.0
ENSG00000286201,ENSG00000286201,2,0.0,0.0,0.0
ENSG00000286205,ENSG00000286205,2,0.0,0.0005332503992874238,0.0
ENSG00000286206,ENSG00000286206,2,0.0,0.029313444589539335,0.0
ENSG00000286207,ENSG00000286207,2,0.0,0.008632498334001943,0.0
ENSG00000286216,ENSG00000286216,2,0.0,0.0028468007002174435,0.0
ENSG00000286218,ENSG00000286218,2,0.0,0.0025721366565987914,0.0
ENSG00000286223,ENSG00000286223,2,0.0,0.0,0.0
ENSG00000286147,ENSG00000286147,2,0.0,0.0,0.0
ENSG00000286144,ENSG00000286144,2,0.0,0.0,0.0
ENSG00000286138,ENSG00000286138,2,0.0,0.0014031661185612433,0.0
ENSG00000286104,ENSG00000286104,2,0.0,0.0,0.0
ENSG00000286076,ENSG00000286076,2,0.0,0.0,0.0
ENSG00000286078,ENSG00000286078,2,0.0,0.005293494972117837,0.0
ENSG00000286082,ENSG00000286082,2,0.0,0.0007059208548205042,0.0
ENSG00000286084,ENSG00000286084,2,0.0,0.0,0.0
ENSG00000286085,ENSG00000286085,2,0.0,0.0,0.0
ENSG00000286086,TMEM41A-DT,2,0.0,0.0,0.0
ENSG00000286089,ENSG00000286089,2,0.0,0.008019464139776854,0.0
ENSG00000286092,ENSG00000286092,2,0.0,0.006673588162673839,0.0
ENSG00000286093,ENSG00000286093,2,0.0,0.07968091064170721,0.0
ENSG00000286099,ENSG00000286099,2,0.0,0.00023893737062882778,0.0
ENSG00000286100,ENSG00000286100,2,0.0,0.0005585534520823298,0.0
ENSG00000286106,NOTCH2NLR,2,0.0,0.0,0.0
ENSG00000286134,ENSG00000286134,2,0.0,0.0,0.0
ENSG00000286112,KYAT1,2,0.0,0.005877846598733861,0.0
ENSG00000286113,ENSG00000286113,2,0.0,0.0,0.0
ENSG00000286115,ENSG00000286115,2,0.0,0.0,0.0
ENSG00000286116,ENSG00000286116,2,0.0,0.0,0.0
ENSG00000286118,ENSG00000286118,2,0.0,0.0,0.0
ENSG00000286122,LINC02964,2,0.0,0.0,0.0
ENSG00000286123,ENSG00000286123,2,0.0,0.0,0.0
ENSG00000286125,ENSG00000286125,2,0.0,0.0,0.0
ENSG00000286127,ENSG00000286127,2,0.0,0.0,0.0
ENSG00000286128,ENSG00000286128,2,0.0,0.0038709525373836445,0.0
ENSG00000286133,ENSG00000286133,2,0.0,0.0,0.0
ENSG00000286225,ENSG00000286225,2,0.0,0.0,0.0
ENSG00000286226,ENSG00000286226,2,0.0,0.0005037218066739423,0.0
ENSG00000286227,ENSG00000286227,2,0.0,0.025551485472473063,0.0
ENSG00000286315,ENSG00000286315,2,0.0,0.0,0.0
ENSG00000286290,ENSG00000286290,2,0.0,0.0017196613249630633,0.0
ENSG00000286292,ENSG00000286292,2,0.0,0.0013112752428045625,0.0
ENSG00000286297,ENSG00000286297,2,0.0,0.0026491856293800755,0.0
ENSG00000286299,ENSG00000286299,2,0.0,0.006872838442643479,0.0
ENSG00000286302,ENSG00000286302,2,0.0,0.0,0.0
ENSG00000286305,ENSG00000286305,2,0.0,0.0,0.0
ENSG00000286307,ENSG00000286307,2,0.0,0.005981983945989471,0.0
ENSG00000286308,ENSG00000286308,2,0.0,0.0,0.0
ENSG00000286310,ENSG00000286310,2,0.0,0.0022843614719014046,0.0
ENSG00000286311,ENSG00000286311,2,0.0,0.0,0.0
ENSG00000286313,ENSG00000286313,2,0.0,0.003094084088627373,0.0
ENSG00000286316,ENSG00000286316,2,0.0,0.0,0.0
ENSG00000286285,ENSG00000286285,2,0.0,0.001253405449594846,0.0
ENSG00000286319,ENSG00000286319,2,0.0,0.0,0.0
ENSG00000286320,ENSG00000286320,2,0.0,0.0011176789560966662,0.0
ENSG00000286321,ENSG00000286321,2,0.0,0.0,0.0
ENSG00000286326,ENSG00000286326,2,0.0,0.0011102902482301655,0.0
ENSG00000286327,ENSG00000286327,2,0.0,0.0004943443382629603,0.0
ENSG00000286330,ENSG00000286330,2,0.0,0.007220253801296263,0.0
ENSG00000286333,ENSG00000286333,2,0.0,0.0,0.0
ENSG00000286334,ENSG00000286334,2,0.0,0.0,0.0
ENSG00000286335,ENSG00000286335,2,0.0,0.003404613123433442,0.0
ENSG00000286338,ENSG00000286338,2,0.0,0.0042537718816701015,0.0
ENSG00000286340,ENSG00000286340,2,0.0,0.00015159515431512942,0.0
ENSG00000286288,ENSG00000286288,2,0.0,0.012151962821270578,0.0
ENSG00000286282,ENSG00000286282,2,0.0,0.007212094465576801,0.0
ENSG00000286229,ENSG00000286229,2,0.0,0.016874787716778007,0.0
ENSG00000286251,ENSG00000286251,2,0.0,0.0,0.0
ENSG00000286230,ENSG00000286230,2,0.0,0.0,0.0
ENSG00000286232,ENSG00000286232,2,0.0,0.0,0.0
ENSG00000286234,ENSG00000286234,2,0.0,0.017348294980744635,0.0
ENSG00000286237,ARMCX5-GPRASP2,2,0.0,0.014421042153771609,0.0
ENSG00000286239,ENSG00000286239,2,0.0,0.0,0.0
ENSG00000286240,ENSG00000286240,2,0.0,0.00013353906837116383,0.0
ENSG00000286242,ENSG00000286242,2,0.0,0.001593138537504592,0.0
ENSG00000286244,ENSG00000286244,2,0.0,0.0,0.0
ENSG00000286245,ENSG00000286245,2,0.0,0.0,0.0
ENSG00000286248,ENSG00000286248,2,0.0,0.0,0.0
ENSG00000286249,ENSG00000286249,2,0.0,0.0,0.0
ENSG00000286253,ENSG00000286253,2,0.0,0.013571211463635002,0.0
ENSG00000286281,ENSG00000286281,2,0.0,0.006913994835779591,0.0
ENSG00000286254,ENSG00000286254,2,0.0,0.0,0.0
ENSG00000286259,ENSG00000286259,2,0.0,0.0,0.0
ENSG00000286262,ENSG00000286262,2,0.0,0.0016556442615727968,0.0
ENSG00000286263,ENSG00000286263,2,0.0,0.0,0.0
ENSG00000286264,ENSG00000286264,2,0.0,5.3138700983994136e-05,0.0
ENSG00000286266,ENSG00000286266,2,0.0,0.00033953439652038093,0.0
ENSG00000286268,ENSG00000286268,2,0.0,0.0006693615317265477,0.0
ENSG00000286271,ENSG00000286271,2,0.0,0.0035033074775474788,0.0
ENSG00000286272,ENSG00000286272,2,0.0,0.0,0.0
ENSG00000286274,ENSG00000286274,2,0.0,0.0015306725080001602,0.0
ENSG00000286279,ENSG00000286279,2,0.0,0.0018557128809384234,0.0
ENSG00000286071,ENSG00000286071,2,0.0,0.0009741867929640621,0.0
ENSG00000286070,ENSG00000286070,2,0.0,0.005241920776321285,0.0
ENSG00000286069,ENSG00000286069,2,0.0,0.0,0.0
ENSG00000285902,ENSG00000285902,2,0.0,0.1204558888777819,0.0
ENSG00000285880,ENSG00000285880,2,0.0,0.01474609894109766,0.0
ENSG00000285881,ENSG00000285881,2,0.0,0.0,0.0
ENSG00000285884,ENSG00000285884,2,0.0,0.0,0.0
ENSG00000285887,ENSG00000285887,2,0.0,0.0003999928830792811,0.0
ENSG00000285889,ENSG00000285889,2,0.0,0.001273693324093684,0.0
ENSG00000285890,ENSG00000285890,2,0.0,0.03452827612456029,0.0
ENSG00000285894,ENSG00000285894,2,0.0,0.0004879798273715433,0.0
ENSG00000285897,ENSG00000285897,2,0.0,0.0018087669313609114,0.0
ENSG00000285898,ENSG00000285898,2,0.0,0.0,0.0
ENSG00000285899,ENSG00000285899,2,0.0,0.007470485642032809,0.0
ENSG00000285900,ENSG00000285900,2,0.0,0.009031643797849214,0.0
ENSG00000285904,ENSG00000285904,2,0.0,0.009812713432635917,0.0
ENSG00000285878,ENSG00000285878,2,0.0,0.006431459914693759,0.0
ENSG00000285907,ENSG00000285907,2,0.0,0.0,0.0
ENSG00000285909,ENSG00000285909,2,0.0,0.0,0.0
ENSG00000285911,ENSG00000285911,2,0.0,0.022690205787145645,0.0
ENSG00000285918,ENSG00000285918,2,0.0,0.0,0.0
ENSG00000285919,ENSG00000285919,2,0.0,0.0,0.0
ENSG00000285921,ENSG00000285921,2,0.0,0.0,0.0
ENSG00000285922,ENSG00000285922,2,0.0,0.000510433611758427,0.0
ENSG00000285923,ENSG00000285923,2,0.0,0.0013630839209440046,0.0
ENSG00000285926,ENSG00000285926,2,0.0,0.0002967816879576135,0.0
ENSG00000285933,ENSG00000285933,2,0.0,0.006884849285845551,0.0
ENSG00000285934,ENSG00000285934,2,0.0,0.000626979048591922,0.0
ENSG00000285879,ENSG00000285879,2,0.0,0.01641809170013829,0.0
ENSG00000285876,ENSG00000285876,2,0.0,0.0021128077519117047,0.0
ENSG00000285938,BCL6-AS1,2,0.0,0.0,0.0
ENSG00000285848,ENSG00000285848,2,0.0,0.0007389470815205288,0.0
ENSG00000285826,ENSG00000285826,2,0.0,0.01896955907471822,0.0
ENSG00000285830,ENSG00000285830,2,0.0,0.002111618420062439,0.0
ENSG00000285836,ENSG00000285836,2,0.0,0.0,0.0
ENSG00000285837,ENSG00000285837,2,0.0,0.2170365746340669,0.0
ENSG00000285838,ENSG00000285838,2,0.0,0.00014818043158081753,0.0
ENSG00000285840,ENSG00000285840,2,0.0,0.0,0.0
ENSG00000285841,ENSG00000285841,2,0.0,0.0008592222608558403,0.0
ENSG00000285842,ENSG00000285842,2,0.0,0.0,0.0
ENSG00000285845,ENSG00000285845,2,0.0,0.0,0.0
ENSG00000285846,ENSG00000285846,2,0.0,0.0004541534389809301,0.0
ENSG00000285847,ENSG00000285847,2,0.0,0.0,0.0
ENSG00000285849,ENSG00000285849,2,0.0,0.0006173277024911288,0.0
ENSG00000285873,ENSG00000285873,2,0.0,0.0,0.0
ENSG00000285850,ENSG00000285850,2,0.0,0.0,0.0
ENSG00000285852,ENSG00000285852,2,0.0,0.0,0.0
ENSG00000285856,ENSG00000285856,2,0.0,0.0010560536138926112,0.0
ENSG00000285857,ENSG00000285857,2,0.0,0.004357824800047827,0.0
ENSG00000285864,ENSG00000285864,2,0.0,0.005517290646205268,0.0
ENSG00000285865,ENSG00000285865,2,0.0,0.0032861508960376784,0.0
ENSG00000285867,ENSG00000285867,2,0.0,0.0007511948722040601,0.0
ENSG00000285869,LINC02858,2,0.0,0.0,0.0
ENSG00000285870,ENSG00000285870,2,0.0,0.005175353147712262,0.0
ENSG00000285871,ENSG00000285871,2,0.0,0.002421352563562296,0.0
ENSG00000285872,ENSG00000285872,2,0.0,0.004330017146426722,0.0
ENSG00000285935,ENSG00000285935,2,0.0,0.0,0.0
ENSG00000285940,ENSG00000285940,2,0.0,0.0,0.0
ENSG00000286068,ENSG00000286068,2,0.0,0.0,0.0
ENSG00000286034,ENSG00000286034,2,0.0,0.0,0.0
ENSG00000286016,ENSG00000286016,2,0.0,0.015762632369389504,0.0
ENSG00000286018,ENSG00000286018,2,0.0,0.0,0.0
ENSG00000286020,ENSG00000286020,2,0.0,0.0009735726671421794,0.0
ENSG00000286021,LINC02822,2,0.0,0.0,0.0
ENSG00000286022,ENSG00000286022,2,0.0,0.032892146961759204,0.0
ENSG00000286023,ENSG00000286023,2,0.0,0.007506815221046986,0.0
ENSG00000286024,ENSG00000286024,2,0.0,0.0,0.0
ENSG00000286025,FAM246C,2,0.0,0.00038004752169363355,0.0
ENSG00000286026,ENSG00000286026,2,0.0,0.0008841070944058873,0.0
ENSG00000286028,MIR34BHG,2,0.0,0.004731777544998844,0.0
ENSG00000286031,ENSG00000286031,2,0.0,0.0,0.0
ENSG00000286035,ENSG00000286035,2,0.0,0.0,0.0
ENSG00000286004,ENSG00000286004,2,0.0,0.0,0.0
ENSG00000286037,ENSG00000286037,2,0.0,0.27910528814093977,0.0
ENSG00000286040,ENSG00000286040,2,0.0,0.0,0.0
ENSG00000286043,ENSG00000286043,2,0.0,0.004676891193989946,0.0
ENSG00000286045,ENSG00000286045,2,0.0,0.01208384813893599,0.0
ENSG00000286046,ENSG00000286046,2,0.0,0.0,0.0
ENSG00000286048,ENSG00000286048,2,0.0,0.0,0.0
ENSG00000286058,ENSG00000286058,2,0.0,0.20699379809776985,0.0
ENSG00000286060,ENSG00000286060,2,0.0,0.0,0.0
ENSG00000286061,RCAN3AS,2,0.0,0.0,0.0
ENSG00000286062,ENSG00000286062,2,0.0,0.0,0.0
ENSG00000286067,ENSG00000286067,2,0.0,0.035337440646801666,0.0
ENSG00000286015,ENSG00000286015,2,0.0,0.0,0.0
ENSG00000286003,ENSG00000286003,2,0.0,0.006169390050141318,0.0
ENSG00000285941,ENSG00000285941,2,0.0,0.020460481038887486,0.0
ENSG00000285964,ENSG00000285964,2,0.0,0.0023302485179841916,0.0
ENSG00000285943,SPICE1-CFAP44,2,0.0,0.0016929310872910055,0.0
ENSG00000285945,ENSG00000285945,2,0.0,0.00432820089136248,0.0
ENSG00000285948,ENSG00000285948,2,0.0,0.017921695947153257,0.0
ENSG00000285952,ENSG00000285952,2,0.0,0.0,0.0
ENSG00000285954,ENSG00000285954,2,0.0,0.0014476524311985985,0.0
ENSG00000285955,HTRA1-AS1,2,0.0,0.001328310650007576,0.0
ENSG00000285957,ENSG00000285957,2,0.0,0.0012276032642437322,0.0
ENSG00000285958,ENSG00000285958,2,0.0,0.0,0.0
ENSG00000285959,ENSG00000285959,2,0.0,0.0,0.0
ENSG00000285960,ENSG00000285960,2,0.0,0.003576999189750384,0.0
ENSG00000285961,ENSG00000285961,2,0.0,0.004397513997821749,0.0
ENSG00000285966,ENSG00000285966,2,0.0,0.0,0.0
ENSG00000286000,ENSG00000286000,2,0.0,0.003526263535360558,0.0
ENSG00000285968,ENSG00000285968,2,0.0,0.0,0.0
ENSG00000285970,ENSG00000285970,2,0.0,0.00019351615975039588,0.0
ENSG00000285973,ENSG00000285973,2,0.0,0.0,0.0
ENSG00000285978,ENSG00000285978,2,0.0,0.0,0.0
ENSG00000285979,ENSG00000285979,2,0.0,0.014819517127394913,0.0
ENSG00000285980,ENSG00000285980,2,0.0,0.0051044679246418055,0.0
ENSG00000285984,ENSG00000285984,2,0.0,0.0,0.0
ENSG00000285985,LINC02689,2,0.0,0.0056677687293024085,0.0
ENSG00000285987,ENSG00000285987,2,0.0,0.0051451307555936835,0.0
ENSG00000285991,ENSG00000285991,2,0.0,0.0017615215869853046,0.0
ENSG00000285996,ENSG00000285996,2,0.0,0.003943601501709836,0.0
ENSG00000286342,ENSG00000286342,2,0.0,0.0016127172989538925,0.0
ENSG00000286349,ENSG00000286349,2,0.0,0.0002322007971836955,0.0
ENSG00000286894,ENSG00000286894,2,0.0,0.004074831987781834,0.0
ENSG00000286351,ENSG00000286351,2,0.0,0.001423063807060893,0.0
ENSG00000286686,ENSG00000286686,2,0.0,0.0,0.0
ENSG00000286688,ENSG00000286688,2,0.0,0.01048959618200092,0.0
ENSG00000286689,ENSG00000286689,2,0.0,0.0013110266308316942,0.0
ENSG00000286691,ENSG00000286691,2,0.0,0.014144252990504095,0.0
ENSG00000286695,ENSG00000286695,2,0.0,0.0002893202058701553,0.0
ENSG00000286703,ENSG00000286703,2,0.0,0.0,0.0
ENSG00000286705,ENSG00000286705,2,0.0,0.0,0.0
ENSG00000286708,ENSG00000286708,2,0.0,0.006487506857119261,0.0
ENSG00000286712,ENSG00000286712,2,0.0,0.0,0.0
ENSG00000286717,ENSG00000286717,2,0.0,0.0,0.0
ENSG00000286719,ENSG00000286719,2,0.0,0.0,0.0
ENSG00000286722,ENSG00000286722,2,0.0,0.0,0.0
ENSG00000286723,ENSG00000286723,2,0.0,0.0,0.0
ENSG00000286728,ENSG00000286728,2,0.0,0.04450745679026237,0.0
ENSG00000286729,ENSG00000286729,2,0.0,0.0011085998647220143,0.0
ENSG00000286730,ENSG00000286730,2,0.0,0.008254192546601891,0.0
ENSG00000286732,ENSG00000286732,2,0.0,0.0016574732542850394,0.0
ENSG00000286733,LINC02348,2,0.0,0.14801198501869933,0.0
ENSG00000286735,ENSG00000286735,2,0.0,0.001793966632729554,0.0
ENSG00000286738,ENSG00000286738,2,0.0,0.0,0.0
ENSG00000286741,ENSG00000286741,2,0.0,0.00014738654399281605,0.0
ENSG00000286742,ENSG00000286742,2,0.0,0.0,0.0
ENSG00000286743,ENSG00000286743,2,0.0,0.0,0.0
ENSG00000286745,ENSG00000286745,2,0.0,0.0,0.0
ENSG00000286746,ENSG00000286746,2,0.0,0.0,0.0
ENSG00000286685,ENSG00000286685,2,0.0,0.0016895479375539416,0.0
ENSG00000286682,ENSG00000286682,2,0.0,0.003002040771142668,0.0
ENSG00000286679,ENSG00000286679,2,0.0,0.0,0.0
ENSG00000286643,ENSG00000286643,2,0.0,0.0,0.0
ENSG00000286616,ENSG00000286616,2,0.0,0.0,0.0
ENSG00000286618,ENSG00000286618,2,0.0,0.0102166425552047,0.0
ENSG00000286623,ENSG00000286623,2,0.0,0.008157570488123243,0.0
ENSG00000286626,ENSG00000286626,2,0.0,0.004186749366206823,0.0
ENSG00000286627,ENSG00000286627,2,0.0,0.0,0.0
ENSG00000286628,ENSG00000286628,2,0.0,0.009054113107906292,0.0
ENSG00000286631,ENSG00000286631,2,0.0,0.004018821475598146,0.0
ENSG00000286632,ENSG00000286632,2,0.0,0.0,0.0
ENSG00000286637,ENSG00000286637,2,0.0,4.0115009321946174e-05,0.0
ENSG00000286640,ENSG00000286640,2,0.0,0.0,0.0
ENSG00000286642,ENSG00000286642,2,0.0,0.0,0.0
ENSG00000286644,ENSG00000286644,2,0.0,0.0,0.0
ENSG00000286677,ENSG00000286677,2,0.0,0.0,0.0
ENSG00000286645,ENSG00000286645,2,0.0,0.00873739395312079,0.0
ENSG00000286650,ENSG00000286650,2,0.0,0.0,0.0
ENSG00000286655,ENSG00000286655,2,0.0,0.0015049468174176427,0.0
ENSG00000286658,ENSG00000286658,2,0.0,0.0,0.0
ENSG00000286659,ENSG00000286659,2,0.0,0.000909408323628483,0.0
ENSG00000286664,ENSG00000286664,2,0.0,0.0,0.0
ENSG00000286669,ENSG00000286669,2,0.0,0.0,0.0
ENSG00000286670,ENSG00000286670,2,0.0,0.0001545595590978076,0.0
ENSG00000286671,ENSG00000286671,2,0.0,0.0029505523136279304,0.0
ENSG00000286672,ENSG00000286672,2,0.0,0.003944922712251186,0.0
ENSG00000286675,ENSG00000286675,2,0.0,0.0,0.0
ENSG00000286747,ENSG00000286747,2,0.0,0.0,0.0
ENSG00000286749,ENSG00000286749,2,0.0,0.0,0.0
ENSG00000286751,ENSG00000286751,2,0.0,0.0019002112084139861,0.0
ENSG00000286869,ENSG00000286869,2,0.0,0.0004949116127736708,0.0
ENSG00000286839,ENSG00000286839,2,0.0,0.0026931916297198897,0.0
ENSG00000286840,ENSG00000286840,2,0.0,0.002428578130068661,0.0
ENSG00000286843,ENSG00000286843,2,0.0,0.0027299727930388097,0.0
ENSG00000286847,ENSG00000286847,2,0.0,0.0,0.0
ENSG00000286849,ENSG00000286849,2,0.0,0.0,0.0
ENSG00000286854,ENSG00000286854,2,0.0,0.0005874532742948603,0.0
ENSG00000286856,ENSG00000286856,2,0.0,0.0,0.0
ENSG00000286860,ENSG00000286860,2,0.0,0.0,0.0
ENSG00000286861,ENSG00000286861,2,0.0,0.007926584933961277,0.0
ENSG00000286864,ENSG00000286864,2,0.0,0.0007911205754429592,0.0
ENSG00000286865,ENSG00000286865,2,0.0,0.0162357450920318,0.0
ENSG00000286870,ENSG00000286870,2,0.0,0.010217278350888002,0.0
ENSG00000286837,ENSG00000286837,2,0.0,0.001905953724615658,0.0
ENSG00000286872,ENSG00000286872,2,0.0,0.030629955871484704,0.0
ENSG00000286873,ENSG00000286873,2,0.0,0.0025995353298552595,0.0
ENSG00000286878,ENSG00000286878,2,0.0,0.0,0.0
ENSG00000286882,ENSG00000286882,2,0.0,0.005511385847210689,0.0
ENSG00000286883,ENSG00000286883,2,0.0,0.0,0.0
ENSG00000286885,ENSG00000286885,2,0.0,0.0159138104329003,0.0
ENSG00000286886,ENSG00000286886,2,0.0,0.0,0.0
ENSG00000286888,ENSG00000286888,2,0.0,0.00015400042482115807,0.0
ENSG00000286889,ENSG00000286889,2,0.0,0.0035717872663322786,0.0
ENSG00000286890,ENSG00000286890,2,0.0,0.002074869303551801,0.0
ENSG00000286891,ENSG00000286891,2,0.0,0.0004755989264662371,0.0
ENSG00000286838,ENSG00000286838,2,0.0,0.13697742359766032,0.0
ENSG00000286836,ENSG00000286836,2,0.0,0.006342085230609541,0.0
ENSG00000286755,ENSG00000286755,2,0.0,0.0008548757413594193,0.0
ENSG00000286799,ENSG00000286799,2,0.0,0.0005225937887132361,0.0
ENSG00000286756,ENSG00000286756,2,0.0,0.0015186239333555137,0.0
ENSG00000286758,ENSG00000286758,2,0.0,0.0,0.0
ENSG00000286760,ENSG00000286760,2,0.0,0.009900127851757996,0.0
ENSG00000286763,ENSG00000286763,2,0.0,0.014461500924451323,0.0
ENSG00000286771,ENSG00000286771,2,0.0,0.0,0.0
ENSG00000286774,ENSG00000286774,2,0.0,0.045066074887992455,0.0
ENSG00000286776,ENSG00000286776,2,0.0,0.0,0.0
ENSG00000286780,ENSG00000286780,2,0.0,0.0014230587925782854,0.0
ENSG00000286782,ENSG00000286782,2,0.0,0.0,0.0
ENSG00000286785,LINC01622,2,0.0,0.0,0.0
ENSG00000286790,ENSG00000286790,2,0.0,0.0,0.0
ENSG00000286800,ENSG00000286800,2,0.0,0.011053114789296914,0.0
ENSG00000286834,ENSG00000286834,2,0.0,0.0,0.0
ENSG00000286802,ENSG00000286802,2,0.0,0.0,0.0
ENSG00000286805,ENSG00000286805,2,0.0,0.004353058551333539,0.0
ENSG00000286807,ENSG00000286807,2,0.0,0.0,0.0
ENSG00000286810,ENSG00000286810,2,0.0,0.0,0.0
ENSG00000286812,ENSG00000286812,2,0.0,0.005608285056670725,0.0
ENSG00000286817,ENSG00000286817,2,0.0,0.0008951411922110216,0.0
ENSG00000286819,ENSG00000286819,2,0.0,0.000578519647082707,0.0
ENSG00000286823,ENSG00000286823,2,0.0,0.0,0.0
ENSG00000286824,ENSG00000286824,2,0.0,0.0006217258424531068,0.0
ENSG00000286827,ENSG00000286827,2,0.0,0.003664923831424519,0.0
ENSG00000286833,ENSG00000286833,2,0.0,0.03224606267717783,0.0
ENSG00000286606,ENSG00000286606,2,0.0,0.0,0.0
ENSG00000286600,ENSG00000286600,2,0.0,0.0037401572533571014,0.0
ENSG00000286599,ENSG00000286599,2,0.0,0.0,0.0
ENSG00000286426,ENSG00000286426,2,0.0,0.0008524134895702599,0.0
ENSG00000286406,ENSG00000286406,2,0.0,0.0,0.0
ENSG00000286408,ENSG00000286408,2,0.0,0.0,0.0
ENSG00000286409,ENSG00000286409,2,0.0,0.0,0.0
ENSG00000286410,ENSG00000286410,2,0.0,0.010018292689311635,0.0
ENSG00000286411,ENSG00000286411,2,0.0,0.0019378962043418145,0.0
ENSG00000286412,ENSG00000286412,2,0.0,0.001249834159469265,0.0
ENSG00000286417,ENSG00000286417,2,0.0,0.023971853132387793,0.0
ENSG00000286418,ENSG00000286418,2,0.0,0.0,0.0
ENSG00000286420,ENSG00000286420,2,0.0,0.005245601007790629,0.0
ENSG00000286423,ENSG00000286423,2,0.0,0.0008099759228680916,0.0
ENSG00000286425,ENSG00000286425,2,0.0,0.0,0.0
ENSG00000286427,ENSG00000286427,2,0.0,0.000514053272078098,0.0
ENSG00000286402,ENSG00000286402,2,0.0,0.0,0.0
ENSG00000286429,ENSG00000286429,2,0.0,0.0,0.0
ENSG00000286430,ENSG00000286430,2,0.0,0.0001572285168087376,0.0
ENSG00000286431,ENSG00000286431,2,0.0,0.003446154688860963,0.0
ENSG00000286432,ENSG00000286432,2,0.0,0.0,0.0
ENSG00000286433,ENSG00000286433,2,0.0,0.0005757564346993476,0.0
ENSG00000286434,ENSG00000286434,2,0.0,1.0,0.0
ENSG00000286437,ENSG00000286437,2,0.0,0.0,0.0
ENSG00000286443,ENSG00000286443,2,0.0,0.005885560388402463,0.0
ENSG00000286445,ENSG00000286445,2,0.0,0.002421796422019223,0.0
ENSG00000286446,ENSG00000286446,2,0.0,0.0,0.0
ENSG00000286451,ENSG00000286451,2,0.0,0.0,0.0
ENSG00000286403,ENSG00000286403,2,0.0,0.0004077472679544019,0.0
ENSG00000286401,ENSG00000286401,2,0.0,0.0,0.0
ENSG00000286465,ENSG00000286465,2,0.0,0.0,0.0
ENSG00000286373,ENSG00000286373,2,0.0,0.0014493533700588813,0.0
ENSG00000286353,ENSG00000286353,2,0.0,0.007927938236223148,0.0
ENSG00000286355,ENSG00000286355,2,0.0,0.0,0.0
ENSG00000286360,ENSG00000286360,2,0.0,0.00042272922274984927,0.0
ENSG00000286361,ENSG00000286361,2,0.0,0.0006446783964142954,0.0
ENSG00000286364,ENSG00000286364,2,0.0,0.0,0.0
ENSG00000286365,ENSG00000286365,2,0.0,0.0022444620304634816,0.0
ENSG00000286366,ENSG00000286366,2,0.0,0.01079475341392633,0.0
ENSG00000286367,ENSG00000286367,2,0.0,0.0010653181880558454,0.0
ENSG00000286369,ENSG00000286369,2,0.0,0.0,0.0
ENSG00000286370,ENSG00000286370,2,0.0,0.007182661866920145,0.0
ENSG00000286371,ENSG00000286371,2,0.0,0.00038092064114576157,0.0
ENSG00000286376,ENSG00000286376,2,0.0,0.0,0.0
ENSG00000286395,ENSG00000286395,2,0.0,0.0013677346542071021,0.0
ENSG00000286378,ENSG00000286378,2,0.0,0.0,0.0
ENSG00000286379,ENSG00000286379,2,0.0,0.0,0.0
ENSG00000286380,ENSG00000286380,2,0.0,0.019531351922219678,0.0
ENSG00000286381,NHIP,2,0.0,0.0006262023907848064,0.0
ENSG00000286383,ENSG00000286383,2,0.0,0.011753157034012345,0.0
ENSG00000286385,ENSG00000286385,2,0.0,0.0,0.0
ENSG00000286387,ENSG00000286387,2,0.0,0.0,0.0
ENSG00000286388,ENSG00000286388,2,0.0,0.0,0.0
ENSG00000286389,ENSG00000286389,2,0.0,0.0,0.0
ENSG00000286391,ENSG00000286391,2,0.0,0.026732728069806793,0.0
ENSG00000286394,ENSG00000286394,2,0.0,0.0018073647652482204,0.0
ENSG00000286457,ENSG00000286457,2,0.0,0.0033968210386214706,0.0
ENSG00000286472,ENSG00000286472,2,0.0,0.0,0.0
ENSG00000286597,ENSG00000286597,2,0.0,0.0019306016872677491,0.0
ENSG00000286565,ENSG00000286565,2,0.0,0.0,0.0
ENSG00000286545,ENSG00000286545,2,0.0,0.004758848744271177,0.0
ENSG00000286546,ENSG00000286546,2,0.0,0.0,0.0
ENSG00000286549,ENSG00000286549,2,0.0,0.0008363783538705929,0.0
ENSG00000286550,ENSG00000286550,2,0.0,0.0014286158914987928,0.0
ENSG00000286552,ENSG00000286552,2,0.0,0.013490892255889349,0.0
ENSG00000286555,ENSG00000286555,2,0.0,0.0,0.0
ENSG00000286556,ENSG00000286556,2,0.0,0.0024899967972951795,0.0
ENSG00000286559,ENSG00000286559,2,0.0,0.0030460535429340328,0.0
ENSG00000286561,ENSG00000286561,2,0.0,0.0,0.0
ENSG00000286562,ENSG00000286562,2,0.0,0.007176468950775874,0.0
ENSG00000286563,ENSG00000286563,2,0.0,0.0,0.0
ENSG00000286572,ENSG00000286572,2,0.0,0.0,0.0
ENSG00000286542,ENSG00000286542,2,0.0,0.0,0.0
ENSG00000286575,ENSG00000286575,2,0.0,0.0022423677603224386,0.0
ENSG00000286577,ENSG00000286577,2,0.0,0.0016133995458984726,0.0
ENSG00000286583,ZBTB7C-AS1,2,0.0,0.0,0.0
ENSG00000286584,ENSG00000286584,2,0.0,0.0,0.0
ENSG00000286585,ENSG00000286585,2,0.0,0.0,0.0
ENSG00000286586,ENSG00000286586,2,0.0,0.012942398810937039,0.0
ENSG00000286588,ENSG00000286588,2,0.0,0.00037307085584823037,0.0
ENSG00000286590,ENSG00000286590,2,0.0,0.0,0.0
ENSG00000286591,ENSG00000286591,2,0.0,0.0031935558318873084,0.0
ENSG00000286595,ENSG00000286595,2,0.0,7.166479145004076e-05,0.0
ENSG00000286596,ENSG00000286596,2,0.0,0.0026857700893574035,0.0
ENSG00000286543,ENSG00000286543,2,0.0,0.017125210013632382,0.0
ENSG00000286540,ENSG00000286540,2,0.0,0.0,0.0
ENSG00000286474,ENSG00000286474,2,0.0,0.0020522370183536985,0.0
ENSG00000286500,ENSG00000286500,2,0.0,0.004871639825514888,0.0
ENSG00000286475,ENSG00000286475,2,0.0,0.0008692404194199675,0.0
ENSG00000286476,ENSG00000286476,2,0.0,0.012345110384796607,0.0
ENSG00000286478,ENSG00000286478,2,0.0,0.01039452669474813,0.0
ENSG00000286482,ENSG00000286482,2,0.0,0.0021083566620319696,0.0
ENSG00000286485,ENSG00000286485,2,0.0,0.0015886273665655865,0.0
ENSG00000286487,ENSG00000286487,2,0.0,0.001656681198611386,0.0
ENSG00000286489,ENSG00000286489,2,0.0,0.0,0.0
ENSG00000286491,ENSG00000286491,2,0.0,0.0,0.0
ENSG00000286492,ENSG00000286492,2,0.0,0.011493232578650626,0.0
ENSG00000286494,ENSG00000286494,2,0.0,0.0,0.0
ENSG00000286496,ENSG00000286496,2,0.0,0.004803972240500035,0.0
ENSG00000286504,ENSG00000286504,2,0.0,0.0,0.0
ENSG00000286535,ENSG00000286535,2,0.0,0.0009881941723656586,0.0
ENSG00000286508,ENSG00000286508,2,0.0,0.0,0.0
ENSG00000286511,ENSG00000286511,2,0.0,0.0,0.0
ENSG00000286512,ENSG00000286512,2,0.0,0.00231874068670967,0.0
ENSG00000286518,ENSG00000286518,2,0.0,0.0,0.0
ENSG00000286520,ENSG00000286520,2,0.0,0.0,0.0
ENSG00000286521,ENSG00000286521,2,0.0,0.0,0.0
ENSG00000286523,ENSG00000286523,2,0.0,0.026868747740933265,0.0
ENSG00000286524,ENSG00000286524,2,0.0,0.0,0.0
ENSG00000286530,ENSG00000286530,2,0.0,0.00027598216278295885,0.0
ENSG00000286532,PARTICL,2,0.0,0.0021119893134724232,0.0
ENSG00000286534,ENSG00000286534,2,0.0,0.0015075362299088464,0.0
ENSG00000287925,ENSG00000287925,2,0.0,0.00020378741193391214,0.0
ENSG00000287928,ENSG00000287928,2,0.0,0.0,0.0
ENSG00000287929,ENSG00000287929,2,0.0,0.0,0.0
ENSG00000290316,ENSG00000290316,2,0.0,0.017295050655171576,0.0
ENSG00000289929,ENSG00000289929,2,0.0,0.003451562692251158,0.0
ENSG00000289931,ENSG00000289931,2,0.0,0.006160187513816685,0.0
ENSG00000289937,ENSG00000289937,2,0.0,0.012334684482957319,0.0
ENSG00000289938,ENSG00000289938,2,0.0,0.006549511440104429,0.0
ENSG00000289943,ENSG00000289943,2,0.0,0.0024188432645307826,0.0
ENSG00000289950,ENSG00000289950,2,0.0,0.0009829351844287252,0.0
ENSG00000289952,ENSG00000289952,2,0.0,0.0,0.0
ENSG00000289953,ENSG00000289953,2,0.0,0.0,0.0
ENSG00000289958,ENSG00000289958,2,0.0,0.0153757740147169,0.0
ENSG00000289960,ENSG00000289960,2,0.0,0.003014740175715419,0.0
ENSG00000289965,ENSG00000289965,2,0.0,0.003303944771183457,0.0
ENSG00000289966,ENSG00000289966,2,0.0,0.004998948050847465,0.0
ENSG00000289968,ENSG00000289968,2,0.0,0.0035378398653995746,0.0
ENSG00000289971,ENSG00000289971,2,0.0,0.0,0.0
ENSG00000289975,ENSG00000289975,2,0.0,0.0,0.0
ENSG00000289980,ENSG00000289980,2,0.0,0.0009103988110238105,0.0
ENSG00000289981,ENSG00000289981,2,0.0,0.0,0.0
ENSG00000289982,ENSG00000289982,2,0.0,0.0,0.0
ENSG00000289990,ENSG00000289990,2,0.0,0.03379691857217294,0.0
ENSG00000289992,ENSG00000289992,2,0.0,0.0,0.0
ENSG00000289993,ENSG00000289993,2,0.0,0.004483999483537377,0.0
ENSG00000289997,ENSG00000289997,2,0.0,0.0,0.0
ENSG00000290000,ENSG00000290000,2,0.0,0.0006130692489704488,0.0
ENSG00000290003,ENSG00000290003,2,0.0,0.0,0.0
ENSG00000290005,ENSG00000290005,2,0.0,0.003943864986276189,0.0
ENSG00000289916,ENSG00000289916,2,0.0,0.0,0.0
ENSG00000289915,ENSG00000289915,2,0.0,0.0005181381974196507,0.0
ENSG00000289914,ENSG00000289914,2,0.0,0.0,0.0
ENSG00000289877,ENSG00000289877,2,0.0,0.003038180007408436,0.0
ENSG00000289854,ENSG00000289854,2,0.0,0.0070643958881770625,0.0
ENSG00000289855,ENSG00000289855,2,0.0,0.0,0.0
ENSG00000289858,ENSG00000289858,2,0.0,0.0,0.0
ENSG00000289859,ENSG00000289859,2,0.0,0.0,0.0
ENSG00000289862,ENSG00000289862,2,0.0,0.0009559736251267607,0.0
ENSG00000289865,ENSG00000289865,2,0.0,0.0005259092703254317,0.0
ENSG00000289866,ENSG00000289866,2,0.0,0.0005446400751226095,0.0
ENSG00000289868,ENSG00000289868,2,0.0,0.0028463333932540113,0.0
ENSG00000289870,ENSG00000289870,2,0.0,0.00029685097481744425,0.0
ENSG00000289872,ENSG00000289872,2,0.0,0.001256582657277468,0.0
ENSG00000289875,ENSG00000289875,2,0.0,0.0,0.0
ENSG00000289879,ENSG00000289879,2,0.0,0.05008059707117239,0.0
ENSG00000289912,ENSG00000289912,2,0.0,0.0018300582627728838,0.0
ENSG00000289881,LINC01461,2,0.0,0.0016757696200085377,0.0
ENSG00000289883,ENEMAL,2,0.0,0.0,0.0
ENSG00000289884,ENSG00000289884,2,0.0,0.0,0.0
ENSG00000289886,ENSG00000289886,2,0.0,0.0,0.0
ENSG00000289887,ENSG00000289887,2,0.0,0.0017797409901949225,0.0
ENSG00000289890,ENSG00000289890,2,0.0,0.007648055275234054,0.0
ENSG00000289893,ENSG00000289893,2,0.0,0.0,0.0
ENSG00000289895,ENSG00000289895,2,0.0,0.004913109762436316,0.0
ENSG00000289901,ENSG00000289901,2,0.0,0.0,0.0
ENSG00000289904,ENSG00000289904,2,0.0,0.0010545402059397512,0.0
ENSG00000289907,ENSG00000289907,2,0.0,0.0,0.0
ENSG00000290008,ENSG00000290008,2,0.0,0.0,0.0
ENSG00000290009,ENSG00000290009,2,0.0,0.0,0.0
ENSG00000290015,ENSG00000290015,2,0.0,0.00014303202036033914,0.0
ENSG00000290149,ENSG00000290149,2,0.0,0.0,0.0
ENSG00000290101,ENSG00000290101,2,0.0,0.0,0.0
ENSG00000290103,ENSG00000290103,2,0.0,0.0,0.0
ENSG00000290110,ENSG00000290110,2,0.0,0.0,0.0
ENSG00000290113,ENSG00000290113,2,0.0,0.024184551196079134,0.0
ENSG00000290114,ENSG00000290114,2,0.0,0.0003924460508041803,0.0
ENSG00000290117,ENSG00000290117,2,0.0,0.0014024922301649585,0.0
ENSG00000290119,ENSG00000290119,2,0.0,0.0005049638489768764,0.0
ENSG00000290121,ENSG00000290121,2,0.0,0.001025614166541912,0.0
ENSG00000290123,ENSG00000290123,2,0.0,0.0017011728692580364,0.0
ENSG00000290126,ENSG00000290126,2,0.0,0.014848948287253892,0.0
ENSG00000290127,ENSG00000290127,2,0.0,0.00045342791156357837,0.0
ENSG00000290166,ENSG00000290166,2,0.0,0.0,0.0
ENSG00000290098,ENSG00000290098,2,0.0,0.0005559767689284244,0.0
ENSG00000290183,ENSG00000290183,2,0.0,0.0,0.0
ENSG00000290184,ENSG00000290184,2,0.0,0.006410484810951548,0.0
ENSG00000290192,ENSG00000290192,2,0.0,0.24217279810594622,0.0
ENSG00000290199,ENSG00000290199,2,0.0,0.0053182302919762645,0.0
ENSG00000290203,SPESP1-NOX5,2,0.0,0.0,0.0
ENSG00000290226,ENSG00000290226,2,0.0,0.0,0.0
ENSG00000290230,ENSG00000290230,2,0.0,0.0004716830830511659,0.0
ENSG00000290241,ENSG00000290241,2,0.0,0.0,0.0
ENSG00000290242,ENSG00000290242,2,0.0,0.005227750360756968,0.0
ENSG00000290263,ENSG00000290263,2,0.0,0.302371793743417,0.0
ENSG00000290285,ENSG00000290285,2,0.0,0.0,0.0
ENSG00000290100,ENSG00000290100,2,0.0,0.0,0.0
ENSG00000290095,ENSG00000290095,2,0.0,0.0,0.0
ENSG00000290017,ENSG00000290017,2,0.0,0.0015728700398644185,0.0
ENSG00000290049,ENSG00000290049,2,0.0,0.0,0.0
ENSG00000290018,ENSG00000290018,2,0.0,0.0,0.0
ENSG00000290020,ENSG00000290020,2,0.0,0.0,0.0
ENSG00000290023,ENSG00000290023,2,0.0,0.0,0.0
ENSG00000290032,ENSG00000290032,2,0.0,0.0,0.0
ENSG00000290033,ENSG00000290033,2,0.0,0.0008435634334338592,0.0
ENSG00000290034,ENSG00000290034,2,0.0,0.0017953611769502811,0.0
ENSG00000290036,ENSG00000290036,2,0.0,0.0026667599362489394,0.0
ENSG00000290041,ENSG00000290041,2,0.0,0.0030706031865479536,0.0
ENSG00000290043,ENSG00000290043,2,0.0,0.0,0.0
ENSG00000290047,ENSG00000290047,2,0.0,0.0,0.0
ENSG00000290048,ENSG00000290048,2,0.0,0.0,0.0
ENSG00000290051,ENSG00000290051,2,0.0,0.034464297077377325,0.0
ENSG00000290091,ENSG00000290091,2,0.0,0.0,0.0
ENSG00000290052,ENSG00000290052,2,0.0,0.0010687599936023398,0.0
ENSG00000290064,ENSG00000290064,2,0.0,0.0030447103555911285,0.0
ENSG00000290065,ENSG00000290065,2,0.0,0.0,0.0
ENSG00000290069,ENSG00000290069,2,0.0,0.0008762041505408045,0.0
ENSG00000290072,ENSG00000290072,2,0.0,0.0,0.0
ENSG00000290074,ENSG00000290074,2,0.0,0.0004256337938816388,0.0
ENSG00000290075,ENSG00000290075,2,0.0,0.004648025412365774,0.0
ENSG00000290082,ENSG00000290082,2,0.0,0.0,0.0
ENSG00000290085,ENSG00000290085,2,0.0,0.0,0.0
ENSG00000290088,ENSG00000290088,2,0.0,0.0023362039832936945,0.0
ENSG00000290089,ENSG00000290089,2,0.0,0.0,0.0
ENSG00000289853,ENSG00000289853,2,0.0,0.0,0.0
ENSG00000289850,ENSG00000289850,2,0.0,0.02368181899082256,0.0
ENSG00000289848,ENSG00000289848,2,0.0,0.0006566419596903423,0.0
ENSG00000289529,ENSG00000289529,2,0.0,0.0004516830607992695,0.0
ENSG00000289509,ENSG00000289509,2,0.0,0.0,0.0
ENSG00000289510,ENSG00000289510,2,0.0,0.0,0.0
ENSG00000289511,ENSG00000289511,2,0.0,0.0014645871622786587,0.0
ENSG00000289512,ENSG00000289512,2,0.0,0.022116090880560237,0.0
ENSG00000289517,ENSG00000289517,2,0.0,0.0,0.0
ENSG00000289518,ENSG00000289518,2,0.0,0.0,0.0
ENSG00000289519,ENSG00000289519,2,0.0,0.0,0.0
ENSG00000289520,ENSG00000289520,2,0.0,0.000559853036087214,0.0
ENSG00000289522,ENSG00000289522,2,0.0,0.030140794917551374,0.0
ENSG00000289524,ENSG00000289524,2,0.0,0.0009463621104074912,0.0
ENSG00000289526,ENSG00000289526,2,0.0,0.003093510357249179,0.0
ENSG00000289532,ENSG00000289532,2,0.0,0.0,0.0
ENSG00000289507,ENSG00000289507,2,0.0,0.0029886212199243824,0.0
ENSG00000289535,ENSG00000289535,2,0.0,0.0009041285580611443,0.0
ENSG00000289537,ENSG00000289537,2,0.0,0.0015949032293259625,0.0
ENSG00000289538,ENSG00000289538,2,0.0,0.0,0.0
ENSG00000289543,ENSG00000289543,2,0.0,0.0026012814997950088,0.0
ENSG00000289544,ENSG00000289544,2,0.0,0.001091830659253013,0.0
ENSG00000289545,ENSG00000289545,2,0.0,0.0,0.0
ENSG00000289550,ENSG00000289550,2,0.0,0.0,0.0
ENSG00000289551,ENSG00000289551,2,0.0,0.0,0.0
ENSG00000289552,ENSG00000289552,2,0.0,0.0,0.0
ENSG00000289553,ENSG00000289553,2,0.0,0.0,0.0
ENSG00000289555,ENSG00000289555,2,0.0,0.004736151888701022,0.0
ENSG00000289508,ENSG00000289508,2,0.0,0.001010372388751545,0.0
ENSG00000289506,DDIT4-AS1,2,0.0,0.0,0.0
ENSG00000289560,ENSG00000289560,2,0.0,0.002249726909123043,0.0
ENSG00000289483,ENSG00000289483,2,0.0,0.010002624799022993,0.0
ENSG00000289456,ENSG00000289456,2,0.0,0.0005074402689411456,0.0
ENSG00000289457,ENSG00000289457,2,0.0,0.0,0.0
ENSG00000289458,ENSG00000289458,2,0.0,0.005397085436921484,0.0
ENSG00000289462,ENSG00000289462,2,0.0,0.0009558529987317324,0.0
ENSG00000289465,ENSG00000289465,2,0.0,0.0031831927161287306,0.0
ENSG00000289467,ENSG00000289467,2,0.0,0.0,0.0
ENSG00000289473,ENSG00000289473,2,0.0,0.014265142510094319,0.0
ENSG00000289474,ENSG00000289474,2,0.0,0.0,0.0
ENSG00000289476,ENSG00000289476,2,0.0,0.0013357811129848926,0.0
ENSG00000289478,ENSG00000289478,2,0.0,0.0027614276499466975,0.0
ENSG00000289480,ENSG00000289480,2,0.0,0.00990885612053427,0.0
ENSG00000289484,ENSG00000289484,2,0.0,0.010388359089584338,0.0
ENSG00000289504,ENSG00000289504,2,0.0,0.00044732255797681547,0.0
ENSG00000289486,ENSG00000289486,2,0.0,0.0009266159794184422,0.0
ENSG00000289487,ENSG00000289487,2,0.0,0.0009940240119756037,0.0
ENSG00000289489,ENSG00000289489,2,0.0,0.0042997832115293415,0.0
ENSG00000289492,ENSG00000289492,2,0.0,0.002370764955760483,0.0
ENSG00000289494,ENSG00000289494,2,0.0,0.0,0.0
ENSG00000289496,ENSG00000289496,2,0.0,0.003114040481430424,0.0
ENSG00000289497,ENSG00000289497,2,0.0,0.16449792303091235,0.0
ENSG00000289498,ENSG00000289498,2,0.0,0.006583125449022821,0.0
ENSG00000289499,ENSG00000289499,2,0.0,0.0,0.0
ENSG00000289502,ENSG00000289502,2,0.0,0.0,0.0
ENSG00000289503,ENSG00000289503,2,0.0,0.0,0.0
ENSG00000289559,ENSG00000289559,2,0.0,0.0,0.0
ENSG00000289561,ENSG00000289561,2,0.0,0.0,0.0
ENSG00000289843,BMS1P14,2,0.0,0.0,0.0
ENSG00000289757,ENSG00000289757,2,0.0,0.0,0.0
ENSG00000289704,ENSG00000289704,2,0.0,0.000636792149886439,0.0
ENSG00000289720,ENSG00000289720,2,0.0,0.0,0.0
ENSG00000289725,ENSG00000289725,2,0.0,0.004918719405523762,0.0
ENSG00000289726,ENSG00000289726,2,0.0,0.0006365774856106944,0.0
ENSG00000289731,ENSG00000289731,2,0.0,0.0,0.0
ENSG00000289738,ENSG00000289738,2,0.0,0.025558797362662384,0.0
ENSG00000289744,ENSG00000289744,2,0.0,0.0,0.0
ENSG00000289745,ENSG00000289745,2,0.0,0.0014740790681681732,0.0
ENSG00000289750,ENSG00000289750,2,0.0,0.0009234205738542342,0.0
ENSG00000289752,ENSG00000289752,2,0.0,8.000323590505768e-06,0.0
ENSG00000289754,ENSG00000289754,2,0.0,0.002506338901186234,0.0
ENSG00000289768,ENSG00000289768,2,0.0,0.003386272033355955,0.0
ENSG00000289700,ENSG00000289700,2,0.0,0.00039228217338770706,0.0
ENSG00000289791,ENSG00000289791,2,0.0,0.0044685660129014,0.0
ENSG00000289809,ENSG00000289809,2,0.0,0.0011077823687431169,0.0
ENSG00000289811,FAM95A,2,0.0,0.00140348442068524,0.0
ENSG00000289828,ENSG00000289828,2,0.0,0.0023356601444528844,0.0
ENSG00000289830,ENSG00000289830,2,0.0,0.0,0.0
ENSG00000289831,ENSG00000289831,2,0.0,0.0026654060093175788,0.0
ENSG00000289832,ENSG00000289832,2,0.0,0.0,0.0
ENSG00000289835,ENSG00000289835,2,0.0,0.01468329355194319,0.0
ENSG00000289837,ENSG00000289837,2,0.0,0.0,0.0
ENSG00000289839,ENSG00000289839,2,0.0,0.0,0.0
ENSG00000289842,ENSG00000289842,2,0.0,0.002160488767986192,0.0
ENSG00000289701,ENSG00000289701,2,0.0,0.0,0.0
ENSG00000289695,ENSG00000289695,2,0.0,0.0,0.0
ENSG00000289562,ENSG00000289562,2,0.0,0.0,0.0
ENSG00000289602,ENSG00000289602,2,0.0,0.04320411291647084,0.0
ENSG00000289563,ENSG00000289563,2,0.0,0.0,0.0
ENSG00000289565,ENSG00000289565,2,0.0,0.0,0.0
ENSG00000289566,ENSG00000289566,2,0.0,0.00019149542976392897,0.0
ENSG00000289568,COX8BP,2,0.0,0.0,0.0
ENSG00000289569,ENSG00000289569,2,0.0,0.002207881257472538,0.0
ENSG00000289570,ENSG00000289570,2,0.0,0.0034097112958080657,0.0
ENSG00000289580,ENSG00000289580,2,0.0,0.0,0.0
ENSG00000289585,ENSG00000289585,2,0.0,0.0009812921137313901,0.0
ENSG00000289587,ENSG00000289587,2,0.0,0.0024402639631426817,0.0
ENSG00000289594,ENSG00000289594,2,0.0,0.0,0.0
ENSG00000289599,ENSG00000289599,2,0.0,0.00013325826217012969,0.0
ENSG00000289605,ENSG00000289605,2,0.0,0.002671325053019045,0.0
ENSG00000289690,ENSG00000289690,2,0.0,0.0,0.0
ENSG00000289606,ENSG00000289606,2,0.0,0.004260380744105703,0.0
ENSG00000289609,ENSG00000289609,2,0.0,0.0,0.0
ENSG00000289622,ENSG00000289622,2,0.0,0.04203437119399137,0.0
ENSG00000289629,ENSG00000289629,2,0.0,0.0006890107674616193,0.0
ENSG00000289631,ENSG00000289631,2,0.0,0.0,0.0
ENSG00000289635,ENSG00000289635,2,0.0,0.008806989848563252,0.0
ENSG00000289640,ENSG00000289640,2,0.0,0.010882177190032274,0.0
ENSG00000289643,ENSG00000289643,2,0.0,0.001485845851086395,0.0
ENSG00000289644,ENSG00000289644,2,0.0,0.0,0.0
ENSG00000289688,ENSG00000289688,2,0.0,0.0,0.0
ENSG00000289689,ENSG00000289689,2,0.0,0.0,0.0
ENSG00000290315,ENSG00000290315,2,0.0,0.0011212692124149368,0.0
ENSG00000290318,ENSG00000290318,2,0.0,0.004767731992200829,0.0
ENSG00000289451,ENSG00000289451,2,0.0,0.0,0.0
ENSG00000290319,ENSG00000290319,2,0.0,0.011989980808526892,0.0
ENSG00000291044,ENSG00000291044,2,0.0,0.0,0.0
ENSG00000291048,ENSG00000291048,2,0.0,0.030060246965695727,0.0
ENSG00000291051,ENSG00000291051,2,0.0,0.016836504287808075,0.0
ENSG00000291052,ABCC13,2,0.0,0.0,0.0
ENSG00000291053,CATSPER2P1,2,0.0,0.005017883759303032,0.0
ENSG00000291056,SEPTIN7P9,2,0.0,0.0,0.0
ENSG00000291058,ENSG00000291058,2,0.0,0.0,0.0
ENSG00000291060,ENSG00000291060,2,0.0,0.0006288780995200798,0.0
ENSG00000291065,ENSG00000291065,2,0.0,0.0,0.0
ENSG00000291071,FAM86JP,2,0.0,0.000953688391301556,0.0
ENSG00000291081,ENSG00000291081,2,0.0,0.0,0.0
ENSG00000291088,NPEPPSP1,2,0.0,0.050511621611758734,0.0
ENSG00000291089,ENSG00000291089,2,0.0,0.0008564774090997971,0.0
ENSG00000291090,ENSG00000291090,2,0.0,0.0005747699621071309,0.0
ENSG00000291096,ENSG00000291096,2,0.0,0.0006911406510647461,0.0
ENSG00000291099,ENSG00000291099,2,0.0,0.0003581886458116583,0.0
ENSG00000291108,SEPTIN7P11,2,0.0,0.0,0.0
ENSG00000291116,PLAC9P1,2,0.0,0.0015797254838490057,0.0
ENSG00000291117,ENSG00000291117,2,0.0,0.0,0.0
ENSG00000291119,ENSG00000291119,2,0.0,0.004347659330548329,0.0
ENSG00000291121,ENSG00000291121,2,0.0,0.0004887431660055519,0.0
ENSG00000291124,ENSG00000291124,2,0.0,0.004563485341574266,0.0
ENSG00000291127,ANKRD36BP2,2,0.0,0.010232417091351668,0.0
ENSG00000291131,ENSG00000291131,2,0.0,0.010124095976984751,0.0
ENSG00000291132,MTMR9LP,2,0.0,0.0,0.0
ENSG00000291043,ENSG00000291043,2,0.0,0.005815352314532321,0.0
ENSG00000291039,DHRS4L1,2,0.0,0.0,0.0
ENSG00000291036,ENSG00000291036,2,0.0,0.000969539241678214,0.0
ENSG00000290995,ENSG00000290995,2,0.0,0.0,0.0
ENSG00000290931,ENSG00000290931,2,0.0,0.0015406784516036156,0.0
ENSG00000290937,ENSG00000290937,2,0.0,0.0027903265513324056,0.0
ENSG00000290939,ENSG00000290939,2,0.0,0.003772503392149567,0.0
ENSG00000290947,ENSG00000290947,2,0.0,0.0,0.0
ENSG00000290951,ENSG00000290951,2,0.0,0.0008143418861671688,0.0
ENSG00000290955,ENSG00000290955,2,0.0,0.0,0.0
ENSG00000290956,FAM21EP,2,0.0,0.002949716647824047,0.0
ENSG00000290958,ENSG00000290958,2,0.0,0.000744681955552519,0.0
ENSG00000290959,ENSG00000290959,2,0.0,0.0011210862769261078,0.0
ENSG00000290981,ENSG00000290981,2,0.0,0.00247585128725011,0.0
ENSG00000290994,ENSG00000290994,2,0.0,0.0017080211647095144,0.0
ENSG00000290997,ENSG00000290997,2,0.0,0.0,0.0
ENSG00000291034,ENSG00000291034,2,0.0,0.0,0.0
ENSG00000290999,ENSG00000290999,2,0.0,0.0,0.0
ENSG00000291005,NBPF25P,2,0.0,0.0004132818465920845,0.0
ENSG00000291008,ENSG00000291008,2,0.0,0.0011575327626004064,0.0
ENSG00000291011,ENSG00000291011,2,0.0,0.006328572630133779,0.0
ENSG00000291015,ENSG00000291015,2,0.0,0.00017796050119554512,0.0
ENSG00000291018,ENSG00000291018,2,0.0,0.0008028563259034815,0.0
ENSG00000291019,AACSP1,2,0.0,0.0,0.0
ENSG00000291025,ENSG00000291025,2,0.0,0.0,0.0
ENSG00000291026,ENSG00000291026,2,0.0,0.001820749039020419,0.0
ENSG00000291027,UBE2Q2P1,2,0.0,0.0,0.0
ENSG00000291029,ENSG00000291029,2,0.0,0.0,0.0
ENSG00000291133,ENSG00000291133,2,0.0,0.0004934561809756226,0.0
ENSG00000291138,ENSG00000291138,2,0.0,0.0015627164050666048,0.0
ENSG00000291141,EMBP1,2,0.0,0.017252231055867356,0.0
ENSG00000291286,ENSG00000291286,2,0.0,0.0,0.0
ENSG00000291246,ENSG00000291246,2,0.0,0.0026498266011612446,0.0
ENSG00000291250,ENSG00000291250,2,0.0,0.0,0.0
ENSG00000291253,ENSG00000291253,2,0.0,0.0006897653982882719,0.0
ENSG00000291258,ENSG00000291258,2,0.0,0.0,0.0
ENSG00000291259,ENSG00000291259,2,0.0,0.0,0.0
ENSG00000291263,SMG1P7,2,0.0,0.010194307919036943,0.0
ENSG00000291264,ENSG00000291264,2,0.0,0.0,0.0
ENSG00000291265,ENSG00000291265,2,0.0,0.008520364103897721,0.0
ENSG00000291266,SMG1P5,2,0.0,0.0,0.0
ENSG00000291273,ENSG00000291273,2,0.0,0.035787914707607144,0.0
ENSG00000291281,COL6A4P1,2,0.0,0.0014274200088113204,0.0
ENSG00000291293,ENSG00000291293,2,0.0,0.0010056305515566692,0.0
ENSG00000291240,ENSG00000291240,2,0.0,0.0,0.0
ENSG00000291307,POLGARF,2,0.0,9.131122860313427e-05,0.0
ENSG00000291309,LY6S,2,0.0,0.011407762455372067,0.0
ENSG00000291313,ENSG00000291313,2,0.0,0.0035738632450545457,0.0
ENSG00000291316,TMEM276-ZFTRAF1,2,0.0,0.0,0.0
ENSG00000291317,TMEM276,2,0.0,0.00012225516910323872,0.0
ENSG00000291325,ENSG00000291325,2,0.0,0.0,0.0
ENSG00000291338,ENSG00000291338,2,0.0,0.0,0.0
ENSG00000291342,ENSG00000291342,2,0.0,0.0,0.0
ENSG00000292256,ENSG00000292256,2,0.0,0.0,0.0
ENSG00000292277,ENSG00000292277,2,0.0,0.0,0.0
ENSG00000292285,ENSG00000292285,2,0.0,0.0,0.0
ENSG00000291242,ENSG00000291242,2,0.0,0.0,0.0
ENSG00000291239,ENSG00000291239,2,0.0,0.0006518198891257056,0.0
ENSG00000291142,ENSG00000291142,2,0.0,0.01323421694984084,0.0
ENSG00000291186,ENSG00000291186,2,0.0,0.0,0.0
ENSG00000291144,ENSG00000291144,2,0.0,0.0,0.0
ENSG00000291146,RP9P,2,0.0,0.0,0.0
ENSG00000291149,ENSG00000291149,2,0.0,0.0,0.0
ENSG00000291151,NSUN5P1,2,0.0,0.0,0.0
ENSG00000291152,SBDSP1,2,0.0,0.014141319033286203,0.0
ENSG00000291156,ENSG00000291156,2,0.0,0.0011494609911641255,0.0
ENSG00000291166,ENSG00000291166,2,0.0,0.0009620832669589016,0.0
ENSG00000291169,ENSG00000291169,2,0.0,0.0,0.0
ENSG00000291176,ENSG00000291176,2,0.0,0.002602222326855409,0.0
ENSG00000291179,ENSG00000291179,2,0.0,0.0006065524663319207,0.0
ENSG00000291181,FGF7P3,2,0.0,0.0,0.0
ENSG00000291188,ENSG00000291188,2,0.0,0.0,0.0
ENSG00000291232,PDE4DIPP6,2,0.0,0.0,0.0
ENSG00000291194,ENSG00000291194,2,0.0,0.0003806365160141921,0.0
ENSG00000291199,ENSG00000291199,2,0.0,0.0,0.0
ENSG00000291200,ENSG00000291200,2,0.0,0.0,0.0
ENSG00000291206,GTF2IRD1P1,2,0.0,0.00391125228910631,0.0
ENSG00000291208,ENSG00000291208,2,0.0,0.028657122370417926,0.0
ENSG00000291210,ENSG00000291210,2,0.0,0.0,0.0
ENSG00000291212,ENSG00000291212,2,0.0,0.0,0.0
ENSG00000291213,DPY19L2P3,2,0.0,0.0,0.0
ENSG00000291217,LINC01347,2,0.0,0.013927523158051304,0.0
ENSG00000291225,ENSG00000291225,2,0.0,0.0,0.0
ENSG00000291231,ENSG00000291231,2,0.0,0.005203508583129928,0.0
ENSG00000290929,ENSG00000290929,2,0.0,0.004007921125102245,0.0
ENSG00000290925,LRRC37A11P,2,0.0,0.008840587379436517,0.0
ENSG00000290920,ENSG00000290920,2,0.0,0.0010308348486708124,0.0
ENSG00000290596,FAR2P2,2,0.0,0.006650191149120727,0.0
ENSG00000290549,ENSG00000290549,2,0.0,0.00336243542088116,0.0
ENSG00000290551,ENSG00000290551,2,0.0,0.005431477302413658,0.0
ENSG00000290554,ADCY10P1,2,0.0,0.0017026805508788263,0.0
ENSG00000290555,LINC00680,2,0.0,0.011662060313821528,0.0
ENSG00000290567,ATP8B5P,2,0.0,0.0,0.0
ENSG00000290569,ENSG00000290569,2,0.0,0.0,0.0
ENSG00000290574,ENSG00000290574,2,0.0,0.0,0.0
ENSG00000290578,ENSG00000290578,2,0.0,0.003987752070603339,0.0
ENSG00000290585,ENSG00000290585,2,0.0,0.0,0.0
ENSG00000290590,ENSG00000290590,2,0.0,0.0,0.0
ENSG00000290591,ENSG00000290591,2,0.0,0.004827308172551707,0.0
ENSG00000290601,ENSG00000290601,2,0.0,0.04300148777776876,0.0
ENSG00000290538,ENSG00000290538,2,0.0,0.0,0.0
ENSG00000290603,CEACAM22P,2,0.0,0.0,0.0
ENSG00000290606,ENSG00000290606,2,0.0,0.0,0.0
ENSG00000290611,CYP2G1P,2,0.0,0.002884645021546011,0.0
ENSG00000290612,ENSG00000290612,2,0.0,0.0,0.0
ENSG00000290613,LPAL2,2,0.0,0.0034256204783816376,0.0
ENSG00000290615,RAB6C-AS1,2,0.0,0.0014224712211441128,0.0
ENSG00000290616,ENSG00000290616,2,0.0,0.0014192205879338517,0.0
ENSG00000290642,ENSG00000290642,2,0.0,0.0,0.0
ENSG00000290644,ENSG00000290644,2,0.0,0.0,0.0
ENSG00000290653,ENSG00000290653,2,0.0,0.0,0.0
ENSG00000290666,ENSG00000290666,2,0.0,0.0006128761494648924,0.0
ENSG00000290545,INTS4P1,2,0.0,0.005030779346963393,0.0
ENSG00000290537,ENSG00000290537,2,0.0,0.0012548336001869695,0.0
ENSG00000290681,ENSG00000290681,2,0.0,0.0,0.0
ENSG00000290429,ENSG00000290429,2,0.0,0.0,0.0
ENSG00000290374,FAM86EP,2,0.0,0.00024443205535534167,0.0
ENSG00000290387,SORD2P,2,0.0,0.015898255886955755,0.0
ENSG00000290394,PKD1P6-NPIPP1,2,0.0,0.0,0.0
ENSG00000290395,ENSG00000290395,2,0.0,0.0018353479433375526,0.0
ENSG00000290396,ENSG00000290396,2,0.0,0.0020742528440859955,0.0
ENSG00000290397,ENSG00000290397,2,0.0,0.0,0.0
ENSG00000290399,ENSG00000290399,2,0.0,0.0006280122709719121,0.0
ENSG00000290410,ENSG00000290410,2,0.0,0.00678581120389852,0.0
ENSG00000290418,TPTEP1,2,0.0,0.006467530603226452,0.0
ENSG00000290421,ENSG00000290421,2,0.0,0.001575819252326114,0.0
ENSG00000290426,ENSG00000290426,2,0.0,0.0007069326878200859,0.0
ENSG00000290439,HSD17B7P2,2,0.0,0.0,0.0
ENSG00000290535,ENSG00000290535,2,0.0,0.008669215197161398,0.0
ENSG00000290441,ENSG00000290441,2,0.0,0.0,0.0
ENSG00000290449,ENSG00000290449,2,0.0,0.0010841294688027359,0.0
ENSG00000290453,ENSG00000290453,2,0.0,0.0,0.0
ENSG00000290459,ENSG00000290459,2,0.0,6.380479371757848e-05,0.0
ENSG00000290460,ENSG00000290460,2,0.0,0.0012729370146197757,0.0
ENSG00000290469,ENSG00000290469,2,0.0,0.0,0.0
ENSG00000290478,ENSG00000290478,2,0.0,0.0,0.0
ENSG00000290484,ENSG00000290484,2,0.0,0.0045638773829192085,0.0
ENSG00000290490,ENSG00000290490,2,0.0,0.002388881495404667,0.0
ENSG00000290510,ENSG00000290510,2,0.0,0.003914486804472267,0.0
ENSG00000290523,ENSG00000290523,2,0.0,0.0,0.0
ENSG00000290671,PYY2,2,0.0,0.005530907906856883,0.0
ENSG00000290687,ZNF286B,2,0.0,0.0007039415321832989,0.0
ENSG00000290917,RAET1K,2,0.0,0.002644607987779506,0.0
ENSG00000290871,GTF2IP1,2,0.0,0.015536905490778687,0.0
ENSG00000290815,ENSG00000290815,2,0.0,0.0,0.0
ENSG00000290817,ENSG00000290817,2,0.0,0.0,0.0
ENSG00000290818,ENSG00000290818,2,0.0,0.02937685702253618,0.0
ENSG00000290823,ENSG00000290823,2,0.0,6.714661231662369e-05,0.0
ENSG00000290829,ENSG00000290829,2,0.0,0.012766960567980103,0.0
ENSG00000290831,NSUN5P2,2,0.0,0.010637107083005626,0.0
ENSG00000290837,LRRC37A5P,2,0.0,0.005670539805747628,0.0
ENSG00000290843,ENSG00000290843,2,0.0,0.0,0.0
ENSG00000290848,ENSG00000290848,2,0.0,0.11102145179176535,0.0
ENSG00000290858,ENSG00000290858,2,0.0,0.0,0.0
ENSG00000290865,RRN3P3,2,0.0,0.004750682522892559,0.0
ENSG00000290872,ENSG00000290872,2,0.0,0.0,0.0
ENSG00000290805,ENSG00000290805,2,0.0,0.006032967476354005,0.0
ENSG00000290874,ENSG00000290874,2,0.0,0.0,0.0
ENSG00000290876,WHAMMP4,2,0.0,0.0,0.0
ENSG00000290877,ROCK1P1,2,0.0,0.0,0.0
ENSG00000290879,ENSG00000290879,2,0.0,0.030422728667691322,0.0
ENSG00000290884,ENSG00000290884,2,0.0,0.0033389551979218137,0.0
ENSG00000290885,ENSG00000290885,2,0.0,0.0,0.0
ENSG00000290893,ENSG00000290893,2,0.0,0.018158016235920813,0.0
ENSG00000290902,ENSG00000290902,2,0.0,0.0005985010894857761,0.0
ENSG00000290904,ENSG00000290904,2,0.0,0.0,0.0
ENSG00000290911,ENSG00000290911,2,0.0,0.0,0.0
ENSG00000290914,ENSG00000290914,2,0.0,0.0,0.0
ENSG00000290810,YWHAEP7,2,0.0,0.0,0.0
ENSG00000290803,ENSG00000290803,2,0.0,0.0029370075365703755,0.0
ENSG00000290689,ENSG00000290689,2,0.0,0.0007159214861639295,0.0
ENSG00000290738,URAHP,2,0.0,0.0,0.0
ENSG00000290690,ENSG00000290690,2,0.0,0.0009375088739276398,0.0
ENSG00000290697,ENSG00000290697,2,0.0,0.02105217067194951,0.0
ENSG00000290700,ENSG00000290700,2,0.0,0.001535330050605905,0.0
ENSG00000290705,ENSG00000290705,2,0.0,0.0012573860631463823,0.0
ENSG00000290707,MED15P9,2,0.0,0.0,0.0
ENSG00000290710,HLA-V,2,0.0,0.0,0.0
ENSG00000290721,ENSG00000290721,2,0.0,0.0,0.0
ENSG00000290722,WDR87BP,2,0.0,0.0,0.0
ENSG00000290723,ENSG00000290723,2,0.0,0.0008587876721274579,0.0
ENSG00000290727,ALMS1P1,2,0.0,0.0,0.0
ENSG00000290729,ENSG00000290729,2,0.0,0.0007019433469604886,0.0
ENSG00000290757,CTSL3P,2,0.0,0.0,0.0
ENSG00000290798,NXF5,2,0.0,0.012606143857626668,0.0
ENSG00000290760,UBE2Q2P13,2,0.0,0.0,0.0
ENSG00000290765,ENSG00000290765,2,0.0,0.0,0.0
ENSG00000290767,ENSG00000290767,2,0.0,0.0,0.0
ENSG00000290775,ENSG00000290775,2,0.0,0.0,0.0
ENSG00000290778,ENSG00000290778,2,0.0,0.0,0.0
ENSG00000290783,ADAM20P1,2,0.0,0.029089951592421507,0.0
ENSG00000290784,ENSG00000290784,2,0.0,0.011013582171880264,0.0
ENSG00000290789,ENSG00000290789,2,0.0,0.0058349383138838,0.0
ENSG00000290790,ENSG00000290790,2,0.0,0.0,0.0
ENSG00000290794,SULT1C5P,2,0.0,0.0005416385067022835,0.0
ENSG00000290796,ENSG00000290796,2,0.0,0.02481802668448773,0.0
ENSG00000289455,ENSG00000289455,2,0.0,0.0,0.0
ENSG00000289450,ENSG00000289450,2,0.0,0.010675441189398711,0.0
ENSG00000287931,ENSG00000287931,2,0.0,0.0,0.0
ENSG00000288911,ENSG00000288911,2,0.0,0.020197836670728612,0.0
ENSG00000288722,F8A1,2,0.0,0.001934899609878066,0.0
ENSG00000288725,ENSG00000288725,2,0.0,0.0,0.0
ENSG00000288728,ENSG00000288728,2,0.0,0.027214897054150804,0.0
ENSG00000288729,ENSG00000288729,2,0.0,0.0,0.0
ENSG00000288735,ENSG00000288735,2,0.0,0.0006796882526064467,0.0
ENSG00000288736,ENSG00000288736,2,0.0,0.0039228230273569585,0.0
ENSG00000288739,ENSG00000288739,2,0.0,0.011547673730121862,0.0
ENSG00000288741,ENSG00000288741,2,0.0,0.009440992721122738,0.0
ENSG00000288743,ENSG00000288743,2,0.0,0.0,0.0
ENSG00000288750,ENSG00000288750,2,0.0,0.0012250823573909594,0.0
ENSG00000288751,ENSG00000288751,2,0.0,0.006712134130745046,0.0
ENSG00000288752,ENSG00000288752,2,0.0,0.0,0.0
ENSG00000288754,ENSG00000288754,2,0.0,0.0005681312158575503,0.0
ENSG00000288755,ENSG00000288755,2,0.0,0.0029996439783854787,0.0
ENSG00000288756,ENSG00000288756,2,0.0,0.0,0.0
ENSG00000288759,ENSG00000288759,2,0.0,0.0014171206033003305,0.0
ENSG00000288761,ENSG00000288761,2,0.0,0.0019827230737876757,0.0
ENSG00000288762,ENSG00000288762,2,0.0,0.0,0.0
ENSG00000288764,ENSG00000288764,2,0.0,0.0,0.0
ENSG00000288766,ENSG00000288766,2,0.0,0.0,0.0
ENSG00000288771,ENSG00000288771,2,0.0,0.0014636826084131027,0.0
ENSG00000288772,ENSG00000288772,2,0.0,0.0,0.0
ENSG00000288781,ENSG00000288781,2,0.0,0.0,0.0
ENSG00000288785,ENSG00000288785,2,0.0,0.00043747577405308145,0.0
ENSG00000288788,ENSG00000288788,2,0.0,0.0,0.0
ENSG00000288720,ENSG00000288720,2,0.0,0.0,0.0
ENSG00000288718,ENSG00000288718,2,0.0,0.0,0.0
ENSG00000288717,ENSG00000288717,2,0.0,0.0,0.0
ENSG00000288675,PANO1,2,0.0,0.0025304984591732397,0.0
ENSG00000288598,ENSG00000288598,2,0.0,0.0014134576025417928,0.0
ENSG00000288606,ENSG00000288606,2,0.0,0.0,0.0
ENSG00000288622,PDCD6-AHRR,2,0.0,0.002597192911439344,0.0
ENSG00000288635,ENSG00000288635,2,0.0,0.006355482007723616,0.0
ENSG00000288640,ENSG00000288640,2,0.0,0.0,0.0
ENSG00000288642,CDR1,2,0.0,0.0,0.0
ENSG00000288656,ENSG00000288656,2,0.0,0.0,0.0
ENSG00000288658,RNF228,2,0.0,0.0032419424545540535,0.0
ENSG00000288663,ENSG00000288663,2,0.0,0.0,0.0
ENSG00000288665,ENSG00000288665,2,0.0,0.0,0.0
ENSG00000288671,ENSG00000288671,2,0.0,0.002262811664393592,0.0
ENSG00000288681,ENSG00000288681,2,0.0,0.0,0.0
ENSG00000288714,ENSG00000288714,2,0.0,0.0,0.0
ENSG00000288683,ENSG00000288683,2,0.0,0.0,0.0
ENSG00000288691,ENSG00000288691,2,0.0,0.0,0.0
ENSG00000288695,ENSG00000288695,2,0.0,0.0005719945833797014,0.0
ENSG00000288696,ENSG00000288696,2,0.0,0.0,0.0
ENSG00000288698,ENSG00000288698,2,0.0,0.0014194994143991583,0.0
ENSG00000288699,ENSG00000288699,2,0.0,0.0,0.0
ENSG00000288704,ENSG00000288704,2,0.0,0.0,0.0
ENSG00000288707,ENSG00000288707,2,0.0,0.0,0.0
ENSG00000288710,ENSG00000288710,2,0.0,0.0,0.0
ENSG00000288711,ENSG00000288711,2,0.0,0.004158810177476716,0.0
ENSG00000288713,ENSG00000288713,2,0.0,0.02120921241687917,0.0
ENSG00000288789,ENSG00000288789,2,0.0,0.02697847059971178,0.0
ENSG00000288795,ENSG00000288795,2,0.0,0.0,0.0
ENSG00000288798,ENSG00000288798,2,0.0,0.0,0.0
ENSG00000288886,ENSG00000288886,2,0.0,0.0,0.0
ENSG00000288865,ENSG00000288865,2,0.0,0.006518055123225638,0.0
ENSG00000288866,ENSG00000288866,2,0.0,0.0,0.0
ENSG00000288868,ENSG00000288868,2,0.0,0.0,0.0
ENSG00000288869,SMANTIS,2,0.0,0.0,0.0
ENSG00000288871,ENSG00000288871,2,0.0,0.0,0.0
ENSG00000288872,ENSG00000288872,2,0.0,0.0,0.0
ENSG00000288873,ENSG00000288873,2,0.0,0.0,0.0
ENSG00000288877,ENSG00000288877,2,0.0,0.004591946327535272,0.0
ENSG00000288878,ENSG00000288878,2,0.0,0.0,0.0
ENSG00000288879,ENSG00000288879,2,0.0,0.0,0.0
ENSG00000288885,ENSG00000288885,2,0.0,0.0,0.0
ENSG00000288887,ENSG00000288887,2,0.0,0.0,0.0
ENSG00000288862,ENSG00000288862,2,0.0,0.0,0.0
ENSG00000288888,ENSG00000288888,2,0.0,0.06355679834693159,0.0
ENSG00000288890,ENSG00000288890,2,0.0,0.0,0.0
ENSG00000288892,PEARL1,2,0.0,0.007926790706367643,0.0
ENSG00000288894,ENSG00000288894,2,0.0,0.005637986925249011,0.0
ENSG00000288896,ENSG00000288896,2,0.0,0.0,0.0
ENSG00000288902,ENSG00000288902,2,0.0,0.0012771161131145217,0.0
ENSG00000288903,ENSG00000288903,2,0.0,0.0,0.0
ENSG00000288904,ENSG00000288904,2,0.0,0.0,0.0
ENSG00000288906,ENSG00000288906,2,0.0,0.00010453503908920228,0.0
ENSG00000288907,ENSG00000288907,2,0.0,0.0004787161063581959,0.0
ENSG00000288908,ENSG00000288908,2,0.0,0.0,0.0
ENSG00000288864,ARHGAP11A-SCG5,2,0.0,0.0018949162092855077,0.0
ENSG00000288858,ENSG00000288858,2,0.0,0.01207289313945426,0.0
ENSG00000288799,ENSG00000288799,2,0.0,0.0,0.0
ENSG00000288829,ENSG00000288829,2,0.0,0.0,0.0
ENSG00000288802,ENSG00000288802,2,0.0,0.003340427221602649,0.0
ENSG00000288804,ENSG00000288804,2,0.0,0.003540275019310168,0.0
ENSG00000288805,ENSG00000288805,2,0.0,0.002484302739688619,0.0
ENSG00000288806,ENSG00000288806,2,0.0,0.0,0.0
ENSG00000288808,ENSG00000288808,2,0.0,0.0,0.0
ENSG00000288818,ENSG00000288818,2,0.0,0.0,0.0
ENSG00000288819,ENSG00000288819,2,0.0,0.0,0.0
ENSG00000288820,ENSG00000288820,2,0.0,0.0011916875950171214,0.0
ENSG00000288822,ENSG00000288822,2,0.0,0.002522820988715318,0.0
ENSG00000288823,ENSG00000288823,2,0.0,0.0012077145317866526,0.0
ENSG00000288826,ENSG00000288826,2,0.0,0.0011844533658625276,0.0
ENSG00000288832,ENSG00000288832,2,0.0,0.0006188753181166423,0.0
ENSG00000288857,ENSG00000288857,2,0.0,0.0026499302810220515,0.0
ENSG00000288833,ENSG00000288833,2,0.0,0.0,0.0
ENSG00000288838,ENSG00000288838,2,0.0,0.0,0.0
ENSG00000288840,ENSG00000288840,2,0.0,0.0,0.0
ENSG00000288843,ENSG00000288843,2,0.0,0.01279243880646695,0.0
ENSG00000288848,ENSG00000288848,2,0.0,0.0,0.0
ENSG00000288849,ENSG00000288849,2,0.0,0.001165934087942296,0.0
ENSG00000288850,ENSG00000288850,2,0.0,0.0016157377262060102,0.0
ENSG00000288851,ENSG00000288851,2,0.0,0.0,0.0
ENSG00000288852,ENSG00000288852,2,0.0,0.0,0.0
ENSG00000288853,ENSG00000288853,2,0.0,0.0,0.0
ENSG00000288856,ENSG00000288856,2,0.0,0.0006650697865733371,0.0
ENSG00000288595,ENSG00000288595,2,0.0,0.007610613464112305,0.0
ENSG00000288591,ENSG00000288591,2,0.0,0.033663759770847373,0.0
ENSG00000288588,ENSG00000288588,2,0.0,0.0,0.0
ENSG00000288029,ENSG00000288029,2,0.0,0.0,0.0
ENSG00000287987,ENSG00000287987,2,0.0,0.02535986154693382,0.0
ENSG00000287989,ENSG00000287989,2,0.0,0.09322956901964193,0.0
ENSG00000287996,ENSG00000287996,2,0.0,0.0,0.0
ENSG00000287997,EBF3-AS1,2,0.0,0.0019039175219131435,0.0
ENSG00000287998,ENSG00000287998,2,0.0,0.0,0.0
ENSG00000288002,ENSG00000288002,2,0.0,0.0,0.0
ENSG00000288009,ENSG00000288009,2,0.0,0.0052483266425604825,0.0
ENSG00000288012,ENSG00000288012,2,0.0,0.0,0.0
ENSG00000288015,ENSG00000288015,2,0.0,0.0036578389822072583,0.0
ENSG00000288016,ENSG00000288016,2,0.0,0.018254008994535102,0.0
ENSG00000288023,ENSG00000288023,2,0.0,0.0,0.0
ENSG00000288031,ENSG00000288031,2,0.0,0.001368126993159672,0.0
ENSG00000287979,ENSG00000287979,2,0.0,0.0029432479730780105,0.0
ENSG00000288033,ENSG00000288033,2,0.0,0.0,0.0
ENSG00000288035,ENSG00000288035,2,0.0,0.0006248401591545723,0.0
ENSG00000288037,ENSG00000288037,2,0.0,0.0,0.0
ENSG00000288039,ENSG00000288039,2,0.0,0.0,0.0
ENSG00000288040,ENSG00000288040,2,0.0,0.0054257329358184435,0.0
ENSG00000288043,ENSG00000288043,2,0.0,0.00022151661466573164,0.0
ENSG00000288045,ENSG00000288045,2,0.0,0.0,0.0
ENSG00000288046,ENSG00000288046,2,0.0,0.0,0.0
ENSG00000288050,ENSG00000288050,2,0.0,0.017325118947885146,0.0
ENSG00000288053,ENSG00000288053,2,0.0,0.0,0.0
ENSG00000288055,ENSG00000288055,2,0.0,0.0,0.0
ENSG00000287980,ENSG00000287980,2,0.0,0.0025887045184259942,0.0
ENSG00000287978,ENSG00000287978,2,0.0,0.0007203485388987221,0.0
ENSG00000288059,ENSG00000288059,2,0.0,0.027515330236831382,0.0
ENSG00000287950,ENSG00000287950,2,0.0,0.0,0.0
ENSG00000287934,ENSG00000287934,2,0.0,0.0,0.0
ENSG00000287935,ENSG00000287935,2,0.0,0.0,0.0
ENSG00000287936,ENSG00000287936,2,0.0,0.007281120566773796,0.0
ENSG00000287937,ENSG00000287937,2,0.0,0.008597059662527433,0.0
ENSG00000287939,ENSG00000287939,2,0.0,0.0,0.0
ENSG00000287940,ENSG00000287940,2,0.0,0.00023734486083627795,0.0
ENSG00000287941,ENSG00000287941,2,0.0,0.0002573271712117848,0.0
ENSG00000287943,ENSG00000287943,2,0.0,0.0,0.0
ENSG00000287944,ENSG00000287944,2,0.0,0.001394301047008142,0.0
ENSG00000287945,ENSG00000287945,2,0.0,0.011427730037766343,0.0
ENSG00000287946,ENSG00000287946,2,0.0,0.0,0.0
ENSG00000287955,ENSG00000287955,2,0.0,0.0,0.0
ENSG00000287975,ENSG00000287975,2,0.0,0.0,0.0
ENSG00000287957,ENSG00000287957,2,0.0,0.0,0.0
ENSG00000287959,ENSG00000287959,2,0.0,0.0,0.0
ENSG00000287960,ENSG00000287960,2,0.0,0.0,0.0
ENSG00000287961,ENSG00000287961,2,0.0,0.008686159345201507,0.0
ENSG00000287962,ENSG00000287962,2,0.0,0.0,0.0
ENSG00000287963,ENSG00000287963,2,0.0,0.0,0.0
ENSG00000287965,ENSG00000287965,2,0.0,0.0,0.0
ENSG00000287968,ENSG00000287968,2,0.0,0.0,0.0
ENSG00000287969,ENSG00000287969,2,0.0,0.01456249042925205,0.0
ENSG00000287972,ENSG00000287972,2,0.0,0.00115838332283567,0.0
ENSG00000287973,ENSG00000287973,2,0.0,0.004361373226592625,0.0
ENSG00000288056,ENSG00000288056,2,0.0,0.0,0.0
ENSG00000288062,ENSG00000288062,2,0.0,0.0,0.0
ENSG00000288586,ENSG00000288586,2,0.0,0.0009372283031779131,0.0
ENSG00000288551,ENSG00000288551,2,0.0,0.13044881685689552,0.0
ENSG00000288321,ENSG00000288321,2,0.0,0.0010914659828984825,0.0
ENSG00000288398,ENSG00000288398,2,0.0,0.0,0.0
ENSG00000288473,ENSG00000288473,2,0.0,0.0,0.0
ENSG00000288520,ENSG00000288520,2,0.0,0.0008024733612492404,0.0
ENSG00000288533,ENSG00000288533,2,0.0,0.0017172495105797225,0.0
ENSG00000288534,ENSG00000288534,2,0.0,0.0003161385641288528,0.0
ENSG00000288538,ENSG00000288538,2,0.0,0.009573701640587254,0.0
ENSG00000288539,ENSG00000288539,2,0.0,0.0006758644854142483,0.0
ENSG00000288543,ENSG00000288543,2,0.0,0.0,0.0
ENSG00000288545,ENSG00000288545,2,0.0,0.0,0.0
ENSG00000288548,ENSG00000288548,2,0.0,0.0021909337689322212,0.0
ENSG00000288553,ENSG00000288553,2,0.0,0.0,0.0
ENSG00000288208,ENSG00000288208,2,0.0,0.0,0.0
ENSG00000288557,ENSG00000288557,2,0.0,0.0,0.0
ENSG00000288558,DUS4L-BCAP29,2,0.0,0.0,0.0
ENSG00000288559,ENSG00000288559,2,0.0,0.0,0.0
ENSG00000288560,ENSG00000288560,2,0.0,0.00018321141156034862,0.0
ENSG00000288563,ENSG00000288563,2,0.0,0.009563578017348813,0.0
ENSG00000288565,ENSG00000288565,2,0.0,0.07104208136226207,0.0
ENSG00000288568,ZCCHC14-DT,2,0.0,0.005665794689192433,0.0
ENSG00000288569,LINC01949,2,0.0,0.0,0.0
ENSG00000288573,ENSG00000288573,2,0.0,0.0,0.0
ENSG00000288577,ENSG00000288577,2,0.0,8.063255349737032e-05,0.0
ENSG00000288580,ENSG00000288580,2,0.0,0.0,0.0
ENSG00000288234,ENSG00000288234,2,0.0,0.0,0.0
ENSG00000288172,ENSG00000288172,2,0.0,0.0,0.0
ENSG00000288063,ENSG00000288063,2,0.0,0.0,0.0
ENSG00000288086,ENSG00000288086,2,0.0,0.057770288876712185,0.0
ENSG00000288064,ENSG00000288064,2,0.0,0.0005763522050342657,0.0
ENSG00000288065,ENSG00000288065,2,0.0,0.0,0.0
ENSG00000288066,ENSG00000288066,2,0.0,0.00011192671653331964,0.0
ENSG00000288067,ENSG00000288067,2,0.0,0.0,0.0
ENSG00000288071,ENSG00000288071,2,0.0,0.0,0.0
ENSG00000288072,ENSG00000288072,2,0.0,0.0009502807787415406,0.0
ENSG00000288073,ENSG00000288073,2,0.0,0.0,0.0
ENSG00000288074,ENSG00000288074,2,0.0,0.007756720433894153,0.0
ENSG00000288079,ENSG00000288079,2,0.0,0.010593745217919753,0.0
ENSG00000288080,ENSG00000288080,2,0.0,0.0,0.0
ENSG00000288084,ENSG00000288084,2,0.0,0.0,0.0
ENSG00000288087,ENSG00000288087,2,0.0,0.0,0.0
ENSG00000288153,ENSG00000288153,2,0.0,0.013770675778575553,0.0
ENSG00000288088,ENSG00000288088,2,0.0,0.0016492098013500417,0.0
ENSG00000288091,ENSG00000288091,2,0.0,0.0,0.0
ENSG00000288093,ENSG00000288093,2,0.0,0.0,0.0
ENSG00000288095,ENSG00000288095,2,0.0,0.0,0.0
ENSG00000288096,ENSG00000288096,2,0.0,0.0,0.0
ENSG00000288098,ENSG00000288098,2,0.0,0.0,0.0
ENSG00000288102,ENSG00000288102,2,0.0,0.001930275972141426,0.0
ENSG00000288105,ENSG00000288105,2,0.0,0.0,0.0
ENSG00000288106,ENSG00000288106,2,0.0,0.0,0.0
ENSG00000288107,ENSG00000288107,2,0.0,0.0008060879710554581,0.0
ENSG00000288111,ENSG00000288111,2,0.0,0.000367309475438014,0.0
ENSG00000288909,ENSG00000288909,2,0.0,0.005357909110432555,0.0
ENSG00000288913,ENSG00000288913,2,0.0,0.000570802349895761,0.0
ENSG00000289447,ENSG00000289447,2,0.0,0.0019634007462767705,0.0
ENSG00000288915,ENSG00000288915,2,0.0,0.0,0.0
ENSG00000289218,ENSG00000289218,2,0.0,0.0,0.0
ENSG00000289222,ENSG00000289222,2,0.0,0.0007465075303469865,0.0
ENSG00000289223,ENSG00000289223,2,0.0,0.0007049812469467456,0.0
ENSG00000289224,ENSG00000289224,2,0.0,8.038568142108671e-05,0.0
ENSG00000289225,ENSG00000289225,2,0.0,0.002549286292025767,0.0
ENSG00000289226,ENSG00000289226,2,0.0,0.0030641718240518347,0.0
ENSG00000289229,ENSG00000289229,2,0.0,0.0,0.0
ENSG00000289231,ENSG00000289231,2,0.0,0.0,0.0
ENSG00000289234,ZNF496-DT,2,0.0,0.0,0.0
ENSG00000289236,ENSG00000289236,2,0.0,0.002341470200341352,0.0
ENSG00000289238,ENSG00000289238,2,0.0,0.0017558536547076253,0.0
ENSG00000289243,ENSG00000289243,2,0.0,0.0005713355648556271,0.0
ENSG00000289244,ENSG00000289244,2,0.0,0.0,0.0
ENSG00000289245,ENSG00000289245,2,0.0,0.0,0.0
ENSG00000289253,ENSG00000289253,2,0.0,0.009491236190261028,0.0
ENSG00000289254,ENSG00000289254,2,0.0,0.0,0.0
ENSG00000289255,ENSG00000289255,2,0.0,0.10600410415360108,0.0
ENSG00000289256,ENSG00000289256,2,0.0,0.0010828206498684904,0.0
ENSG00000289257,ENSG00000289257,2,0.0,0.0,0.0
ENSG00000289262,ENSG00000289262,2,0.0,0.0006554504667431829,0.0
ENSG00000289267,ENSG00000289267,2,0.0,0.0036999468140093126,0.0
ENSG00000289274,ENSG00000289274,2,0.0,0.023661204489602454,0.0
ENSG00000289277,ENSG00000289277,2,0.0,0.0,0.0
ENSG00000289280,ENSG00000289280,2,0.0,0.0007228508576879376,0.0
ENSG00000289285,ENSG00000289285,2,0.0,0.0,0.0
ENSG00000289217,ENSG00000289217,2,0.0,0.002050102683580214,0.0
ENSG00000289214,ENSG00000289214,2,0.0,0.0,0.0
ENSG00000289213,ENSG00000289213,2,0.0,0.0,0.0
ENSG00000289181,ENSG00000289181,2,0.0,0.0025490934238622774,0.0
ENSG00000289153,ENSG00000289153,2,0.0,0.0,0.0
ENSG00000289155,ENSG00000289155,2,0.0,0.0,0.0
ENSG00000289159,ENSG00000289159,2,0.0,0.006988903458453985,0.0
ENSG00000289161,ENSG00000289161,2,0.0,0.0,0.0
ENSG00000289162,ENSG00000289162,2,0.0,0.014561813053691123,0.0
ENSG00000289163,ENSG00000289163,2,0.0,0.0,0.0
ENSG00000289166,ENSG00000289166,2,0.0,0.0,0.0
ENSG00000289174,ENSG00000289174,2,0.0,0.0,0.0
ENSG00000289177,ENSG00000289177,2,0.0,0.01325604265640865,0.0
ENSG00000289178,ENSG00000289178,2,0.0,0.0006372470655845102,0.0
ENSG00000289180,ENSG00000289180,2,0.0,0.001252901447999315,0.0
ENSG00000289182,ENSG00000289182,2,0.0,0.0,0.0
ENSG00000289210,ENSG00000289210,2,0.0,0.00332346832841057,0.0
ENSG00000289183,ENSG00000289183,2,0.0,0.0,0.0
ENSG00000289186,ENSG00000289186,2,0.0,0.0,0.0
ENSG00000289188,ENSG00000289188,2,0.0,0.0007284570607153494,0.0
ENSG00000289190,ENSG00000289190,2,0.0,0.0,0.0
ENSG00000289194,ENSG00000289194,2,0.0,0.049136867415960545,0.0
ENSG00000289196,ENSG00000289196,2,0.0,0.0,0.0
ENSG00000289197,ENSG00000289197,2,0.0,0.00029377053193889517,0.0
ENSG00000289198,ENSG00000289198,2,0.0,0.0034506304127513883,0.0
ENSG00000289200,ENSG00000289200,2,0.0,0.0,0.0
ENSG00000289202,ENSG00000289202,2,0.0,0.00021657880978519423,0.0
ENSG00000289207,ENSG00000289207,2,0.0,0.0,0.0
ENSG00000289289,ENSG00000289289,2,0.0,0.0,0.0
ENSG00000289291,ENSG00000289291,2,0.0,0.0,0.0
ENSG00000289292,ENSG00000289292,2,0.0,0.0006304006686301178,0.0
ENSG00000289393,ENSG00000289393,2,0.0,0.0008729483456932242,0.0
ENSG00000289370,ENSG00000289370,2,0.0,0.0017611267512960746,0.0
ENSG00000289371,ENSG00000289371,2,0.0,0.0015081560711608158,0.0
ENSG00000289372,ENSG00000289372,2,0.0,0.0,0.0
ENSG00000289373,ENSG00000289373,2,0.0,0.0,0.0
ENSG00000289375,ENSG00000289375,2,0.0,0.0,0.0
ENSG00000289376,ENSG00000289376,2,0.0,0.000690489882506695,0.0
ENSG00000289378,ENSG00000289378,2,0.0,0.0,0.0
ENSG00000289382,ENSG00000289382,2,0.0,0.01308066725513073,0.0
ENSG00000289384,ENSG00000289384,2,0.0,0.0,0.0
ENSG00000289388,ENSG00000289388,2,0.0,0.011181144697175056,0.0
ENSG00000289390,ENSG00000289390,2,0.0,0.0012396528040295436,0.0
ENSG00000289406,ENSG00000289406,2,0.0,0.0,0.0
ENSG00000289365,ENSG00000289365,2,0.0,0.0,0.0
ENSG00000289407,ENSG00000289407,2,0.0,0.00646547599463402,0.0
ENSG00000289410,ENSG00000289410,2,0.0,0.0003277743854173797,0.0
ENSG00000289412,ZEBTR,2,0.0,0.0014478054029537048,0.0
ENSG00000289428,ENSG00000289428,2,0.0,0.0,0.0
ENSG00000289434,ENSG00000289434,2,0.0,0.0003237342271475917,0.0
ENSG00000289435,ENSG00000289435,2,0.0,0.022189489953957708,0.0
ENSG00000289436,ENSG00000289436,2,0.0,0.01579880256657526,0.0
ENSG00000289440,ENSG00000289440,2,0.0,0.0,0.0
ENSG00000289443,ENSG00000289443,2,0.0,0.002385972789544422,0.0
ENSG00000289444,ENSG00000289444,2,0.0,0.0023793009120294446,0.0
ENSG00000289446,ENSG00000289446,2,0.0,0.005306423271742076,0.0
ENSG00000289368,ENSG00000289368,2,0.0,0.001068317536499396,0.0
ENSG00000289361,ENSG00000289361,2,0.0,0.0,0.0
ENSG00000289293,ENSG00000289293,2,0.0,0.0,0.0
ENSG00000289315,ENSG00000289315,2,0.0,0.0,0.0
ENSG00000289294,ENSG00000289294,2,0.0,0.0,0.0
ENSG00000289296,ENSG00000289296,2,0.0,0.0013177066085494622,0.0
ENSG00000289297,ENSG00000289297,2,0.0,0.032441050206645165,0.0
ENSG00000289301,ENSG00000289301,2,0.0,0.0024117202917907916,0.0
ENSG00000289303,ENSG00000289303,2,0.0,0.0,0.0
ENSG00000289304,ENSG00000289304,2,0.0,0.012004866796922753,0.0
ENSG00000289305,ENSG00000289305,2,0.0,0.002583592534702546,0.0
ENSG00000289309,ENSG00000289309,2,0.0,0.0,0.0
ENSG00000289311,ENSG00000289311,2,0.0,0.022222193387430398,0.0
ENSG00000289312,ENSG00000289312,2,0.0,0.0014205860261049268,0.0
ENSG00000289313,LINC01512,2,0.0,0.0001040010210735918,0.0
ENSG00000289318,ENSG00000289318,2,0.0,0.0006906006029830712,0.0
ENSG00000289359,ENSG00000289359,2,0.0,0.0,0.0
ENSG00000289319,ENSG00000289319,2,0.0,0.003998817278711168,0.0
ENSG00000289324,ENSG00000289324,2,0.0,0.0,0.0
ENSG00000289326,ENSG00000289326,2,0.0,0.0028112495941685378,0.0
ENSG00000289336,ENSG00000289336,2,0.0,0.0016949822151292751,0.0
ENSG00000289340,ENSG00000289340,2,0.0,0.015320552113686622,0.0
ENSG00000289341,ENSG00000289341,2,0.0,0.004970263647944521,0.0
ENSG00000289342,ENSG00000289342,2,0.0,0.0034313457151959018,0.0
ENSG00000289344,ENSG00000289344,2,0.0,0.0,0.0
ENSG00000289347,ENSG00000289347,2,0.0,0.001416763834955423,0.0
ENSG00000289348,ENSG00000289348,2,0.0,0.0012112996095695883,0.0
ENSG00000289352,ENSG00000289352,2,0.0,0.0,0.0
ENSG00000289152,ENSG00000289152,2,0.0,0.0014358421846048536,0.0
ENSG00000289151,ENSG00000289151,2,0.0,0.0001288620811892459,0.0
ENSG00000289150,ENSG00000289150,2,0.0,0.0076133534557355845,0.0
ENSG00000289005,ENSG00000289005,2,0.0,0.0,0.0
ENSG00000288983,ENSG00000288983,2,0.0,0.0,0.0
ENSG00000288988,ENSG00000288988,2,0.0,0.0007150077315629071,0.0
ENSG00000288989,ENSG00000288989,2,0.0,0.0,0.0
ENSG00000288991,ENSG00000288991,2,0.0,0.10024729396225579,0.0
ENSG00000288993,ENSG00000288993,2,0.0,0.0004143035122003866,0.0
ENSG00000288996,ENSG00000288996,2,0.0,0.0013079675721577918,0.0
ENSG00000288998,ENSG00000288998,2,0.0,0.0,0.0
ENSG00000288999,ENSG00000288999,2,0.0,0.0006711194856167862,0.0
ENSG00000289000,ENSG00000289000,2,0.0,0.015193929404357619,0.0
ENSG00000289003,ENSG00000289003,2,0.0,0.0009507365167285258,0.0
ENSG00000289004,ENSG00000289004,2,0.0,0.0012849019470007662,0.0
ENSG00000289008,ENSG00000289008,2,0.0,0.0,0.0
ENSG00000288976,ENSG00000288976,2,0.0,0.0006929834890297447,0.0
ENSG00000289009,ENSG00000289009,2,0.0,0.0001648091248905266,0.0
ENSG00000289012,ENSG00000289012,2,0.0,0.0405554987298043,0.0
ENSG00000289015,ENSG00000289015,2,0.0,0.0013157099394819438,0.0
ENSG00000289018,ENSG00000289018,2,0.0,0.0020136835742731655,0.0
ENSG00000289019,ENSG00000289019,2,0.0,0.0,0.0
ENSG00000289020,ENSG00000289020,2,0.0,0.03172949464072104,0.0
ENSG00000289021,ENSG00000289021,2,0.0,0.0,0.0
ENSG00000289026,ENSG00000289026,2,0.0,0.00589330627880401,0.0
ENSG00000289028,ENSG00000289028,2,0.0,0.0,0.0
ENSG00000289029,ENSG00000289029,2,0.0,0.00039466086373998423,0.0
ENSG00000289030,ENSG00000289030,2,0.0,0.0,0.0
ENSG00000288979,ENSG00000288979,2,0.0,0.002236639674486645,0.0
ENSG00000288971,ENSG00000288971,2,0.0,0.0,0.0
ENSG00000289032,ENSG00000289032,2,0.0,0.06626433270132769,0.0
ENSG00000288940,ENSG00000288940,2,0.0,0.0004035721794828514,0.0
ENSG00000288916,ENSG00000288916,2,0.0,0.0,0.0
ENSG00000288918,ENSG00000288918,2,0.0,0.00032887252824628533,0.0
ENSG00000288919,ENSG00000288919,2,0.0,0.0029601692709168145,0.0
ENSG00000288921,ENSG00000288921,2,0.0,0.0005230619779082228,0.0
ENSG00000288925,ENSG00000288925,2,0.0,0.0010905438103994793,0.0
ENSG00000288926,ENSG00000288926,2,0.0,0.00026613573500435385,0.0
ENSG00000288933,ENSG00000288933,2,0.0,0.0,0.0
ENSG00000288934,ENSG00000288934,2,0.0,0.0,0.0
ENSG00000288935,ENSG00000288935,2,0.0,0.004685674735513223,0.0
ENSG00000288936,ENSG00000288936,2,0.0,0.0,0.0
ENSG00000288937,ENSG00000288937,2,0.0,0.0,0.0
ENSG00000288942,ENSG00000288942,2,0.0,0.0,0.0
ENSG00000288967,ENSG00000288967,2,0.0,0.0,0.0
ENSG00000288945,ENSG00000288945,2,0.0,0.06070352197461135,0.0
ENSG00000288946,ENSG00000288946,2,0.0,0.0017905973086898054,0.0
ENSG00000288951,ENSG00000288951,2,0.0,0.009351125986853004,0.0
ENSG00000288952,ENSG00000288952,2,0.0,0.0,0.0
ENSG00000288953,ENSG00000288953,2,0.0,0.0,0.0
ENSG00000288955,ENSG00000288955,2,0.0,0.0,0.0
ENSG00000288956,ENSG00000288956,2,0.0,0.009426673937825949,0.0
ENSG00000288957,ENSG00000288957,2,0.0,0.003600863138802274,0.0
ENSG00000288961,ENSG00000288961,2,0.0,0.002973712522655958,0.0
ENSG00000288963,ENSG00000288963,2,0.0,0.00032679924014609226,0.0
ENSG00000288966,ENSG00000288966,2,0.0,0.07599055962678924,0.0
ENSG00000289031,ENSG00000289031,2,0.0,0.0,0.0
ENSG00000289034,ENSG00000289034,2,0.0,0.002577391908440318,0.0
ENSG00000289149,ENSG00000289149,2,0.0,0.0015735640519382176,0.0
ENSG00000289119,ENSG00000289119,2,0.0,0.0043212438262144656,0.0
ENSG00000289091,ENSG00000289091,2,0.0,0.0,0.0
ENSG00000289092,ENSG00000289092,2,0.0,0.0,0.0
ENSG00000289103,ENSG00000289103,2,0.0,0.00187305342623063,0.0
ENSG00000289105,ENSG00000289105,2,0.0,0.0,0.0
ENSG00000289106,ENSG00000289106,2,0.0,0.0,0.0
ENSG00000289109,ENSG00000289109,2,0.0,0.00018950103708236863,0.0
ENSG00000289110,ENSG00000289110,2,0.0,0.001889807770977945,0.0
ENSG00000289112,ENSG00000289112,2,0.0,0.0004257110906238293,0.0
ENSG00000289114,ENSG00000289114,2,0.0,0.0,0.0
ENSG00000289115,ENSG00000289115,2,0.0,0.0,0.0
ENSG00000289117,ENSG00000289117,2,0.0,0.0014303932421945215,0.0
ENSG00000289121,ENSG00000289121,2,0.0,0.0028459523658629143,0.0
ENSG00000289086,ENSG00000289086,2,0.0,0.0,0.0
ENSG00000289124,ENSG00000289124,2,0.0,0.0010133377562763616,0.0
ENSG00000289125,ENSG00000289125,2,0.0,0.003966856738227988,0.0
ENSG00000289126,ENSG00000289126,2,0.0,0.01459610594742426,0.0
ENSG00000289128,ENSG00000289128,2,0.0,0.0030589531235652363,0.0
ENSG00000289130,THRB-AS2,2,0.0,0.0018973595765885592,0.0
ENSG00000289132,ENSG00000289132,2,0.0,0.007716175171575355,0.0
ENSG00000289135,ENSG00000289135,2,0.0,0.0,0.0
ENSG00000289136,ENSG00000289136,2,0.0,0.003484079203733172,0.0
ENSG00000289143,ENSG00000289143,2,0.0,0.00031577167187857785,0.0
ENSG00000289145,ENSG00000289145,2,0.0,0.0016993709127055636,0.0
ENSG00000289146,ENSG00000289146,2,0.0,0.001434289411985793,0.0
ENSG00000289087,ENSG00000289087,2,0.0,0.0,0.0
ENSG00000289083,ENSG00000289083,2,0.0,0.0,0.0
ENSG00000289036,ENSG00000289036,2,0.0,0.0,0.0
ENSG00000289060,ENSG00000289060,2,0.0,0.004553711716150636,0.0
ENSG00000289037,LINC01530,2,0.0,0.00487953965091291,0.0
ENSG00000289041,ENSG00000289041,2,0.0,0.0,0.0
ENSG00000289043,ENSG00000289043,2,0.0,0.0,0.0
ENSG00000289045,ENSG00000289045,2,0.0,0.0,0.0
ENSG00000289046,ENSG00000289046,2,0.0,0.0016031855705304413,0.0
ENSG00000289048,ENSG00000289048,2,0.0,0.0,0.0
ENSG00000289052,ENSG00000289052,2,0.0,0.10513673313635975,0.0
ENSG00000289053,ENSG00000289053,2,0.0,0.0468853273757763,0.0
ENSG00000289055,ENSG00000289055,2,0.0,0.0025186938868311526,0.0
ENSG00000289056,ENSG00000289056,2,0.0,0.02170386227543982,0.0
ENSG00000289059,FPASL,2,0.0,0.0008884901398714585,0.0
ENSG00000289061,ENSG00000289061,2,0.0,0.0,0.0
ENSG00000289082,ENSG00000289082,2,0.0,0.0006093102917784295,0.0
ENSG00000289063,ENSG00000289063,2,0.0,0.010572135595538861,0.0
ENSG00000289065,ENSG00000289065,2,0.0,0.0,0.0
ENSG00000289067,ENSG00000289067,2,0.0,0.025823925389727675,0.0
ENSG00000289068,ENSG00000289068,2,0.0,0.0005970246485545911,0.0
ENSG00000289072,ENSG00000289072,2,0.0,0.0014060721319707294,0.0
ENSG00000289073,ENSG00000289073,2,0.0,0.0017097854973978416,0.0
ENSG00000289074,ENSG00000289074,2,0.0,0.0,0.0
ENSG00000289075,ENSG00000289075,2,0.0,0.0,0.0
ENSG00000289076,ENSG00000289076,2,0.0,0.0,0.0
ENSG00000289078,ENSG00000289078,2,0.0,0.0049420187502335145,0.0
ENSG00000289081,ENSG00000289081,2,0.0,0.0,0.0
ENSG00000285825,CCDC15-DT,2,0.0,0.003451686236336525,0.0
ENSG00000285824,ENSG00000285824,2,0.0,0.0007076517490620141,0.0
ENSG00000285822,ENSG00000285822,2,0.0,0.023649127902166094,0.0
ENSG00000274391,TPTE,2,0.0,0.0,0.0
ENSG00000273454,ENSG00000273454,2,0.0,0.0070149482777144955,0.0
ENSG00000273455,ENSG00000273455,2,0.0,0.0,0.0
ENSG00000273456,ENSG00000273456,2,0.0,0.0,0.0
ENSG00000273464,ENSG00000273464,2,0.0,0.0010460118058797908,0.0
ENSG00000273472,ENSG00000273472,2,0.0,0.0,0.0
ENSG00000273473,ENSG00000273473,2,0.0,0.00017699359335837317,0.0
ENSG00000273483,ENSG00000273483,2,0.0,0.003660995695031069,0.0
ENSG00000273485,ENSG00000273485,2,0.0,0.006337690500942158,0.0
ENSG00000273486,ENSG00000273486,2,0.0,0.015455596765469173,0.0
ENSG00000273487,ENSG00000273487,2,0.0,0.0022139126315845344,0.0
ENSG00000273492,APP-DT,2,0.0,0.0,0.0
ENSG00000273521,ENSG00000273521,2,0.0,0.0,0.0
ENSG00000273523,ENSG00000273523,2,0.0,0.006400883033222693,0.0
ENSG00000273552,ENSG00000273552,2,0.0,0.0,0.0
ENSG00000273565,ENSG00000273565,2,0.0,0.0,0.0
ENSG00000273597,ENSG00000273597,2,0.0,0.002052546560827084,0.0
ENSG00000273599,ENSG00000273599,2,0.0,0.004250532158153384,0.0
ENSG00000273604,EPOP,2,0.0,0.0,0.0
ENSG00000273618,ENSG00000273618,2,0.0,0.0,0.0
ENSG00000273619,RPS21-DT,2,0.0,0.0,0.0
ENSG00000273628,ENSG00000273628,2,0.0,0.008105977403724034,0.0
ENSG00000273637,ENSG00000273637,2,0.0,0.00062246973817153,0.0
ENSG00000273654,ENSG00000273654,2,0.0,0.003660871206242341,0.0
ENSG00000273675,ENSG00000273675,2,0.0,0.0,0.0
ENSG00000273680,ENSG00000273680,2,0.0,0.0034306703438322385,0.0
ENSG00000273449,ENSG00000273449,2,0.0,0.002151349550630508,0.0
ENSG00000273448,ENSG00000273448,2,0.0,0.0,0.0
ENSG00000273447,ENSG00000273447,2,0.0,0.00030269833225192715,0.0
ENSG00000273384,ENSG00000273384,2,0.0,0.0,0.0
ENSG00000273325,ENSG00000273325,2,0.0,0.0,0.0
ENSG00000273338,ENSG00000273338,2,0.0,0.0,0.0
ENSG00000273340,MICE,2,0.0,0.0015078702805281473,0.0
ENSG00000273355,ENSG00000273355,2,0.0,0.0011797414057575623,0.0
ENSG00000273356,LINC02019,2,0.0,0.011441410543598199,0.0
ENSG00000273360,ENSG00000273360,2,0.0,0.0,0.0
ENSG00000273363,ENSG00000273363,2,0.0,0.0,0.0
ENSG00000273372,SFTPD-AS1,2,0.0,0.0,0.0
ENSG00000273374,ENSG00000273374,2,0.0,0.0,0.0
ENSG00000273381,ENSG00000273381,2,0.0,0.0,0.0
ENSG00000273382,TMEM167B-DT,2,0.0,0.0,0.0
ENSG00000273387,ENSG00000273387,2,0.0,0.001957750418450979,0.0
ENSG00000273437,ENSG00000273437,2,0.0,0.00019726027409893443,0.0
ENSG00000273391,ENSG00000273391,2,0.0,0.0,0.0
ENSG00000273396,LINC01396,2,0.0,0.003711380279295317,0.0
ENSG00000273399,ENSG00000273399,2,0.0,0.002540818911516402,0.0
ENSG00000273403,ENSG00000273403,2,0.0,0.14626393997812828,0.0
ENSG00000273407,CYP3A4-AS1,2,0.0,0.1994674479780834,0.0
ENSG00000273413,ENSG00000273413,2,0.0,0.0017034576818869105,0.0
ENSG00000273415,LINC02725,2,0.0,0.0,0.0
ENSG00000273416,ENSG00000273416,2,0.0,0.03995903130067724,0.0
ENSG00000273419,ENSG00000273419,2,0.0,0.0,0.0
ENSG00000273428,ENSG00000273428,2,0.0,0.0,0.0
ENSG00000273432,ENSG00000273432,2,0.0,0.0005677304341137669,0.0
ENSG00000273702,ENSG00000273702,2,0.0,0.006570937983812066,0.0
ENSG00000273706,LHX1,2,0.0,0.010679871502578325,0.0
ENSG00000273723,SUGT1-DT,2,0.0,0.0,0.0
ENSG00000274272,ENSG00000274272,2,0.0,0.0,0.0
ENSG00000274184,ENSG00000274184,2,0.0,0.003874275925678739,0.0
ENSG00000274191,ENSG00000274191,2,0.0,0.002041863746167622,0.0
ENSG00000274210,RNVU1-27,2,0.0,0.002621240009533384,0.0
ENSG00000274220,ENSG00000274220,2,0.0,0.0009511760591044175,0.0
ENSG00000274225,HEPFAL,2,0.0,0.00031550636156733327,0.0
ENSG00000274227,ENSG00000274227,2,0.0,0.0,0.0
ENSG00000274238,ENSG00000274238,2,0.0,0.0026578581754419434,0.0
ENSG00000274248,ENSG00000274248,2,0.0,0.0,0.0
ENSG00000274253,ENSG00000274253,2,0.0,0.03337617337879871,0.0
ENSG00000274269,ENSG00000274269,2,0.0,0.0013740448610239865,0.0
ENSG00000274270,ENSG00000274270,2,0.0,0.0007452607131424761,0.0
ENSG00000274276,ENSG00000274276,2,0.0,0.0,0.0
ENSG00000274104,ENSG00000274104,2,0.0,0.004969126430476736,0.0
ENSG00000274286,ADRA2B,2,0.0,0.0,0.0
ENSG00000274292,ENSG00000274292,2,0.0,0.0,0.0
ENSG00000274315,ENSG00000274315,2,0.0,0.001236633897497881,0.0
ENSG00000274340,ENSG00000274340,2,0.0,0.0,0.0
ENSG00000274341,ENSG00000274341,2,0.0,0.001730834124670259,0.0
ENSG00000274346,ENSG00000274346,2,0.0,0.0,0.0
ENSG00000274349,ZNF658,2,0.0,0.011862494295786032,0.0
ENSG00000274367,ENSG00000274367,2,0.0,0.0,0.0
ENSG00000274372,ENSG00000274372,2,0.0,0.00023316992497375596,0.0
ENSG00000274376,ADAMTS7P1,2,0.0,0.00010199992400578384,0.0
ENSG00000274383,ENSG00000274383,2,0.0,6.745079105143602e-05,0.0
ENSG00000274124,ENSG00000274124,2,0.0,0.0,0.0
ENSG00000274049,INO80B-WBP1,2,0.0,0.0,0.0
ENSG00000273724,ENSG00000273724,2,0.0,0.000822947469227617,0.0
ENSG00000273819,ENPP7P7,2,0.0,0.001107740514862068,0.0
ENSG00000273727,U1,2,0.0,0.04282098411702522,0.0
ENSG00000273729,ENSG00000273729,2,0.0,0.0027502423318342744,0.0
ENSG00000273747,ENSG00000273747,2,0.0,0.0,0.0
ENSG00000273748,ENSG00000273748,2,0.0,0.002209857519594576,0.0
ENSG00000273765,ENSG00000273765,2,0.0,0.0,0.0
ENSG00000273769,L1CAM-AS1,2,0.0,0.0,0.0
ENSG00000273771,ENSG00000273771,2,0.0,0.0,0.0
ENSG00000273783,GTF2A1-AS1,2,0.0,0.0,0.0
ENSG00000273791,BNIP3P47,2,0.0,0.01270762899894673,0.0
ENSG00000273796,BNAT1,2,0.0,0.008336992035443481,0.0
ENSG00000273816,ENSG00000273816,2,0.0,0.0,0.0
ENSG00000273877,ENSG00000273877,2,0.0,0.0,0.0
ENSG00000274026,FAM27E3,2,0.0,0.020304319247975672,0.0
ENSG00000273890,ENSG00000273890,2,0.0,0.001231116187462505,0.0
ENSG00000273891,ENSG00000273891,2,0.0,0.00767663092445549,0.0
ENSG00000273899,NOL12,2,0.0,0.0,0.0
ENSG00000273901,ENSG00000273901,2,0.0,0.0,0.0
ENSG00000273919,ENSG00000273919,2,0.0,0.0,0.0
ENSG00000273963,ENPP7P14,2,0.0,0.0,0.0
ENSG00000273980,ENSG00000273980,2,0.0,0.001903524194109377,0.0
ENSG00000273998,ENSG00000273998,2,0.0,0.0007846173643518845,0.0
ENSG00000274010,ZFP91P1,2,0.0,0.0006606342147302749,0.0
ENSG00000274012,RN7SL2,2,0.0,0.0,0.0
ENSG00000274021,ENSG00000274021,2,0.0,0.0053883587519925015,0.0
ENSG00000273321,ENSG00000273321,2,0.0,0.001842558181728562,0.0
ENSG00000273320,NAMPT-AS1,2,0.0,0.04225604007367069,0.0
ENSG00000273319,ENSG00000273319,2,0.0,0.0014385327028755644,0.0
ENSG00000273062,RALGPS2-AS1,2,0.0,0.0005424165373329313,0.0
ENSG00000273014,ENSG00000273014,2,0.0,0.0,0.0
ENSG00000273018,FAM106A,2,0.0,0.0,0.0
ENSG00000273024,INTS4P2,2,0.0,0.0027517426295028775,0.0
ENSG00000273025,ENSG00000273025,2,0.0,0.0,0.0
ENSG00000273026,ENSG00000273026,2,0.0,0.0,0.0
ENSG00000273033,LINC02035,2,0.0,0.0,0.0
ENSG00000273044,ENSG00000273044,2,0.0,0.0,0.0
ENSG00000273045,C2orf15,2,0.0,0.0026378845395403647,0.0
ENSG00000273047,ENSG00000273047,2,0.0,0.016518319004524735,0.0
ENSG00000273055,ENSG00000273055,2,0.0,0.0,0.0
ENSG00000273061,CDC37L1-DT,2,0.0,0.002927801294025849,0.0
ENSG00000273064,ENSG00000273064,2,0.0,0.04170646381948755,0.0
ENSG00000273008,CSGALNACT2-DT,2,0.0,0.0,0.0
ENSG00000273066,ENSG00000273066,2,0.0,0.0,0.0
ENSG00000273069,ENSG00000273069,2,0.0,0.0,0.0
ENSG00000273076,ENSG00000273076,2,0.0,0.007455578841084327,0.0
ENSG00000273080,ENSG00000273080,2,0.0,0.0012119507916220442,0.0
ENSG00000273082,LARGE1-AS1,2,0.0,0.0,0.0
ENSG00000273084,LINC03073,2,0.0,0.0,0.0
ENSG00000273088,ENSG00000273088,2,0.0,0.008500929480867475,0.0
ENSG00000273090,ENSG00000273090,2,0.0,0.0,0.0
ENSG00000273091,ENSG00000273091,2,0.0,0.0012306487643899717,0.0
ENSG00000273102,ENSG00000273102,2,0.0,8.152683717828871e-05,0.0
ENSG00000273106,PPM1B-DT,2,0.0,0.0,0.0
ENSG00000273013,ENSG00000273013,2,0.0,0.0,0.0
ENSG00000273007,ENSG00000273007,2,0.0,0.01833436377418664,0.0
ENSG00000273112,ENSG00000273112,2,0.0,0.21864125665665718,0.0
ENSG00000272936,ENSG00000272936,2,0.0,0.0,0.0
ENSG00000272905,ENSG00000272905,2,0.0,0.0,0.0
ENSG00000272906,ENSG00000272906,2,0.0,0.0015071937083392922,0.0
ENSG00000272909,ENSG00000272909,2,0.0,0.00041627566274952,0.0
ENSG00000272911,ENSG00000272911,2,0.0,0.007511300178849971,0.0
ENSG00000272912,ENSG00000272912,2,0.0,0.0,0.0
ENSG00000272917,ENSG00000272917,2,0.0,0.006383530205513343,0.0
ENSG00000272918,ENSG00000272918,2,0.0,0.0006759356114464778,0.0
ENSG00000272921,ENSG00000272921,2,0.0,0.011031882409009758,0.0
ENSG00000272927,ENSG00000272927,2,0.0,0.0,0.0
ENSG00000272931,LRRC8D-DT,2,0.0,0.0028660230325449686,0.0
ENSG00000272933,TRIM8-DT,2,0.0,0.006414904766169885,0.0
ENSG00000272944,ENSG00000272944,2,0.0,0.0,0.0
ENSG00000273004,ENSG00000273004,2,0.0,0.0,0.0
ENSG00000272948,ENSG00000272948,2,0.0,0.0,0.0
ENSG00000272950,ENSG00000272950,2,0.0,0.0,0.0
ENSG00000272953,ENSG00000272953,2,0.0,1.0564581859108656e-05,0.0
ENSG00000272954,ENSG00000272954,2,0.0,0.008844759599831043,0.0
ENSG00000272963,OR7A19P,2,0.0,0.0,0.0
ENSG00000272973,ENSG00000272973,2,0.0,0.0,0.0
ENSG00000272975,MYHAS,2,0.0,0.0005072620986082676,0.0
ENSG00000272979,ENSG00000272979,2,0.0,0.0,0.0
ENSG00000272990,ENSG00000272990,2,0.0,0.0034575306022898086,0.0
ENSG00000273002,ARHGEF2-AS2,2,0.0,9.067448943367635e-05,0.0
ENSG00000273003,ARL2-SNX15,2,0.0,0.00017320123400159395,0.0
ENSG00000273108,ENSG00000273108,2,0.0,0.0,0.0
ENSG00000273113,ENSG00000273113,2,0.0,0.0012513207475860749,0.0
ENSG00000273314,ENSG00000273314,2,0.0,0.0055130280807263645,0.0
ENSG00000273253,TRABD-AS1,2,0.0,0.009960652362084701,0.0
ENSG00000273213,H3-7,2,0.0,0.0018123170635524902,0.0
ENSG00000273218,ENSG00000273218,2,0.0,0.0,0.0
ENSG00000273219,ENSG00000273219,2,0.0,0.0,0.0
ENSG00000273221,ENSG00000273221,2,0.0,0.0008738858524562468,0.0
ENSG00000273226,ENSG00000273226,2,0.0,0.007795583122616169,0.0
ENSG00000273230,ENSG00000273230,2,0.0,0.0,0.0
ENSG00000273240,ENSG00000273240,2,0.0,0.002155555346609427,0.0
ENSG00000273243,ENSG00000273243,2,0.0,0.0,0.0
ENSG00000273245,ENSG00000273245,2,0.0,0.0005269003485823924,0.0
ENSG00000273248,ENSG00000273248,2,0.0,0.007312879225732397,0.0
ENSG00000273249,WDR5-DT,2,0.0,0.0,0.0
ENSG00000273254,ENSG00000273254,2,0.0,0.006558264419020879,0.0
ENSG00000273209,ENSG00000273209,2,0.0,0.008847289809540592,0.0
ENSG00000273261,ENSG00000273261,2,0.0,0.0,0.0
ENSG00000273262,ENSG00000273262,2,0.0,0.02048238276376674,0.0
ENSG00000273265,CNNM3-DT,2,0.0,0.0,0.0
ENSG00000273270,LINC03072,2,0.0,0.0002255511217713404,0.0
ENSG00000273271,ENSG00000273271,2,0.0,0.14467425756871968,0.0
ENSG00000273275,ENSG00000273275,2,0.0,0.0012106231590300143,0.0
ENSG00000273291,ENSG00000273291,2,0.0,0.0,0.0
ENSG00000273297,LINC03060,2,0.0,0.0,0.0
ENSG00000273300,ENSG00000273300,2,0.0,0.0001756251731938519,0.0
ENSG00000273302,ENSG00000273302,2,0.0,0.0009548787519648467,0.0
ENSG00000273306,ENSG00000273306,2,0.0,6.320448265622758e-05,0.0
ENSG00000273211,ENSG00000273211,2,0.0,0.00022885043862351306,0.0
ENSG00000273204,ENSG00000273204,2,0.0,0.0,0.0
ENSG00000273117,INSIG1-DT,2,0.0,0.0,0.0
ENSG00000273156,ENSG00000273156,2,0.0,0.0,0.0
ENSG00000273125,LINC01990,2,0.0,9.013360429619083e-05,0.0
ENSG00000273133,ENSG00000273133,2,0.0,0.030209289324976258,0.0
ENSG00000273137,SELENOO-AS1,2,0.0,0.0005373060170424831,0.0
ENSG00000273139,ENSG00000273139,2,0.0,0.0015834719153003205,0.0
ENSG00000273142,LINC02604,2,0.0,0.0007597506127048874,0.0
ENSG00000273143,DUSP5-DT,2,0.0,0.008036872829537325,0.0
ENSG00000273145,ENSG00000273145,2,0.0,0.0,0.0
ENSG00000273148,LCDR,2,0.0,0.0008568147386296076,0.0
ENSG00000273149,ENSG00000273149,2,0.0,0.0,0.0
ENSG00000273151,ENSG00000273151,2,0.0,0.0,0.0
ENSG00000273154,ENSG00000273154,2,0.0,0.0004525452000071995,0.0
ENSG00000273162,ENSG00000273162,2,0.0,0.0,0.0
ENSG00000273199,ENSG00000273199,2,0.0,0.0025396669053784965,0.0
ENSG00000273165,ENSG00000273165,2,0.0,0.0,0.0
ENSG00000273167,ENSG00000273167,2,0.0,0.0,0.0
ENSG00000273171,ENSG00000273171,2,0.0,0.0,0.0
ENSG00000273172,LINC02091,2,0.0,0.0039032099388176095,0.0
ENSG00000273173,SNURF,2,0.0,0.004712485974084023,0.0
ENSG00000273175,ENSG00000273175,2,0.0,0.0,0.0
ENSG00000273177,ENSG00000273177,2,0.0,0.015355975620084426,0.0
ENSG00000273179,SPON2-AS1,2,0.0,0.010726502075649484,0.0
ENSG00000273188,ENSG00000273188,2,0.0,0.0,0.0
ENSG00000273189,ENSG00000273189,2,0.0,0.0008776574366048551,0.0
ENSG00000273192,ENSG00000273192,2,0.0,0.006816658626346899,0.0
ENSG00000274387,ENSG00000274387,2,0.0,0.0,0.0
ENSG00000274403,ENSG00000274403,2,0.0,0.0014912839497645022,0.0
ENSG00000272899,SPMIP1,2,0.0,0.0,0.0
ENSG00000274414,ENSG00000274414,2,0.0,0.01475844824170561,0.0
ENSG00000276110,ENSG00000276110,2,0.0,0.0020795222055059875,0.0
ENSG00000276116,FUT8-AS1,2,0.0,0.0,0.0
ENSG00000276127,ENSG00000276127,2,0.0,0.0,0.0
ENSG00000276128,ENSG00000276128,2,0.0,6.9773725966461705e-06,0.0
ENSG00000276131,ENSG00000276131,2,0.0,0.0,0.0
ENSG00000276136,ENSG00000276136,2,0.0,0.004905824188279186,0.0
ENSG00000276141,WHAMMP3,2,0.0,0.00015145589586339152,0.0
ENSG00000276150,ENSG00000276150,2,0.0,0.0,0.0
ENSG00000276166,ENSG00000276166,2,0.0,0.0,0.0
ENSG00000276168,RN7SL1,2,0.0,0.0,0.0
ENSG00000276170,ENSG00000276170,2,0.0,0.0006345279450120833,0.0
ENSG00000276172,ELMO2P1,2,0.0,0.0012137119339045506,0.0
ENSG00000276180,H4C9,2,0.0,0.0035559910770446563,0.0
ENSG00000276203,ANKRD20A3P,2,0.0,0.0003374336745277003,0.0
ENSG00000276216,ENSG00000276216,2,0.0,0.0,0.0
ENSG00000276231,PIK3R6,2,0.0,0.0,0.0
ENSG00000276250,ENSG00000276250,2,0.0,0.0,0.0
ENSG00000276255,LINC02809,2,0.0,0.012793935275909631,0.0
ENSG00000276272,ENSG00000276272,2,0.0,0.0,0.0
ENSG00000276278,ENSG00000276278,2,0.0,0.0,0.0
ENSG00000276292,ENSG00000276292,2,0.0,0.0,0.0
ENSG00000276302,ENSG00000276302,2,0.0,0.0010141558918568265,0.0
ENSG00000276408,ENSG00000276408,2,0.0,0.0,0.0
ENSG00000276410,H2BC3,2,0.0,0.005576150335066378,0.0
ENSG00000276412,ENSG00000276412,2,0.0,0.006538490779587399,0.0
ENSG00000276101,ENSG00000276101,2,0.0,0.0,0.0
ENSG00000276087,ENSG00000276087,2,0.0,0.005208724430970011,0.0
ENSG00000276075,ENSG00000276075,2,0.0,0.000674344566964236,0.0
ENSG00000275902,ENSG00000275902,2,0.0,0.0004987431291440239,0.0
ENSG00000275763,ZNF516-DT,2,0.0,0.004673807394640075,0.0
ENSG00000275778,ENSG00000275778,2,0.0,0.0011274595412897267,0.0
ENSG00000275807,ENSG00000275807,2,0.0,0.0,0.0
ENSG00000275830,LINC03082,2,0.0,0.004924026650184732,0.0
ENSG00000275833,ENSG00000275833,2,0.0,0.0,0.0
ENSG00000275846,ENSG00000275846,2,0.0,0.002012493548597053,0.0
ENSG00000275857,ENSG00000275857,2,0.0,0.0,0.0
ENSG00000275880,NAXD-AS1,2,0.0,0.006421901204668083,0.0
ENSG00000275895,ENSG00000275895,2,0.0,0.005422374143234475,0.0
ENSG00000275897,ENSG00000275897,2,0.0,0.018809320400193355,0.0
ENSG00000275898,ENSG00000275898,2,0.0,0.0008822520680732372,0.0
ENSG00000275910,ENSG00000275910,2,0.0,0.0026277117626780566,0.0
ENSG00000276074,ENSG00000276074,2,0.0,0.003339593155142895,0.0
ENSG00000275936,ENSG00000275936,2,0.0,0.0,0.0
ENSG00000275956,ENSG00000275956,2,0.0,0.0,0.0
ENSG00000275963,ENSG00000275963,2,0.0,0.0,0.0
ENSG00000275964,ENSG00000275964,2,0.0,0.0031353832264939827,0.0
ENSG00000275993,ENSG00000275993,2,0.0,0.006673243895277779,0.0
ENSG00000275997,ENSG00000275997,2,0.0,0.002725732809322973,0.0
ENSG00000276019,ENSG00000276019,2,0.0,0.0,0.0
ENSG00000276030,LINC03085,2,0.0,0.0022954092786364585,0.0
ENSG00000276063,ENSG00000276063,2,0.0,0.0,0.0
ENSG00000276067,SLC23A4P,2,0.0,0.0022498320946680982,0.0
ENSG00000276071,ENSG00000276071,2,0.0,0.0181414006293941,0.0
ENSG00000276417,ENSG00000276417,2,0.0,0.05925958242101148,0.0
ENSG00000276418,ENSG00000276418,2,0.0,0.00770795212498569,0.0
ENSG00000276445,ENSG00000276445,2,0.0,0.0009487345881836775,0.0
ENSG00000277007,ENSG00000277007,2,0.0,0.0019401214610987093,0.0
ENSG00000276810,ENSG00000276810,2,0.0,0.0,0.0
ENSG00000276846,ENSG00000276846,2,0.0,0.0017778216782117703,0.0
ENSG00000276855,ENSG00000276855,2,0.0,0.0013952636856210704,0.0
ENSG00000276867,ENSG00000276867,2,0.0,0.007543899376911896,0.0
ENSG00000276900,AMN1-AS1,2,0.0,0.00809693565050921,0.0
ENSG00000276952,ENSG00000276952,2,0.0,0.0,0.0
ENSG00000276960,ENSG00000276960,2,0.0,0.0004780974304548148,0.0
ENSG00000276963,ENSG00000276963,2,0.0,0.0,0.0
ENSG00000276968,ENSG00000276968,2,0.0,0.0,0.0
ENSG00000276991,ENSG00000276991,2,0.0,0.0004018317325281105,0.0
ENSG00000276997,ENSG00000276997,2,0.0,0.0020749215905285596,0.0
ENSG00000277010,ENSG00000277010,2,0.0,0.010702611451311428,0.0
ENSG00000276788,SNORD26,2,0.0,0.0,0.0
ENSG00000277013,SUNO1,2,0.0,0.0009691349209430333,0.0
ENSG00000277020,ENSG00000277020,2,0.0,0.0,0.0
ENSG00000277022,ENSG00000277022,2,0.0,0.0,0.0
ENSG00000277039,Metazoa_SRP,2,0.0,0.017789369391350597,0.0
ENSG00000277053,GTF2IP1,2,0.0,0.004150981022808228,0.0
ENSG00000277087,ENSG00000277087,2,0.0,0.012183387320651787,0.0
ENSG00000277112,ANKRD20A21P,2,0.0,0.012752842933911443,0.0
ENSG00000277125,PMS2P14,2,0.0,0.0,0.0
ENSG00000277135,ENSG00000277135,2,0.0,0.005564053298370466,0.0
ENSG00000277142,LINC00235,2,0.0,0.0002430166308813106,0.0
ENSG00000277144,ENSG00000277144,2,0.0,0.000450985391038886,0.0
ENSG00000276791,ENSG00000276791,2,0.0,0.0017657476497729228,0.0
ENSG00000276778,LINC02227,2,0.0,0.0,0.0
ENSG00000276449,ENSG00000276449,2,0.0,0.004374190708412409,0.0
ENSG00000276570,ENSG00000276570,2,0.0,0.004357797913620897,0.0
ENSG00000276462,LINC03025,2,0.0,0.007440466944905105,0.0
ENSG00000276467,ENSG00000276467,2,0.0,0.0,0.0
ENSG00000276488,ENSG00000276488,2,0.0,0.0054670408511334175,0.0
ENSG00000276490,ENSG00000276490,2,0.0,0.0,0.0
ENSG00000276500,BMS1P14,2,0.0,0.0,0.0
ENSG00000276523,ENSG00000276523,2,0.0,0.0014873266718373015,0.0
ENSG00000276524,LINC03065,2,0.0,0.0,0.0
ENSG00000276527,ENSG00000276527,2,0.0,0.0,0.0
ENSG00000276529,ENSG00000276529,2,0.0,0.020215943944115702,0.0
ENSG00000276542,ENSG00000276542,2,0.0,0.03552169005417197,0.0
ENSG00000276547,PCDHGB5,2,0.0,0.001628849660934323,0.0
ENSG00000276571,ENSG00000276571,2,0.0,0.0,0.0
ENSG00000276772,ENSG00000276772,2,0.0,0.0006323185298882395,0.0
ENSG00000276578,ENSG00000276578,2,0.0,1.2203720900949738e-05,0.0
ENSG00000276600,RAB7B,2,0.0,0.0,0.0
ENSG00000276627,ENSG00000276627,2,0.0,0.0,0.0
ENSG00000276649,ENSG00000276649,2,0.0,0.0008130038311610187,0.0
ENSG00000276651,ENSG00000276651,2,0.0,0.0,0.0
ENSG00000276690,ENSG00000276690,2,0.0,0.0,0.0
ENSG00000276698,ENSG00000276698,2,0.0,0.0,0.0
ENSG00000276702,ENSG00000276702,2,0.0,0.00035480776646758266,0.0
ENSG00000276727,ENSG00000276727,2,0.0,0.008263560097384562,0.0
ENSG00000276742,ENSG00000276742,2,0.0,0.0,0.0
ENSG00000276768,ENSG00000276768,2,0.0,0.0031563160777277614,0.0
ENSG00000275759,ENSG00000275759,2,0.0,0.009485870999097732,0.0
ENSG00000275741,ENSG00000275741,2,0.0,0.0005765864260601222,0.0
ENSG00000275719,ENSG00000275719,2,0.0,0.0009392654314861774,0.0
ENSG00000274949,ENSG00000274949,2,0.0,0.0004454363998635569,0.0
ENSG00000274767,ENSG00000274767,2,0.0,0.0,0.0
ENSG00000274769,ENSG00000274769,2,0.0,0.0,0.0
ENSG00000274775,FSIP2LP,2,0.0,0.0,0.0
ENSG00000274776,ENSG00000274776,2,0.0,0.0005910397303615889,0.0
ENSG00000274808,TBC1D3B,2,0.0,0.00466290156887693,0.0
ENSG00000274825,ENSG00000274825,2,0.0,0.00029940718787251297,0.0
ENSG00000274828,ENSG00000274828,2,0.0,0.02817816364188472,0.0
ENSG00000274841,Metazoa_SRP,2,0.0,0.0,0.0
ENSG00000274895,ENSG00000274895,2,0.0,0.0,0.0
ENSG00000274922,ENSG00000274922,2,0.0,0.0,0.0
ENSG00000274944,ENSG00000274944,2,0.0,0.0,0.0
ENSG00000274985,PTCHD3P1,2,0.0,0.007741750563876097,0.0
ENSG00000274751,ENSG00000274751,2,0.0,0.0,0.0
ENSG00000274987,ENSG00000274987,2,0.0,0.0,0.0
ENSG00000274993,ENSG00000274993,2,0.0,0.0,0.0
ENSG00000274996,ENSG00000274996,2,0.0,0.0021947890348603663,0.0
ENSG00000275005,ENSG00000275005,2,0.0,0.0,0.0
ENSG00000275016,ENSG00000275016,2,0.0,0.008198617178802638,0.0
ENSG00000275017,ENSG00000275017,2,0.0,0.004376053260740276,0.0
ENSG00000275055,ENSG00000275055,2,0.0,0.0019461628766773735,0.0
ENSG00000275074,NUDT18,2,0.0,0.0,0.0
ENSG00000275097,ENSG00000275097,2,0.0,0.003394223958142332,0.0
ENSG00000275103,ENSG00000275103,2,0.0,0.003220864277386138,0.0
ENSG00000275106,ENSG00000275106,2,0.0,0.004003993769557625,0.0
ENSG00000274756,ENSG00000274756,2,0.0,0.026230543851526095,0.0
ENSG00000274717,ADAMTS7P5,2,0.0,0.0006293339367759794,0.0
ENSG00000275160,RPL7AP45,2,0.0,0.0,0.0
ENSG00000274525,ENSG00000274525,2,0.0,0.003293111244151973,0.0
ENSG00000274425,ENSG00000274425,2,0.0,0.0,0.0
ENSG00000274428,RNVU1-25,2,0.0,0.0,0.0
ENSG00000274443,C8orf89,2,0.0,0.0,0.0
ENSG00000274460,ENSG00000274460,2,0.0,0.0021323581512852326,0.0
ENSG00000274461,LINC02930,2,0.0,0.07246779683093932,0.0
ENSG00000274471,ENSG00000274471,2,0.0,0.0016188319840104175,0.0
ENSG00000274487,NPEPPSP1,2,0.0,0.0,0.0
ENSG00000274492,ENSG00000274492,2,0.0,0.002397941018922667,0.0
ENSG00000274501,ENSG00000274501,2,0.0,0.0003629550644989099,0.0
ENSG00000274512,TBC1D3L,2,0.0,0.0,0.0
ENSG00000274514,Metazoa_SRP,2,0.0,0.0043810197772131635,0.0
ENSG00000274528,ENSG00000274528,2,0.0,0.010969144559526077,0.0
ENSG00000274698,ENSG00000274698,2,0.0,0.0,0.0
ENSG00000274551,ENSG00000274551,2,0.0,0.0010994935138704711,0.0
ENSG00000274554,ENSG00000274554,2,0.0,0.0009674747871483673,0.0
ENSG00000274561,ENSG00000274561,2,0.0,0.0,0.0
ENSG00000274565,ENSG00000274565,2,0.0,0.0006263702771438917,0.0
ENSG00000274570,SPDYE10,2,0.0,0.0019586656389121754,0.0
ENSG00000274582,SNORA16A,2,0.0,0.0,0.0
ENSG00000274615,NPEPPSP1,2,0.0,0.0011896315856596864,0.0
ENSG00000274629,ENSG00000274629,2,0.0,0.0005714574147322241,0.0
ENSG00000274630,ENSG00000274630,2,0.0,0.0,0.0
ENSG00000274642,ENSG00000274642,2,0.0,0.0,0.0
ENSG00000274695,ENSG00000274695,2,0.0,0.0,0.0
ENSG00000275139,ENSG00000275139,2,0.0,0.0,0.0
ENSG00000275180,ENSG00000275180,2,0.0,0.0018756067347537343,0.0
ENSG00000275709,ENSG00000275709,2,0.0,0.0,0.0
ENSG00000275558,RN7SKP175,2,0.0,0.0,0.0
ENSG00000275464,ENSG00000275464,2,0.0,0.0006389276572799069,0.0
ENSG00000275465,ENSG00000275465,2,0.0,0.0017955672047675077,0.0
ENSG00000275479,ENSG00000275479,2,0.0,0.0,0.0
ENSG00000275488,ENSG00000275488,2,0.0,0.0,0.0
ENSG00000275489,SPMAP1,2,0.0,0.009404669992608243,0.0
ENSG00000275491,LINC01730,2,0.0,0.008365947040885174,0.0
ENSG00000275494,ENSG00000275494,2,0.0,0.0,0.0
ENSG00000275506,H3P25,2,0.0,0.0003447480795206821,0.0
ENSG00000275532,ENSG00000275532,2,0.0,0.0018214554181444614,0.0
ENSG00000275549,STPG3-AS1,2,0.0,0.038070009246810796,0.0
ENSG00000275557,ENSG00000275557,2,0.0,0.0,0.0
ENSG00000275562,SEPTIN7P12,2,0.0,0.014160818581055985,0.0
ENSG00000275441,ENSG00000275441,2,0.0,0.002834132643781629,0.0
ENSG00000275569,ENSG00000275569,2,0.0,0.00042230311138490977,0.0
ENSG00000275582,ENSG00000275582,2,0.0,0.00146627745327262,0.0
ENSG00000275585,PDE4DIPP4,2,0.0,0.0,0.0
ENSG00000275586,Metazoa_SRP,2,0.0,0.001591646030902532,0.0
ENSG00000275613,ENSG00000275613,2,0.0,0.012716236197848832,0.0
ENSG00000275620,FLJ16779,2,0.0,0.005409613327995386,0.0
ENSG00000275630,ENSG00000275630,2,0.0,0.03553566164748305,0.0
ENSG00000275638,ENSG00000275638,2,0.0,0.0,0.0
ENSG00000275649,ENSG00000275649,2,0.0,0.0,0.0
ENSG00000275665,ENSG00000275665,2,0.0,0.00016326341626734037,0.0
ENSG00000275695,UBE2Q2P6,2,0.0,0.0,0.0
ENSG00000275457,ENSG00000275457,2,0.0,0.0,0.0
ENSG00000275413,ENSG00000275413,2,0.0,0.0,0.0
ENSG00000275183,LENG9,2,0.0,0.0007769362853327241,0.0
ENSG00000275318,ENSG00000275318,2,0.0,0.005357597792096315,0.0
ENSG00000275185,ENSG00000275185,2,0.0,0.003132149752158549,0.0
ENSG00000275198,LINC02960,2,0.0,0.014942738094620966,0.0
ENSG00000275202,ENSG00000275202,2,0.0,0.0,0.0
ENSG00000275212,LINC02826,2,0.0,0.0016548266422502414,0.0
ENSG00000275216,ENSG00000275216,2,0.0,0.00019379037187073535,0.0
ENSG00000275223,ENSG00000275223,2,0.0,0.0,0.0
ENSG00000275234,ENSG00000275234,2,0.0,0.0,0.0
ENSG00000275236,ENSG00000275236,2,0.0,0.0,0.0
ENSG00000275239,FAM242F,2,0.0,0.01058305993216935,0.0
ENSG00000275256,MRPS31P1,2,0.0,0.002452763457643948,0.0
ENSG00000275265,ENSG00000275265,2,0.0,0.03976819312835792,0.0
ENSG00000275322,SCDAL,2,0.0,0.0,0.0
ENSG00000275410,HNF1B,2,0.0,0.17331686672137622,0.0
ENSG00000275325,PDCD6IPP1,2,0.0,0.0,0.0
ENSG00000275328,SPDYE19P,2,0.0,0.0,0.0
ENSG00000275348,ENSG00000275348,2,0.0,0.018981937606999042,0.0
ENSG00000275367,ENSG00000275367,2,0.0,0.0,0.0
ENSG00000275371,ENSG00000275371,2,0.0,0.0,0.0
ENSG00000275374,GUSBP19,2,0.0,0.0,0.0
ENSG00000275381,ENSG00000275381,2,0.0,0.0006953772578410947,0.0
ENSG00000275383,ENSG00000275383,2,0.0,0.020296364072519127,0.0
ENSG00000275395,FCGBP,2,0.0,0.0,0.0
ENSG00000275400,ENSG00000275400,2,0.0,0.014907819615703869,0.0
ENSG00000275401,ENSG00000275401,2,0.0,0.0,0.0
ENSG00000272902,TBC1D8-AS1,2,0.0,0.0006104586318787371,0.0
ENSG00000272896,ENSG00000272896,2,0.0,0.013727755880520618,0.0
ENSG00000277151,ENSG00000277151,2,0.0,0.005704023175438049,0.0
ENSG00000271911,ENSG00000271911,2,0.0,0.018372313986401212,0.0
ENSG00000271156,ENSG00000271156,2,0.0,0.00037824140423874694,0.0
ENSG00000271161,BOLA2P2,2,0.0,0.0,0.0
ENSG00000271171,LINC00904,2,0.0,0.0004756903448109515,0.0
ENSG00000271199,ENSG00000271199,2,0.0,0.008541412626720299,0.0
ENSG00000271200,PATJ-DT,2,0.0,0.0009868231068631056,0.0
ENSG00000271204,ENSG00000271204,2,0.0,0.0,0.0
ENSG00000271215,RPL21P136,2,0.0,0.013786448723591261,0.0
ENSG00000271216,LINC01050,2,0.0,0.00821930355547782,0.0
ENSG00000271218,ENSG00000271218,2,0.0,0.0008359446766951831,0.0
ENSG00000271259,ENSG00000271259,2,0.0,0.0008396602200905756,0.0
ENSG00000271278,ELOCP33,2,0.0,0.0005515525283852914,0.0
ENSG00000271283,ENSG00000271283,2,0.0,0.0,0.0
ENSG00000271303,SRXN1,2,0.0,0.001004380437197065,0.0
ENSG00000271327,ENSG00000271327,2,0.0,0.0,0.0
ENSG00000271344,ENSG00000271344,2,0.0,0.013472598454540756,0.0
ENSG00000271361,HTATSF1P2,2,0.0,0.057976726428171206,0.0
ENSG00000271366,ENSG00000271366,2,0.0,0.012072781328037794,0.0
ENSG00000271369,ENSG00000271369,2,0.0,0.0001198819773081884,0.0
ENSG00000271380,PYGO2-AS1,2,0.0,0.0,0.0
ENSG00000271382,ENSG00000271382,2,0.0,0.0,0.0
ENSG00000271387,C1orf21-DT,2,0.0,0.0003089289906253104,0.0
ENSG00000271396,ENSG00000271396,2,0.0,0.005513470460604721,0.0
ENSG00000271398,ENSG00000271398,2,0.0,0.000727183683203441,0.0
ENSG00000271401,ENSG00000271401,2,0.0,0.0012353859427433553,0.0
ENSG00000271414,ENSG00000271414,2,0.0,0.0002525598422796693,0.0
ENSG00000271155,ENSG00000271155,2,0.0,0.00022102109483249264,0.0
ENSG00000271151,ENSG00000271151,2,0.0,0.021939990512986125,0.0
ENSG00000271146,BNIP3P45,2,0.0,0.0,0.0
ENSG00000271009,ENSG00000271009,2,0.0,0.00808753393707047,0.0
ENSG00000270933,ENSG00000270933,2,0.0,0.001354834324170376,0.0
ENSG00000270948,MTDHP1,2,0.0,0.0,0.0
ENSG00000270955,ENSG00000270955,2,0.0,0.09673198463312947,0.0
ENSG00000270956,ENSG00000270956,2,0.0,0.002589686930005544,0.0
ENSG00000270959,LPP-AS2,2,0.0,0.004414866032568604,0.0
ENSG00000270964,MAP2K5-DT,2,0.0,0.004985511085093615,0.0
ENSG00000270975,MAGOH3P,2,0.0,0.0,0.0
ENSG00000270977,ENSG00000270977,2,0.0,0.0037446161795107436,0.0
ENSG00000270986,HMGB1P51,2,0.0,0.0,0.0
ENSG00000270996,ENSG00000270996,2,0.0,0.008614119130994882,0.0
ENSG00000271002,ENSG00000271002,2,0.0,0.0019626305301317848,0.0
ENSG00000271011,ENSG00000271011,2,0.0,0.0,0.0
ENSG00000271141,ENSG00000271141,2,0.0,0.0,0.0
ENSG00000271013,LRRC37A9P,2,0.0,0.013923811082672134,0.0
ENSG00000271032,ENSG00000271032,2,0.0,0.0017019746165311917,0.0
ENSG00000271065,SLC4A8-AS1,2,0.0,0.00548299250954828,0.0
ENSG00000271075,ENSG00000271075,2,0.0,0.00043106721879042245,0.0
ENSG00000271086,NAMA,2,0.0,0.0,0.0
ENSG00000271105,SCML2P2,2,0.0,0.00816947981186087,0.0
ENSG00000271109,ENSG00000271109,2,0.0,0.0011547607073176985,0.0
ENSG00000271119,LINC03067,2,0.0,0.001729028246643434,0.0
ENSG00000271122,HERPUD2-AS1,2,0.0,0.0,0.0
ENSG00000271129,ENSG00000271129,2,0.0,0.006218600209712359,0.0
ENSG00000271133,ITGB8-AS1,2,0.0,0.0,0.0
ENSG00000271427,ENSG00000271427,2,0.0,0.0015460164714112096,0.0
ENSG00000271437,ENSG00000271437,2,0.0,0.0006701286601023802,0.0
ENSG00000271447,MMP28,2,0.0,0.01910498080940933,0.0
ENSG00000271843,ENSG00000271843,2,0.0,0.0,0.0
ENSG00000271746,ENSG00000271746,2,0.0,0.00033430838290686297,0.0
ENSG00000271754,ENSG00000271754,2,0.0,0.0,0.0
ENSG00000271755,ENSG00000271755,2,0.0,0.0,0.0
ENSG00000271758,ENSG00000271758,2,0.0,0.0,0.0
ENSG00000271763,ENSG00000271763,2,0.0,0.004156396719037597,0.0
ENSG00000271780,ENSG00000271780,2,0.0,0.0015988479697939078,0.0
ENSG00000271781,ENSG00000271781,2,0.0,0.0,0.0
ENSG00000271795,ENSG00000271795,2,0.0,0.005090814687457347,0.0
ENSG00000271806,ENSG00000271806,2,0.0,0.0,0.0
ENSG00000271810,ENSG00000271810,2,0.0,0.0,0.0
ENSG00000271828,ENSG00000271828,2,0.0,0.0,0.0
ENSG00000271849,MAN2A1-DT,2,0.0,0.0,0.0
ENSG00000271741,ENSG00000271741,2,0.0,3.9012600611551676e-05,0.0
ENSG00000271850,LINC02343,2,0.0,0.0,0.0
ENSG00000271853,ENSG00000271853,2,0.0,0.015560360791298319,0.0
ENSG00000271855,ENSG00000271855,2,0.0,0.0,0.0
ENSG00000271858,ENSG00000271858,2,0.0,0.0008418681000709336,0.0
ENSG00000271862,ENSG00000271862,2,0.0,0.0,0.0
ENSG00000271869,DCTN6-DT,2,0.0,0.0,0.0
ENSG00000271871,ENSG00000271871,2,0.0,0.0030971980391700784,0.0
ENSG00000271874,RAI14-DT,2,0.0,0.001436093905517815,0.0
ENSG00000271880,ENSG00000271880,2,0.0,0.0003007600296604315,0.0
ENSG00000271888,JARID2-DT,2,0.0,0.0,0.0
ENSG00000271889,C2orf74-AS1,2,0.0,0.0,0.0
ENSG00000271743,ENSG00000271743,2,0.0,0.0009239166769757693,0.0
ENSG00000271737,ENSG00000271737,2,0.0,0.0,0.0
ENSG00000271474,UNC5C-AS1,2,0.0,0.00018150143645677186,0.0
ENSG00000271614,ATP2B1-AS1,2,0.0,0.0,0.0
ENSG00000271500,ENSG00000271500,2,0.0,0.0011793479696902132,0.0
ENSG00000271503,CCL5,2,0.0,0.0026962144684239335,0.0
ENSG00000271524,BNIP3P17,2,0.0,0.00670504907971373,0.0
ENSG00000271547,ENSG00000271547,2,0.0,0.012205404904057846,0.0
ENSG00000271550,BNIP3P11,2,0.0,0.0,0.0
ENSG00000271551,ENSG00000271551,2,0.0,0.0709102322675348,0.0
ENSG00000271553,ENSG00000271553,2,0.0,0.0,0.0
ENSG00000271554,ENSG00000271554,2,0.0,0.0,0.0
ENSG00000271576,PRKACB-DT,2,0.0,0.0023375957700219464,0.0
ENSG00000271590,ENSG00000271590,2,0.0,0.0,0.0
ENSG00000271607,RBISP4,2,0.0,0.0,0.0
ENSG00000271638,BNIP3P19,2,0.0,0.0,0.0
ENSG00000271730,ENSG00000271730,2,0.0,0.0,0.0
ENSG00000271643,PDCD6IP-DT,2,0.0,0.0,0.0
ENSG00000271657,ENSG00000271657,2,0.0,0.0005071511468230423,0.0
ENSG00000271659,ENSG00000271659,2,0.0,0.0,0.0
ENSG00000271664,ENSG00000271664,2,0.0,0.005691215932202203,0.0
ENSG00000271670,ENSG00000271670,2,0.0,0.0032981570115352666,0.0
ENSG00000271687,MTND5P10,2,0.0,0.0001855711197148709,0.0
ENSG00000271709,ENSG00000271709,2,0.0,0.004115799263540792,0.0
ENSG00000271714,FAM169A-AS1,2,0.0,0.033792484479825864,0.0
ENSG00000271716,ENSG00000271716,2,0.0,0.0,0.0
ENSG00000271723,MROH7-TTC4,2,0.0,0.022252579392815924,0.0
ENSG00000271725,ENSG00000271725,2,0.0,0.0,0.0
ENSG00000270923,TAS2R6P,2,0.0,0.001984805236495784,0.0
ENSG00000270920,MCRIP2P2,2,0.0,0.002302517126673236,0.0
ENSG00000270893,ENSG00000270893,2,0.0,0.0011428462989465837,0.0
ENSG00000270249,ENSG00000270249,2,0.0,0.01565584331836833,0.0
ENSG00000270171,ENSG00000270171,2,0.0,0.0030547061495074385,0.0
ENSG00000270174,ENSG00000270174,2,0.0,0.0005112191372056099,0.0
ENSG00000270175,ENSG00000270175,2,0.0,0.004188425379093508,0.0
ENSG00000270177,PPP2CA-DT,2,0.0,0.002429153909714637,0.0
ENSG00000270181,BIVM-ERCC5,2,0.0,0.0062544684740074704,0.0
ENSG00000270184,ENSG00000270184,2,0.0,0.0,0.0
ENSG00000270190,ENSG00000270190,2,0.0,0.00039706117364523495,0.0
ENSG00000270194,GOLGA4-AS1,2,0.0,0.0,0.0
ENSG00000270210,ENSG00000270210,2,0.0,0.0,0.0
ENSG00000270228,ENSG00000270228,2,0.0,0.0,0.0
ENSG00000270240,ENSG00000270240,2,0.0,0.001373301946717067,0.0
ENSG00000270257,ENSG00000270257,2,0.0,0.0,0.0
ENSG00000270154,ENSG00000270154,2,0.0,0.0,0.0
ENSG00000270265,ENSG00000270265,2,0.0,0.0,0.0
ENSG00000270277,ENSG00000270277,2,0.0,0.0,0.0
ENSG00000270281,ENSG00000270281,2,0.0,0.02720975808913929,0.0
ENSG00000270300,PHACTR2P1,2,0.0,0.0,0.0
ENSG00000270302,ENSG00000270302,2,0.0,0.0,0.0
ENSG00000270316,BORCS7-ASMT,2,0.0,0.0,0.0
ENSG00000270332,SMC2-DT,2,0.0,0.0,0.0
ENSG00000270343,UNGP3,2,0.0,0.007953995893284023,0.0
ENSG00000270354,ENSG00000270354,2,0.0,0.00023955228756302596,0.0
ENSG00000270362,HMGN3-AS1,2,0.0,0.0,0.0
ENSG00000270379,HEATR9,2,0.0,0.01258442979071735,0.0
ENSG00000270166,ENSG00000270166,2,0.0,0.006220055710254859,0.0
ENSG00000270139,ENSG00000270139,2,0.0,0.014906674096412057,0.0
ENSG00000270405,ENSG00000270405,2,0.0,0.0,0.0
ENSG00000270084,GAS5-AS1,2,0.0,0.0,0.0
ENSG00000270000,ENSG00000270000,2,0.0,0.0,0.0
ENSG00000270006,C16orf95-DT,2,0.0,0.01492434996478806,0.0
ENSG00000270008,ENSG00000270008,2,0.0,1.9270757408654503e-07,0.0
ENSG00000270020,ENSG00000270020,2,0.0,0.0,0.0
ENSG00000270021,ENSG00000270021,2,0.0,0.0,0.0
ENSG00000270022,ENSG00000270022,2,0.0,0.0,0.0
ENSG00000270025,BMS1P7,2,0.0,0.0,0.0
ENSG00000270035,ENSG00000270035,2,0.0,0.001681060662370504,0.0
ENSG00000270055,ENSG00000270055,2,0.0,0.0021777002741727976,0.0
ENSG00000270075,ENSG00000270075,2,0.0,0.022388741172097177,0.0
ENSG00000270076,ENSG00000270076,2,0.0,0.0,0.0
ENSG00000270091,ENSG00000270091,2,0.0,0.008527720885316994,0.0
ENSG00000270135,ENSG00000270135,2,0.0,0.0,0.0
ENSG00000270094,TRIM11-AS1,2,0.0,0.0,0.0
ENSG00000270096,ENSG00000270096,2,0.0,0.010475708574235913,0.0
ENSG00000270100,ENSG00000270100,2,0.0,0.00841210088613898,0.0
ENSG00000270103,ENSG00000270103,2,0.0,0.0,0.0
ENSG00000270104,ENSG00000270104,2,0.0,0.0005443047768099563,0.0
ENSG00000270110,ENSG00000270110,2,0.0,0.005563813730403465,0.0
ENSG00000270111,CELF2-DT,2,0.0,0.0,0.0
ENSG00000270112,ST8SIA5-DT,2,0.0,0.010240181050533363,0.0
ENSG00000270117,ENSG00000270117,2,0.0,0.0,0.0
ENSG00000270124,GSE1-AS1,2,0.0,0.0,0.0
ENSG00000270127,ENSG00000270127,2,0.0,0.0,0.0
ENSG00000270402,ENSG00000270402,2,0.0,0.0,0.0
ENSG00000270409,ENSG00000270409,2,0.0,0.0239691376695799,0.0
ENSG00000270883,ENSG00000270883,2,0.0,0.0,0.0
ENSG00000270773,MARK2P19,2,0.0,0.0025792711193766077,0.0
ENSG00000270722,RNVU1-31,2,0.0,6.35990424935596e-06,0.0
ENSG00000270725,ENSG00000270725,2,0.0,0.06149604432956612,0.0
ENSG00000270728,ENSG00000270728,2,0.0,0.006878216152667183,0.0
ENSG00000270729,CAPZA1P5,2,0.0,0.0013636311849130594,0.0
ENSG00000270739,THAP5P2,2,0.0,0.0,0.0
ENSG00000270755,ENSG00000270755,2,0.0,0.000549804115463901,0.0
ENSG00000270757,HSPE1-MOB4,2,0.0,0.0,0.0
ENSG00000270760,ENSG00000270760,2,0.0,0.026754222632016864,0.0
ENSG00000270761,CD2AP-DT,2,0.0,0.0031025424813631805,0.0
ENSG00000270765,GAS2L2,2,0.0,0.0,0.0
ENSG00000270772,PDHA1P1,2,0.0,0.0,0.0
ENSG00000270781,ENSG00000270781,2,0.0,0.007791725780653359,0.0
ENSG00000270689,BUD13P1,2,0.0,0.00297175669445723,0.0
ENSG00000270802,ENSG00000270802,2,0.0,0.0009589066611301035,0.0
ENSG00000270813,NANOGNBP3,2,0.0,0.005963948230102914,0.0
ENSG00000270823,ENSG00000270823,2,0.0,0.012393976930751296,0.0
ENSG00000270832,CMPK1P2,2,0.0,0.0,0.0
ENSG00000270842,ENSG00000270842,2,0.0,0.0,0.0
ENSG00000270857,ENSG00000270857,2,0.0,0.014134181543751451,0.0
ENSG00000270863,DDX55P1,2,0.0,0.0008832480767338707,0.0
ENSG00000270872,SRGAP2D,2,0.0,0.000617079458182331,0.0
ENSG00000270874,RPAP2P1,2,0.0,0.011656826767431332,0.0
ENSG00000270876,ZNF30-AS1,2,0.0,0.0,0.0
ENSG00000270878,GCATP1,2,0.0,0.0,0.0
ENSG00000270690,ENSG00000270690,2,0.0,0.028884587439863836,0.0
ENSG00000270681,ENSG00000270681,2,0.0,0.0,0.0
ENSG00000270419,CAHM,2,0.0,0.07386847514555989,0.0
ENSG00000270533,ENSG00000270533,2,0.0,0.008251469970995136,0.0
ENSG00000270427,NRBF2P5,2,0.0,0.0,0.0
ENSG00000270429,KNOP1P2,2,0.0,0.001982061178501152,0.0
ENSG00000270437,ENSG00000270437,2,0.0,0.0,0.0
ENSG00000270442,ENSG00000270442,2,0.0,0.0015501201423261577,0.0
ENSG00000270479,BNIP3P37,2,0.0,0.0,0.0
ENSG00000270490,ENSG00000270490,2,0.0,0.0,0.0
ENSG00000270491,ENSG00000270491,2,0.0,0.0,0.0
ENSG00000270492,MARK2P3,2,0.0,0.0,0.0
ENSG00000270504,ENSG00000270504,2,0.0,0.0,0.0
ENSG00000270524,QTRT1P1,2,0.0,0.0,0.0
ENSG00000270528,FAM133EP,2,0.0,0.0009337096062167931,0.0
ENSG00000270540,ENSG00000270540,2,0.0,0.0,0.0
ENSG00000270679,ENSG00000270679,2,0.0,0.0,0.0
ENSG00000270558,ENSG00000270558,2,0.0,0.0,0.0
ENSG00000270580,ENSG00000270580,2,0.0,0.0009718493642563857,0.0
ENSG00000270589,ENSG00000270589,2,0.0,0.0,0.0
ENSG00000270605,ENSG00000270605,2,0.0,0.0,0.0
ENSG00000270606,PPIAP52,2,0.0,0.0,0.0
ENSG00000270607,LEISA1,2,0.0,0.00029623545677780915,0.0
ENSG00000270617,URGCP-MRPS24,2,0.0,0.0030834007406048574,0.0
ENSG00000270627,ENSG00000270627,2,0.0,0.0,0.0
ENSG00000270638,ENSG00000270638,2,0.0,0.0004571852488128292,0.0
ENSG00000270659,ENSG00000270659,2,0.0,0.0,0.0
ENSG00000270673,YTHDF3-DT,2,0.0,0.000617629165272262,0.0
ENSG00000271894,ENSG00000271894,2,0.0,0.0449782283235692,0.0
ENSG00000271918,ENSG00000271918,2,0.0,0.0,0.0
ENSG00000272892,ENSG00000272892,2,0.0,0.0019035343838745178,0.0
ENSG00000271919,DENRP3,2,0.0,0.0015428084904073372,0.0
ENSG00000272573,MUSTN1,2,0.0,0.0,0.0
ENSG00000272576,ENSG00000272576,2,0.0,0.004322292496724484,0.0
ENSG00000272583,ENSG00000272583,2,0.0,0.0819895918895053,0.0
ENSG00000272588,ENSG00000272588,2,0.0,0.0004536666320599965,0.0
ENSG00000272597,ENSG00000272597,2,0.0,0.0,0.0
ENSG00000272601,EFCAB3P1,2,0.0,0.0,0.0
ENSG00000272604,EFCAB10-AS1,2,0.0,0.007441441976328413,0.0
ENSG00000272606,PPP4R3B-DT,2,0.0,0.0,0.0
ENSG00000272609,ENSG00000272609,2,0.0,0.00636578559223683,0.0
ENSG00000272619,FAM131B-AS1,2,0.0,0.013216300086212971,0.0
ENSG00000272620,AFAP1-AS1,2,0.0,0.0,0.0
ENSG00000272622,ENSG00000272622,2,0.0,0.0,0.0
ENSG00000272625,ENSG00000272625,2,0.0,0.0,0.0
ENSG00000272626,ENSG00000272626,2,0.0,0.0066250626324623856,0.0
ENSG00000272630,ENSG00000272630,2,0.0,0.0047901296709525806,0.0
ENSG00000272631,ENSG00000272631,2,0.0,0.0,0.0
ENSG00000272636,DOC2B,2,0.0,0.0,0.0
ENSG00000272638,ENSG00000272638,2,0.0,0.0024034429369752517,0.0
ENSG00000272645,GTF2IP20,2,0.0,0.015324677057574995,0.0
ENSG00000272646,ENSG00000272646,2,0.0,0.0022167573333912592,0.0
ENSG00000272650,ENSG00000272650,2,0.0,0.000558576270116174,0.0
ENSG00000272654,JTB-DT,2,0.0,0.00025338810047099205,0.0
ENSG00000272660,ENSG00000272660,2,0.0,0.001175696912603606,0.0
ENSG00000272662,TIMMDC1-DT,2,0.0,0.00010659961144810408,0.0
ENSG00000272663,PPP1R21-DT,2,0.0,0.0,0.0
ENSG00000272572,ENSG00000272572,2,0.0,0.001080220038710332,0.0
ENSG00000272563,ENSG00000272563,2,0.0,0.0,0.0
ENSG00000272558,ENSG00000272558,2,0.0,0.0007559517653544088,0.0
ENSG00000272491,ENSG00000272491,2,0.0,0.0002303397195714148,0.0
ENSG00000272442,ENSG00000272442,2,0.0,0.0017736941378597004,0.0
ENSG00000272447,ENSG00000272447,2,0.0,0.012066731548440773,0.0
ENSG00000272449,ENSG00000272449,2,0.0,0.0,0.0
ENSG00000272455,MRPL20-DT,2,0.0,0.1575565381770128,0.0
ENSG00000272457,ENSG00000272457,2,0.0,0.0,0.0
ENSG00000272461,ENSG00000272461,2,0.0,0.0009279934332645134,0.0
ENSG00000272462,LINC02980,2,0.0,0.0,0.0
ENSG00000272465,ENSG00000272465,2,0.0,0.0008722419823392276,0.0
ENSG00000272468,ENSG00000272468,2,0.0,0.0,0.0
ENSG00000272476,ENSG00000272476,2,0.0,0.0020100522905690922,0.0
ENSG00000272479,ENSG00000272479,2,0.0,0.0,0.0
ENSG00000272501,ENSG00000272501,2,0.0,0.0,0.0
ENSG00000272556,GTF2IP13,2,0.0,0.0,0.0
ENSG00000272505,ENSG00000272505,2,0.0,0.0,0.0
ENSG00000272508,ENSG00000272508,2,0.0,0.0,0.0
ENSG00000272509,ENSG00000272509,2,0.0,0.0,0.0
ENSG00000272512,ENSG00000272512,2,0.0,0.003201778246143073,0.0
ENSG00000272514,CFAP206,2,0.0,8.503405345393252e-05,0.0
ENSG00000272519,ENSG00000272519,2,0.0,0.005136313692183084,0.0
ENSG00000272523,LINC01023,2,0.0,0.0,0.0
ENSG00000272525,BTF3-DT,2,0.0,0.0,0.0
ENSG00000272549,LINC02538,2,0.0,0.0,0.0
ENSG00000272554,ENSG00000272554,2,0.0,0.0040783570568978895,0.0
ENSG00000272555,ENSG00000272555,2,0.0,0.0018488118718513185,0.0
ENSG00000272667,ENSG00000272667,2,0.0,0.0,0.0
ENSG00000272668,ENSG00000272668,2,0.0,0.0,0.0
ENSG00000272669,ENSG00000272669,2,0.0,0.002865961190850927,0.0
ENSG00000272843,ENSG00000272843,2,0.0,0.0,0.0
ENSG00000272770,ENSG00000272770,2,0.0,0.0010343684376708769,0.0
ENSG00000272777,ENSG00000272777,2,0.0,0.0003309297866161719,0.0
ENSG00000272791,ENSG00000272791,2,0.0,0.0,0.0
ENSG00000272807,ENSG00000272807,2,0.0,0.00024028415702936472,0.0
ENSG00000272808,GCAWKR,2,0.0,0.0016900075205361616,0.0
ENSG00000272817,ENSG00000272817,2,0.0,0.0023099869785263676,0.0
ENSG00000272824,ENSG00000272824,2,0.0,0.0006324798574443576,0.0
ENSG00000272829,ENSG00000272829,2,0.0,0.0,0.0
ENSG00000272834,ENSG00000272834,2,0.0,0.0010787205597281942,0.0
ENSG00000272841,MAP3K4-AS1,2,0.0,0.0038963706201388,0.0
ENSG00000272842,ENSG00000272842,2,0.0,0.0,0.0
ENSG00000272844,ENSG00000272844,2,0.0,0.0,0.0
ENSG00000272768,ENSG00000272768,2,0.0,0.0008736316670894153,0.0
ENSG00000272849,ENSG00000272849,2,0.0,0.0,0.0
ENSG00000272851,ENSG00000272851,2,0.0,0.0012127061818140413,0.0
ENSG00000272853,SUV39H2-DT,2,0.0,0.0,0.0
ENSG00000272854,ENSG00000272854,2,0.0,0.0009185782067593036,0.0
ENSG00000272855,ENSG00000272855,2,0.0,0.0018888905552440578,0.0
ENSG00000272858,ENSG00000272858,2,0.0,0.0,0.0
ENSG00000272864,ENSG00000272864,2,0.0,0.0,0.0
ENSG00000272865,ENSG00000272865,2,0.0,0.003622174975005936,0.0
ENSG00000272871,ENSG00000272871,2,0.0,0.002459185816656371,0.0
ENSG00000272885,ENSG00000272885,2,0.0,0.0,0.0
ENSG00000272887,CSPG4P5,2,0.0,0.0,0.0
ENSG00000272769,ENSG00000272769,2,0.0,0.011351068576462084,0.0
ENSG00000272767,JMJD1C-AS1,2,0.0,0.0,0.0
ENSG00000272672,ENSG00000272672,2,0.0,0.0,0.0
ENSG00000272721,EIF2B5-DT,2,0.0,0.0008896664861348203,0.0
ENSG00000272678,ENSG00000272678,2,0.0,0.02009306097667374,0.0
ENSG00000272688,ENSG00000272688,2,0.0,0.0,0.0
ENSG00000272692,ENSG00000272692,2,0.0,0.0,0.0
ENSG00000272695,GAS6-DT,2,0.0,0.011100177776114599,0.0
ENSG00000272696,ENSG00000272696,2,0.0,0.0,0.0
ENSG00000272699,ENSG00000272699,2,0.0,0.0,0.0
ENSG00000272701,MESTIT1,2,0.0,0.0,0.0
ENSG00000272707,ENSG00000272707,2,0.0,0.0,0.0
ENSG00000272711,HK2-DT,2,0.0,0.003582130128364092,0.0
ENSG00000272716,SLC30A6-DT,2,0.0,0.002162942908659742,0.0
ENSG00000272720,ENSG00000272720,2,0.0,0.004178787094497923,0.0
ENSG00000272732,ENSG00000272732,2,0.0,0.010343500662543283,0.0
ENSG00000272764,ENSG00000272764,2,0.0,0.0,0.0
ENSG00000272733,ENSG00000272733,2,0.0,0.0,0.0
ENSG00000272734,ADIRF-AS1,2,0.0,0.003040716263623256,0.0
ENSG00000272735,ENSG00000272735,2,0.0,0.0,0.0
ENSG00000272736,ENSG00000272736,2,0.0,0.0005014887235045192,0.0
ENSG00000272741,ENSG00000272741,2,0.0,0.0,0.0
ENSG00000272742,ENSG00000272742,2,0.0,0.0,0.0
ENSG00000272744,ENSG00000272744,2,0.0,0.0005280411994544823,0.0
ENSG00000272750,ENSG00000272750,2,0.0,0.0,0.0
ENSG00000272752,STAG3L5P-PVRIG2P-PILRB,2,0.0,0.0013236289776804456,0.0
ENSG00000272754,ENSG00000272754,2,0.0,0.0,0.0
ENSG00000272760,ENSG00000272760,2,0.0,0.0,0.0
ENSG00000272426,ENSG00000272426,2,0.0,0.0030276001480592793,0.0
ENSG00000272419,LINC01145,2,0.0,8.726773363011788e-05,0.0
ENSG00000272417,ENSG00000272417,2,0.0,0.0,0.0
ENSG00000272081,FCHO2-DT,2,0.0,0.0005130025900804651,0.0
ENSG00000272030,ENSG00000272030,2,0.0,0.0,0.0
ENSG00000272031,ANKRD34A,2,0.0,0.0,0.0
ENSG00000272037,ENSG00000272037,2,0.0,0.00031138489584555453,0.0
ENSG00000272056,ENSG00000272056,2,0.0,0.0,0.0
ENSG00000272068,BCAN-AS1,2,0.0,0.0,0.0
ENSG00000272070,ENSG00000272070,2,0.0,0.0007652031998434868,0.0
ENSG00000272072,ENSG00000272072,2,0.0,0.010370721279901107,0.0
ENSG00000272076,ENSG00000272076,2,0.0,0.0009827487145112543,0.0
ENSG00000272077,ENSG00000272077,2,0.0,0.003198688190715948,0.0
ENSG00000272078,ENSG00000272078,2,0.0,0.00037629113415675917,0.0
ENSG00000272079,ENSG00000272079,2,0.0,0.0007754033648154366,0.0
ENSG00000272084,ENSG00000272084,2,0.0,0.07812913446050415,0.0
ENSG00000272010,ENSG00000272010,2,0.0,0.009152717465610177,0.0
ENSG00000272086,GOLPH3-DT,2,0.0,0.008345821737478058,0.0
ENSG00000272092,ENSG00000272092,2,0.0,0.005592973843212066,0.0
ENSG00000272097,TMEM14B-DT,2,0.0,0.0,0.0
ENSG00000272100,ENSG00000272100,2,0.0,0.0,0.0
ENSG00000272103,ENSG00000272103,2,0.0,0.0,0.0
ENSG00000272104,ENSG00000272104,2,0.0,0.0,0.0
ENSG00000272106,ENSG00000272106,2,0.0,0.0,0.0
ENSG00000272109,ENSG00000272109,2,0.0,0.0013455259692860485,0.0
ENSG00000272129,ENSG00000272129,2,0.0,0.0,0.0
ENSG00000272137,ENSG00000272137,2,0.0,0.001845197637261685,0.0
ENSG00000272138,LINC01607,2,0.0,0.0,0.0
ENSG00000272024,ENSG00000272024,2,0.0,0.0,0.0
ENSG00000272009,ENSG00000272009,2,0.0,0.0,0.0
ENSG00000272142,LYRM4-AS1,2,0.0,0.0,0.0
ENSG00000271971,ENSG00000271971,2,0.0,0.0,0.0
ENSG00000271933,ENSG00000271933,2,0.0,9.302979976772601e-05,0.0
ENSG00000271936,ENSG00000271936,2,0.0,0.0,0.0
ENSG00000271937,ENSG00000271937,2,0.0,0.0020840781791713996,0.0
ENSG00000271943,TPM4P2,2,0.0,0.002804741045559812,0.0
ENSG00000271949,ENSG00000271949,2,0.0,0.00079363593830749,0.0
ENSG00000271955,ENSG00000271955,2,0.0,0.000627393580560155,0.0
ENSG00000271958,ENSG00000271958,2,0.0,0.0,0.0
ENSG00000271959,ENSG00000271959,2,0.0,0.0,0.0
ENSG00000271963,ENSG00000271963,2,0.0,0.0010957137992543117,0.0
ENSG00000271966,ARFGEF1-DT,2,0.0,0.0,0.0
ENSG00000271967,ENSG00000271967,2,0.0,0.0,0.0
ENSG00000271976,ENSG00000271976,2,0.0,0.0,0.0
ENSG00000272008,ENSG00000272008,2,0.0,0.35586913958366406,0.0
ENSG00000271978,ENSG00000271978,2,0.0,0.0063769942400263326,0.0
ENSG00000271980,CCT5-AS1,2,0.0,0.0,0.0
ENSG00000271984,ENSG00000271984,2,0.0,0.11385451996349116,0.0
ENSG00000271986,RN7SL827P,2,0.0,0.0020542725606242447,0.0
ENSG00000271989,ENSG00000271989,2,0.0,0.0,0.0
ENSG00000271991,TTC32-DT,2,0.0,0.017222772127793374,0.0
ENSG00000271992,ENSG00000271992,2,0.0,0.0,0.0
ENSG00000271993,ENSG00000271993,2,0.0,0.0,0.0
ENSG00000271996,ENSG00000271996,2,0.0,0.0006681254834601212,0.0
ENSG00000272002,LINC02973,2,0.0,0.0033098251363276898,0.0
ENSG00000272004,ENSG00000272004,2,0.0,0.0,0.0
ENSG00000272140,ENSG00000272140,2,0.0,0.002299952499379509,0.0
ENSG00000272143,FGF14-AS2,2,0.0,0.0007332951651516861,0.0
ENSG00000272416,ENSG00000272416,2,0.0,0.0,0.0
ENSG00000272341,ENSG00000272341,2,0.0,0.0008058423429809589,0.0
ENSG00000272273,IER3-AS1,2,0.0,0.0010349323000980624,0.0
ENSG00000272275,ENSG00000272275,2,0.0,0.0073807066852139645,0.0
ENSG00000272277,ENSG00000272277,2,0.0,0.0,0.0
ENSG00000272288,ILRUN-AS1,2,0.0,0.0,0.0
ENSG00000272293,ENSG00000272293,2,0.0,0.0040058664735828885,0.0
ENSG00000272316,ENSG00000272316,2,0.0,0.0,0.0
ENSG00000272320,ENSG00000272320,2,0.0,0.0003842991570209845,0.0
ENSG00000272323,TTC23L-AS1,2,0.0,0.013125007470059341,0.0
ENSG00000272324,DAP-DT,2,0.0,0.0,0.0
ENSG00000272334,ENSG00000272334,2,0.0,0.0,0.0
ENSG00000272338,ENSG00000272338,2,0.0,0.005986825856922612,0.0
ENSG00000272343,ENSG00000272343,2,0.0,0.0,0.0
ENSG00000272263,ENSG00000272263,2,0.0,0.0007947102114195362,0.0
ENSG00000272345,ENSG00000272345,2,0.0,0.0,0.0
ENSG00000272359,RNU4-89P,2,0.0,0.00349391722607605,0.0
ENSG00000272361,ENSG00000272361,2,0.0,0.0,0.0
ENSG00000272371,ENSG00000272371,2,0.0,0.001250236768554384,0.0
ENSG00000272374,SCUBE3-AS1,2,0.0,0.003668300454032112,0.0
ENSG00000272375,ENSG00000272375,2,0.0,0.0005064572002936764,0.0
ENSG00000272381,LINC02664,2,0.0,0.002419366375375155,0.0
ENSG00000272384,ZHX2-AS1,2,0.0,0.0,0.0
ENSG00000272405,ENSG00000272405,2,0.0,0.0,0.0
ENSG00000272412,RN7SL778P,2,0.0,0.0,0.0
ENSG00000272414,FAM47E-STBD1,2,0.0,0.009637850359797648,0.0
ENSG00000272269,NUP153-AS1,2,0.0,0.0,0.0
ENSG00000272259,LINC01749,2,0.0,0.001027931568023016,0.0
ENSG00000272144,ENSG00000272144,2,0.0,0.0,0.0
ENSG00000272192,PDE7A-DT,2,0.0,0.0,0.0
ENSG00000272146,ENSG00000272146,2,0.0,0.0,0.0
ENSG00000272148,ENSG00000272148,2,0.0,0.0,0.0
ENSG00000272149,ENSG00000272149,2,0.0,0.0,0.0
ENSG00000272150,NBPF25P,2,0.0,0.0,0.0
ENSG00000272153,ENSG00000272153,2,0.0,0.0,0.0
ENSG00000272163,ENSG00000272163,2,0.0,0.0,0.0
ENSG00000272170,KLC4-AS1,2,0.0,0.004979358458047594,0.0
ENSG00000272173,ENSG00000272173,2,0.0,0.00022511207346094666,0.0
ENSG00000272181,ENSG00000272181,2,0.0,0.0018045050784333643,0.0
ENSG00000272182,ENSG00000272182,2,0.0,0.0,0.0
ENSG00000272189,MAP7-AS1,2,0.0,0.0,0.0
ENSG00000272195,EFCAB2-AS1,2,0.0,0.0,0.0
ENSG00000272256,ENSG00000272256,2,0.0,0.0,0.0
ENSG00000272202,ENSG00000272202,2,0.0,0.01737311525941281,0.0
ENSG00000272205,POU2F1-DT,2,0.0,0.00013986518581130634,0.0
ENSG00000272209,ENSG00000272209,2,0.0,0.008126070240007926,0.0
ENSG00000272211,ENSG00000272211,2,0.0,0.0003184325596036038,0.0
ENSG00000272217,ENSG00000272217,2,0.0,0.0,0.0
ENSG00000272221,MICA-AS1,2,0.0,0.0,0.0
ENSG00000272223,ENSG00000272223,2,0.0,0.0036278787658981073,0.0
ENSG00000272234,ENSG00000272234,2,0.0,0.08078712162347644,0.0
ENSG00000272235,ENSG00000272235,2,0.0,0.0,0.0
ENSG00000272243,ENSG00000272243,2,0.0,0.007092889796588747,0.0
ENSG00000272249,ENSG00000272249,2,0.0,0.005411691503527795,0.0
ENSG00000277147,LINC00869,2,0.0,0.008581552415889603,0.0
ENSG00000277152,ENSG00000277152,2,0.0,0.0,0.0
ENSG00000285820,ENSG00000285820,2,0.0,0.0,0.0
ENSG00000284657,ENSG00000284657,2,0.0,0.00016276203981072313,0.0
ENSG00000283511,ENSG00000283511,2,0.0,0.0,0.0
ENSG00000283517,ENSG00000283517,2,0.0,0.0,0.0
ENSG00000283518,LINC02775,2,0.0,0.042815754571302045,0.0
ENSG00000283525,ENSG00000283525,2,0.0,0.03125273582380056,0.0
ENSG00000283526,PRRT1B,2,0.0,0.0006092077258247598,0.0
ENSG00000283529,ENSG00000283529,2,0.0,0.0020468692706797644,0.0
ENSG00000283538,ENSG00000283538,2,0.0,0.000697233395166582,0.0
ENSG00000283544,ENSG00000283544,2,0.0,0.0030507350630897276,0.0
ENSG00000283549,ENSG00000283549,2,0.0,0.0,0.0
ENSG00000283554,LINC02341,2,0.0,0.001219062375212838,0.0
ENSG00000283563,ENSG00000283563,2,0.0,0.0001535993804200558,0.0
ENSG00000283567,C19orf85,2,0.0,0.0003277490602831963,0.0
ENSG00000283578,MTND5P42,2,0.0,0.003829691732629545,0.0
ENSG00000283579,ENSG00000283579,2,0.0,0.0,0.0
ENSG00000283597,FAM169BP,2,0.0,0.0058999261990481345,0.0
ENSG00000283611,TMEM274P,2,0.0,0.0,0.0
ENSG00000283629,ENSG00000283629,2,0.0,0.032311850915051836,0.0
ENSG00000283632,EXOC3L2,2,0.0,0.013613573282466625,0.0
ENSG00000283633,ENSG00000283633,2,0.0,0.0,0.0
ENSG00000283648,ENSG00000283648,2,0.0,0.003785508078682007,0.0
ENSG00000283653,ENSG00000283653,2,0.0,0.0,0.0
ENSG00000283654,CIROP,2,0.0,0.0,0.0
ENSG00000283662,ENSG00000283662,2,0.0,0.00022841684749072536,0.0
ENSG00000283663,ENSG00000283663,2,0.0,0.0,0.0
ENSG00000283667,ENSG00000283667,2,0.0,0.013852171250473156,0.0
ENSG00000283504,ENSG00000283504,2,0.0,0.0010647919791700678,0.0
ENSG00000283496,ZNF511-PRAP1,2,0.0,0.0014582795133736017,0.0
ENSG00000283473,FAM240A,2,0.0,0.002187591455995257,0.0
ENSG00000283347,ENSG00000283347,2,0.0,0.0,0.0
ENSG00000283199,C13orf46,2,0.0,0.0,0.0
ENSG00000283213,ENSG00000283213,2,0.0,0.0,0.0
ENSG00000283221,ENSG00000283221,2,0.0,0.0013516954986042297,0.0
ENSG00000283228,ENSG00000283228,2,0.0,0.019587687497191815,0.0
ENSG00000283232,CYP2C23P,2,0.0,0.0,0.0
ENSG00000283235,ENSG00000283235,2,0.0,0.0012435493529219005,0.0
ENSG00000283297,TEX52,2,0.0,0.0010852565379267781,0.0
ENSG00000283312,ENSG00000283312,2,0.0,0.0008876611623002097,0.0
ENSG00000283324,CTXND2,2,0.0,0.0,0.0
ENSG00000283341,ENSG00000283341,2,0.0,0.0,0.0
ENSG00000283342,NBPF13P,2,0.0,0.0,0.0
ENSG00000283360,ENSG00000283360,2,0.0,0.00019158525852944094,0.0
ENSG00000283458,ENSG00000283458,2,0.0,0.0,0.0
ENSG00000283361,CFAP97D2,2,0.0,0.0,0.0
ENSG00000283376,ENSG00000283376,2,0.0,5.350400503123988e-05,0.0
ENSG00000283384,ENSG00000283384,2,0.0,0.008375330484635622,0.0
ENSG00000283392,ENSG00000283392,2,0.0,0.002534104298148484,0.0
ENSG00000283408,MIR548A1HG,2,0.0,0.0,0.0
ENSG00000283411,ENSG00000283411,2,0.0,0.0,0.0
ENSG00000283413,ENSG00000283413,2,0.0,0.0005067462984960026,0.0
ENSG00000283434,CSNK2A2IP,2,0.0,0.0008212265729571532,0.0
ENSG00000283445,ENSG00000283445,2,0.0,9.599382704732905e-05,0.0
ENSG00000283453,PRIM2BP,2,0.0,0.0,0.0
ENSG00000283457,ENSG00000283457,2,0.0,0.0,0.0
ENSG00000283683,MYOCOS,2,0.0,0.0,0.0
ENSG00000283698,VINAC1P,2,0.0,0.0007078485203516655,0.0
ENSG00000283703,VSIG10L2,2,0.0,0.00018798448394698948,0.0
ENSG00000284543,LINC01226,2,0.0,0.0,0.0
ENSG00000284391,ENSG00000284391,2,0.0,0.0034903016859810583,0.0
ENSG00000284393,ENSG00000284393,2,0.0,0.005829189794573271,0.0
ENSG00000284395,PERCC1,2,0.0,0.001544407060367462,0.0
ENSG00000284431,ENSG00000284431,2,0.0,0.0,0.0
ENSG00000284471,ENSG00000284471,2,0.0,0.0204799853018714,0.0
ENSG00000284479,SMIM39,2,0.0,0.0014348452691885284,0.0
ENSG00000284484,CPHXL2,2,0.0,0.0032871525248991625,0.0
ENSG00000284490,ENSG00000284490,2,0.0,0.0,0.0
ENSG00000284491,THSD8,2,0.0,0.0,0.0
ENSG00000284516,VAMP9P,2,0.0,0.0,0.0
ENSG00000284526,ENSG00000284526,2,0.0,0.006444131317285005,0.0
ENSG00000284554,ENSG00000284554,2,0.0,0.0,0.0
ENSG00000284376,ENSG00000284376,2,0.0,0.0,0.0
ENSG00000284586,MIR92B,2,0.0,0.018247482227578386,0.0
ENSG00000284602,ENSG00000284602,2,0.0,0.0,0.0
ENSG00000284605,ENPP7P15,2,0.0,0.0,0.0
ENSG00000284610,ENSG00000284610,2,0.0,0.001868501270511278,0.0
ENSG00000284620,ENSG00000284620,2,0.0,0.0,0.0
ENSG00000284626,ENSG00000284626,2,0.0,0.0075265942760201245,0.0
ENSG00000284632,ENSG00000284632,2,0.0,0.0,0.0
ENSG00000284633,ENSG00000284633,2,0.0,0.0,0.0
ENSG00000284640,ENSG00000284640,2,0.0,0.0015316742867357998,0.0
ENSG00000284642,ENSG00000284642,2,0.0,0.00994223289430526,0.0
ENSG00000284646,ENSG00000284646,2,0.0,0.0008414838019399179,0.0
ENSG00000284377,ENSG00000284377,2,0.0,0.0,0.0
ENSG00000284308,C2orf81,2,0.0,0.005367176252020105,0.0
ENSG00000283709,FAM238C,2,0.0,0.0027739032196572515,0.0
ENSG00000283952,ENSG00000283952,2,0.0,0.0,0.0
ENSG00000283755,CPHXL,2,0.0,0.0031608329232464378,0.0
ENSG00000283761,ENSG00000283761,2,0.0,0.0,0.0
ENSG00000283773,ENSG00000283773,2,0.0,0.0010814141784716905,0.0
ENSG00000283774,MIR632,2,0.0,0.0,0.0
ENSG00000283809,ENSG00000283809,2,0.0,0.004270824185224545,0.0
ENSG00000283828,F10-AS2,2,0.0,0.0,0.0
ENSG00000283839,ENSG00000283839,2,0.0,0.003912445738977844,0.0
ENSG00000283881,MIR3916,2,0.0,0.0014987251097062025,0.0
ENSG00000283886,ENSG00000283886,2,0.0,0.0,0.0
ENSG00000283897,ENSG00000283897,2,0.0,0.0,0.0
ENSG00000283907,ENSG00000283907,2,0.0,0.0014458266705884037,0.0
ENSG00000283956,MIR3610,2,0.0,0.02029353145928793,0.0
ENSG00000284292,ENSG00000284292,2,0.0,0.0,0.0
ENSG00000283959,ENSG00000283959,2,0.0,0.0,0.0
ENSG00000283971,MIR4442,2,0.0,0.0,0.0
ENSG00000283973,ENSG00000283973,2,0.0,0.0,0.0
ENSG00000283992,SLURP2,2,0.0,0.0028073469860308477,0.0
ENSG00000284048,ENSG00000284048,2,0.0,0.011642300697768003,0.0
ENSG00000284057,ENSG00000284057,2,0.0,0.0,0.0
ENSG00000284060,ENSG00000284060,2,0.0,0.014558103449659378,0.0
ENSG00000284130,TUBA3FP,2,0.0,0.0,0.0
ENSG00000284194,SCO2,2,0.0,0.0,0.0
ENSG00000284196,ENSG00000284196,2,0.0,0.0013119848424864577,0.0
ENSG00000284237,LINC02767,2,0.0,0.0,0.0
ENSG00000283183,ENSG00000283183,2,0.0,0.0015355086203121685,0.0
ENSG00000283175,ENSG00000283175,2,0.0,0.004793267174665966,0.0
ENSG00000283162,ENSG00000283162,2,0.0,0.001214172271399319,0.0
ENSG00000281538,ENSG00000281538,2,0.0,0.0,0.0
ENSG00000281167,ENSG00000281167,2,0.0,0.0004832595147871044,0.0
ENSG00000281189,GHET1,2,0.0,0.0006559681631216582,0.0
ENSG00000281196,LINC00934,2,0.0,0.005940939125305329,0.0
ENSG00000281327,LINC01338,2,0.0,0.00035148045238630684,0.0
ENSG00000281332,LINC00997,2,0.0,0.0030718378672670433,0.0
ENSG00000281333,ENSG00000281333,2,0.0,0.0013297743602422997,0.0
ENSG00000281376,ABALON,2,0.0,0.0,0.0
ENSG00000281383,ENSG00000281383,2,0.0,5.593833642309353e-06,0.0
ENSG00000281468,ENSG00000281468,2,0.0,0.0008140893971470273,0.0
ENSG00000281490,CICP14,2,0.0,0.0,0.0
ENSG00000281491,DNAJB5-DT,2,0.0,0.0,0.0
ENSG00000281613,ENSG00000281613,2,0.0,0.00012644055885698593,0.0
ENSG00000281120,ENSG00000281120,2,0.0,0.0,0.0
ENSG00000281691,RBM5-AS1,2,0.0,0.0012130407126805496,0.0
ENSG00000281692,PACRG-AS1,2,0.0,0.0,0.0
ENSG00000281731,METTL14-DT,2,0.0,0.00038102539116498935,0.0
ENSG00000281732,ENSG00000281732,2,0.0,0.0008467855222704804,0.0
ENSG00000281831,HCP5B,2,0.0,0.0,0.0
ENSG00000281883,ENSG00000281883,2,0.0,0.00366285637905414,0.0
ENSG00000281903,ASMER1,2,0.0,0.0,0.0
ENSG00000281912,LINC01144,2,0.0,0.0,0.0
ENSG00000281974,ENSG00000281974,2,0.0,0.00048026878791212053,0.0
ENSG00000282012,ENSG00000282012,2,0.0,0.0,0.0
ENSG00000282024,ENSG00000282024,2,0.0,0.0,0.0
ENSG00000281131,SCHLAP1,2,0.0,0.0,0.0
ENSG00000281106,TMEM272,2,0.0,0.013074837149632753,0.0
ENSG00000282111,ENSG00000282111,2,0.0,0.0,0.0
ENSG00000280752,LINC00850,2,0.0,0.0,0.0
ENSG00000280623,PCAT14,2,0.0,0.0,0.0
ENSG00000280634,THRIL,2,0.0,0.003718314970035534,0.0
ENSG00000280639,LINC02204,2,0.0,0.0,0.0
ENSG00000280649,ENSG00000280649,2,0.0,0.000366702500421183,0.0
ENSG00000280670,CCDC163,2,0.0,0.0014249928199412223,0.0
ENSG00000280683,LINC01242,2,0.0,0.002031858182226062,0.0
ENSG00000280693,SH3PXD2A-AS1,2,0.0,0.0,0.0
ENSG00000280709,LINC02203,2,0.0,0.01183458908858427,0.0
ENSG00000280721,LINC01943,2,0.0,0.0,0.0
ENSG00000280734,LINC01232,2,0.0,0.0033800227928281208,0.0
ENSG00000280744,LINC01173,2,0.0,0.0,0.0
ENSG00000280758,ENSG00000280758,2,0.0,0.0031126152566739456,0.0
ENSG00000281100,ENSG00000281100,2,0.0,0.0005196147323207634,0.0
ENSG00000280809,LINC00836,2,0.0,0.41441229356186887,0.0
ENSG00000280828,ENSG00000280828,2,0.0,0.00012846889632170156,0.0
ENSG00000280850,ENSG00000280850,2,0.0,0.0,0.0
ENSG00000280852,ENSG00000280852,2,0.0,0.0010286573921099394,0.0
ENSG00000280878,ENSG00000280878,2,0.0,0.0,0.0
ENSG00000280890,ELDR,2,0.0,0.002278505536871989,0.0
ENSG00000280913,CTSLP3,2,0.0,0.0,0.0
ENSG00000280927,CTBP1-AS,2,0.0,0.0004382848513616623,0.0
ENSG00000280953,LINC01163,2,0.0,0.001236282583979335,0.0
ENSG00000280989,LINC00581,2,0.0,0.0,0.0
ENSG00000281021,ENSG00000281021,2,0.0,0.0,0.0
ENSG00000282034,ENSG00000282034,2,0.0,0.0025887949428991513,0.0
ENSG00000282121,ENSG00000282121,2,0.0,0.0017734426111822546,0.0
ENSG00000283156,ENSG00000283156,2,0.0,0.002282503659005811,0.0
ENSG00000283053,ENSG00000283053,2,0.0,0.4457655703943858,0.0
ENSG00000282943,PSG11-AS1,2,0.0,0.0,0.0
ENSG00000282951,ENSG00000282951,2,0.0,0.00143121695237451,0.0
ENSG00000282987,ENSG00000282987,2,0.0,0.0,0.0
ENSG00000282996,MPP7-DT,2,0.0,0.005467592320156612,0.0
ENSG00000282998,ENSG00000282998,2,0.0,0.004994610049481657,0.0
ENSG00000283003,ENSG00000283003,2,0.0,0.005975515100621137,0.0
ENSG00000283010,ENSG00000283010,2,0.0,0.001316447037517159,0.0
ENSG00000283031,ENSG00000283031,2,0.0,0.0021505417458000213,0.0
ENSG00000283047,FRG1FP,2,0.0,0.0010275583001739456,0.0
ENSG00000283050,GTF2IP12,2,0.0,0.0011737516375141949,0.0
ENSG00000283052,LINC02456,2,0.0,0.006608523424612149,0.0
ENSG00000283058,ENSG00000283058,2,0.0,0.00584582092997002,0.0
ENSG00000282933,RHOXF1P3,2,0.0,0.0,0.0
ENSG00000283064,H2BC6-AS1,2,0.0,0.0005233361261155275,0.0
ENSG00000283072,ENSG00000283072,2,0.0,9.74802980297384e-05,0.0
ENSG00000283078,ENSG00000283078,2,0.0,0.0012027857150001067,0.0
ENSG00000283083,LINC02498,2,0.0,0.0,0.0
ENSG00000283101,BMS1P21,2,0.0,0.0,0.0
ENSG00000283108,ENSG00000283108,2,0.0,0.002185584568135481,0.0
ENSG00000283117,MGC4859,2,0.0,0.0,0.0
ENSG00000283118,ENSG00000283118,2,0.0,0.0,0.0
ENSG00000283125,ENSG00000283125,2,0.0,0.0,0.0
ENSG00000283149,ENSG00000283149,2,0.0,0.02328321443927598,0.0
ENSG00000283155,ENSG00000283155,2,0.0,0.0,0.0
ENSG00000282936,ENSG00000282936,2,0.0,0.0004073801079454631,0.0
ENSG00000282924,ENSG00000282924,2,0.0,0.0,0.0
ENSG00000282206,ENSG00000282206,2,0.0,0.0018710209240951929,0.0
ENSG00000282564,ENSG00000282564,2,0.0,0.0,0.0
ENSG00000282218,ENSG00000282218,2,0.0,0.0,0.0
ENSG00000282221,ENSG00000282221,2,0.0,0.0,0.0
ENSG00000282301,CYP3A7-CYP3A51P,2,0.0,0.0,0.0
ENSG00000282304,ENSG00000282304,2,0.0,0.0,0.0
ENSG00000282386,ENSG00000282386,2,0.0,0.005174137949564534,0.0
ENSG00000282418,ENSG00000282418,2,0.0,0.025328965130778997,0.0
ENSG00000282432,ENSG00000282432,2,0.0,0.0034273497968890245,0.0
ENSG00000282440,ENSG00000282440,2,0.0,0.003339748991412032,0.0
ENSG00000282458,WASH5P,2,0.0,0.0018107313847462371,0.0
ENSG00000282508,LINC01002,2,0.0,0.001180733270330584,0.0
ENSG00000282527,ENSG00000282527,2,0.0,0.0011959852778736018,0.0
ENSG00000282572,FAM157D,2,0.0,0.0,0.0
ENSG00000282886,PTMAP12,2,0.0,0.0,0.0
ENSG00000282718,ENSG00000282718,2,0.0,0.003856344776463839,0.0
ENSG00000282728,PGR-AS1,2,0.0,0.005810682780645901,0.0
ENSG00000282757,DUXB,2,0.0,0.0,0.0
ENSG00000282772,ENSG00000282772,2,0.0,0.000124189214855626,0.0
ENSG00000282804,ENSG00000282804,2,0.0,0.0,0.0
ENSG00000282840,MSL3-DT,2,0.0,0.08981003319059896,0.0
ENSG00000282849,ENSG00000282849,2,0.0,0.0,0.0
ENSG00000282863,ENSG00000282863,2,0.0,0.0,0.0
ENSG00000282872,C1orf232,2,0.0,0.0,0.0
ENSG00000282882,ENSG00000282882,2,0.0,0.0,0.0
ENSG00000282885,ENSG00000282885,2,0.0,0.0,0.0
ENSG00000284648,ENSG00000284648,2,0.0,0.0,0.0
ENSG00000284664,ENSG00000284664,2,0.0,0.0,0.0
ENSG00000280580,LINC02342,2,0.0,0.02230020705956446,0.0
ENSG00000284669,ENSG00000284669,2,0.0,0.00212229895841242,0.0
ENSG00000285638,ENSG00000285638,2,0.0,0.0010267597100956905,0.0
ENSG00000285639,ENSG00000285639,2,0.0,0.41985815455462144,0.0
ENSG00000285641,ENSG00000285641,2,0.0,0.0,0.0
ENSG00000285644,ENSG00000285644,2,0.0,0.0,0.0
ENSG00000285645,ENSG00000285645,2,0.0,0.0,0.0
ENSG00000285646,ENSG00000285646,2,0.0,0.0,0.0
ENSG00000285648,ENSG00000285648,2,0.0,0.0,0.0
ENSG00000285649,ENSG00000285649,2,0.0,0.0013932280986156378,0.0
ENSG00000285650,ENSG00000285650,2,0.0,0.0006401272247181574,0.0
ENSG00000285651,ENSG00000285651,2,0.0,0.0,0.0
ENSG00000285652,ENSG00000285652,2,0.0,0.08498539031091794,0.0
ENSG00000285655,ENSG00000285655,2,0.0,0.0,0.0
ENSG00000285660,ENSG00000285660,2,0.0,0.0,0.0
ENSG00000285666,ENSG00000285666,2,0.0,0.0,0.0
ENSG00000285668,ENSG00000285668,2,0.0,0.0,0.0
ENSG00000285672,ENSG00000285672,2,0.0,0.0012337409182270422,0.0
ENSG00000285673,ENSG00000285673,2,0.0,0.04685768173373043,0.0
ENSG00000285675,ENSG00000285675,2,0.0,0.00038588182237915336,0.0
ENSG00000285676,ENSG00000285676,2,0.0,0.0003614914668192532,0.0
ENSG00000285677,ENSG00000285677,2,0.0,0.0,0.0
ENSG00000285680,ENSG00000285680,2,0.0,0.0,0.0
ENSG00000285681,ENSG00000285681,2,0.0,0.0,0.0
ENSG00000285684,ENSG00000285684,2,0.0,0.0,0.0
ENSG00000285686,LINC02834,2,0.0,0.0,0.0
ENSG00000285688,ENSG00000285688,2,0.0,0.0,0.0
ENSG00000285637,ENSG00000285637,2,0.0,0.00026685105346540395,0.0
ENSG00000285636,ENSG00000285636,2,0.0,0.0,0.0
ENSG00000285635,ENSG00000285635,2,0.0,0.0,0.0
ENSG00000285603,ENSG00000285603,2,0.0,0.0,0.0
ENSG00000285572,ENSG00000285572,2,0.0,0.0017551660594064121,0.0
ENSG00000285577,ENSG00000285577,2,0.0,0.0,0.0
ENSG00000285581,ENSG00000285581,2,0.0,0.0009110950684809704,0.0
ENSG00000285588,ENSG00000285588,2,0.0,0.008316944948255254,0.0
ENSG00000285592,ENSG00000285592,2,0.0,0.0,0.0
ENSG00000285593,ENSG00000285593,2,0.0,0.0,0.0
ENSG00000285596,ENSG00000285596,2,0.0,0.0,0.0
ENSG00000285599,ENSG00000285599,2,0.0,0.0,0.0
ENSG00000285600,ENSG00000285600,2,0.0,0.0007564557839342976,0.0
ENSG00000285601,ENSG00000285601,2,0.0,0.005433028930390581,0.0
ENSG00000285602,ENSG00000285602,2,0.0,0.004793421162099136,0.0
ENSG00000285604,ENSG00000285604,2,0.0,0.0,0.0
ENSG00000285634,ENSG00000285634,2,0.0,0.0,0.0
ENSG00000285605,ENSG00000285605,2,0.0,0.0,0.0
ENSG00000285608,ENSG00000285608,2,0.0,0.012142160395534896,0.0
ENSG00000285610,ENSG00000285610,2,0.0,0.0018178001247304333,0.0
ENSG00000285612,ENSG00000285612,2,0.0,0.024537260738857092,0.0
ENSG00000285619,ENSG00000285619,2,0.0,0.0,0.0
ENSG00000285622,ENSG00000285622,2,0.0,0.00014313664958499528,0.0
ENSG00000285624,ENSG00000285624,2,0.0,0.0,0.0
ENSG00000285627,ENSG00000285627,2,0.0,0.0,0.0
ENSG00000285629,ENSG00000285629,2,0.0,0.001236738749927262,0.0
ENSG00000285632,ENSG00000285632,2,0.0,0.00014012659116971853,0.0
ENSG00000285633,ENSG00000285633,2,0.0,0.002872669923128311,0.0
ENSG00000285689,ENSG00000285689,2,0.0,0.0029601812137184835,0.0
ENSG00000285690,ENSG00000285690,2,0.0,0.01721827936979924,0.0
ENSG00000285691,ENSG00000285691,2,0.0,0.0,0.0
ENSG00000285793,ANAPC1P2,2,0.0,0.009597912799335907,0.0
ENSG00000285773,ENSG00000285773,2,0.0,0.0,0.0
ENSG00000285778,ENSG00000285778,2,0.0,0.0029667784460267444,0.0
ENSG00000285779,ENSG00000285779,2,0.0,0.0,0.0
ENSG00000285780,ENSG00000285780,2,0.0,0.0020097312030972975,0.0
ENSG00000285782,ENSG00000285782,2,0.0,0.0012681424377295558,0.0
ENSG00000285783,ENSG00000285783,2,0.0,0.0012304746398086527,0.0
ENSG00000285784,ENSG00000285784,2,0.0,0.0,0.0
ENSG00000285788,ENSG00000285788,2,0.0,0.0019061043344456266,0.0
ENSG00000285789,ENSG00000285789,2,0.0,0.001075418256722234,0.0
ENSG00000285790,ENSG00000285790,2,0.0,0.0015169704686054013,0.0
ENSG00000285791,ENSG00000285791,2,0.0,0.005525373096247356,0.0
ENSG00000285797,ENSG00000285797,2,0.0,0.0,0.0
ENSG00000285769,ENSG00000285769,2,0.0,0.0,0.0
ENSG00000285801,ENSG00000285801,2,0.0,0.0024386065785883828,0.0
ENSG00000285802,ENSG00000285802,2,0.0,0.0018354499439359674,0.0
ENSG00000285803,ENSG00000285803,2,0.0,0.0,0.0
ENSG00000285805,ENSG00000285805,2,0.0,0.0,0.0
ENSG00000285807,ENSG00000285807,2,0.0,0.003876587487166368,0.0
ENSG00000285808,ENSG00000285808,2,0.0,0.007431212651310015,0.0
ENSG00000285812,ENSG00000285812,2,0.0,0.0,0.0
ENSG00000285813,ENSG00000285813,2,0.0,0.0011258943594533546,0.0
ENSG00000285815,GET1-SH3BGR,2,0.0,0.0,0.0
ENSG00000285817,ENSG00000285817,2,0.0,0.003350155897693414,0.0
ENSG00000285819,ENSG00000285819,2,0.0,0.006367282661837955,0.0
ENSG00000285772,ENSG00000285772,2,0.0,0.0003943927494213164,0.0
ENSG00000285763,ENSG00000285763,2,0.0,0.05867726771865524,0.0
ENSG00000285695,ENSG00000285695,2,0.0,0.0003702009064110291,0.0
ENSG00000285718,ENSG00000285718,2,0.0,0.0,0.0
ENSG00000285699,ENSG00000285699,2,0.0,0.0,0.0
ENSG00000285700,ENSG00000285700,2,0.0,0.0,0.0
ENSG00000285701,ENSG00000285701,2,0.0,0.0,0.0
ENSG00000285702,ENSG00000285702,2,0.0,0.002102161091220657,0.0
ENSG00000285703,ENSG00000285703,2,0.0,0.00992010089411444,0.0
ENSG00000285704,ENSG00000285704,2,0.0,0.00585462794367944,0.0
ENSG00000285705,ENSG00000285705,2,0.0,0.0012747455578021364,0.0
ENSG00000285706,ENSG00000285706,2,0.0,0.0,0.0
ENSG00000285710,ENSG00000285710,2,0.0,0.0,0.0
ENSG00000285712,ENSG00000285712,2,0.0,0.0,0.0
ENSG00000285715,ENSG00000285715,2,0.0,0.0014366969523641566,0.0
ENSG00000285722,ENSG00000285722,2,0.0,0.013034376004269743,0.0
ENSG00000285761,ENSG00000285761,2,0.0,0.012223283956174355,0.0
ENSG00000285724,ENSG00000285724,2,0.0,0.007188271754654011,0.0
ENSG00000285725,ENSG00000285725,2,0.0,0.0005021296828509496,0.0
ENSG00000285727,ENSG00000285727,2,0.0,0.020935131846215715,0.0
ENSG00000285729,ENSG00000285729,2,0.0,0.001487610291323213,0.0
ENSG00000285736,ENSG00000285736,2,0.0,0.0015572265697186775,0.0
ENSG00000285743,ENSG00000285743,2,0.0,0.1449663900868715,0.0
ENSG00000285744,MITA1,2,0.0,0.0,0.0
ENSG00000285747,ENSG00000285747,2,0.0,0.0,0.0
ENSG00000285749,ENSG00000285749,2,0.0,0.0,0.0
ENSG00000285752,CDC42-AS1,2,0.0,0.0003269127218895104,0.0
ENSG00000285758,ENSG00000285758,2,0.0,0.0,0.0
ENSG00000285569,ENSG00000285569,2,0.0,0.003384746588337181,0.0
ENSG00000285567,ENSG00000285567,2,0.0,0.0,0.0
ENSG00000285565,ENSG00000285565,2,0.0,0.0,0.0
ENSG00000284952,ENSG00000284952,2,0.0,0.004857266393784644,0.0
ENSG00000284842,FAM91A2P,2,0.0,0.005752247189888252,0.0
ENSG00000284844,TOMT,2,0.0,0.006256915054583435,0.0
ENSG00000284846,ENSG00000284846,2,0.0,8.223930086580148e-05,0.0
ENSG00000284873,OOSP1,2,0.0,0.005944742896446658,0.0
ENSG00000284874,ENSG00000284874,2,0.0,0.0007439605985359462,0.0
ENSG00000284876,ENSG00000284876,2,0.0,0.0001581287881907327,0.0
ENSG00000284882,ENSG00000284882,2,0.0,0.01404316341867781,0.0
ENSG00000284917,EEF1AKMT4-ECE2,2,0.0,0.0,0.0
ENSG00000284922,LRTOMT,2,0.0,0.0,0.0
ENSG00000284928,ENSG00000284928,2,0.0,0.0031102164821361325,0.0
ENSG00000284934,ENSG00000284934,2,0.0,0.00010055958590954782,0.0
ENSG00000284956,ENSG00000284956,2,0.0,0.0020850209839357674,0.0
ENSG00000284837,ENSG00000284837,2,0.0,0.0005089262897452958,0.0
ENSG00000284969,ENSG00000284969,2,0.0,0.0017874288673576826,0.0
ENSG00000284977,ENSG00000284977,2,0.0,0.030738708843719324,0.0
ENSG00000284987,ENSG00000284987,2,0.0,3.5938865671223405e-05,0.0
ENSG00000284989,ENSG00000284989,2,0.0,0.0,0.0
ENSG00000284994,ENSG00000284994,2,0.0,0.0,0.0
ENSG00000284999,ENSG00000284999,2,0.0,0.00031545048837824485,0.0
ENSG00000285018,ENSG00000285018,2,0.0,0.0019917185806654276,0.0
ENSG00000285041,ENSG00000285041,2,0.0,0.0,0.0
ENSG00000285068,ENSG00000285068,2,0.0,0.014389322228406045,0.0
ENSG00000285082,ENSG00000285082,2,0.0,0.0005253430969096812,0.0
ENSG00000285085,ENSG00000285085,2,0.0,0.0,0.0
ENSG00000284839,ENSG00000284839,2,0.0,0.005142085999292049,0.0
ENSG00000284820,ENSG00000284820,2,0.0,2.495838212963622e-05,0.0
ENSG00000285103,EMICERI,2,0.0,0.0,0.0
ENSG00000284731,ENSG00000284731,2,0.0,0.0,0.0
ENSG00000284677,ZFP69B-DT,2,0.0,0.0,0.0
ENSG00000284678,LINC02811,2,0.0,0.0,0.0
ENSG00000284685,ENSG00000284685,2,0.0,0.0,0.0
ENSG00000284693,LINC02606,2,0.0,0.008730908505366565,0.0
ENSG00000284696,LINC02808,2,0.0,0.0,0.0
ENSG00000284700,ENSG00000284700,2,0.0,0.004831154283821911,0.0
ENSG00000284713,SMIM38,2,0.0,0.002996392624095983,0.0
ENSG00000284716,ENSG00000284716,2,0.0,0.0022491700805655625,0.0
ENSG00000284721,ENSG00000284721,2,0.0,0.0,0.0
ENSG00000284722,ENSG00000284722,2,0.0,0.002112622016494168,0.0
ENSG00000284726,ENSG00000284726,2,0.0,0.0230569351622287,0.0
ENSG00000284735,ENSG00000284735,2,0.0,0.029442097853867588,0.0
ENSG00000284808,ENSG00000284808,2,0.0,0.010090660498207463,0.0
ENSG00000284738,ENSG00000284738,2,0.0,0.0,0.0
ENSG00000284740,ENSG00000284740,2,0.0,0.0018935082861764657,0.0
ENSG00000284747,ENSG00000284747,2,0.0,0.0,0.0
ENSG00000284748,ENSG00000284748,2,0.0,0.0,0.0
ENSG00000284753,EEF1AKMT4,2,0.0,0.009098713497502459,0.0
ENSG00000284772,ENSG00000284772,2,0.0,0.0005380120478114226,0.0
ENSG00000284773,ENSG00000284773,2,0.0,0.0,0.0
ENSG00000284776,ENSG00000284776,2,0.0,0.0,0.0
ENSG00000284791,SMIM41,2,0.0,0.002196214702921098,0.0
ENSG00000284797,CIST1,2,0.0,0.0,0.0
ENSG00000284803,ENSG00000284803,2,0.0,0.0,0.0
ENSG00000285091,ENSG00000285091,2,0.0,0.0,0.0
ENSG00000285117,ENSG00000285117,2,0.0,0.005186330374669565,0.0
ENSG00000285564,ENSG00000285564,2,0.0,0.0,0.0
ENSG00000285535,ENSG00000285535,2,0.0,0.0,0.0
ENSG00000285480,H2BK1,2,0.0,0.0,0.0
ENSG00000285505,ENSG00000285505,2,0.0,0.0,0.0
ENSG00000285509,TBCEL-TECTA,2,0.0,0.0,0.0
ENSG00000285518,ENSG00000285518,2,0.0,0.045203413341507764,0.0
ENSG00000285519,ENSG00000285519,2,0.0,0.028301485357555205,0.0
ENSG00000285520,ENSG00000285520,2,0.0,0.009024848483344802,0.0
ENSG00000285526,ENSG00000285526,2,0.0,0.0,0.0
ENSG00000285528,ENSG00000285528,2,0.0,0.0,0.0
ENSG00000285530,ENSG00000285530,2,0.0,0.000757878666140077,0.0
ENSG00000285532,LINC02788,2,0.0,0.006705097123972801,0.0
ENSG00000285533,RELA-DT,2,0.0,0.0,0.0
ENSG00000285538,ENSG00000285538,2,0.0,0.0,0.0
ENSG00000285446,ENSG00000285446,2,0.0,0.0,0.0
ENSG00000285540,ENSG00000285540,2,0.0,0.00334311560222947,0.0
ENSG00000285547,ENSG00000285547,2,0.0,0.0042863955254987905,0.0
ENSG00000285548,ENSG00000285548,2,0.0,0.0,0.0
ENSG00000285549,ENSG00000285549,2,0.0,0.0,0.0
ENSG00000285550,ENSG00000285550,2,0.0,0.01044748761644505,0.0
ENSG00000285553,ENSG00000285553,2,0.0,0.0013686551032732253,0.0
ENSG00000285554,LINC02988,2,0.0,0.0006899996522851286,0.0
ENSG00000285556,ENSG00000285556,2,0.0,0.0,0.0
ENSG00000285557,ENSG00000285557,2,0.0,0.0013642718094880903,0.0
ENSG00000285560,ENSG00000285560,2,0.0,0.0,0.0
ENSG00000285563,ENSG00000285563,2,0.0,0.015447884943449031,0.0
ENSG00000285473,ENSG00000285473,2,0.0,0.0,0.0
ENSG00000285444,ENSG00000285444,2,0.0,0.0,0.0
ENSG00000285128,ENSG00000285128,2,0.0,0.00029471480781431773,0.0
ENSG00000285269,ENSG00000285269,2,0.0,0.00021245674615077355,0.0
ENSG00000285144,ENSG00000285144,2,0.0,0.0,0.0
ENSG00000285159,ENSG00000285159,2,0.0,0.0,0.0
ENSG00000285190,ENSG00000285190,2,0.0,0.0025274484740468316,0.0
ENSG00000285205,GSC-DT,2,0.0,0.0,0.0
ENSG00000285212,ENSG00000285212,2,0.0,0.0,0.0
ENSG00000285218,ENSG00000285218,2,0.0,0.0,0.0
ENSG00000285230,RALY-AS1,2,0.0,0.0009234836406402112,0.0
ENSG00000285231,OOSP3,2,0.0,0.0,0.0
ENSG00000285245,ENSG00000285245,2,0.0,0.07997011197294736,0.0
ENSG00000285254,ENSG00000285254,2,0.0,0.005871823752265908,0.0
ENSG00000285257,ENSG00000285257,2,0.0,0.0028871920936009957,0.0
ENSG00000285278,TFAP2A-AS2,2,0.0,0.00264458738076994,0.0
ENSG00000285437,POLR2J3,2,0.0,0.012737209604287312,0.0
ENSG00000285292,ABCF2-H2BK1,2,0.0,0.007217146336621593,0.0
ENSG00000285294,LINC00842,2,0.0,0.008036020170241763,0.0
ENSG00000285300,ENSG00000285300,2,0.0,0.0,0.0
ENSG00000285304,ENSG00000285304,2,0.0,0.0,0.0
ENSG00000285373,LINC02478,2,0.0,0.006804145587752045,0.0
ENSG00000285402,ENSG00000285402,2,0.0,0.012221678178242849,0.0
ENSG00000285404,ENSG00000285404,2,0.0,0.001753065623967355,0.0
ENSG00000285412,ENSG00000285412,2,0.0,0.0,0.0
ENSG00000285416,ENSG00000285416,2,0.0,0.0,0.0
ENSG00000285417,ENSG00000285417,2,0.0,0.0016764390569218568,0.0
ENSG00000285424,ENSG00000285424,2,0.0,0.0,0.0
ENSG00000280607,ENSG00000280607,2,0.0,0.0,0.0
ENSG00000280560,ENSG00000280560,2,0.0,0.013068494938280375,0.0
ENSG00000277159,ENSG00000277159,2,0.0,0.002538707145255983,0.0
ENSG00000279300,ENSG00000279300,2,0.0,0.0001325517253344636,0.0
ENSG00000278899,ENSG00000278899,2,0.0,0.0,0.0
ENSG00000278901,ENSG00000278901,2,0.0,0.0,0.0
ENSG00000278903,ENSG00000278903,2,0.0,0.018207700967059155,0.0
ENSG00000278910,BANCR,2,0.0,0.0015437101709291742,0.0
ENSG00000278915,ENSG00000278915,2,0.0,0.0,0.0
ENSG00000278916,CEP83-DT,2,0.0,0.0038057787087549216,0.0
ENSG00000278917,ENSG00000278917,2,0.0,6.839919381103815e-05,0.0
ENSG00000278921,EPB41L4A-DT,2,0.0,0.0,0.0
ENSG00000278922,ENSG00000278922,2,0.0,0.05887704516342793,0.0
ENSG00000278925,ENSG00000278925,2,0.0,0.012343442339607994,0.0
ENSG00000278931,ENSG00000278931,2,0.0,0.0012918173100526062,0.0
ENSG00000278932,ENSG00000278932,2,0.0,0.0004895022738057268,0.0
ENSG00000278934,ENSG00000278934,2,0.0,0.01862411180545622,0.0
ENSG00000278936,ENSG00000278936,2,0.0,0.0069348862950042245,0.0
ENSG00000278946,ENSG00000278946,2,0.0,0.002974903514571948,0.0
ENSG00000278948,ENSG00000278948,2,0.0,0.0,0.0
ENSG00000278952,ENSG00000278952,2,0.0,0.009693358890214014,0.0
ENSG00000278957,ENSG00000278957,2,0.0,0.0003302159276869035,0.0
ENSG00000278959,ENSG00000278959,2,0.0,0.0,0.0
ENSG00000278970,HEIH,2,0.0,0.0,0.0
ENSG00000278971,ENSG00000278971,2,0.0,0.0,0.0
ENSG00000278981,ENSG00000278981,2,0.0,0.002350976289014539,0.0
ENSG00000278989,ENSG00000278989,2,0.0,0.0,0.0
ENSG00000278996,ENSG00000278996,2,0.0,0.0005976487093297372,0.0
ENSG00000278997,ENSG00000278997,2,0.0,0.00048766775580855886,0.0
ENSG00000278876,ENSG00000278876,2,0.0,0.018166258800113005,0.0
ENSG00000278875,ENSG00000278875,2,0.0,0.003883425724171775,0.0
ENSG00000278865,ENSG00000278865,2,0.0,0.0012333166984260402,0.0
ENSG00000278703,ENSG00000278703,2,0.0,0.0,0.0
ENSG00000278601,ENSG00000278601,2,0.0,0.0,0.0
ENSG00000278611,ZNF426-DT,2,0.0,0.0007119850897323535,0.0
ENSG00000278615,C11orf98,2,0.0,0.0,0.0
ENSG00000278619,MRM1,2,0.0,0.0037265915712253648,0.0
ENSG00000278627,ENSG00000278627,2,0.0,0.0,0.0
ENSG00000278637,H4C1,2,0.0,0.006001591958141536,0.0
ENSG00000278638,ENSG00000278638,2,0.0,0.0,0.0
ENSG00000278662,GOLGA6L10,2,0.0,0.0,0.0
ENSG00000278668,ENSG00000278668,2,0.0,0.0,0.0
ENSG00000278673,ENSG00000278673,2,0.0,0.0003543308615960197,0.0
ENSG00000278685,IQCA1L,2,0.0,0.0012906173896562719,0.0
ENSG00000278709,NKILA,2,0.0,0.0,0.0
ENSG00000278842,ENSG00000278842,2,0.0,0.0013929595465370255,0.0
ENSG00000278719,MCM8-AS1,2,0.0,0.029904607328085125,0.0
ENSG00000278740,ENSG00000278740,2,0.0,0.0,0.0
ENSG00000278743,ENSG00000278743,2,0.0,0.0014210514422620083,0.0
ENSG00000278765,ENSG00000278765,2,0.0,0.00046268943068834557,0.0
ENSG00000278766,ENSG00000278766,2,0.0,0.03286161652359927,0.0
ENSG00000278769,ENSG00000278769,2,0.0,0.009735680482142036,0.0
ENSG00000278816,ENSG00000278816,2,0.0,0.00013254332963495312,0.0
ENSG00000278817,ENSG00000278817,2,0.0,0.0011838908044849777,0.0
ENSG00000278819,ENSG00000278819,2,0.0,0.004778395993810034,0.0
ENSG00000278831,ENSG00000278831,2,0.0,0.001484042090301552,0.0
ENSG00000278834,ENSG00000278834,2,0.0,0.005355495910263428,0.0
ENSG00000278999,ENSG00000278999,2,0.0,0.0003445581626937985,0.0
ENSG00000279006,ENSG00000279006,2,0.0,0.00016163100152807915,0.0
ENSG00000279012,OR51B2,2,0.0,0.0,0.0
ENSG00000279214,ENSG00000279214,2,0.0,0.0029383462776565433,0.0
ENSG00000279168,ENSG00000279168,2,0.0,0.0,0.0
ENSG00000279179,ENSG00000279179,2,0.0,0.0,0.0
ENSG00000279182,ENSG00000279182,2,0.0,0.0,0.0
ENSG00000279187,ENSG00000279187,2,0.0,0.0,0.0
ENSG00000279190,ENSG00000279190,2,0.0,1.1792295383198085e-05,0.0
ENSG00000279196,ENSG00000279196,2,0.0,0.0014637937797121797,0.0
ENSG00000279198,ENSG00000279198,2,0.0,0.0016460663952642754,0.0
ENSG00000279199,ENSG00000279199,2,0.0,0.0,0.0
ENSG00000279204,ENSG00000279204,2,0.0,0.0,0.0
ENSG00000279206,ENSG00000279206,2,0.0,0.030630269982169146,0.0
ENSG00000279208,ENSG00000279208,2,0.0,0.0,0.0
ENSG00000279220,CMKLR2-AS,2,0.0,0.0,0.0
ENSG00000279148,ENSG00000279148,2,0.0,0.0,0.0
ENSG00000279227,ENSG00000279227,2,0.0,0.0010464038942300648,0.0
ENSG00000279232,ENSG00000279232,2,0.0,0.0010150249407597262,0.0
ENSG00000279235,ENSG00000279235,2,0.0,0.0,0.0
ENSG00000279246,ENSG00000279246,2,0.0,0.002413941399656334,0.0
ENSG00000279249,SYNAGE,2,0.0,0.0,0.0
ENSG00000279254,ENSG00000279254,2,0.0,0.06307635956910848,0.0
ENSG00000279255,ENSG00000279255,2,0.0,0.0005452033250474452,0.0
ENSG00000279259,ENSG00000279259,2,0.0,0.0,0.0
ENSG00000279266,ENSG00000279266,2,0.0,0.0,0.0
ENSG00000279267,ENSG00000279267,2,0.0,0.010926687860515745,0.0
ENSG00000279269,ENSG00000279269,2,0.0,0.000432651678070112,0.0
ENSG00000279161,ENSG00000279161,2,0.0,0.0006915982195246507,0.0
ENSG00000279147,ENSG00000279147,2,0.0,0.0002143639621404144,0.0
ENSG00000279017,ENSG00000279017,2,0.0,0.0005662251040711296,0.0
ENSG00000279058,AGAP14P,2,0.0,0.0004384459727440531,0.0
ENSG00000279019,ENSG00000279019,2,0.0,0.0009875813222220357,0.0
ENSG00000279021,ENSG00000279021,2,0.0,0.03078518839563417,0.0
ENSG00000279022,ENSG00000279022,2,0.0,0.002206856068384727,0.0
ENSG00000279026,ENSG00000279026,2,0.0,0.0,0.0
ENSG00000279029,ENSG00000279029,2,0.0,0.34108685380313813,0.0
ENSG00000279033,ENSG00000279033,2,0.0,0.0,0.0
ENSG00000279035,ENSG00000279035,2,0.0,0.0,0.0
ENSG00000279039,ENSG00000279039,2,0.0,0.0,0.0
ENSG00000279047,PCDHB1-AS1,2,0.0,0.0,0.0
ENSG00000279048,ENSG00000279048,2,0.0,0.002197052051963928,0.0
ENSG00000279050,PWAR1,2,0.0,0.0,0.0
ENSG00000279068,ENSG00000279068,2,0.0,0.0,0.0
ENSG00000279145,ENSG00000279145,2,0.0,0.0016703003573297558,0.0
ENSG00000279069,ENSG00000279069,2,0.0,0.0,0.0
ENSG00000279073,ENSG00000279073,2,0.0,0.001261567642266694,0.0
ENSG00000279080,ENSG00000279080,2,0.0,0.0,0.0
ENSG00000279082,LINC01727,2,0.0,0.0,0.0
ENSG00000279085,ENSG00000279085,2,0.0,0.0,0.0
ENSG00000279107,ENSG00000279107,2,0.0,0.16741841633703433,0.0
ENSG00000279110,ENSG00000279110,2,0.0,0.009214619584501538,0.0
ENSG00000279118,ENSG00000279118,2,0.0,0.0,0.0
ENSG00000279129,ENSG00000279129,2,0.0,0.0,0.0
ENSG00000279138,ENSG00000279138,2,0.0,0.0,0.0
ENSG00000279140,ENSG00000279140,2,0.0,0.0,0.0
ENSG00000278570,NR2E3,2,0.0,0.009896974905840112,0.0
ENSG00000278546,ENSG00000278546,2,0.0,0.001320172160728867,0.0
ENSG00000278527,SNORD22,2,0.0,0.03718888585784267,0.0
ENSG00000277661,OR2W1-AS1,2,0.0,0.0,0.0
ENSG00000277501,ENSG00000277501,2,0.0,0.0,0.0
ENSG00000277504,ENSG00000277504,2,0.0,0.0,0.0
ENSG00000277527,LINC01796,2,0.0,0.0,0.0
ENSG00000277531,PNMA8C,2,0.0,0.0,0.0
ENSG00000277541,ZNF630-AS1,2,0.0,0.0,0.0
ENSG00000277544,ENSG00000277544,2,0.0,0.0,0.0
ENSG00000277590,MIR7845,2,0.0,0.0,0.0
ENSG00000277597,ENSG00000277597,2,0.0,0.0,0.0
ENSG00000277602,ENSG00000277602,2,0.0,0.002066795165143086,0.0
ENSG00000277631,PGM5P3-AS1,2,0.0,0.0015483812369757812,0.0
ENSG00000277654,ENSG00000277654,2,0.0,0.0,0.0
ENSG00000277688,ENSG00000277688,2,0.0,0.0008139388200531477,0.0
ENSG00000277481,PKD1L3,2,0.0,0.0,0.0
ENSG00000277692,ENSG00000277692,2,0.0,0.004644053146771568,0.0
ENSG00000277695,ENSG00000277695,2,0.0,0.0,0.0
ENSG00000277701,ENSG00000277701,2,0.0,0.0054940676518948125,0.0
ENSG00000277715,ENSG00000277715,2,0.0,0.00013327188215714238,0.0
ENSG00000277728,ENSG00000277728,2,0.0,0.005459958295831538,0.0
ENSG00000277734,TRAC,2,0.0,0.00011926918570382662,0.0
ENSG00000277737,ENSG00000277737,2,0.0,0.0,0.0
ENSG00000277749,CCDC33-AS1,2,0.0,0.0,0.0
ENSG00000277757,ENSG00000277757,2,0.0,0.0012819983104381677,0.0
ENSG00000277763,ENSG00000277763,2,0.0,0.0,0.0
ENSG00000277767,ENSG00000277767,2,0.0,0.00425707873166293,0.0
ENSG00000277491,ENSG00000277491,2,0.0,0.00041823271444561496,0.0
ENSG00000277476,ENSG00000277476,2,0.0,0.0012547962858768982,0.0
ENSG00000277778,PGM5P2,2,0.0,0.0,0.0
ENSG00000277301,ENSG00000277301,2,0.0,0.0,0.0
ENSG00000277182,ENSG00000277182,2,0.0,0.029966067261567336,0.0
ENSG00000277196,ENSG00000277196,2,0.0,0.0,0.0
ENSG00000277214,ENSG00000277214,2,0.0,0.000502963042302923,0.0
ENSG00000277228,ENSG00000277228,2,0.0,0.0,0.0
ENSG00000277232,GTSE1-DT,2,0.0,0.0,0.0
ENSG00000277245,ENSG00000277245,2,0.0,0.0,0.0
ENSG00000277268,LHX1-DT,2,0.0,0.022907544506211724,0.0
ENSG00000277270,ENSG00000277270,2,0.0,0.34689112330084276,0.0
ENSG00000277283,RAB35-AS1,2,0.0,0.0009875187072738404,0.0
ENSG00000277287,ENSG00000277287,2,0.0,0.00449637439489571,0.0
ENSG00000277288,LINC02881,2,0.0,0.001577280332104754,0.0
ENSG00000277324,ENSG00000277324,2,0.0,0.06590862554934913,0.0
ENSG00000277463,ENSG00000277463,2,0.0,0.005725567125224951,0.0
ENSG00000277332,ENSG00000277332,2,0.0,0.0046512785785407275,0.0
ENSG00000277369,ENSG00000277369,2,0.0,0.023556276947553037,0.0
ENSG00000277383,BICRA-AS2,2,0.0,0.005361617042340837,0.0
ENSG00000277399,GPR179,2,0.0,0.0,0.0
ENSG00000277406,SEC22B4P,2,0.0,0.002326703413306928,0.0
ENSG00000277423,ENSG00000277423,2,0.0,0.0,0.0
ENSG00000277425,ENSG00000277425,2,0.0,0.04308651947329915,0.0
ENSG00000277449,CEBPB-AS1,2,0.0,0.008568589971142824,0.0
ENSG00000277453,ENSG00000277453,2,0.0,0.0,0.0
ENSG00000277459,YAP1-DT,2,0.0,0.0,0.0
ENSG00000277460,ENSG00000277460,2,0.0,0.08303323696603593,0.0
ENSG00000277769,RBM22P4,2,0.0,0.005908245037132802,0.0
ENSG00000277782,ENSG00000277782,2,0.0,0.0,0.0
ENSG00000278514,ENSG00000278514,2,0.0,0.018638391355495137,0.0
ENSG00000278291,ENSG00000278291,2,0.0,0.0,0.0
ENSG00000278156,TSC22D1-AS1,2,0.0,0.0011434262358048564,0.0
ENSG00000278175,GLIDR,2,0.0,0.0,0.0
ENSG00000278177,ENSG00000278177,2,0.0,0.0,0.0
ENSG00000278195,SSTR3,2,0.0,0.0,0.0
ENSG00000278206,ENSG00000278206,2,0.0,0.0012533559732492226,0.0
ENSG00000278213,CNTNAP3P5,2,0.0,0.0,0.0
ENSG00000278238,CKAP2-DT,2,0.0,0.0,0.0
ENSG00000278254,ENSG00000278254,2,0.0,0.0,0.0
ENSG00000278274,SNORA61,2,0.0,0.0018257505414803839,0.0
ENSG00000278275,ENSG00000278275,2,0.0,0.03336524511183377,0.0
ENSG00000278276,ENSG00000278276,2,0.0,0.003820731946591778,0.0
ENSG00000278338,VWA8-AS1,2,0.0,0.0,0.0
ENSG00000278090,LUNAR1,2,0.0,0.001773790601126533,0.0
ENSG00000278341,ENSG00000278341,2,0.0,0.05245941751895611,0.0
ENSG00000278344,ENSG00000278344,2,0.0,0.0007014269208047045,0.0
ENSG00000278376,ENSG00000278376,2,0.0,0.0006972057066154414,0.0
ENSG00000278383,ENSG00000278383,2,0.0,0.0037635363140451454,0.0
ENSG00000278399,ENSG00000278399,2,0.0,0.0027821831517785226,0.0
ENSG00000278419,ENSG00000278419,2,0.0,0.0002928083522752586,0.0
ENSG00000278464,ENSG00000278464,2,0.0,0.0008589189225981776,0.0
ENSG00000278467,ENSG00000278467,2,0.0,0.0,0.0
ENSG00000278480,ZBTB2P1,2,0.0,0.0,0.0
ENSG00000278505,C17orf78,2,0.0,0.0,0.0
ENSG00000278513,ENSG00000278513,2,0.0,0.0,0.0
ENSG00000278139,P3R3URF-PIK3R3,2,0.0,0.0066572670480451405,0.0
ENSG00000278058,ENSG00000278058,2,0.0,0.0,0.0
ENSG00000277795,ENSG00000277795,2,0.0,0.0032098826043268744,0.0
ENSG00000277941,ENSG00000277941,2,0.0,0.0060750709328493665,0.0
ENSG00000277801,ENSG00000277801,2,0.0,0.0006811696990226461,0.0
ENSG00000277825,ENSG00000277825,2,0.0,0.0,0.0
ENSG00000277851,LINC02391,2,0.0,0.024792622991369934,0.0
ENSG00000277873,ENSG00000277873,2,0.0,0.004541290537458386,0.0
ENSG00000277879,ENSG00000277879,2,0.0,0.0,0.0
ENSG00000277883,NLRP3P1,2,0.0,0.004717351492559201,0.0
ENSG00000277893,SRD5A2,2,0.0,0.0,0.0
ENSG00000277895,ENSG00000277895,2,0.0,0.0004880811186524716,0.0
ENSG00000277901,ENSG00000277901,2,0.0,0.0,0.0
ENSG00000277932,OR52E5,2,0.0,0.0029034810980625037,0.0
ENSG00000277938,ENSG00000277938,2,0.0,0.00013618360184412993,0.0
ENSG00000277954,ENSG00000277954,2,0.0,0.002932204398738627,0.0
ENSG00000278041,ENSG00000278041,2,0.0,0.00040458927437680314,0.0
ENSG00000277957,SENP3-EIF4A1,2,0.0,0.007433433144804397,0.0
ENSG00000277959,ENSG00000277959,2,0.0,0.0,0.0
ENSG00000277969,ENSG00000277969,2,0.0,8.550898037282404e-05,0.0
ENSG00000277971,ENSG00000277971,2,0.0,0.0018993103794932044,0.0
ENSG00000277972,CISD3,2,0.0,0.005298444238861715,0.0
ENSG00000277987,LINC02351,2,0.0,0.0055664814031239195,0.0
ENSG00000277998,ENSG00000277998,2,0.0,0.0009215644706826628,0.0
ENSG00000278000,ENSG00000278000,2,0.0,0.0033008055918319853,0.0
ENSG00000278001,ENSG00000278001,2,0.0,0.004624434495792445,0.0
ENSG00000278002,ENSG00000278002,2,0.0,0.0,0.0
ENSG00000278013,ENSG00000278013,2,0.0,0.0009459366773873788,0.0
ENSG00000279278,ENSG00000279278,2,0.0,0.0,0.0
ENSG00000279302,ENSG00000279302,2,0.0,0.00776833336549916,0.0
ENSG00000280537,ENSG00000280537,2,0.0,0.0029845411636752603,0.0
ENSG00000279315,ENSG00000279315,2,0.0,0.0016655338567144015,0.0
ENSG00000280078,ENSG00000280078,2,0.0,0.0,0.0
ENSG00000280083,ENSG00000280083,2,0.0,0.0003429510242857073,0.0
ENSG00000280087,ENSG00000280087,2,0.0,0.27036170999180736,0.0
ENSG00000280094,OR1B1,2,0.0,0.008790209648309177,0.0
ENSG00000280099,ENSG00000280099,2,0.0,5.368683392842733e-05,0.0
ENSG00000280106,ENSG00000280106,2,0.0,0.0,0.0
ENSG00000280107,ENSG00000280107,2,0.0,0.0011982110711408784,0.0
ENSG00000280109,PLAC4,2,0.0,0.0,0.0
ENSG00000280113,ENSG00000280113,2,0.0,0.0009314295832470686,0.0
ENSG00000280116,ENSG00000280116,2,0.0,0.006280004672947867,0.0
ENSG00000280119,ENSG00000280119,2,0.0,0.0,0.0
ENSG00000280122,ENSG00000280122,2,0.0,0.0,0.0
ENSG00000280131,ENSG00000280131,2,0.0,0.0,0.0
ENSG00000280132,ENSG00000280132,2,0.0,0.0,0.0
ENSG00000280136,ENSG00000280136,2,0.0,0.0,0.0
ENSG00000280142,ENSG00000280142,2,0.0,0.005556173442489528,0.0
ENSG00000280143,ENSG00000280143,2,0.0,0.004523692696681656,0.0
ENSG00000280148,ENSG00000280148,2,0.0,0.005545719607360898,0.0
ENSG00000280157,ENSG00000280157,2,0.0,0.009819979770833372,0.0
ENSG00000280160,ENSG00000280160,2,0.0,0.0006474713285721578,0.0
ENSG00000280161,ENSG00000280161,2,0.0,0.0,0.0
ENSG00000280163,ENSG00000280163,2,0.0,0.0009791964357847704,0.0
ENSG00000280169,ENSG00000280169,2,0.0,0.0,0.0
ENSG00000280171,ENSG00000280171,2,0.0,0.0,0.0
ENSG00000280173,ENSG00000280173,2,0.0,0.0,0.0
ENSG00000280077,ENSG00000280077,2,0.0,0.0,0.0
ENSG00000280073,ENSG00000280073,2,0.0,0.013875036373803395,0.0
ENSG00000280071,ENSG00000280071,2,0.0,0.0,0.0
ENSG00000280011,ENSG00000280011,2,0.0,0.0,0.0
ENSG00000279923,ENSG00000279923,2,0.0,0.00398884162513926,0.0
ENSG00000279926,ENSG00000279926,2,0.0,0.0075008589025153645,0.0
ENSG00000279943,FLJ38576,2,0.0,0.0,0.0
ENSG00000279951,ENSG00000279951,2,0.0,0.0009355975515918176,0.0
ENSG00000279954,ENSG00000279954,2,0.0,0.0,0.0
ENSG00000279956,ENSG00000279956,2,0.0,0.0007523796445699139,0.0
ENSG00000279980,GABARAPL3,2,0.0,8.120642266080728e-05,0.0
ENSG00000279982,ENSG00000279982,2,0.0,0.0036998312888624238,0.0
ENSG00000279991,ENSG00000279991,2,0.0,0.0,0.0
ENSG00000280007,ENSG00000280007,2,0.0,0.0,0.0
ENSG00000280010,ENSG00000280010,2,0.0,0.0,0.0
ENSG00000280022,ENSG00000280022,2,0.0,0.0,0.0
ENSG00000280070,ENSG00000280070,2,0.0,0.0016231056865860882,0.0
ENSG00000280037,ENSG00000280037,2,0.0,0.0008971002199225888,0.0
ENSG00000280039,RN7SKP23,2,0.0,0.01827999626840594,0.0
ENSG00000280046,ENSG00000280046,2,0.0,0.0,0.0
ENSG00000280047,ENSG00000280047,2,0.0,0.0014946396014337876,0.0
ENSG00000280053,ENSG00000280053,2,0.0,0.0030391879543327656,0.0
ENSG00000280054,ENSG00000280054,2,0.0,0.0007272946043509585,0.0
ENSG00000280055,LINC02912,2,0.0,0.0014089864734086871,0.0
ENSG00000280056,ENSG00000280056,2,0.0,0.0,0.0
ENSG00000280057,ENSG00000280057,2,0.0,0.0,0.0
ENSG00000280064,ENSG00000280064,2,0.0,3.209379560858415e-05,0.0
ENSG00000280067,ENSG00000280067,2,0.0,0.0,0.0
ENSG00000280176,ENSG00000280176,2,0.0,0.0,0.0
ENSG00000280177,ENSG00000280177,2,0.0,3.970908371356867e-05,0.0
ENSG00000280181,ENSG00000280181,2,0.0,0.0,0.0
ENSG00000280401,ENSG00000280401,2,0.0,0.0,0.0
ENSG00000280326,ENSG00000280326,2,0.0,0.0,0.0
ENSG00000280336,ENSG00000280336,2,0.0,0.0007275855234769159,0.0
ENSG00000280339,ENSG00000280339,2,0.0,0.013226307865819856,0.0
ENSG00000280344,ENSG00000280344,2,0.0,0.0,0.0
ENSG00000280348,ENSG00000280348,2,0.0,0.0,0.0
ENSG00000280355,ENSG00000280355,2,0.0,0.0,0.0
ENSG00000280367,ENSG00000280367,2,0.0,0.0037329551316296616,0.0
ENSG00000280375,ENSG00000280375,2,0.0,0.0580731318762916,0.0
ENSG00000280383,ENSG00000280383,2,0.0,0.0,0.0
ENSG00000280385,ENSG00000280385,2,0.0,0.0030846555138293237,0.0
ENSG00000280399,ENSG00000280399,2,0.0,0.0,0.0
ENSG00000280416,ENSG00000280416,2,0.0,0.0,0.0
ENSG00000280320,ENSG00000280320,2,0.0,0.0,0.0
ENSG00000280417,ENSG00000280417,2,0.0,0.0016674213197282008,0.0
ENSG00000280422,ENSG00000280422,2,0.0,0.0017845395804414375,0.0
ENSG00000280424,ENSG00000280424,2,0.0,0.0,0.0
ENSG00000280425,ENSG00000280425,2,0.0,0.08351374841811875,0.0
ENSG00000280431,ENSG00000280431,2,0.0,0.0019410788132328454,0.0
ENSG00000280432,ENSG00000280432,2,0.0,0.0016242844630952394,0.0
ENSG00000280433,ENSG00000280433,2,0.0,0.007851141428811123,0.0
ENSG00000280443,ENSG00000280443,2,0.0,0.0,0.0
ENSG00000280451,ENSG00000280451,2,0.0,0.020131669414801916,0.0
ENSG00000280485,ENSG00000280485,2,0.0,0.33617198910358403,0.0
ENSG00000280486,ENSG00000280486,2,0.0,0.005727774418839293,0.0
ENSG00000280325,ENSG00000280325,2,0.0,0.0,0.0
ENSG00000280311,ENSG00000280311,2,0.0,0.0,0.0
ENSG00000280182,ENSG00000280182,2,0.0,0.022474666376083953,0.0
ENSG00000280229,ENSG00000280229,2,0.0,0.0,0.0
ENSG00000280184,ENSG00000280184,2,0.0,0.0,0.0
ENSG00000280187,ENSG00000280187,2,0.0,0.0002582117710794998,0.0
ENSG00000280189,ENSG00000280189,2,0.0,0.000570232525400228,0.0
ENSG00000280193,ENSG00000280193,2,0.0,0.0,0.0
ENSG00000280194,ENSG00000280194,2,0.0,0.000330585776731174,0.0
ENSG00000280195,ENSG00000280195,2,0.0,0.0,0.0
ENSG00000280207,ENSG00000280207,2,0.0,0.0,0.0
ENSG00000280211,ENSG00000280211,2,0.0,0.009165746360089136,0.0
ENSG00000280213,UCKL1-AS1,2,0.0,0.017921756088383697,0.0
ENSG00000280214,ENSG00000280214,2,0.0,0.009965120880014087,0.0
ENSG00000280228,AMANZI,2,0.0,0.0003444701558486764,0.0
ENSG00000280234,ENSG00000280234,2,0.0,0.09658161560695151,0.0
ENSG00000280310,ENSG00000280310,2,0.0,0.0,0.0
ENSG00000280239,ENSG00000280239,2,0.0,0.029705293664884024,0.0
ENSG00000280255,ENSG00000280255,2,0.0,0.0,0.0
ENSG00000280265,ENSG00000280265,2,0.0,0.0,0.0
ENSG00000280273,ENSG00000280273,2,0.0,0.0,0.0
ENSG00000280294,ENSG00000280294,2,0.0,0.0,0.0
ENSG00000280295,ENSG00000280295,2,0.0,0.0,0.0
ENSG00000280299,ENSG00000280299,2,0.0,0.0002017085581759879,0.0
ENSG00000280302,ENSG00000280302,2,0.0,0.0,0.0
ENSG00000280303,ERICD,2,0.0,0.007553102994012334,0.0
ENSG00000280304,ENSG00000280304,2,0.0,0.0024418746413726994,0.0
ENSG00000280307,ENSG00000280307,2,0.0,0.0004896387814671624,0.0
ENSG00000279900,ENSG00000279900,2,0.0,0.005905350392108318,0.0
ENSG00000279894,ENSG00000279894,2,0.0,0.0,0.0
ENSG00000279887,ENSG00000279887,2,0.0,0.0021552345936178253,0.0
ENSG00000279530,ENSG00000279530,2,0.0,0.0,0.0
ENSG00000279467,ENSG00000279467,2,0.0,0.00029039691766012806,0.0
ENSG00000279469,ENSG00000279469,2,0.0,0.0025984259446244664,0.0
ENSG00000279472,ENSG00000279472,2,0.0,0.0,0.0
ENSG00000279486,OR2AG1,2,0.0,0.0008152239024766283,0.0
ENSG00000279488,ENSG00000279488,2,0.0,0.0,0.0
ENSG00000279489,ENSG00000279489,2,0.0,0.0,0.0
ENSG00000279491,ENSG00000279491,2,0.0,7.436283929151284e-05,0.0
ENSG00000279499,ENSG00000279499,2,0.0,0.0,0.0
ENSG00000279518,ENSG00000279518,2,0.0,0.00028834074159214825,0.0
ENSG00000279521,ENSG00000279521,2,0.0,0.0,0.0
ENSG00000279529,ENSG00000279529,2,0.0,7.571715034970691e-05,0.0
ENSG00000279531,ENSG00000279531,2,0.0,0.0031054352793348783,0.0
ENSG00000279457,WASH9P,2,0.0,0.0,0.0
ENSG00000279539,ENSG00000279539,2,0.0,0.002416882445613134,0.0
ENSG00000279541,ENSG00000279541,2,0.0,0.002821520727402591,0.0
ENSG00000279548,ENSG00000279548,2,0.0,0.008616958211696281,0.0
ENSG00000279557,ENSG00000279557,2,0.0,0.0046313055535062726,0.0
ENSG00000279561,ENSG00000279561,2,0.0,0.004312830261762312,0.0
ENSG00000279569,ENSG00000279569,2,0.0,0.000801472567402507,0.0
ENSG00000279571,ENSG00000279571,2,0.0,0.0,0.0
ENSG00000279572,ENSG00000279572,2,0.0,0.0018118955307785227,0.0
ENSG00000279583,ENSG00000279583,2,0.0,0.0,0.0
ENSG00000279594,ENSG00000279594,2,0.0,0.0016085714980533274,0.0
ENSG00000279605,ENSG00000279605,2,0.0,0.010136341807090884,0.0
ENSG00000279464,ENSG00000279464,2,0.0,0.0007716889390138639,0.0
ENSG00000279456,ENSG00000279456,2,0.0,1.151974076103923e-06,0.0
ENSG00000279609,ENSG00000279609,2,0.0,0.0,0.0
ENSG00000279378,ENSG00000279378,2,0.0,0.013679342597224631,0.0
ENSG00000279325,ENSG00000279325,2,0.0,0.0,0.0
ENSG00000279328,ENSG00000279328,2,0.0,0.00729764003390087,0.0
ENSG00000279331,RBM12B-AS1,2,0.0,0.0,0.0
ENSG00000279332,ENSG00000279332,2,0.0,0.0005042572441575017,0.0
ENSG00000279333,ENSG00000279333,2,0.0,0.01332296862924316,0.0
ENSG00000279339,ENSG00000279339,2,0.0,0.0,0.0
ENSG00000279344,ENSG00000279344,2,0.0,0.0011236433823679712,0.0
ENSG00000279345,ENSG00000279345,2,0.0,0.009364397903879055,0.0
ENSG00000279349,ENSG00000279349,2,0.0,0.007517430327504002,0.0
ENSG00000279364,ENSG00000279364,2,0.0,0.007162507861557049,0.0
ENSG00000279369,ENSG00000279369,2,0.0,0.0,0.0
ENSG00000279382,ENSG00000279382,2,0.0,0.0009045750658933738,0.0
ENSG00000279453,ENSG00000279453,2,0.0,0.0,0.0
ENSG00000279390,ENSG00000279390,2,0.0,0.0,0.0
ENSG00000279393,ENSG00000279393,2,0.0,0.004619388265642411,0.0
ENSG00000279399,ENSG00000279399,2,0.0,0.0,0.0
ENSG00000279401,ENSG00000279401,2,0.0,0.0,0.0
ENSG00000279404,ENSG00000279404,2,0.0,0.0020994128736086816,0.0
ENSG00000279405,ENSG00000279405,2,0.0,0.0,0.0
ENSG00000279412,ENSG00000279412,2,0.0,0.00016173086129063556,0.0
ENSG00000279428,ENSG00000279428,2,0.0,0.0006455190178075957,0.0
ENSG00000279437,ENSG00000279437,2,0.0,0.0005544911871775782,0.0
ENSG00000279440,ENSG00000279440,2,0.0,0.007811834846584779,0.0
ENSG00000279443,ENSG00000279443,2,0.0,0.00848171459850457,0.0
ENSG00000279608,ENSG00000279608,2,0.0,0.0023766035516198515,0.0
ENSG00000279611,ENSG00000279611,2,0.0,0.0021856104791588655,0.0
ENSG00000279883,ENSG00000279883,2,0.0,0.006254446877853827,0.0
ENSG00000279798,ENSG00000279798,2,0.0,0.08255971470841035,0.0
ENSG00000279727,LINC02033,2,0.0,0.07525329127971755,0.0
ENSG00000279738,ENSG00000279738,2,0.0,0.0,0.0
ENSG00000279742,ENSG00000279742,2,0.0,0.005889716834206958,0.0
ENSG00000279748,ENSG00000279748,2,0.0,3.890467118479875e-06,0.0
ENSG00000279753,ENSG00000279753,2,0.0,0.0014078816924006077,0.0
ENSG00000279762,ENSG00000279762,2,0.0,0.10154070066947096,0.0
ENSG00000279771,ENSG00000279771,2,0.0,0.0,0.0
ENSG00000279785,ENSG00000279785,2,0.0,0.0,0.0
ENSG00000279791,ENSG00000279791,2,0.0,0.0,0.0
ENSG00000279792,ENSG00000279792,2,0.0,0.0,0.0
ENSG00000279796,ENSG00000279796,2,0.0,0.00349180250075714,0.0
ENSG00000279800,BCLAF1P2,2,0.0,0.006786381630093541,0.0
ENSG00000279721,ENSG00000279721,2,0.0,0.0,0.0
ENSG00000279817,ENSG00000279817,2,0.0,0.0,0.0
ENSG00000279822,ENSG00000279822,2,0.0,0.001366306488059168,0.0
ENSG00000279827,ENSG00000279827,2,0.0,0.01848769253673994,0.0
ENSG00000279833,ENSG00000279833,2,0.0,0.0,0.0
ENSG00000279847,LINC02906,2,0.0,0.0,0.0
ENSG00000279852,ENSG00000279852,2,0.0,0.04267559023528219,0.0
ENSG00000279865,ENSG00000279865,2,0.0,0.0009062002586103134,0.0
ENSG00000279873,LINC01126,2,0.0,0.0,0.0
ENSG00000279875,ENSG00000279875,2,0.0,0.02069784373627958,0.0
ENSG00000279879,ENSG00000279879,2,0.0,0.001893533092417899,0.0
ENSG00000279881,ENSG00000279881,2,0.0,0.0,0.0
ENSG00000279722,ENSG00000279722,2,0.0,0.0024121567378221475,0.0
ENSG00000279718,SNX18P12,2,0.0,0.0,0.0
ENSG00000279613,ENSG00000279613,2,0.0,0.002481684686269521,0.0
ENSG00000279662,ENSG00000279662,2,0.0,0.0038461546630957064,0.0
ENSG00000279621,ENSG00000279621,2,0.0,0.000648067405937911,0.0
ENSG00000279631,ENSG00000279631,2,0.0,0.043468102884792005,0.0
ENSG00000279633,ENSG00000279633,2,0.0,0.0009002515172437879,0.0
ENSG00000279636,LINC00216,2,0.0,0.0,0.0
ENSG00000279641,ENSG00000279641,2,0.0,0.0,0.0
ENSG00000279642,ENSG00000279642,2,0.0,0.0003179774538025964,0.0
ENSG00000279650,ENSG00000279650,2,0.0,0.0,0.0
ENSG00000279652,ENSG00000279652,2,0.0,0.0,0.0
ENSG00000279657,ENSG00000279657,2,0.0,0.0,0.0
ENSG00000279658,ENSG00000279658,2,0.0,0.041674317266854534,0.0
ENSG00000279659,ENSG00000279659,2,0.0,0.0,0.0
ENSG00000279667,ENSG00000279667,2,0.0,0.0006220468552897272,0.0
ENSG00000279716,ENSG00000279716,2,0.0,0.0010300956276828915,0.0
ENSG00000279672,ENSG00000279672,2,0.0,0.0,0.0
ENSG00000279673,ENSG00000279673,2,0.0,0.0005039734662397961,0.0
ENSG00000279675,ENSG00000279675,2,0.0,0.0015222764736143495,0.0
ENSG00000279684,ENSG00000279684,2,0.0,0.0,0.0
ENSG00000279689,ENSG00000279689,2,0.0,0.011306858096638301,0.0
ENSG00000279692,ENSG00000279692,2,0.0,0.0,0.0
ENSG00000279694,ENSG00000279694,2,0.0,0.0002802323547547852,0.0
ENSG00000279696,ENSG00000279696,2,0.0,0.017948773095822164,0.0
ENSG00000279699,ENSG00000279699,2,0.0,0.0,0.0
ENSG00000279707,ENSG00000279707,2,0.0,0.01778338167015921,0.0
ENSG00000279711,ENSG00000279711,2,0.0,0.0028356830198308434,0.0
ENSG00000243388,RPL3P3,2,0.0,0.005581397262523504,0.0
ENSG00000243323,PTPRVP,2,0.0,0.0,0.0
ENSG00000000938,FGR,2,0.0,0.000895295840872645,0.0
ENSG00000170608,FOXA3,2,0.0,0.0,0.0
ENSG00000171243,SOSTDC1,2,0.0,0.0032345322490743415,0.0
ENSG00000171246,NPTX1,2,0.0,0.0040203132066611354,0.0
ENSG00000171303,KCNK3,2,0.0,0.0,0.0
ENSG00000171388,APLN,2,0.0,0.0,0.0
ENSG00000171428,NAT1,2,0.0,0.0010083028439891576,0.0
ENSG00000171433,GLOD5,2,0.0,0.0,0.0
ENSG00000171443,ZNF524,2,0.0,0.0014756257290423262,0.0
ENSG00000171450,CDK5R2,2,0.0,0.0,0.0
ENSG00000171459,OR1L6,2,0.0,0.0,0.0
ENSG00000171462,DLK2,2,0.0,0.00019235464529684002,0.0
ENSG00000171476,HOPX,2,0.0,0.000259276375978323,0.0
ENSG00000171487,NLRP5,2,0.0,0.0,0.0
ENSG00000171496,OR1L8,2,0.0,0.0,0.0
ENSG00000171509,RXFP1,2,0.0,0.0,0.0
ENSG00000171522,PTGER4,2,0.0,0.0,0.0
ENSG00000171532,NEUROD2,2,0.0,0.00040213816303085473,0.0
ENSG00000171551,ECEL1,2,0.0,0.00873384746196848,0.0
ENSG00000171561,OR2AT4,2,0.0,0.0005528962905005453,0.0
ENSG00000171570,RAB4B-EGLN2,2,0.0,0.0,0.0
ENSG00000171596,NMUR1,2,0.0,0.0,0.0
ENSG00000171631,P2RY6,2,0.0,0.003889712903076484,0.0
ENSG00000171643,S100Z,2,0.0,0.016595866266022895,0.0
ENSG00000171657,GPR82,2,0.0,0.0,0.0
ENSG00000171658,NMRAL2P,2,0.0,0.0036112643555500984,0.0
ENSG00000171659,GPR34,2,0.0,0.0,0.0
ENSG00000171236,LRG1,2,0.0,0.0,0.0
ENSG00000171234,UGT2B7,2,0.0,0.0,0.0
ENSG00000171227,TMEM37,2,0.0,0.00037874874913358794,0.0
ENSG00000170909,OSCAR,2,0.0,0.0,0.0
ENSG00000170667,RASA4B,2,0.0,0.006383221992446089,0.0
ENSG00000170684,ZNF296,2,0.0,0.007146872037962574,0.0
ENSG00000170775,GPR37,2,0.0,6.447886704507434e-05,0.0
ENSG00000170788,DYDC1,2,0.0,0.0,0.0
ENSG00000170790,OR10A2,2,0.0,0.004018551253734706,0.0
ENSG00000170801,HTRA3,2,0.0,0.0006745981391159722,0.0
ENSG00000170819,BFSP2,2,0.0,0.0026901740940865615,0.0
ENSG00000170820,FSHR,2,0.0,0.0,0.0
ENSG00000170835,CEL,2,0.0,0.0,0.0
ENSG00000170837,GPR27,2,0.0,0.007315630830777216,0.0
ENSG00000170891,CYTL1,2,0.0,0.0,0.0
ENSG00000170925,TEX13B,2,0.0,0.003910700219037678,0.0
ENSG00000171223,JUNB,2,0.0,0.0038318748650629695,0.0
ENSG00000170955,CAVIN3,2,0.0,0.0,0.0
ENSG00000170961,HAS2,2,0.0,0.0019211899753596461,0.0
ENSG00000170965,PLAC1,2,0.0,0.0004585046544924557,0.0
ENSG00000171017,LRRC8E,2,0.0,0.0,0.0
ENSG00000171051,FPR1,2,0.0,0.003884854493493867,0.0
ENSG00000171056,SOX7,2,0.0,0.004880572256973643,0.0
ENSG00000171084,FAM86JP,2,0.0,0.008134737738095619,0.0
ENSG00000171119,NRTN,2,0.0,0.05365430785129685,0.0
ENSG00000171124,FUT3,2,0.0,0.0013242129015911463,0.0
ENSG00000171169,NAIF1,2,0.0,0.011185306977067308,0.0
ENSG00000171217,CLDN20,2,0.0,0.007408540436555225,0.0
ENSG00000171700,RGS19,2,0.0,0.0010174871673139015,0.0
ENSG00000171722,SPATA46,2,0.0,0.0035116660018458244,0.0
ENSG00000171747,LGALS4,2,0.0,0.013703575309180406,0.0
ENSG00000172382,PRSS27,2,0.0,0.0,0.0
ENSG00000172232,AZU1,2,0.0,0.0,0.0
ENSG00000172238,ATOH1,2,0.0,0.0,0.0
ENSG00000172247,C1QTNF4,2,0.0,0.004083954590863181,0.0
ENSG00000172250,SERHL,2,0.0,0.0019539835672951135,0.0
ENSG00000172322,CLEC12A,2,0.0,0.0,0.0
ENSG00000172345,STARD5,2,0.0,0.0015214346343987801,0.0
ENSG00000172346,CSDC2,2,0.0,0.005345107166234336,0.0
ENSG00000172349,IL16,2,0.0,0.0,0.0
ENSG00000172350,ABCG4,2,0.0,0.0,0.0
ENSG00000172366,MCRIP2,2,0.0,0.0004106253852243496,0.0
ENSG00000172367,NHERF4,2,0.0,0.017574079845639388,0.0
ENSG00000172399,MYOZ2,2,0.0,0.0,0.0
ENSG00000172215,CXCR6,2,0.0,0.001984809878244882,0.0
ENSG00000172404,DNAJB7,2,0.0,0.0,0.0
ENSG00000172421,EFCAB3,2,0.0,0.0,0.0
ENSG00000172425,TTC36,2,0.0,0.004518217460479397,0.0
ENSG00000172458,IL17D,2,0.0,0.0,0.0
ENSG00000172465,TCEAL1,2,0.0,0.09239771399724721,0.0
ENSG00000172497,ACOT12,2,0.0,0.0,0.0
ENSG00000172508,CARNS1,2,0.0,0.0,0.0
ENSG00000172543,CTSW,2,0.0,0.0,0.0
ENSG00000172548,NIPAL4,2,0.0,0.0,0.0
ENSG00000172568,FNDC9,2,0.0,0.0010189700605811496,0.0
ENSG00000172578,KLHL6,2,0.0,0.0,0.0
ENSG00000172216,CEBPB,2,0.0,0.0010480042491007571,0.0
ENSG00000172209,GPR22,2,0.0,0.0,0.0
ENSG00000171759,PAH,2,0.0,0.0,0.0
ENSG00000171872,KLF17,2,0.0,0.003033263419732423,0.0
ENSG00000171773,NXNL1,2,0.0,0.0004648278610266443,0.0
ENSG00000171777,RASGRP4,2,0.0,0.0018291856808466277,0.0
ENSG00000171790,SLFNL1,2,0.0,0.032797154086516477,0.0
ENSG00000171794,UTF1,2,0.0,0.0010117738012016507,0.0
ENSG00000171804,WDR87,2,0.0,0.025461620980829998,0.0
ENSG00000171812,COL8A2,2,0.0,0.0,0.0
ENSG00000171815,PCDHB1,2,0.0,0.000804851832811996,0.0
ENSG00000171819,ANGPTL7,2,0.0,0.00022515048238240865,0.0
ENSG00000171840,NINJ2,2,0.0,0.0,0.0
ENSG00000171847,FAM90A1,2,0.0,0.0,0.0
ENSG00000171864,PRND,2,0.0,0.0,0.0
ENSG00000171873,ADRA1D,2,0.0,0.0,0.0
ENSG00000172137,CALB2,2,0.0,0.0,0.0
ENSG00000171885,AQP4,2,0.0,0.0,0.0
ENSG00000171931,FBXW10,2,0.0,0.009670504963508166,0.0
ENSG00000171954,CYP4F22,2,0.0,0.0,0.0
ENSG00000171989,LDHAL6B,2,0.0,0.0,0.0
ENSG00000171992,SYNPO,2,0.0,0.0,0.0
ENSG00000172000,ZNF556,2,0.0,0.0,0.0
ENSG00000172005,MAL,2,0.0,0.0,0.0
ENSG00000172031,EPHX4,2,0.0,0.004348872719579332,0.0
ENSG00000172058,SERF1A,2,0.0,0.0,0.0
ENSG00000172073,SPMIP9,2,0.0,0.0,0.0
ENSG00000172116,CD8B,2,0.0,0.0,0.0
ENSG00000170627,GTSF1,2,0.0,0.010272966936377022,0.0
ENSG00000170577,SIX2,2,0.0,0.007912810510610347,0.0
ENSG00000158955,WNT9B,2,0.0,0.0,0.0
ENSG00000170549,IRX1,2,0.0,0.007447268275556826,0.0
ENSG00000168746,LINC01620,2,0.0,0.0020037515859392453,0.0
ENSG00000168748,CA7,2,0.0,0.0,0.0
ENSG00000168754,FAM178B,2,0.0,0.005458597097709181,0.0
ENSG00000168779,SHOX2,2,0.0,0.0,0.0
ENSG00000168792,ABHD15,2,0.0,0.01564402046233943,0.0
ENSG00000168811,IL12A,2,0.0,0.0006423424644905357,0.0
ENSG00000168830,HTR1E,2,0.0,0.0,0.0
ENSG00000168878,SFTPB,2,0.0,0.0008944180598712959,0.0
ENSG00000168890,TMEM150A,2,0.0,0.0,0.0
ENSG00000168899,VAMP5,2,0.0,0.0,0.0
ENSG00000168913,ENHO,2,0.0,0.004807794704228452,0.0
ENSG00000168925,CTRB1,2,0.0,0.0,0.0
ENSG00000168938,PPIC,2,0.0,0.0007292859487679475,0.0
ENSG00000168955,TM4SF20,2,0.0,0.004559511563480779,0.0
ENSG00000168961,LGALS9,2,0.0,0.002940524200984318,0.0
ENSG00000168970,JMJD7-PLA2G4B,2,0.0,0.005382360456069195,0.0
ENSG00000168993,CPLX1,2,0.0,0.0,0.0
ENSG00000169006,NTSR2,2,0.0,0.03786657654203623,0.0
ENSG00000169026,SLC49A3,2,0.0,0.00042105439600134003,0.0
ENSG00000169031,COL4A3,2,0.0,0.018935579053789894,0.0
ENSG00000169035,KLK7,2,0.0,0.0008137111988406521,0.0
ENSG00000169075,BRD7P3,2,0.0,0.010651119041357189,0.0
ENSG00000169085,VXN,2,0.0,0.0013436543532289304,0.0
ENSG00000169105,CHST14,2,0.0,0.0,0.0
ENSG00000169203,NPIPB12,2,0.0,0.0,0.0
ENSG00000168743,NPNT,2,0.0,0.006592916221584975,0.0
ENSG00000168631,MUCL3,2,0.0,0.0008720674125493494,0.0
ENSG00000168621,GDNF,2,0.0,0.002141550347333344,0.0
ENSG00000168348,INSM2,2,0.0,0.0053931276869718615,0.0
ENSG00000168070,MAJIN,2,0.0,0.0,0.0
ENSG00000168079,SCARA5,2,0.0,0.007574086684594647,0.0
ENSG00000168081,PNOC,2,0.0,0.00029078836657403723,0.0
ENSG00000168124,OR1F1,2,0.0,0.010628258612437462,0.0
ENSG00000168135,KCNJ4,2,0.0,0.0,0.0
ENSG00000168229,PTGDR,2,0.0,0.006428481739520847,0.0
ENSG00000168237,GLYCTK,2,0.0,0.03356579504540938,0.0
ENSG00000168255,POLR2J3,2,0.0,0.0,0.0
ENSG00000168263,KCNV2,2,0.0,0.0,0.0
ENSG00000168306,ACOX2,2,0.0,0.015415801448903832,0.0
ENSG00000168314,MOBP,2,0.0,0.0,0.0
ENSG00000168350,DEGS2,2,0.0,0.0014705691848855796,0.0
ENSG00000168619,ADAM18,2,0.0,0.0,0.0
ENSG00000168394,TAP1,2,0.0,0.011749947477602678,0.0
ENSG00000168398,BDKRB2,2,0.0,0.0,0.0
ENSG00000168404,MLKL,2,0.0,0.0,0.0
ENSG00000168427,KLHL30,2,0.0,0.0,0.0
ENSG00000168447,SCNN1B,2,0.0,0.0048416561051529096,0.0
ENSG00000168490,PHYHIP,2,0.0,0.0,0.0
ENSG00000168497,CAVIN2,2,0.0,0.0011485697301702868,0.0
ENSG00000168505,GBX2,2,0.0,0.008616962409648226,0.0
ENSG00000168509,HJV,2,0.0,0.0,0.0
ENSG00000168517,HEXIM2,2,0.0,0.0025162032605211093,0.0
ENSG00000168594,ADAM29,2,0.0,0.0,0.0
ENSG00000169220,RGS14,2,0.0,0.001093395238885413,0.0
ENSG00000169242,EFNA1,2,0.0,0.0015800046355490271,0.0
ENSG00000169246,NPIPB3,2,0.0,0.0031150300012456893,0.0
ENSG00000170236,USP50,2,0.0,0.04169218414050369,0.0
ENSG00000170074,FAM153A,2,0.0,0.0,0.0
ENSG00000170075,GPR37L1,2,0.0,0.0027529803294152754,0.0
ENSG00000170089,ENSG00000170089,2,0.0,0.050010672936086874,0.0
ENSG00000170091,NSG2,2,0.0,0.03149136239945754,0.0
ENSG00000170092,SPDYE5,2,0.0,0.0,0.0
ENSG00000170160,CCDC144A,2,0.0,0.0,0.0
ENSG00000170161,FAM88B,2,0.0,0.00035435622748509387,0.0
ENSG00000170180,GYPA,2,0.0,0.015090864555825586,0.0
ENSG00000170209,ANKK1,2,0.0,0.007912285325223237,0.0
ENSG00000170214,ADRA1B,2,0.0,0.0,0.0
ENSG00000170231,FABP6,2,0.0,0.0,0.0
ENSG00000170262,MRAP,2,0.0,0.0,0.0
ENSG00000169972,PUSL1,2,0.0,0.0037914132506602885,0.0
ENSG00000170374,SP7,2,0.0,0.0,0.0
ENSG00000170379,TCAF2,2,0.0,0.0,0.0
ENSG00000170419,VSTM2A,2,0.0,0.019437795322359525,0.0
ENSG00000170426,SDR9C7,2,0.0,0.0,0.0
ENSG00000170439,TMT1B,2,0.0,0.0,0.0
ENSG00000170442,KRT86,2,0.0,0.0017128139063795232,0.0
ENSG00000170476,MZB1,2,0.0,0.05930789927421178,0.0
ENSG00000170482,SLC23A1,2,0.0,0.006462689153687691,0.0
ENSG00000170498,KISS1,2,0.0,0.0011912833100524598,0.0
ENSG00000170509,HSD17B13,2,0.0,0.0,0.0
ENSG00000170545,SMAGP,2,0.0,0.0,0.0
ENSG00000170044,ZPLD1,2,0.0,0.0,0.0
ENSG00000169962,TAS1R3,2,0.0,0.0,0.0
ENSG00000169247,SH3TC2,2,0.0,0.0,0.0
ENSG00000169499,PLEKHA2,2,0.0,0.0,0.0
ENSG00000169252,ADRB2,2,0.0,0.0,0.0
ENSG00000169291,SHE,2,0.0,0.0013327996258697455,0.0
ENSG00000169313,P2RY12,2,0.0,0.0,0.0
ENSG00000169314,C22orf15,2,0.0,0.0,0.0
ENSG00000169340,PDILT,2,0.0,0.007548452635811863,0.0
ENSG00000169402,RSPH10B2,2,0.0,0.0004272450655405595,0.0
ENSG00000169403,PTAFR,2,0.0,0.00036669956749440315,0.0
ENSG00000169427,KCNK9,2,0.0,0.0014232833791320786,0.0
ENSG00000169435,RASSF6,2,0.0,0.00403348665788738,0.0
ENSG00000169442,CD52,2,0.0,0.0,0.0
ENSG00000169495,HTRA4,2,0.0,0.0013407376625359864,0.0
ENSG00000169507,SLC38A11,2,0.0,0.01811237634184257,0.0
ENSG00000169906,S100G,2,0.0,0.00023325698077249148,0.0
ENSG00000169508,GPR183,2,0.0,0.006365181286531122,0.0
ENSG00000169548,ZNF280A,2,0.0,0.0,0.0
ENSG00000169551,CT55,2,0.0,0.01009800503198721,0.0
ENSG00000169594,BNC1,2,0.0,0.06734636326413439,0.0
ENSG00000169618,PROKR1,2,0.0,0.0,0.0
ENSG00000169629,RGPD8,2,0.0,0.0,0.0
ENSG00000169876,MUC17,2,0.0,0.011841043065782982,0.0
ENSG00000169884,WNT10B,2,0.0,0.0,0.0
ENSG00000169885,CALML6,2,0.0,0.0,0.0
ENSG00000169894,MUC3A,2,0.0,0.00038588936933446404,0.0
ENSG00000169896,ITGAM,2,0.0,0.00040859079077113603,0.0
ENSG00000172638,EFEMP2,2,0.0,0.0,0.0
ENSG00000172673,THEMIS,2,0.0,0.0008509778655449471,0.0
ENSG00000172716,SLFN11,2,0.0,0.013018711411712508,0.0
ENSG00000172717,GARIN2,2,0.0,0.0,0.0
ENSG00000175206,NPPA,2,0.0,0.0009680924538605576,0.0
ENSG00000175213,ZNF408,2,0.0,0.018113045730949056,0.0
ENSG00000175262,CIROZ,2,0.0,0.0033824385103119535,0.0
ENSG00000175264,CHST1,2,0.0,0.0002614125364106827,0.0
ENSG00000175287,PHYHD1,2,0.0,0.017381035783759713,0.0
ENSG00000175318,GRAMD2A,2,0.0,0.0,0.0
ENSG00000175449,RFESD,2,0.0,0.0,0.0
ENSG00000175463,TBC1D10C,2,0.0,0.0,0.0
ENSG00000175482,POLD4,2,0.0,0.0,0.0
ENSG00000175505,CLCF1,2,0.0,0.0,0.0
ENSG00000175513,TSGA10IP,2,0.0,0.0,0.0
ENSG00000175518,UBQLNL,2,0.0,0.007353183824058519,0.0
ENSG00000175520,UBQLN3,2,0.0,0.0014914395194042043,0.0
ENSG00000175536,LIPT2,2,0.0,0.0,0.0
ENSG00000175538,KCNE3,2,0.0,8.552945056463898e-05,0.0
ENSG00000175544,CABP4,2,0.0,0.00041046037778362445,0.0
ENSG00000175556,LONRF3,2,0.0,0.00014784984649702777,0.0
ENSG00000175564,UCP3,2,0.0,0.0,0.0
ENSG00000175573,C11orf68,2,0.0,0.0,0.0
ENSG00000175591,P2RY2,2,0.0,0.0008977580451596913,0.0
ENSG00000175592,FOSL1,2,0.0,0.0019825315823207047,0.0
ENSG00000175602,CCDC85B,2,0.0,0.008412241545963326,0.0
ENSG00000175604,ENSG00000175604,2,0.0,0.04222421879199228,0.0
ENSG00000175664,TEX26,2,0.0,0.0007501992098373102,0.0
ENSG00000175701,MTLN,2,0.0,0.0034265896209389884,0.0
ENSG00000175202,HIGD2B,2,0.0,0.014728462195125887,0.0
ENSG00000175189,INHBC,2,0.0,0.018065879012422778,0.0
ENSG00000175164,ABO,2,0.0,0.00038176546552793776,0.0
ENSG00000174917,MICOS13,2,0.0,0.0,0.0
ENSG00000174740,PABPC5,2,0.0,0.001862877187794345,0.0
ENSG00000174749,FAM241A,2,0.0,0.0,0.0
ENSG00000174791,RIN1,2,0.0,0.0,0.0
ENSG00000174792,ODAPH,2,0.0,0.0,0.0
ENSG00000174807,CD248,2,0.0,0.00041135086749867397,0.0
ENSG00000174808,BTC,2,0.0,0.0010314541443487797,0.0
ENSG00000174827,PDZK1,2,0.0,0.004537365345413796,0.0
ENSG00000174837,ADGRE1,2,0.0,0.0,0.0
ENSG00000174898,CATSPERD,2,0.0,0.003834506725970008,0.0
ENSG00000174899,SLC66A1LP,2,0.0,0.0,0.0
ENSG00000174912,METTL15P1,2,0.0,0.0,0.0
ENSG00000174930,VN2R1P,2,0.0,0.02199090049996723,0.0
ENSG00000175147,TMEM51-AS1,2,0.0,0.0,0.0
ENSG00000174946,GPR171,2,0.0,0.021573258394036902,0.0
ENSG00000174948,GPR149,2,0.0,0.0008033779200121484,0.0
ENSG00000174950,CD164L2,2,0.0,0.0025997769062443337,0.0
ENSG00000174951,FUT1,2,0.0,0.0,0.0
ENSG00000174977,PAIP1P2,2,0.0,0.0,0.0
ENSG00000174990,CA5A,2,0.0,0.0005021704009283944,0.0
ENSG00000175003,SLC22A1,2,0.0,0.00012485289756046663,0.0
ENSG00000175018,TEX36,2,0.0,0.0,0.0
ENSG00000175077,RTP1,2,0.0,0.013438017217787535,0.0
ENSG00000175084,DES,2,0.0,0.0003248374684938778,0.0
ENSG00000175097,RAG2,2,0.0,0.0,0.0
ENSG00000175707,KDF1,2,0.0,0.02956825332748165,0.0
ENSG00000175728,LINC02873,2,0.0,0.00012446537840910695,0.0
ENSG00000175741,RWDD4P2,2,0.0,0.0,0.0
ENSG00000176681,LRRC37A,2,0.0,0.003990089602637406,0.0
ENSG00000176402,GJC3,2,0.0,0.0,0.0
ENSG00000176428,VPS37D,2,0.0,0.0,0.0
ENSG00000176435,CLEC14A,2,0.0,0.00383030420943021,0.0
ENSG00000176438,SYNE3,2,0.0,0.0,0.0
ENSG00000176472,ZNF575,2,0.0,0.0,0.0
ENSG00000176532,PRR15,2,0.0,0.0007116896106873593,0.0
ENSG00000176563,CNTD1,2,0.0,0.0,0.0
ENSG00000176571,CNBD1,2,0.0,0.0008056734960300425,0.0
ENSG00000176635,HORMAD2,2,0.0,0.013310895025988811,0.0
ENSG00000176654,NANOGP1,2,0.0,0.0,0.0
ENSG00000176678,FOXL1,2,0.0,0.0,0.0
ENSG00000176692,FOXC2,2,0.0,0.0014165445749164162,0.0
ENSG00000176381,PRR18,2,0.0,0.0011114297248129754,0.0
ENSG00000176714,CCDC121,2,0.0,0.002108506815680128,0.0
ENSG00000176723,ZNF843,2,0.0,0.0,0.0
ENSG00000176732,PFN4,2,0.0,0.0012677242909035057,0.0
ENSG00000176826,FKBP9P1,2,0.0,0.006947349574203583,0.0
ENSG00000176840,MIR7-3HG,2,0.0,0.0,0.0
ENSG00000176842,IRX5,2,0.0,0.001315932619926115,0.0
ENSG00000176857,GJA1P1,2,0.0,0.0,0.0
ENSG00000176884,GRIN1,2,0.0,0.003911527644038042,0.0
ENSG00000176896,TCEANC,2,0.0,0.006709631962866012,0.0
ENSG00000176909,MAMSTR,2,0.0,0.0,0.0
ENSG00000176920,FUT2,2,0.0,0.0,0.0
ENSG00000176383,B3GNT4,2,0.0,0.0011117171774091715,0.0
ENSG00000176358,TAC4,2,0.0,0.0,0.0
ENSG00000175749,EIF3KP1,2,0.0,0.0,0.0
ENSG00000176029,C11orf16,2,0.0,0.0,0.0
ENSG00000175766,EIF4E1B,2,0.0,0.008475623284957242,0.0
ENSG00000175772,LINC01106,2,0.0,0.007138345904905644,0.0
ENSG00000175779,LINC02694,2,0.0,0.0,0.0
ENSG00000175793,SFN,2,0.0,0.00038852830738930673,0.0
ENSG00000175820,CCDC168,2,0.0,0.0,0.0
ENSG00000175874,CREG2,2,0.0,0.0,0.0
ENSG00000175886,RPL7AP66,2,0.0,0.0,0.0
ENSG00000175920,DOK7,2,0.0,0.0029091901908230486,0.0
ENSG00000175967,LINC02880,2,0.0,0.0,0.0
ENSG00000175985,PLEKHD1,2,0.0,0.0,0.0
ENSG00000176009,ASCL3,2,0.0,0.0036248478764818333,0.0
ENSG00000176046,NUPR1,2,0.0,0.001917359994097091,0.0
ENSG00000176349,ENSG00000176349,2,0.0,0.0,0.0
ENSG00000176054,RPL23P2,2,0.0,0.0,0.0
ENSG00000176076,KCNE5,2,0.0,0.0,0.0
ENSG00000176125,UFSP1,2,0.0,0.040004140459296136,0.0
ENSG00000176153,GPX2,2,0.0,0.0,0.0
ENSG00000176160,HSF5,2,0.0,0.009071054548268393,0.0
ENSG00000176165,FOXG1,2,0.0,0.0007271916685302669,0.0
ENSG00000176170,SPHK1,2,0.0,0.0,0.0
ENSG00000176177,ENTHD1,2,0.0,0.00021863012281367407,0.0
ENSG00000176236,RPP38-DT,2,0.0,0.004073800928545366,0.0
ENSG00000176268,CYCSP34,2,0.0,0.021971139849425187,0.0
ENSG00000176302,FOXR1,2,0.0,0.005172842926581297,0.0
ENSG00000174715,PPIAP72,2,0.0,0.0,0.0
ENSG00000174697,LEP,2,0.0,0.0019105119137015887,0.0
ENSG00000174680,GRIK1-AS1,2,0.0,0.0,0.0
ENSG00000173572,NLRP13,2,0.0,0.0017496725553178656,0.0
ENSG00000173269,MMRN2,2,0.0,0.012387830157247275,0.0
ENSG00000173295,FAM86B3P,2,0.0,0.006578589785785419,0.0
ENSG00000173338,KCNK7,2,0.0,0.007885021306590814,0.0
ENSG00000173366,ENSG00000173366,2,0.0,0.0,0.0
ENSG00000173376,NDNF,2,0.0,0.006860221951751051,0.0
ENSG00000173389,IQCF1,2,0.0,0.0,0.0
ENSG00000173401,GLIPR1L1,2,0.0,0.0,0.0
ENSG00000173404,INSM1,2,0.0,0.007998143582138982,0.0
ENSG00000173467,AGR3,2,0.0,0.004390494492609994,0.0
ENSG00000173531,MST1,2,0.0,0.0,0.0
ENSG00000173546,CSPG4,2,0.0,0.0,0.0
ENSG00000173578,XCR1,2,0.0,0.0011106702398598657,0.0
ENSG00000173253,DMRT2,2,0.0,0.001908200920936173,0.0
ENSG00000173585,CCR9,2,0.0,0.0023917031424246765,0.0
ENSG00000173597,SULT1B1,2,0.0,0.00010533252644176284,0.0
ENSG00000173610,UGT2A1,2,0.0,0.007836039689819232,0.0
ENSG00000173612,GPRC6A,2,0.0,0.0,0.0
ENSG00000173626,TRAPPC3L,2,0.0,0.0012211668432660263,0.0
ENSG00000173627,APOBEC4,2,0.0,0.0,0.0
ENSG00000173662,TAS1R1,2,0.0,0.006163344676633168,0.0
ENSG00000173673,HES3,2,0.0,0.0012758230276318405,0.0
ENSG00000173702,MUC13,2,0.0,0.013877138720627019,0.0
ENSG00000173705,SUSD5,2,0.0,0.0,0.0
ENSG00000173714,WFIKKN2,2,0.0,0.0,0.0
ENSG00000173267,SNCG,2,0.0,0.0,0.0
ENSG00000173213,TUBB8B,2,0.0,0.0,0.0
ENSG00000173769,TOPAZ1,2,0.0,0.0004077488689276847,0.0
ENSG00000172935,MRGPRF,2,0.0,0.04631766025687092,0.0
ENSG00000172738,TMEM217,2,0.0,0.0,0.0
ENSG00000172752,COL6A5,2,0.0,0.0,0.0
ENSG00000172782,FADS6,2,0.0,0.03570198596622942,0.0
ENSG00000172794,RAB37,2,0.0,0.0,0.0
ENSG00000172818,OVOL1,2,0.0,0.0,0.0
ENSG00000172824,CES4A,2,0.0,0.008876413230890364,0.0
ENSG00000172828,CES3,2,0.0,0.0,0.0
ENSG00000172889,EGFL7,2,0.0,0.024359621193990683,0.0
ENSG00000172900,ACTE1P,2,0.0,0.0,0.0
ENSG00000172901,LVRN,2,0.0,0.0,0.0
ENSG00000172927,MYEOV,2,0.0,0.0,0.0
ENSG00000172940,SLC22A13,2,0.0,0.0,0.0
ENSG00000173210,ABLIM3,2,0.0,0.011889491429563845,0.0
ENSG00000172955,ADH6,2,0.0,0.030381940071419,0.0
ENSG00000172971,UNC93B3,2,0.0,0.1353640080332757,0.0
ENSG00000172974,VDAC2P5,2,0.0,0.0005733301761370943,0.0
ENSG00000172995,ARPP21,2,0.0,0.0,0.0
ENSG00000173013,CFAP184,2,0.0,0.0,0.0
ENSG00000173083,HPSE,2,0.0,0.028126126781324007,0.0
ENSG00000173093,CCDC63,2,0.0,0.0,0.0
ENSG00000173137,ADCK5,2,0.0,0.0,0.0
ENSG00000173156,RHOD,2,0.0,0.019964990912215673,0.0
ENSG00000173198,CYSLTR1,2,0.0,0.0007285236871278522,0.0
ENSG00000173200,PARP15,2,0.0,0.0,0.0
ENSG00000173728,SPMIP3,2,0.0,0.0,0.0
ENSG00000173805,HAP1,2,0.0,0.002911922684343086,0.0
ENSG00000174640,SLCO2A1,2,0.0,0.0,0.0
ENSG00000174450,GOLGA6L2,2,0.0,0.0,0.0
ENSG00000174326,SLC16A11,2,0.0,0.0,0.0
ENSG00000174332,GLIS1,2,0.0,0.0,0.0
ENSG00000174343,CHRNA9,2,0.0,0.005474838596344465,0.0
ENSG00000174348,PODN,2,0.0,2.4977866423144386e-05,0.0
ENSG00000174353,STAG3L3,2,0.0,0.0,0.0
ENSG00000174365,SNHG11,2,0.0,0.0,0.0
ENSG00000174370,KCNJ5-AS1,2,0.0,0.0,0.0
ENSG00000174384,PMS2P6,2,0.0,0.0,0.0
ENSG00000174403,CRMA,2,0.0,0.0,0.0
ENSG00000174417,TRHR,2,0.0,0.0,0.0
ENSG00000174448,STARD6,2,0.0,0.0,0.0
ENSG00000174460,ZCCHC12,2,0.0,0.0,0.0
ENSG00000174279,EVX2,2,0.0,0.0032133411566854565,0.0
ENSG00000174500,GCSAM,2,0.0,0.0012424378711887866,0.0
ENSG00000174502,SLC26A9,2,0.0,0.0,0.0
ENSG00000174514,MFSD4A,2,0.0,6.742087897612351e-05,0.0
ENSG00000174527,MYO1H,2,0.0,0.0014637075075909908,0.0
ENSG00000174529,TMEM81,2,0.0,0.0019116847291730096,0.0
ENSG00000174567,GOLT1A,2,0.0,0.0009789340699233142,0.0
ENSG00000174572,RPL10P2,2,0.0,0.00636370264079867,0.0
ENSG00000174576,NPAS4,2,0.0,0.0,0.0
ENSG00000174599,TRAM1L1,2,0.0,0.0021806262262624825,0.0
ENSG00000174600,CMKLR1,2,0.0,0.032753478863173015,0.0
ENSG00000174611,KY,2,0.0,0.0004993148483742855,0.0
ENSG00000174292,TNK1,2,0.0,0.0,0.0
ENSG00000174276,ZNHIT2,2,0.0,0.0,0.0
ENSG00000173809,TDRD12,2,0.0,0.032158556855686436,0.0
ENSG00000174016,TENT5D,2,0.0,0.00027947570995711854,0.0
ENSG00000173811,CCDC13-AS1,2,0.0,0.0,0.0
ENSG00000173825,TIGD3,2,0.0,0.005337484668072124,0.0
ENSG00000173826,KCNH6,2,0.0,0.0,0.0
ENSG00000173868,PHOSPHO1,2,0.0,0.0,0.0
ENSG00000173917,HOXB2,2,0.0,0.0022368363608667547,0.0
ENSG00000173918,C1QTNF1,2,0.0,0.001054716072279604,0.0
ENSG00000173928,SWSAP1,2,0.0,0.005996528689375938,0.0
ENSG00000173988,LRRC63,2,0.0,0.0,0.0
ENSG00000173991,TCAP,2,0.0,0.007062552272379395,0.0
ENSG00000174004,NRROS,2,0.0,0.0,0.0
ENSG00000174015,CBY2,2,0.0,0.0,0.0
ENSG00000174028,FAM3C2P,2,0.0,0.0,0.0
ENSG00000174236,REP15,2,0.0,0.014510590596463648,0.0
ENSG00000174038,SPATA31G1,2,0.0,0.0,0.0
ENSG00000174059,CD34,2,0.0,0.025031710043596125,0.0
ENSG00000174080,CTSF,2,0.0,0.0,0.0
ENSG00000174109,UQCC4,2,0.0,0.0,0.0
ENSG00000174125,TLR1,2,0.0,0.0005552727006500417,0.0
ENSG00000174130,TLR6,2,0.0,0.001123808130213878,0.0
ENSG00000174145,NWD2,2,0.0,0.0010292014824010481,0.0
ENSG00000174156,GSTA3,2,0.0,0.029079539630201604,0.0
ENSG00000174171,ENSG00000174171,2,0.0,0.0,0.0
ENSG00000174225,ARL13A,2,0.0,0.0,0.0
ENSG00000174226,SNX31,2,0.0,5.7198303938176314e-05,0.0
ENSG00000168065,SLC22A11,2,0.0,9.143025572124038e-05,0.0
ENSG00000168062,BATF2,2,0.0,0.004064819763640398,0.0
ENSG00000168061,SAC3D1,2,0.0,0.0,0.0
ENSG00000164175,SLC45A2,2,0.0,0.0013430355081595136,0.0
ENSG00000162843,WDR64,2,0.0,0.02277514612219418,0.0
ENSG00000162881,OXER1,2,0.0,0.006201335927135958,0.0
ENSG00000162888,IKBKE-AS1,2,0.0,0.015394768267187981,0.0
ENSG00000162913,OBSCN-AS1,2,0.0,0.0,0.0
ENSG00000162931,TRIM17,2,0.0,0.0,0.0
ENSG00000162947,LINC01931,2,0.0,0.006240985472405541,0.0
ENSG00000162949,CAPN13,2,0.0,0.0,0.0
ENSG00000162951,LRRTM1,2,0.0,0.0,0.0
ENSG00000162992,NEUROD1,2,0.0,1.0980766095626906e-05,0.0
ENSG00000162997,PRORSD1P,2,0.0,0.0019863933909070337,0.0
ENSG00000163012,ZSWIM2,2,0.0,0.0005631307191427553,0.0
ENSG00000163016,ALMS1P1,2,0.0,0.011763286585046322,0.0
ENSG00000163017,ACTG2,2,0.0,0.045771502874333674,0.0
ENSG00000163060,TEKT4,2,0.0,0.00642784763183873,0.0
ENSG00000163064,EN1,2,0.0,0.001505185699840916,0.0
ENSG00000163081,CCDC140,2,0.0,0.07539699500794926,0.0
ENSG00000163083,INHBB,2,0.0,0.001563948987731524,0.0
ENSG00000163092,XIRP2,2,0.0,0.005734837440596716,0.0
ENSG00000163131,CTSS,2,0.0,0.03437363073466343,0.0
ENSG00000163141,BNIPL,2,0.0,0.0,0.0
ENSG00000163154,TNFAIP8L2,2,0.0,0.013101714558070623,0.0
ENSG00000163157,TMOD4,2,0.0,0.0021898462743858973,0.0
ENSG00000163239,TDRD10,2,0.0,0.024486074707890333,0.0
ENSG00000163263,CFAP141,2,0.0,0.0,0.0
ENSG00000163273,NPPC,2,0.0,0.0,0.0
ENSG00000162825,NBPF20,2,0.0,0.0033119058000094523,0.0
ENSG00000162782,TDRD5,2,0.0,0.0,0.0
ENSG00000162777,DENND2D,2,0.0,0.013983100370485547,0.0
ENSG00000162621,LRRC53,2,0.0,0.001084164443917397,0.0
ENSG00000162543,UBXN10,2,0.0,0.0016201588201102998,0.0
ENSG00000162545,CAMK2N1,2,0.0,0.0014376450548538068,0.0
ENSG00000162571,TTLL10,2,0.0,0.0,0.0
ENSG00000162572,SCNN1D,2,0.0,0.0008560787572929836,0.0
ENSG00000162576,MXRA8,2,0.0,0.010219343248132744,0.0
ENSG00000162592,CCDC27,2,0.0,0.0,0.0
ENSG00000162594,IL23R,2,0.0,0.006233088541932882,0.0
ENSG00000162595,DIRAS3,2,0.0,0.0014821449854342207,0.0
ENSG00000162598,C1orf87,2,0.0,0.0,0.0
ENSG00000162618,ADGRL4,2,0.0,0.0,0.0
ENSG00000162620,LRRIQ3,2,0.0,0.0,0.0
ENSG00000162624,LHX8,2,0.0,0.0016960837159820236,0.0
ENSG00000162771,GARIN4,2,0.0,0.0006943551680324327,0.0
ENSG00000162630,B3GALT2,2,0.0,0.0,0.0
ENSG00000162639,HENMT1,2,0.0,0.09451369298130617,0.0
ENSG00000162641,AKNAD1,2,0.0,0.0,0.0
ENSG00000162670,BRINP3,2,0.0,0.0,0.0
ENSG00000162676,GFI1,2,0.0,0.00047252494083808256,0.0
ENSG00000162711,NLRP3,2,0.0,0.0,0.0
ENSG00000162722,TRIM58,2,0.0,0.0,0.0
ENSG00000162728,KCNJ9,2,0.0,0.0,0.0
ENSG00000162746,FCRLB,2,0.0,0.0,0.0
ENSG00000162755,KLHDC9,2,0.0,0.0,0.0
ENSG00000162757,C1orf74,2,0.0,0.007744203943645613,0.0
ENSG00000163285,GABRG1,2,0.0,0.0,0.0
ENSG00000163286,ALPG,2,0.0,0.011015090576712468,0.0
ENSG00000163331,DAPL1,2,0.0,0.0013681113812357385,0.0
ENSG00000164007,CLDN19,2,0.0,0.021637598048776623,0.0
ENSG00000163794,UCN,2,0.0,0.008654636165738281,0.0
ENSG00000163803,PLB1,2,0.0,0.03009782307915407,0.0
ENSG00000163810,TGM4,2,0.0,0.047227329993352024,0.0
ENSG00000163817,SLC6A20,2,0.0,0.01638027803269118,0.0
ENSG00000163833,FBXO40,2,0.0,0.0022409138411640687,0.0
ENSG00000163840,DTX3L,2,0.0,0.008468617211992137,0.0
ENSG00000163873,GRIK3,2,0.0,0.0,0.0
ENSG00000163874,ZC3H12A,2,0.0,0.0,0.0
ENSG00000163888,CAMK2N2,2,0.0,0.03359082226818407,0.0
ENSG00000163898,LIPH,2,0.0,0.0015819316895781554,0.0
ENSG00000163958,ZDHHC19,2,0.0,0.002423868673332326,0.0
ENSG00000164035,EMCN,2,0.0,0.0,0.0
ENSG00000163749,CCDC158,2,0.0,0.0,0.0
ENSG00000164078,MST1R,2,0.0,0.0,0.0
ENSG00000164082,GRM2,2,0.0,0.022003076672950626,0.0
ENSG00000164088,PPM1M,2,0.0,0.0,0.0
ENSG00000164089,ETNPPL,2,0.0,0.0,0.0
ENSG00000164106,SCRG1,2,0.0,0.001977360924866786,0.0
ENSG00000164112,SMIM43,2,0.0,0.006434754405315232,0.0
ENSG00000164116,GUCY1A1,2,0.0,0.004666515437170964,0.0
ENSG00000164120,HPGD,2,0.0,0.03735811911741558,0.0
ENSG00000164122,ASB5,2,0.0,0.0,0.0
ENSG00000164125,GASK1B,2,0.0,0.0,0.0
ENSG00000164128,NPY1R,2,0.0,0.00023127547823727758,0.0
ENSG00000163793,DNAJC5G,2,0.0,0.03267883750537785,0.0
ENSG00000163746,PLSCR2,2,0.0,0.0021227197774050977,0.0
ENSG00000163352,LENEP,2,0.0,0.0033178505439114096,0.0
ENSG00000163565,IFI16,2,0.0,0.0012060590562891313,0.0
ENSG00000163354,DCST2,2,0.0,6.94159263927972e-05,0.0
ENSG00000163357,DCST1,2,0.0,0.0,0.0
ENSG00000163364,LINC01116,2,0.0,0.0,0.0
ENSG00000163380,LMOD3,2,0.0,0.0010738933140860827,0.0
ENSG00000163394,CCKAR,2,0.0,0.0031168999180643305,0.0
ENSG00000163421,PROK2,2,0.0,0.0004404224544007891,0.0
ENSG00000163435,ELF3,2,0.0,0.008592557505556705,0.0
ENSG00000163467,TSACC,2,0.0,0.0003897539724653925,0.0
ENSG00000163472,TMEM79,2,0.0,0.0004654809423949606,0.0
ENSG00000163508,EOMES,2,0.0,0.0,0.0
ENSG00000163530,DPPA2,2,0.0,0.0002748586617091437,0.0
ENSG00000163581,SLC2A2,2,0.0,0.0,0.0
ENSG00000163739,CXCL1,2,0.0,0.013752804320655763,0.0
ENSG00000163606,CD200R1,2,0.0,0.004418908208073268,0.0
ENSG00000163612,FAM86KP,2,0.0,0.0,0.0
ENSG00000163631,ALB,2,0.0,0.006739164081873829,0.0
ENSG00000163632,C3orf49,2,0.0,0.0,0.0
ENSG00000163633,C4orf36,2,0.0,0.0,0.0
ENSG00000163645,ERICH6,2,0.0,0.0030340760308045973,0.0
ENSG00000163646,CLRN1,2,0.0,0.000690210677963372,0.0
ENSG00000163673,DCLK3,2,0.0,0.0006833291971967706,0.0
ENSG00000163701,IL17RE,2,0.0,0.0007944567629923931,0.0
ENSG00000163702,IL17RC,2,0.0,0.0,0.0
ENSG00000163734,CXCL3,2,0.0,0.0,0.0
ENSG00000162510,MATN1,2,0.0,0.01314319472039794,0.0
ENSG00000162494,LRRC38,2,0.0,0.007378526052614855,0.0
ENSG00000162482,AKR7A3,2,0.0,0.004921685197548967,0.0
ENSG00000160345,PIERCE1,2,0.0,0.0,0.0
ENSG00000160097,FNDC5,2,0.0,0.07108612839378259,0.0
ENSG00000160117,ANKLE1,2,0.0,0.0,0.0
ENSG00000160161,CILP2,2,0.0,0.0015082831751974106,0.0
ENSG00000160172,FAM86C2P,2,0.0,0.0,0.0
ENSG00000160183,TMPRSS3,2,0.0,0.0,0.0
ENSG00000160200,CBS,2,0.0,0.0037870541979407204,0.0
ENSG00000160219,GAB3,2,0.0,0.0047775131450956115,0.0
ENSG00000160255,ITGB2,2,0.0,0.010252418046745081,0.0
ENSG00000160307,S100B,2,0.0,0.0,0.0
ENSG00000160318,CLDND2,2,0.0,0.0038100412806171768,0.0
ENSG00000160321,ZNF208,2,0.0,0.0016699471655231832,0.0
ENSG00000160396,HIPK4,2,0.0,0.00037068864356116176,0.0
ENSG00000159958,TNFRSF13C,2,0.0,0.0,0.0
ENSG00000160401,CFAP157,2,0.0,0.0,0.0
ENSG00000160404,TOR2A,2,0.0,0.005346413458990111,0.0
ENSG00000160446,ZDHHC12,2,0.0,0.0017593169747648235,0.0
ENSG00000160460,SPTBN4,2,0.0,0.008295334465185931,0.0
ENSG00000160471,COX6B2,2,0.0,0.0,0.0
ENSG00000160472,TMEM190,2,0.0,0.0025290948345580338,0.0
ENSG00000160505,NLRP4,2,0.0,0.0,0.0
ENSG00000160588,MPZL3,2,0.0,0.0012286398251031613,0.0
ENSG00000160593,JAML,2,0.0,0.00919549878677688,0.0
ENSG00000160606,TLCD1,2,0.0,0.0020639503571442935,0.0
ENSG00000160678,S100A1,2,0.0,0.0030280505975816886,0.0
ENSG00000160051,IQCC,2,0.0,0.0,0.0
ENSG00000159882,ZNF230,2,0.0,0.019191845967734454,0.0
ENSG00000160712,IL6R,2,0.0,0.0009331582340180206,0.0
ENSG00000159403,C1R,2,0.0,0.0,0.0
ENSG00000159197,KCNE2,2,0.0,0.0005638010966735882,0.0
ENSG00000159224,GIP,2,0.0,0.00044025504377334364,0.0
ENSG00000159231,CBR3,2,0.0,0.0006615959145237955,0.0
ENSG00000159247,TUBBP5,2,0.0,0.0,0.0
ENSG00000159248,GJD2,2,0.0,0.0,0.0
ENSG00000159261,CLDN14,2,0.0,0.0,0.0
ENSG00000159314,ARHGAP27,2,0.0,0.04358791764017413,0.0
ENSG00000159337,PLA2G4D,2,0.0,0.0014745873696204693,0.0
ENSG00000159339,PADI4,2,0.0,0.0031300748025968428,0.0
ENSG00000159387,IRX6,2,0.0,0.000285554826578061,0.0
ENSG00000159398,CES5A,2,0.0,0.001017411081554698,0.0
ENSG00000159450,TCHH,2,0.0,0.0,0.0
ENSG00000159871,LYPD5,2,0.0,0.011665798417303327,0.0
ENSG00000159496,RGL4,2,0.0,0.007930830393265009,0.0
ENSG00000159588,CCDC17,2,0.0,0.005911831161805084,0.0
ENSG00000159618,ADGRG5,2,0.0,0.0,0.0
ENSG00000159625,DRC7,2,0.0,0.008533606595559292,0.0
ENSG00000159640,ACE,2,0.0,0.00026147438170336026,0.0
ENSG00000159648,SPMIP8,2,0.0,0.0010911689694985537,0.0
ENSG00000159650,UROC1,2,0.0,0.0,0.0
ENSG00000159674,SPON2,2,0.0,0.0,0.0
ENSG00000159708,LRRC36,2,0.0,0.0010577638321634527,0.0
ENSG00000159713,TPPP3,2,0.0,0.00029045370991044817,0.0
ENSG00000159761,C16orf86,2,0.0,0.006403783343410656,0.0
ENSG00000160683,CXCR5,2,0.0,0.0013377197382914837,0.0
ENSG00000160716,CHRNB2,2,0.0,0.3377404170922865,0.0
ENSG00000162461,SLC25A34,2,0.0,0.00365209581575141,0.0
ENSG00000162039,MEIOB,2,0.0,0.0023015079233664015,0.0
ENSG00000161798,AQP5,2,0.0,0.0,0.0
ENSG00000161835,TAMALIN,2,0.0,0.0,0.0
ENSG00000161896,IP6K3,2,0.0,0.002039963663651228,0.0
ENSG00000161905,ALOX15,2,0.0,0.0,0.0
ENSG00000161921,CXCL16,2,0.0,0.001933929242207108,0.0
ENSG00000161929,SCIMP,2,0.0,0.009175250768592755,0.0
ENSG00000161940,BCL6B,2,0.0,0.0007078549980882862,0.0
ENSG00000161944,ASGR2,2,0.0,0.0,0.0
ENSG00000161955,TNFSF13,2,0.0,0.0,0.0
ENSG00000162004,CCDC78,2,0.0,0.0,0.0
ENSG00000162006,MSLNL,2,0.0,0.0,0.0
ENSG00000162068,NTN3,2,0.0,0.0,0.0
ENSG00000161664,ASB16,2,0.0,0.008485213205467176,0.0
ENSG00000162188,GNG3,2,0.0,0.0,0.0
ENSG00000162241,SLC25A45,2,0.0,0.011993134189067408,0.0
ENSG00000162344,FGF19,2,0.0,0.0,0.0
ENSG00000162383,SLC1A7,2,0.0,0.0009249424749078046,0.0
ENSG00000162391,FAM151A,2,0.0,1.1923578858089873e-05,0.0
ENSG00000162398,CIMAP2,2,0.0,0.0,0.0
ENSG00000162399,BSND,2,0.0,0.011462682559212463,0.0
ENSG00000162426,SLC45A1,2,0.0,0.0,0.0
ENSG00000162438,CTRC,2,0.0,0.004747285219195194,0.0
ENSG00000162444,RBP7,2,0.0,0.0,0.0
ENSG00000162460,TMEM82,2,0.0,0.01799412770095661,0.0
ENSG00000161677,JOSD2,2,0.0,0.002777754117089314,0.0
ENSG00000161653,NAGS,2,0.0,0.028410596746029984,0.0
ENSG00000160781,PAQR6,2,0.0,0.0009657172627472721,0.0
ENSG00000161132,PRODHLP,2,0.0,0.0,0.0
ENSG00000160801,PTH1R,2,0.0,0.0,0.0
ENSG00000160808,MYL3,2,0.0,0.019255288421221404,0.0
ENSG00000160838,LRRC71,2,0.0,0.0007481722325463581,0.0
ENSG00000160856,FCRL3,2,0.0,0.0009654030321254089,0.0
ENSG00000160862,AZGP1,2,0.0,0.0,0.0
ENSG00000160868,CYP3A4,2,0.0,0.0,0.0
ENSG00000160870,CYP3A7,2,0.0,0.000720593106808558,0.0
ENSG00000160883,HK3,2,0.0,0.0,0.0
ENSG00000160951,PTGER1,2,0.0,0.0,0.0
ENSG00000160994,TEKTL1,2,0.0,0.005702567639596929,0.0
ENSG00000161031,PGLYRP2,2,0.0,0.0,0.0
ENSG00000161133,USP41P,2,0.0,0.002184885816529376,0.0
ENSG00000161652,IZUMO2,2,0.0,0.0006753307286699583,0.0
ENSG00000161179,YDJC,2,0.0,0.019864295535832275,0.0
ENSG00000161180,CCDC116,2,0.0,0.013741849796469346,0.0
ENSG00000161265,U2AF1L4,2,0.0,0.0,0.0
ENSG00000161270,NPHS1,2,0.0,0.0018167274498133137,0.0
ENSG00000161281,COX7A1,2,0.0,0.009207513754019445,0.0
ENSG00000161328,LRRC56,2,0.0,0.0,0.0
ENSG00000161405,IKZF3,2,0.0,0.0019529804110775535,0.0
ENSG00000161509,GRIN2C,2,0.0,0.0,0.0
ENSG00000161544,CYGB,2,0.0,0.04037993144863518,0.0
ENSG00000161594,KLHL10,2,0.0,0.0040644725647267866,0.0
ENSG00000161609,KASH5,2,0.0,0.0,0.0
ENSG00000164129,NPY5R,2,0.0,0.003214453805116929,0.0
ENSG00000164188,RANBP3L,2,0.0,0.0026386521728187316,0.0
ENSG00000168060,NAALADL1,2,0.0,0.0,0.0
ENSG00000164220,F2RL2,2,0.0,0.0,0.0
ENSG00000166816,LDHD,2,0.0,0.0029060932130285638,0.0
ENSG00000166819,PLIN1,2,0.0,0.0,0.0
ENSG00000166823,MESP1,2,0.0,0.011982836582320416,0.0
ENSG00000166825,ANPEP,2,0.0,0.0,0.0
ENSG00000166828,SCNN1G,2,0.0,0.0,0.0
ENSG00000166856,GPR182,2,0.0,0.0,0.0
ENSG00000166862,CACNG2,2,0.0,0.0018801141542877946,0.0
ENSG00000166863,TAC3,2,0.0,0.0,0.0
ENSG00000166866,MYO1A,2,0.0,0.004718435065808793,0.0
ENSG00000166869,CHP2,2,0.0,0.0,0.0
ENSG00000166897,ELFN2,2,0.0,0.0009769701540090709,0.0
ENSG00000166920,C15orf48,2,0.0,0.0,0.0
ENSG00000166926,MS4A6E,2,0.0,0.0,0.0
ENSG00000166959,MS4A8,2,0.0,0.0,0.0
ENSG00000166961,MS4A15,2,0.0,0.0,0.0
ENSG00000167011,NAT16,2,0.0,0.0,0.0
ENSG00000167034,NKX3-1,2,0.0,0.0029027420883376617,0.0
ENSG00000167077,MEI1,2,0.0,0.0005967763550092007,0.0
ENSG00000167080,B4GALNT2,2,0.0,0.0019277948859546669,0.0
ENSG00000167083,GNGT2,2,0.0,0.05070293963383901,0.0
ENSG00000167094,TTC16,2,0.0,0.0,0.0
ENSG00000167105,TMEM92,2,0.0,0.0,0.0
ENSG00000167123,CERCAM,2,0.0,0.0,0.0
ENSG00000167131,DNAAF19,2,0.0,0.0011215479579350148,0.0
ENSG00000167136,ENDOG,2,0.0,0.08706011307708136,0.0
ENSG00000166800,LDHAL6A,2,0.0,0.0,0.0
ENSG00000166796,LDHC,2,0.0,0.0,0.0
ENSG00000166793,YPEL4,2,0.0,0.005519744972266292,0.0
ENSG00000166482,MFAP4,2,0.0,0.0011763496812709905,0.0
ENSG00000166189,HPS6,2,0.0,0.0007158918461690816,0.0
ENSG00000166246,DNAAF8,2,0.0,0.0,0.0
ENSG00000166257,SCN3B,2,0.0,0.004987656242018885,0.0
ENSG00000166289,PLEKHF1,2,0.0,0.0007487304278565576,0.0
ENSG00000166292,TMEM100,2,0.0,0.0,0.0
ENSG00000166311,SMPD1,2,0.0,0.003847067096156375,0.0
ENSG00000166317,SYNPO2L,2,0.0,0.02850153244484548,0.0
ENSG00000166359,WDR88,2,0.0,0.008300486398102137,0.0
ENSG00000166401,SERPINB8,2,0.0,0.0019195113622570172,0.0
ENSG00000166407,LMO1,2,0.0,0.007356975664088142,0.0
ENSG00000166448,TMEM130,2,0.0,0.0003396715118674591,0.0
ENSG00000166492,FAM86GP,2,0.0,0.00020162981321405408,0.0
ENSG00000166763,STRCP1,2,0.0,0.0020055574531162527,0.0
ENSG00000166509,CLEC3A,2,0.0,0.004987798921314152,0.0
ENSG00000166510,CCDC68,2,0.0,0.0003850450690721241,0.0
ENSG00000166527,CLEC4D,2,0.0,0.01192620917579412,0.0
ENSG00000166546,BEAN1,2,0.0,0.0030773810952507952,0.0
ENSG00000166558,SLC38A8,2,0.0,0.012746282193405102,0.0
ENSG00000166569,CPLX4,2,0.0,0.0005555019822249981,0.0
ENSG00000166573,GALR1,2,0.0,0.004041314598784601,0.0
ENSG00000166664,CHRFAM7A,2,0.0,0.0,0.0
ENSG00000166670,MMP10,2,0.0,0.0007244816266396737,0.0
ENSG00000166736,HTR3A,2,0.0,0.002409246357844431,0.0
ENSG00000166743,ACSM1,2,0.0,0.0,0.0
ENSG00000167157,PRRX2,2,0.0,0.03182293140100615,0.0
ENSG00000167165,UGT1A6,2,0.0,0.006701368984896648,0.0
ENSG00000167178,ISLR2,2,0.0,0.00038897823906292744,0.0
ENSG00000167880,EVPL,2,0.0,0.0004398003011400412,0.0
ENSG00000167748,KLK1,2,0.0,0.0023027435529573053,0.0
ENSG00000167755,KLK6,2,0.0,0.0,0.0
ENSG00000167759,KLK13,2,0.0,0.0,0.0
ENSG00000167769,ACER1,2,0.0,0.0025353279872991352,0.0
ENSG00000167772,ANGPTL4,2,0.0,0.0,0.0
ENSG00000167779,IGFBP6,2,0.0,0.0,0.0
ENSG00000167799,NUDT8,2,0.0,0.0010354742337912782,0.0
ENSG00000167800,TBX10,2,0.0,0.0,0.0
ENSG00000167851,CD300A,2,0.0,0.0,0.0
ENSG00000167861,HID1,2,0.0,0.0,0.0
ENSG00000167874,TMEM88,2,0.0,0.00031408174637570426,0.0
ENSG00000167895,TMC8,2,0.0,0.0035806626529240075,0.0
ENSG00000167711,SERPINF2,2,0.0,0.0022623634258550503,0.0
ENSG00000167912,TOX-DT,2,0.0,0.017890780151528847,0.0
ENSG00000167914,GSDMA,2,0.0,0.0,0.0
ENSG00000167925,GHDC,2,0.0,0.07972189162815888,0.0
ENSG00000167941,SOST,2,0.0,0.0,0.0
ENSG00000167964,RAB26,2,0.0,0.018582975265975066,0.0
ENSG00000167968,DNASE1L2,2,0.0,0.02262254028613133,0.0
ENSG00000167984,NLRC3,2,0.0,0.0019140342765950264,0.0
ENSG00000167994,RAB3IL1,2,0.0,0.0,0.0
ENSG00000167995,BEST1,2,0.0,0.0,0.0
ENSG00000168004,PLAAT5,2,0.0,0.0,0.0
ENSG00000168032,ENTPD3,2,0.0,0.0,0.0
ENSG00000167733,HSD11B1L,2,0.0,0.0,0.0
ENSG00000167705,RILP,2,0.0,0.0,0.0
ENSG00000167194,C16orf92,2,0.0,0.0020438747755446066,0.0
ENSG00000167588,GPD1,2,0.0,0.008991104864421253,0.0
ENSG00000167207,NOD2,2,0.0,0.0021086344470821294,0.0
ENSG00000167210,LOXHD1,2,0.0,0.01655079367313305,0.0
ENSG00000167311,ART5,2,0.0,0.0,0.0
ENSG00000167346,MMP26,2,0.0,0.0014908616046973462,0.0
ENSG00000167414,GNG8,2,0.0,0.014238774034992541,0.0
ENSG00000167419,LPO,2,0.0,0.0009048781252223521,0.0
ENSG00000167434,CA4,2,0.0,0.0,0.0
ENSG00000167476,JSRP1,2,0.0,0.002162392876802094,0.0
ENSG00000167483,NIBAN3,2,0.0,0.0,0.0
ENSG00000167549,CORO6,2,0.0,0.00872371680258979,0.0
ENSG00000167550,RHEBL1,2,0.0,0.0023608751207767637,0.0
ENSG00000167608,TMC4,2,0.0,0.018851020056353255,0.0
ENSG00000167701,GPT,2,0.0,0.0,0.0
ENSG00000167612,ANKRD33,2,0.0,0.0007435294581094963,0.0
ENSG00000167617,CDC42EP5,2,0.0,0.0007941948100718797,0.0
ENSG00000167619,TMEM145,2,0.0,0.0026983087698390293,0.0
ENSG00000167634,NLRP7,2,0.0,0.0,0.0
ENSG00000167641,PPP1R14A,2,0.0,0.0029529982357895702,0.0
ENSG00000167644,C19orf33,2,0.0,0.0035577551150841272,0.0
ENSG00000167646,DNAAF3,2,0.0,0.0,0.0
ENSG00000167653,PSCA,2,0.0,0.0007968205435444708,0.0
ENSG00000167664,TMIGD2,2,0.0,0.047984474443902865,0.0
ENSG00000167676,PLIN4,2,0.0,0.0,0.0
ENSG00000167700,MFSD3,2,0.0,0.0,0.0
ENSG00000166188,ZNF319,2,0.0,0.0,0.0
ENSG00000166183,ASPG,2,0.0,0.0008369012396739069,0.0
ENSG00000166159,LRTM2,2,0.0,0.0,0.0
ENSG00000164825,DEFB1,2,0.0,0.04286296881474959,0.0
ENSG00000164694,FNDC1,2,0.0,0.0,0.0
ENSG00000164695,CHMP4C,2,0.0,0.0,0.0
ENSG00000164708,PGAM2,2,0.0,0.0,0.0
ENSG00000164743,C8orf48,2,0.0,0.00979926898491068,0.0
ENSG00000164744,SUN3,2,0.0,0.0,0.0
ENSG00000164746,C7orf57,2,0.0,0.0,0.0
ENSG00000164756,SLC30A8,2,0.0,0.0,0.0
ENSG00000164764,SBSPON,2,0.0,0.0,0.0
ENSG00000164776,PHKG1,2,0.0,0.008914274536532655,0.0
ENSG00000164778,EN2,2,0.0,0.004310802371058491,0.0
ENSG00000164794,KCNV1,2,0.0,0.0,0.0
ENSG00000164845,FAM86FP,2,0.0,0.005788747323005776,0.0
ENSG00000164690,SHH,2,0.0,0.0,0.0
ENSG00000164849,GPR146,2,0.0,0.0,0.0
ENSG00000164850,GPER1,2,0.0,0.00288270057927594,0.0
ENSG00000164853,UNCX,2,0.0,0.0008202046112661606,0.0
ENSG00000164855,TMEM184A,2,0.0,0.001982954732135952,0.0
ENSG00000164867,NOS3,2,0.0,0.0,0.0
ENSG00000164885,CDK5,2,0.0,0.0035703123076812654,0.0
ENSG00000164893,SLC7A13,2,0.0,0.0008112465874402056,0.0
ENSG00000164900,GBX1,2,0.0,0.0,0.0
ENSG00000164967,RPP25L,2,0.0,0.0,0.0
ENSG00000164976,MYORG,2,0.0,0.006921567349646226,0.0
ENSG00000165023,DIRAS2,2,0.0,0.0,0.0
ENSG00000164691,TAGAP,2,0.0,0.003947869038540137,0.0
ENSG00000164683,HEY1,2,0.0,0.0005477783953340647,0.0
ENSG00000165028,NIPSNAP3B,2,0.0,0.003975440320935995,0.0
ENSG00000164403,SHROOM1,2,0.0,0.000700852647204378,0.0
ENSG00000164241,C5orf63,2,0.0,0.0,0.0
ENSG00000164266,SPINK1,2,0.0,8.873657949537978e-05,0.0
ENSG00000164270,HTR4,2,0.0,0.0007463009255548292,0.0
ENSG00000164283,ESM1,2,0.0,0.0,0.0
ENSG00000164296,TIGD6,2,0.0,0.0012859337933748486,0.0
ENSG00000164303,ENPP6,2,0.0,0.0,0.0
ENSG00000164304,CAGE1,2,0.0,0.006495562331394184,0.0
ENSG00000164308,ERAP2,2,0.0,0.0029488533863989324,0.0
ENSG00000164318,EGFLAM,2,0.0,0.0,0.0
ENSG00000164342,TLR3,2,0.0,0.024318717012434012,0.0
ENSG00000164393,ADGRF2P,2,0.0,0.05139031080950311,0.0
ENSG00000164404,GDF9,2,0.0,0.008673707387666364,0.0
ENSG00000164674,SYTL3,2,0.0,0.011156882713447369,0.0
ENSG00000164406,LEAP2,2,0.0,0.0009248528965789997,0.0
ENSG00000164411,GJB7,2,0.0,0.0,0.0
ENSG00000164451,CALHM4,2,0.0,0.0,0.0
ENSG00000164488,DACT2,2,0.0,0.0,0.0
ENSG00000164509,IL31RA,2,0.0,0.033019310059822525,0.0
ENSG00000164512,ANKRD55,2,0.0,0.0,0.0
ENSG00000164532,TBX20,2,0.0,0.002253190023849137,0.0
ENSG00000164616,FBXL21P,2,0.0,0.0,0.0
ENSG00000164621,SMAD5-AS1,2,0.0,0.0,0.0
ENSG00000164647,STEAP1,2,0.0,0.0,0.0
ENSG00000164669,INTS4P1,2,0.0,0.000745592277758872,0.0
ENSG00000165025,SYK,2,0.0,0.009970049715418296,0.0
ENSG00000165071,TMEM71,2,0.0,0.0,0.0
ENSG00000166148,AVPR1A,2,0.0,0.0,0.0
ENSG00000165899,OTOGL,2,0.0,0.0,0.0
ENSG00000165805,C12orf50,2,0.0,0.005213388821203224,0.0
ENSG00000165807,PPP1R36,2,0.0,0.0,0.0
ENSG00000165810,BTNL9,2,0.0,0.007751357798265185,0.0
ENSG00000165816,VWA2,2,0.0,0.008579794755699005,0.0
ENSG00000165828,PRAP1,2,0.0,0.012972940950817007,0.0
ENSG00000165837,ERICH6B,2,0.0,0.004114072535083689,0.0
ENSG00000165841,CYP2C19,2,0.0,0.007454499460502604,0.0
ENSG00000165863,SPMIP5,2,0.0,0.0,0.0
ENSG00000165874,SHLD2P1,2,0.0,0.0,0.0
ENSG00000165879,FRAT1,2,0.0,0.001637964598971587,0.0
ENSG00000165887,ANKRD2,2,0.0,0.0,0.0
ENSG00000165917,RAPSN,2,0.0,0.0,0.0
ENSG00000165702,GFI1B,2,0.0,0.0,0.0
ENSG00000165935,SMCO2,2,0.0,0.0,0.0
ENSG00000165972,CCDC38,2,0.0,0.0,0.0
ENSG00000165985,C1QL3,2,0.0,0.005255527047125804,0.0
ENSG00000166006,KCNC2,2,0.0,0.013988983284482032,0.0
ENSG00000166035,LIPC,2,0.0,0.0,0.0
ENSG00000166049,PASD1,2,0.0,0.001960575030434958,0.0
ENSG00000166091,CMTM5,2,0.0,0.0035867456687141623,0.0
ENSG00000166111,SVOP,2,0.0,0.0,0.0
ENSG00000166126,AMN,2,0.0,0.0,0.0
ENSG00000166133,RPUSD2,2,0.0,0.00032595855119757657,0.0
ENSG00000166143,PPP1R14D,2,0.0,0.0,0.0
ENSG00000165731,RET,2,0.0,0.0,0.0
ENSG00000165698,SPACA9,2,0.0,0.001694529955503508,0.0
ENSG00000165076,PRSS37,2,0.0,0.0,0.0
ENSG00000165272,AQP3,2,0.0,0.11556870587736973,0.0
ENSG00000165118,QNG1,2,0.0,0.0,0.0
ENSG00000165120,SSMEM1,2,0.0,0.0,0.0
ENSG00000165125,TRPV6,2,0.0,0.0,0.0
ENSG00000165140,FBP1,2,0.0,0.0016229596292919824,0.0
ENSG00000165168,CYBB,2,0.0,0.0033726216783385916,0.0
ENSG00000165182,CXorf58,2,0.0,0.0,0.0
ENSG00000165188,RNF183,2,0.0,0.0,0.0
ENSG00000165192,ASB11,2,0.0,0.00012248279927927586,0.0
ENSG00000165215,CLDN3,2,0.0,0.0012948704476732859,0.0
ENSG00000165246,NLGN4Y,2,0.0,0.0,0.0
ENSG00000165269,AQP7,2,0.0,0.0,0.0
ENSG00000165312,OTUD1,2,0.0,7.350352348976452e-05,0.0
ENSG00000165694,FRMD7,2,0.0,0.0,0.0
ENSG00000165370,GPR101,2,0.0,0.0018465023116938956,0.0
ENSG00000165376,CLDN2,2,0.0,0.0,0.0
ENSG00000165383,LRRC18,2,0.0,0.0,0.0
ENSG00000165462,PHOX2A,2,0.0,0.0,0.0
ENSG00000165507,DEPP1,2,0.0,0.0,0.0
ENSG00000165509,MAGEC3,2,0.0,0.0047594576383132746,0.0
ENSG00000165511,ZNF22-AS1,2,0.0,0.010431190456068029,0.0
ENSG00000165553,NGB,2,0.0,0.0007363427992997038,0.0
ENSG00000165621,OXGR1,2,0.0,0.0,0.0
ENSG00000165623,UCMA,2,0.0,0.0,0.0
ENSG00000165644,COMTD1,2,0.0,0.03228323062476669,0.0
ENSG00000176933,TOB2P1,2,0.0,0.0,0.0
ENSG00000176945,MUC20,2,0.0,0.0,0.0
ENSG00000176956,LY6H,2,0.0,0.0003349062759385442,0.0
ENSG00000188368,PRR19,2,0.0,0.0,0.0
ENSG00000187193,MT1X,2,0.0,0.0,0.0
ENSG00000187229,PSD3-AS1,2,0.0,0.0009335071790210968,0.0
ENSG00000187266,EPOR,2,0.0,0.0,0.0
ENSG00000187474,FPR3,2,0.0,0.000647812152398103,0.0
ENSG00000187486,KCNJ11,2,0.0,0.011016056758173355,0.0
ENSG00000187492,CDHR4,2,0.0,0.0,0.0
ENSG00000187510,PLEKHG7,2,0.0,0.0,0.0
ENSG00000187513,GJA4,2,0.0,0.006974382511567818,0.0
ENSG00000187527,ATP13A5,2,0.0,0.0,0.0
ENSG00000187546,AGMO,2,0.0,0.00467111081529848,0.0
ENSG00000187550,SBK2,2,0.0,0.0,0.0
ENSG00000187553,CYP26C1,2,0.0,0.0,0.0
ENSG00000187554,TLR5,2,0.0,0.0,0.0
ENSG00000187556,NANOS3,2,0.0,0.0,0.0
ENSG00000187566,NHLRC1,2,0.0,0.0,0.0
ENSG00000187569,DPPA3,2,0.0,0.002855886039290706,0.0
ENSG00000187583,PLEKHN1,2,0.0,0.004246904277832654,0.0
ENSG00000187600,LINC02583,2,0.0,0.0009075374043939511,0.0
ENSG00000187627,RGPD1,2,0.0,0.003277095943131581,0.0
ENSG00000187634,SAMD11,2,0.0,0.0,0.0
ENSG00000187650,VMAC,2,0.0,0.0,0.0
ENSG00000187658,C5orf52,2,0.0,0.0,0.0
ENSG00000187664,HAPLN4,2,0.0,0.0,0.0
ENSG00000187682,ERAS,2,0.0,0.0,0.0
ENSG00000187686,KRT18P59,2,0.0,0.014499717847525243,0.0
ENSG00000187186,ENSG00000187186,2,0.0,0.007404459736469846,0.0
ENSG00000187185,ENSG00000187185,2,0.0,0.0023163396399358363,0.0
ENSG00000187151,ANGPTL5,2,0.0,0.0,0.0
ENSG00000186919,ZACN,2,0.0,0.0,0.0
ENSG00000186765,FSCN2,2,0.0,0.01050136486423105,0.0
ENSG00000186766,FOXI2,2,0.0,0.003937358866976594,0.0
ENSG00000186792,HYAL3,2,0.0,0.0003035104787568709,0.0
ENSG00000186806,VSIG10L,2,0.0,0.0005917304439493247,0.0
ENSG00000186862,PDZD7,2,0.0,0.001654225202235613,0.0
ENSG00000186867,QRFPR,2,0.0,0.020063769900936404,0.0
ENSG00000186889,TMEM17,2,0.0,0.0,0.0
ENSG00000186897,C1QL4,2,0.0,0.0001361331882311491,0.0
ENSG00000186907,RTN4RL2,2,0.0,0.0,0.0
ENSG00000186910,SERPINA11,2,0.0,0.00601989288377109,0.0
ENSG00000186912,P2RY4,2,0.0,0.0020317731743366243,0.0
ENSG00000186960,LINC01551,2,0.0,0.14843035743683972,0.0
ENSG00000187140,FOXD3,2,0.0,0.005260246380965903,0.0
ENSG00000186994,KANK3,2,0.0,0.0,0.0
ENSG00000187010,RHD,2,0.0,0.0,0.0
ENSG00000187017,ESPN,2,0.0,4.2167169691686576e-05,0.0
ENSG00000187021,PNLIPRP1,2,0.0,0.0,0.0
ENSG00000187033,SAMD7,2,0.0,0.0011020349843249872,0.0
ENSG00000187045,TMPRSS6,2,0.0,0.0196439851732389,0.0
ENSG00000187054,TMPRSS11A,2,0.0,0.0002331224449538307,0.0
ENSG00000187066,TMEM262,2,0.0,0.0,0.0
ENSG00000187094,CCK,2,0.0,0.0,0.0
ENSG00000187134,AKR1C1,2,0.0,0.0062367438717006365,0.0
ENSG00000187135,VSTM2B,2,0.0,0.0,0.0
ENSG00000187688,TRPV2,2,0.0,0.0010933891721237245,0.0
ENSG00000187690,EZHIP,2,0.0,0.0,0.0
ENSG00000187715,KBTBD12,2,0.0,0.0,0.0
ENSG00000188163,CIMIP2A,2,0.0,0.0011688585829590244,0.0
ENSG00000188038,NRN1L,2,0.0,0.0026461732952674983,0.0
ENSG00000188039,NWD1,2,0.0,0.0008943719716106918,0.0
ENSG00000188050,RNF133,2,0.0,0.0,0.0
ENSG00000188051,TMEM221,2,0.0,0.00036666893137322015,0.0
ENSG00000188060,RAB42,2,0.0,0.0414840934589597,0.0
ENSG00000188089,PLA2G4E,2,0.0,0.0,0.0
ENSG00000188095,MESP2,2,0.0,0.0013251410135548883,0.0
ENSG00000188124,OR2AG2,2,0.0,0.0,0.0
ENSG00000188133,TMEM215,2,0.0,0.0,0.0
ENSG00000188152,NUTM2G,2,0.0,0.025323704453161386,0.0
ENSG00000188162,OTOG,2,0.0,0.0,0.0
ENSG00000188167,TMPPE,2,0.0,0.010651606369423498,0.0
ENSG00000188032,C19orf67,2,0.0,0.002400920546979378,0.0
ENSG00000188175,HEPACAM2,2,0.0,0.0,0.0
ENSG00000188176,SMTNL2,2,0.0,0.0,0.0
ENSG00000188219,POTEE,2,0.0,0.0,0.0
ENSG00000188242,SLC9A3-OT1,2,0.0,0.0,0.0
ENSG00000188263,IL17REL,2,0.0,0.0008855833806629116,0.0
ENSG00000188266,HYKK,2,0.0,0.0,0.0
ENSG00000188277,C15orf62,2,0.0,0.0,0.0
ENSG00000188282,RUFY4,2,0.0,0.0034081079154792463,0.0
ENSG00000188305,PEAK3,2,0.0,3.97032661355617e-05,0.0
ENSG00000188306,LRRIQ4,2,0.0,0.0021397070946549586,0.0
ENSG00000188338,SLC38A3,2,0.0,0.0034200176911706177,0.0
ENSG00000188037,CLCN1,2,0.0,0.0,0.0
ENSG00000188013,MEIS3P2,2,0.0,0.003216322902287949,0.0
ENSG00000187726,DNAJB13,2,0.0,0.004207069143778534,0.0
ENSG00000187902,SHISA7,2,0.0,0.002232940304739621,0.0
ENSG00000187730,GABRD,2,0.0,0.010531787236091527,0.0
ENSG00000187758,ADH1A,2,0.0,0.0013854367172886006,0.0
ENSG00000187773,DIPK1C,2,0.0,0.0,0.0
ENSG00000187775,DNAH17,2,0.0,0.0,0.0
ENSG00000187783,TMEM72,2,0.0,0.0,0.0
ENSG00000187796,CARD9,2,0.0,0.14333188820363346,0.0
ENSG00000187800,PEAR1,2,0.0,0.018262469107917432,0.0
ENSG00000187808,SOWAHD,2,0.0,0.0,0.0
ENSG00000187812,GOLGA6EP,2,0.0,0.0009254550742462088,0.0
ENSG00000187848,P2RX2,2,0.0,0.0,0.0
ENSG00000187871,GFRAL,2,0.0,0.0023370778235787077,0.0
ENSG00000187905,LRRC74B,2,0.0,0.0,0.0
ENSG00000188000,OR7D2,2,0.0,0.0,0.0
ENSG00000187918,OR51I2,2,0.0,0.0,0.0
ENSG00000187922,LCN10,2,0.0,0.006104760815758835,0.0
ENSG00000187942,LDLRAD2,2,0.0,0.0011663631704846842,0.0
ENSG00000187944,C2orf66,2,0.0,0.001290499944372438,0.0
ENSG00000187950,OVCH1,2,0.0,0.0,0.0
ENSG00000187959,CPSF4L,2,0.0,0.004662296616264462,0.0
ENSG00000187980,PLA2G2C,2,0.0,0.0,0.0
ENSG00000187984,ANKRD19P,2,0.0,0.0,0.0
ENSG00000187994,RINL,2,0.0,0.0026485115676036586,0.0
ENSG00000187997,C17orf99,2,0.0,0.0,0.0
ENSG00000187999,HNRNPA1P61,2,0.0,0.05202850697360961,0.0
ENSG00000186732,MPPED1,2,0.0,0.0021723987189991474,0.0
ENSG00000186715,MST1L,2,0.0,0.0010178442756462196,0.0
ENSG00000186714,CCDC73,2,0.0,0.0,0.0
ENSG00000185668,POU3F1,2,0.0,0.0003791835213361779,0.0
ENSG00000185519,FAM131C,2,0.0,0.0,0.0
ENSG00000185522,LMNTD2,2,0.0,0.0,0.0
ENSG00000185523,SPATA45,2,0.0,0.002264404598334946,0.0
ENSG00000185527,PDE6G,2,0.0,0.001952384155639668,0.0
ENSG00000185567,AHNAK2,2,0.0,0.0007020461973234864,0.0
ENSG00000185596,WASH3P,2,0.0,0.0,0.0
ENSG00000185608,MRPL40,2,0.0,0.0006901908885327913,0.0
ENSG00000185610,DBX2,2,0.0,0.0,0.0
ENSG00000185614,INKA1,2,0.0,0.0,0.0
ENSG00000185615,PDIA2,2,0.0,0.0,0.0
ENSG00000185633,NDUFA4L2,2,0.0,0.0038004630732796064,0.0
ENSG00000185669,SNAI3,2,0.0,8.545151994962638e-05,0.0
ENSG00000185507,IRF7,2,0.0,0.017383730154162166,0.0
ENSG00000185674,LYG2,2,0.0,0.0,0.0
ENSG00000185681,MORN5,2,0.0,0.005173770317939247,0.0
ENSG00000185689,TEX56P,2,0.0,0.0004169489180329853,0.0
ENSG00000185710,SMG1P4,2,0.0,0.005581277872495141,0.0
ENSG00000185739,SRL,2,0.0,0.0016715388830864056,0.0
ENSG00000185742,C11orf87,2,0.0,0.0,0.0
ENSG00000185761,ADAMTSL5,2,0.0,0.0,0.0
ENSG00000185792,NLRP9,2,0.0,0.0,0.0
ENSG00000185823,NPAP1,2,0.0,0.0,0.0
ENSG00000185837,HDHD5-AS1,2,0.0,0.0015463630238807529,0.0
ENSG00000185847,VHRT,2,0.0,5.143842766254294e-07,0.0
ENSG00000185518,SV2B,2,0.0,0.0,0.0
ENSG00000185499,MUC1,2,0.0,0.0,0.0
ENSG00000185862,EVI2B,2,0.0,2.631520733563587e-05,0.0
ENSG00000185155,MIXL1,2,0.0,0.0016421913603233869,0.0
ENSG00000184986,TMEM121,2,0.0,0.0012359041415787532,0.0
ENSG00000184999,SLC22A10,2,0.0,0.005645949849940778,0.0
ENSG00000185002,RFX6,2,0.0,0.002365019318625986,0.0
ENSG00000185013,NT5C1B,2,0.0,0.0012704298092082356,0.0
ENSG00000185028,LRRC14B,2,0.0,0.001224727989630455,0.0
ENSG00000185056,C5orf47,2,0.0,0.0160847428282504,0.0
ENSG00000185065,UFD1-AS1,2,0.0,0.0004724627127639579,0.0
ENSG00000185090,MANEAL,2,0.0,0.0002683871457730571,0.0
ENSG00000185105,MYADML2,2,0.0,0.0,0.0
ENSG00000185112,FAM43A,2,0.0,0.0,0.0
ENSG00000185133,INPP5J,2,0.0,0.0031362215608308954,0.0
ENSG00000185156,MFSD6L,2,0.0,0.002687443073294729,0.0
ENSG00000185467,KPNA7,2,0.0,0.0,0.0
ENSG00000185168,LINC00482,2,0.0,0.0008032898122000149,0.0
ENSG00000185245,GP1BA,2,0.0,0.0,0.0
ENSG00000185269,NOTUM,2,0.0,0.0,0.0
ENSG00000185303,SFTPA2,2,0.0,0.0,0.0
ENSG00000185313,SCN10A,2,0.0,0.006528859045202349,0.0
ENSG00000185332,TMEM105,2,0.0,0.0,0.0
ENSG00000185338,SOCS1,2,0.0,0.004942564979053947,0.0
ENSG00000185340,GAS2L1,2,0.0,0.0,0.0
ENSG00000185386,MAPK11,2,0.0,0.0,0.0
ENSG00000185404,SP140L,2,0.0,0.18941998585958644,0.0
ENSG00000185433,LINC00158,2,0.0,0.0,0.0
ENSG00000185860,CCDC190,2,0.0,0.0,0.0
ENSG00000185888,PRSS38,2,0.0,0.0035484859079407973,0.0
ENSG00000186710,CFAP73,2,0.0,0.009959512048772743,0.0
ENSG00000186510,CLCNKA,2,0.0,0.0,0.0
ENSG00000186377,CYP4X1,2,0.0,0.001150959329879458,0.0
ENSG00000186399,GOLGA8R,2,0.0,0.0,0.0
ENSG00000186431,FCAR,2,0.0,0.0,0.0
ENSG00000186451,SPATA12,2,0.0,0.004509493135322529,0.0
ENSG00000186452,TMPRSS12,2,0.0,0.0,0.0
ENSG00000186470,BTN3A2,2,0.0,0.0,0.0
ENSG00000186471,AKAP14,2,0.0,0.0,0.0
ENSG00000186481,ANKRD20A5P,2,0.0,0.0,0.0
ENSG00000186493,IRX2-DT,2,0.0,0.0,0.0
ENSG00000186496,ZNF396,2,0.0,0.0,0.0
ENSG00000186509,OR9Q1,2,0.0,0.003249185581580574,0.0
ENSG00000186517,ARHGAP30,2,0.0,0.0,0.0
ENSG00000186367,MINAR2,2,0.0,0.0,0.0
ENSG00000186523,FAM86B1,2,0.0,0.0002559691637186297,0.0
ENSG00000186567,CEACAM19,2,0.0,0.0,0.0
ENSG00000186577,SMIM29,2,0.0,0.0,0.0
ENSG00000186583,SPATC1,2,0.0,0.004934836790115885,0.0
ENSG00000186594,MIR22HG,2,0.0,0.00033985767337630095,0.0
ENSG00000186603,HPDL,2,0.0,0.07748351366450686,0.0
ENSG00000186628,FSD2,2,0.0,0.0007156064441145236,0.0
ENSG00000186642,PDE2A,2,0.0,0.0593863845600325,0.0
ENSG00000186645,SPDYE17,2,0.0,0.0024144195379030126,0.0
ENSG00000186652,PRG2,2,0.0,0.0,0.0
ENSG00000186676,EEF1GP1,2,0.0,0.0045452572779470625,0.0
ENSG00000186369,SERTAD4BP,2,0.0,0.0013417673272113836,0.0
ENSG00000186364,NUDT17,2,0.0,0.0,0.0
ENSG00000185905,C16orf54,2,0.0,0.0,0.0
ENSG00000186118,TEX38,2,0.0,0.0011250429675309292,0.0
ENSG00000185915,KLHL34,2,0.0,0.0,0.0
ENSG00000185955,SPACDR,2,0.0,0.011182854425579229,0.0
ENSG00000185958,FAM186A,2,0.0,0.002382665504267292,0.0
ENSG00000185974,GRK1,2,0.0,0.0,0.0
ENSG00000185985,SLITRK2,2,0.0,0.0,0.0
ENSG00000185988,PLK5,2,0.0,0.0,0.0
ENSG00000186009,ATP4B,2,0.0,0.0,0.0
ENSG00000186019,ZNF225-AS1,2,0.0,9.491070446519066e-05,0.0
ENSG00000186051,TAL2,2,0.0,0.0,0.0
ENSG00000186056,MATN1-AS1,2,0.0,0.0011314124863405159,0.0
ENSG00000186103,ARGFX,2,0.0,0.0,0.0
ENSG00000186160,CYP4Z1,2,0.0,0.0,0.0
ENSG00000186352,ANKRD37,2,0.0,0.0,0.0
ENSG00000186162,CIDECP1,2,0.0,0.0,0.0
ENSG00000186188,FFAR4,2,0.0,0.0009006634124831993,0.0
ENSG00000186198,SLC51B,2,0.0,0.0,0.0
ENSG00000186212,SOWAHB,2,0.0,0.00564511168237312,0.0
ENSG00000186235,LINC02610,2,0.0,0.0002793035254548783,0.0
ENSG00000186244,ENSG00000186244,2,0.0,0.0011300246697325458,0.0
ENSG00000186265,BTLA,2,0.0,0.0,0.0
ENSG00000186301,MST1P2,2,0.0,0.0,0.0
ENSG00000186326,RGS9BP,2,0.0,0.0,0.0
ENSG00000186329,TMEM212,2,0.0,0.0034407425229961374,0.0
ENSG00000186335,SLC36A2,2,0.0,0.0,0.0
ENSG00000188365,TNRC18-AS1,2,0.0,0.0,0.0
ENSG00000188372,ZP3,2,0.0,0.0,0.0
ENSG00000184956,MUC6,2,0.0,0.01588732833972029,0.0
ENSG00000188375,H3-5,2,0.0,0.03441413549626082,0.0
ENSG00000196860,TOMM20L,2,0.0,0.0012873874637800834,0.0
ENSG00000196862,RGPD4,2,0.0,0.0007023898179478209,0.0
ENSG00000196872,CRACDL,2,0.0,0.0,0.0
ENSG00000196873,ZNG1C,2,0.0,0.0,0.0
ENSG00000196878,LAMB3,2,0.0,0.0019324919358989037,0.0
ENSG00000196890,H2BC26,2,0.0,0.0026785963950537164,0.0
ENSG00000196900,SPMIP10,2,0.0,0.0,0.0
ENSG00000196946,ZNF705A,2,0.0,0.0019003299434409743,0.0
ENSG00000196972,SMIM10L2B,2,0.0,0.0,0.0
ENSG00000196976,LAGE3,2,0.0,0.004543621531773722,0.0
ENSG00000196990,FAM163B,2,0.0,0.0,0.0
ENSG00000196993,NPIPB9,2,0.0,0.010386613479202122,0.0
ENSG00000197019,SERTAD1,2,0.0,0.005981871280605462,0.0
ENSG00000197046,SIGLEC15,2,0.0,0.0,0.0
ENSG00000197099,HRG-AS1,2,0.0,0.0,0.0
ENSG00000197106,SLC6A17,2,0.0,0.0012332450673842358,0.0
ENSG00000197142,ACSL5,2,0.0,0.0008219958289943779,0.0
ENSG00000197165,SULT1A2,2,0.0,0.00621714346533871,0.0
ENSG00000197176,LINC02291,2,0.0,0.008126723431167911,0.0
ENSG00000197177,ADGRA1,2,0.0,0.0,0.0
ENSG00000197180,ATP6AP1-DT,2,0.0,0.0,0.0
ENSG00000197181,PIWIL2,2,0.0,0.0,0.0
ENSG00000197191,CYSRT1,2,0.0,0.0,0.0
ENSG00000197208,SLC22A4,2,0.0,0.0,0.0
ENSG00000197238,H4C11,2,0.0,0.002874487441072596,0.0
ENSG00000196844,PATE2,2,0.0,0.0,0.0
ENSG00000196843,ARID5A,2,0.0,0.5767485000021885,0.0
ENSG00000196811,CHRNG,2,0.0,0.0858695200403006,0.0
ENSG00000196550,FAM72A,2,0.0,0.0,0.0
ENSG00000196371,FUT4,2,0.0,0.0018414566670344776,0.0
ENSG00000196388,INCA1,2,0.0,0.008831662546263247,0.0
ENSG00000196408,NOXO1,2,0.0,0.020134413882156928,0.0
ENSG00000196421,C20orf204,2,0.0,0.0,0.0
ENSG00000196431,CRYBA4,2,0.0,0.0,0.0
ENSG00000196436,NPIPB15,2,0.0,0.0,0.0
ENSG00000196460,RFX8,2,0.0,0.0011666407483005147,0.0
ENSG00000196468,FGF16,2,0.0,0.002936117362585841,0.0
ENSG00000196502,SULT1A1,2,0.0,0.0,0.0
ENSG00000196534,OR9K1P,2,0.0,0.0029195828135122354,0.0
ENSG00000196544,BORCS6,2,0.0,0.005961584645797621,0.0
ENSG00000196553,CCDC196,2,0.0,0.010146603832878782,0.0
ENSG00000196778,OR52K1,2,0.0,0.005354960659532664,0.0
ENSG00000196565,HBG2,2,0.0,0.0008125562830806975,0.0
ENSG00000196566,ENSG00000196566,2,0.0,0.0,0.0
ENSG00000196600,SLC22A25,2,0.0,0.005228201058362,0.0
ENSG00000196604,POTEF,2,0.0,0.0,0.0
ENSG00000196639,HRH1,2,0.0,0.0,0.0
ENSG00000196666,FAM180B,2,0.0,0.0032075838293763384,0.0
ENSG00000196684,HSH2D,2,0.0,0.08278664218048024,0.0
ENSG00000196711,ALKAL1,2,0.0,0.0006078569456319972,0.0
ENSG00000196735,HLA-DQA1,2,0.0,0.040334477605651446,0.0
ENSG00000196741,LINC01560,2,0.0,0.0,0.0
ENSG00000196748,CLPSL2,2,0.0,0.0010467089474561783,0.0
ENSG00000197241,SLC2A7,2,0.0,0.0,0.0
ENSG00000197245,FAM110D,2,0.0,7.272656780256986e-05,0.0
ENSG00000197291,RAMP2-AS1,2,0.0,0.0,0.0
ENSG00000197991,ENSG00000197991,2,0.0,0.00585254409663413,0.0
ENSG00000197766,CFD,2,0.0,0.0014439468157425837,0.0
ENSG00000197769,MAP1LC3C,2,0.0,0.0,0.0
ENSG00000197815,ENSG00000197815,2,0.0,0.0,0.0
ENSG00000197859,ADAMTSL2,2,0.0,0.0,0.0
ENSG00000197870,PRB3,2,0.0,0.004606524215896179,0.0
ENSG00000197880,MDS2,2,0.0,0.006329057519862637,0.0
ENSG00000197882,OR7E13P,2,0.0,0.0,0.0
ENSG00000197889,MEIG1,2,0.0,0.0,0.0
ENSG00000197893,NRAP,2,0.0,0.0011972719206002022,0.0
ENSG00000197901,SLC22A6,2,0.0,0.005275712756732692,0.0
ENSG00000197956,S100A6,2,0.0,0.006972449531617791,0.0
ENSG00000198003,ODAD3,2,0.0,0.0,0.0
ENSG00000197734,SLIRP-OT1,2,0.0,0.0,0.0
ENSG00000198028,ZNF560,2,0.0,0.00023209138216741173,0.0
ENSG00000198049,AVPR1B,2,0.0,0.0,0.0
ENSG00000198064,NPIPB13,2,0.0,0.0030634616301141574,0.0
ENSG00000198092,TMPRSS11F,2,0.0,0.0022406637986412776,0.0
ENSG00000198099,ADH4,2,0.0,0.005364285025174633,0.0
ENSG00000198106,ENSG00000198106,2,0.0,0.0,0.0
ENSG00000198113,TOR4A,2,0.0,0.024696613588712935,0.0
ENSG00000198125,MB,2,0.0,0.0,0.0
ENSG00000198128,OR2L3,2,0.0,0.006865555736823631,0.0
ENSG00000198133,TMEM229B,2,0.0,0.0029035325309696653,0.0
ENSG00000198156,NPIPB6,2,0.0,0.0006606103941052424,0.0
ENSG00000197744,PTMAP2,2,0.0,0.0,0.0
ENSG00000197696,NMB,2,0.0,0.0,0.0
ENSG00000197320,CPAMD8P1,2,0.0,0.009416524606715052,0.0
ENSG00000197506,SLC28A3,2,0.0,0.0,0.0
ENSG00000197355,UAP1L1,2,0.0,0.0005568574303446533,0.0
ENSG00000197360,ZNF98,2,0.0,0.0,0.0
ENSG00000197361,FBXL22,2,0.0,0.0,0.0
ENSG00000197380,DACT3,2,0.0,0.011064954293085181,0.0
ENSG00000197406,DIO3,2,0.0,0.0,0.0
ENSG00000197408,CYP2B6,2,0.0,0.0,0.0
ENSG00000197416,FABP12,2,0.0,0.0028345720488305317,0.0
ENSG00000197454,OR2L5,2,0.0,0.004683997101167252,0.0
ENSG00000197465,GYPE,2,0.0,0.021582078508480217,0.0
ENSG00000197471,SPN,2,0.0,0.0017591109388976067,0.0
ENSG00000197487,GALP,2,0.0,0.023090889716207635,0.0
ENSG00000197520,FAM177B,2,0.0,0.01911914936640593,0.0
ENSG00000197692,CBX3P7,2,0.0,0.030504024079514334,0.0
ENSG00000197540,GZMM,2,0.0,0.00019754855642467137,0.0
ENSG00000197550,ENSG00000197550,2,0.0,0.0020709329164755224,0.0
ENSG00000197587,DMBX1,2,0.0,0.00039359611857777506,0.0
ENSG00000197595,ATP11AUN,2,0.0,0.0,0.0
ENSG00000197599,CCDC154,2,0.0,0.00036928747072685684,0.0
ENSG00000197614,MFAP5,2,0.0,0.003360366760528281,0.0
ENSG00000197620,EOLA1,2,0.0,0.0,0.0
ENSG00000197629,MPEG1,2,0.0,0.0005315817818909836,0.0
ENSG00000197646,PDCD1LG2,2,0.0,0.0,0.0
ENSG00000197658,SLC22A24,2,0.0,0.0,0.0
ENSG00000197670,ZNF217-AS1,2,0.0,0.0,0.0
ENSG00000196366,C9orf163,2,0.0,0.004618597437389317,0.0
ENSG00000196358,NTNG2,2,0.0,9.425978218414759e-05,0.0
ENSG00000196337,CGB7,2,0.0,0.0,0.0
ENSG00000188800,TMCO2,2,0.0,0.0046802454199531135,0.0
ENSG00000188693,CYP51A1-AS1,2,0.0,0.0021371338729341697,0.0
ENSG00000188716,DUSP29,2,0.0,0.0,0.0
ENSG00000188739,RBM34,2,0.0,0.03630524313926707,0.0
ENSG00000188760,TMEM198,2,0.0,0.0,0.0
ENSG00000188761,BCL2L15,2,0.0,0.01277245431766921,0.0
ENSG00000188763,FZD9,2,0.0,0.0007101063417697909,0.0
ENSG00000188770,OPTC,2,0.0,0.0020552588715166613,0.0
ENSG00000188771,PLET1,2,0.0,0.0017643579844236932,0.0
ENSG00000188779,SKOR1,2,0.0,0.0007373631189625875,0.0
ENSG00000188782,CATSPER4,2,0.0,0.021605121960897162,0.0
ENSG00000188783,PRELP,2,0.0,0.002446697378347031,0.0
ENSG00000188801,ZNF322P1,2,0.0,0.0007821723902990382,0.0
ENSG00000188674,C2orf80,2,0.0,0.0006042581998474093,0.0
ENSG00000188803,SHISA6,2,0.0,0.0006296137099287175,0.0
ENSG00000188816,HMX2,2,0.0,0.0,0.0
ENSG00000188817,SNTN,2,0.0,0.0,0.0
ENSG00000188820,CALHM6,2,0.0,0.0,0.0
ENSG00000188822,CNR2,2,0.0,0.0025678661498976844,0.0
ENSG00000188825,LINC00910,2,0.0,0.0,0.0
ENSG00000188828,GLRA4,2,0.0,0.0045452383033573445,0.0
ENSG00000188868,ZNF563,2,0.0,0.0,0.0
ENSG00000188869,TMC3,2,0.0,0.0096590878628151,0.0
ENSG00000188886,ASTL,2,0.0,0.0022493480523483327,0.0
ENSG00000188906,LRRK2,2,0.0,0.0,0.0
ENSG00000188676,IDO2,2,0.0,0.0008902805428872709,0.0
ENSG00000188672,RHCE,2,0.0,0.0,0.0
ENSG00000188937,NYX,2,0.0,0.0013928774497757575,0.0
ENSG00000188511,MIR3667HG,2,0.0,0.0,0.0
ENSG00000188388,GOLGA6L3P,2,0.0,0.0,0.0
ENSG00000188389,PDCD1,2,0.0,0.0,0.0
ENSG00000188394,GPR21,2,0.0,0.005430869559958022,0.0
ENSG00000188396,DYNLT4,2,0.0,0.0011215711864874824,0.0
ENSG00000188451,SRP72P2,2,0.0,0.0,0.0
ENSG00000188452,CERKL,2,0.0,0.0011139416127929262,0.0
ENSG00000188483,IER5L,2,0.0,0.008351738501485163,0.0
ENSG00000188487,INSC,2,0.0,0.0,0.0
ENSG00000188488,SERPINA5,2,0.0,0.0013622906515374333,0.0
ENSG00000188505,NCCRP1,2,0.0,0.0007509593689729534,0.0
ENSG00000188508,KRTDAP,2,0.0,0.0002810915958805775,0.0
ENSG00000188542,DUSP28,2,0.0,0.003972033788608826,0.0
ENSG00000188662,H1-9P,2,0.0,0.005439955722599018,0.0
ENSG00000188549,CCDC9B,2,0.0,0.0,0.0
ENSG00000188573,FBLL1,2,0.0,0.001748441952656518,0.0
ENSG00000188582,PAQR9,2,0.0,0.028429400289066802,0.0
ENSG00000188585,CLEC20A,2,0.0,0.010213396754341974,0.0
ENSG00000188610,FAM72B,2,0.0,0.00012501042133782875,0.0
ENSG00000188611,ASAH2,2,0.0,0.0,0.0
ENSG00000188613,NANOS1,2,0.0,0.00023190380503139237,0.0
ENSG00000188626,GOLGA8M,2,0.0,0.0008889947778136943,0.0
ENSG00000188643,S100A16,2,0.0,0.0,0.0
ENSG00000188649,CC2D2B,2,0.0,0.0005759381042710706,0.0
ENSG00000188655,RNASE9,2,0.0,0.0,0.0
ENSG00000188931,CFAP126,2,0.0,0.003921771559954786,0.0
ENSG00000188958,UTS2B,2,0.0,0.0,0.0
ENSG00000196335,STK31,2,0.0,0.0,0.0
ENSG00000196126,HLA-DRB1,2,0.0,0.0017317880245313194,0.0
ENSG00000189423,USP32P3,2,0.0,0.011968866788345706,0.0
ENSG00000189430,NCR1,2,0.0,0.0011112311476809108,0.0
ENSG00000189431,RASSF10,2,0.0,0.0,0.0
ENSG00000196090,PTPRT,2,0.0,0.0010862633970994597,0.0
ENSG00000196091,MYBPC1,2,0.0,0.0,0.0
ENSG00000196092,PAX5,2,0.0,0.0,0.0
ENSG00000196096,SPAG16-DT,2,0.0,0.0,0.0
ENSG00000196114,IFITM3P3,2,0.0,0.11475136632395026,0.0
ENSG00000196115,ADAM5,2,0.0,0.0,0.0
ENSG00000196118,CFAP119,2,0.0,0.0,0.0
ENSG00000196119,OR8A1,2,0.0,0.001183884343209484,0.0
ENSG00000196139,AKR1C3,2,0.0,0.004731385041185284,0.0
ENSG00000189419,SPATA41,2,0.0,0.02621558503067249,0.0
ENSG00000196154,S100A4,2,0.0,0.004652331082620272,0.0
ENSG00000196155,PLEKHG4,2,0.0,0.0,0.0
ENSG00000196166,LINC03042,2,0.0,0.0,0.0
ENSG00000196167,COLCA1,2,0.0,0.000550527241943815,0.0
ENSG00000196169,KIF19,2,0.0,0.0011809096269628653,0.0
ENSG00000196188,CTSE,2,0.0,0.001368589834952081,0.0
ENSG00000196205,EEF1A1P5,2,0.0,0.0012768338822906772,0.0
ENSG00000196228,SULT1C3,2,0.0,0.0008585284307171262,0.0
ENSG00000196260,SFTA2,2,0.0,0.0,0.0
ENSG00000196296,ATP2A1,2,0.0,0.0050399245600435865,0.0
ENSG00000196302,GUSBP15,2,0.0,0.0003647288948828176,0.0
ENSG00000189420,ZFP92,2,0.0,0.0,0.0
ENSG00000189398,OR7E12P,2,0.0,0.0006820896605788569,0.0
ENSG00000188959,C9orf152,2,0.0,0.0,0.0
ENSG00000189129,PLAC9,2,0.0,0.0020089799736588273,0.0
ENSG00000188981,MSANTD1,2,0.0,0.0,0.0
ENSG00000188984,AADACL3,2,0.0,0.004152738481949521,0.0
ENSG00000188985,DHFRP1,2,0.0,0.0007110733988278704,0.0
ENSG00000188991,SLC15A5,2,0.0,0.0,0.0
ENSG00000188996,HUS1B,2,0.0,0.0,0.0
ENSG00000189014,SHLD2P3,2,0.0,3.058034226188631e-05,0.0
ENSG00000189051,RNF222,2,0.0,0.0,0.0
ENSG00000189068,VSTM1,2,0.0,0.0,0.0
ENSG00000189077,TMEM120A,2,0.0,0.0006706563842411281,0.0
ENSG00000189114,BLOC1S3,2,0.0,0.0020567341427755355,0.0
ENSG00000189120,SP6,2,0.0,0.0,0.0
ENSG00000189149,ABCA15P,2,0.0,0.00016991431553565426,0.0
ENSG00000189377,CXCL17,2,0.0,0.035840269743199066,0.0
ENSG00000189166,TNRC18P3,2,0.0,0.0009434002083652326,0.0
ENSG00000189167,ZAR1L,2,0.0,0.0,0.0
ENSG00000189186,DCAF8L2,2,0.0,0.03915058253316602,0.0
ENSG00000189196,LINC00994,2,0.0,0.0,0.0
ENSG00000189223,PAX8-AS1,2,0.0,0.009649127841929084,0.0
ENSG00000189227,C15orf61,2,0.0,0.0,0.0
ENSG00000189269,DRICH1,2,0.0,0.00055944249311496,0.0
ENSG00000189275,LINC01164,2,0.0,3.228220784352639e-05,0.0
ENSG00000189292,ALKAL2,2,0.0,0.0,0.0
ENSG00000189334,S100A14,2,0.0,0.015383114900195036,0.0
ENSG00000189375,TBC1D28,2,0.0,0.0009179855139318755,0.0
ENSG00000184979,USP18,2,0.0,0.0033982361328397776,0.0
ENSG00000184933,OR6A2,2,0.0,0.015820811958849452,0.0
ENSG00000176971,FIBIN,2,0.0,0.0,0.0
ENSG00000181123,ENSG00000181123,2,0.0,0.0,0.0
ENSG00000179627,ZBTB42,2,0.0,0.00036828655408399245,0.0
ENSG00000179636,TPPP2,2,0.0,0.0,0.0
ENSG00000179673,RPRML,2,0.0,0.0006444237089505606,0.0
ENSG00000179698,WDR97,2,0.0,0.0,0.0
ENSG00000179709,NLRP8,2,0.0,0.0,0.0
ENSG00000179750,APOBEC3B,2,0.0,0.0,0.0
ENSG00000179766,ATP8B5P,2,0.0,0.0,0.0
ENSG00000179774,ATOH7,2,0.0,0.001060288483996204,0.0
ENSG00000179776,CDH5,2,0.0,0.0011506716719077408,0.0
ENSG00000179813,FAM216B,2,0.0,0.0,0.0
ENSG00000179846,NKPD1,2,0.0,0.001683149042560915,0.0
ENSG00000179855,GIPC3,2,0.0,0.0,0.0
ENSG00000179859,RNF227,2,0.0,0.042004816719601455,0.0
ENSG00000179862,CITED4,2,0.0,0.0038668162493217914,0.0
ENSG00000179886,TIGD5,2,0.0,0.007511568999208633,0.0
ENSG00000179899,PHC1P1,2,0.0,0.00012142600168252676,0.0
ENSG00000179902,CFAP276,2,0.0,0.0,0.0
ENSG00000179913,B3GNT3,2,0.0,0.002051275790565195,0.0
ENSG00000179921,GPBAR1,2,0.0,0.0,0.0
ENSG00000179922,ZNF784,2,0.0,0.0018905929394516536,0.0
ENSG00000179930,ZNF648,2,0.0,0.0,0.0
ENSG00000179935,LINC00652,2,0.0,0.0,0.0
ENSG00000179978,NAIPP2,2,0.0,0.002945197518611473,0.0
ENSG00000180015,ENSG00000180015,2,0.0,0.0,0.0
ENSG00000180043,GARIN5B,2,0.0,0.023226889803103376,0.0
ENSG00000179598,PLD6,2,0.0,0.011169617316669139,0.0
ENSG00000179583,CIITA,2,0.0,0.0010689743153452225,0.0
ENSG00000179571,NBPF17P,2,0.0,0.0,0.0
ENSG00000179284,DAND5,2,0.0,0.0,0.0
ENSG00000179082,ENSG00000179082,2,0.0,0.0034791765740576765,0.0
ENSG00000179083,FAM133A,2,0.0,0.0007116898333192113,0.0
ENSG00000179111,HES7,2,0.0,0.011474041866216558,0.0
ENSG00000179136,LINC00670,2,0.0,0.0,0.0
ENSG00000179141,MTUS2-AS1,2,0.0,0.01793161266651942,0.0
ENSG00000179148,ALOXE3,2,0.0,0.0014450921308055704,0.0
ENSG00000179165,PXT1,2,0.0,0.0,0.0
ENSG00000179168,GGN,2,0.0,0.002692401921167339,0.0
ENSG00000179178,TMEM125,2,0.0,0.0,0.0
ENSG00000179213,SIGLECL1,2,0.0,0.0002366688382211552,0.0
ENSG00000179256,SMCO3,2,0.0,0.0,0.0
ENSG00000179292,TMEM151A,2,0.0,0.0,0.0
ENSG00000179564,LSMEM2,2,0.0,0.0007070422067963272,0.0
ENSG00000179344,HLA-DQB1,2,0.0,0.0,0.0
ENSG00000179348,GATA2,2,0.0,0.023691620269492928,0.0
ENSG00000179362,HMGN2P46,2,0.0,0.16796819073915778,0.0
ENSG00000179363,TMEM31,2,0.0,0.0024399925609404926,0.0
ENSG00000179388,EGR3,2,0.0,0.0020084113613943596,0.0
ENSG00000179447,SLC24A3-AS1,2,0.0,0.0,0.0
ENSG00000179452,LINC01699,2,0.0,0.0,0.0
ENSG00000179477,ALOX12B,2,0.0,0.0,0.0
ENSG00000179520,SLC17A8,2,0.0,0.0,0.0
ENSG00000179528,LBX2,2,0.0,0.0,0.0
ENSG00000179546,HTR1D,2,0.0,0.0010860741409139093,0.0
ENSG00000180044,C3orf80,2,0.0,0.0007808225733895509,0.0
ENSG00000180061,TMEM150B,2,0.0,0.006611005175754864,0.0
ENSG00000180066,LINC02870,2,0.0,0.0,0.0
ENSG00000180767,CHST13,2,0.0,0.006039889784307453,0.0
ENSG00000180539,LINC02908,2,0.0,0.0,0.0
ENSG00000180574,EIF2S3B,2,0.0,0.003770945507349658,0.0
ENSG00000180581,SRP9P1,2,0.0,0.00025652661191036047,0.0
ENSG00000180638,SLC47A2,2,0.0,0.00031437278623349405,0.0
ENSG00000180660,MAB21L1,2,0.0,0.0005231163377876529,0.0
ENSG00000180697,C3orf22,2,0.0,0.006476726450998749,0.0
ENSG00000180712,LINC02363,2,0.0,0.0,0.0
ENSG00000180720,CHRM4,2,0.0,0.0,0.0
ENSG00000180739,S1PR5,2,0.0,0.09454731705675412,0.0
ENSG00000180758,GPR157,2,0.0,0.000414060329545904,0.0
ENSG00000180764,PIPSL,2,0.0,0.0,0.0
ENSG00000180777,ANKRD30B,2,0.0,0.0,0.0
ENSG00000180525,DIP2C-AS1,2,0.0,0.0,0.0
ENSG00000180787,ZFP3,2,0.0,0.009282763962166301,0.0
ENSG00000180828,BHLHE22,2,0.0,0.0,0.0
ENSG00000180834,MAP6D1,2,0.0,0.0,0.0
ENSG00000180846,CSNK1G2-AS1,2,0.0,0.0009668669873285752,0.0
ENSG00000180869,LINC01555,2,0.0,0.004072791913773488,0.0
ENSG00000180871,CXCR2,2,0.0,0.0070016432406911945,0.0
ENSG00000180878,C11orf42,2,0.0,0.002970075886096579,0.0
ENSG00000180934,OR56A1,2,0.0,0.0,0.0
ENSG00000180938,ZNF572,2,0.0,0.0,0.0
ENSG00000180988,OR52N2,2,0.0,0.0,0.0
ENSG00000180999,C1orf105,2,0.0,2.835210318475926e-05,0.0
ENSG00000180535,BHLHA15,2,0.0,0.0,0.0
ENSG00000180509,KCNE1,2,0.0,0.0,0.0
ENSG00000180083,WFDC11,2,0.0,0.03464978502520984,0.0
ENSG00000180264,ADGRD2,2,0.0,0.0016986677163488117,0.0
ENSG00000180089,TMEM86B,2,0.0,0.0,0.0
ENSG00000180113,TDRD6,2,0.0,0.0028780158833463104,0.0
ENSG00000180152,XIAPP3,2,0.0,0.0004871796599461738,0.0
ENSG00000180176,TH,2,0.0,0.0007933556302965915,0.0
ENSG00000180178,FAR2P1,2,0.0,0.0006672242199442897,0.0
ENSG00000180189,HMGB1P14,2,0.0,0.0012778164091658008,0.0
ENSG00000180209,MYL11,2,0.0,0.0,0.0
ENSG00000180210,F2,2,0.0,0.006756293774478128,0.0
ENSG00000180211,RPL23P6,2,0.0,0.0,0.0
ENSG00000180245,RRH,2,0.0,0.0004850344417035179,0.0
ENSG00000180259,PRNT,2,0.0,0.0,0.0
ENSG00000180269,GPR139,2,0.0,0.0007874219498536723,0.0
ENSG00000180481,GLIPR1L2,2,0.0,0.0026478681578965004,0.0
ENSG00000180279,TMEM277P,2,0.0,2.3039100020530965e-05,0.0
ENSG00000180316,PNPLA1,2,0.0,0.0004557550457973372,0.0
ENSG00000180318,ALX1,2,0.0,0.0,0.0
ENSG00000180332,KCTD4,2,0.0,0.01291728548602927,0.0
ENSG00000180347,ITPRID1,2,0.0,0.0008538964751255388,0.0
ENSG00000180353,HCLS1,2,0.0,0.0,0.0
ENSG00000180423,HARBI1,2,0.0,6.970043821115347e-06,0.0
ENSG00000180432,CYP8B1,2,0.0,0.0019002566442241694,0.0
ENSG00000180438,TPRXL,2,0.0,0.0,0.0
ENSG00000180440,SERTM1,2,0.0,0.002276451463844342,0.0
ENSG00000180458,ENSG00000180458,2,0.0,0.0,0.0
ENSG00000179071,CCDC89,2,0.0,0.0,0.0
ENSG00000179066,ENSG00000179066,2,0.0,0.0,0.0
ENSG00000179058,C9orf50,2,0.0,0.012789580621843103,0.0
ENSG00000177710,SLC35G5,2,0.0,0.0,0.0
ENSG00000177453,NIM1K,2,0.0,0.005379557339106877,0.0
ENSG00000177459,ERICH5,2,0.0,0.12939421227901388,0.0
ENSG00000177465,ACOT4,2,0.0,0.022827264965641497,0.0
ENSG00000177468,OLIG3,2,0.0,0.0,0.0
ENSG00000177508,IRX3,2,0.0,0.0083234722767398,0.0
ENSG00000177519,RPRM,2,0.0,0.0018219884744126542,0.0
ENSG00000177551,NHLH2,2,0.0,0.0,0.0
ENSG00000177627,C12orf54,2,0.0,0.010015221808438158,0.0
ENSG00000177669,MBOAT4,2,0.0,0.001451402423708884,0.0
ENSG00000177685,CRACR2B,2,0.0,0.0,0.0
ENSG00000177692,DNAJC28,2,0.0,0.0,0.0
ENSG00000177721,ANXA2R,2,0.0,0.0,0.0
ENSG00000177432,NAP1L5,2,0.0,0.003456432342018193,0.0
ENSG00000177788,RAB4A-AS1,2,0.0,0.0,0.0
ENSG00000177791,MYOZ1,2,0.0,0.0,0.0
ENSG00000177807,KCNJ10,2,0.0,0.003841043819011478,0.0
ENSG00000177839,PCDHB9,2,0.0,0.00022047517225246035,0.0
ENSG00000177854,TMEM187,2,0.0,0.012566503286668465,0.0
ENSG00000177855,CACYBPP2,2,0.0,0.0,0.0
ENSG00000177875,CCDC184,2,0.0,0.0,0.0
ENSG00000177984,LCN15,2,0.0,0.0,0.0
ENSG00000177989,CIMAP1B,2,0.0,0.0,0.0
ENSG00000177993,ZNRF3-AS1,2,0.0,0.0,0.0
ENSG00000177994,CIMIP6,2,0.0,0.0028459218402286097,0.0
ENSG00000177452,ENSG00000177452,2,0.0,0.0011993788964650785,0.0
ENSG00000177414,UBE2U,2,0.0,0.0,0.0
ENSG00000178026,LRRC75B,2,0.0,0.0037832157945886557,0.0
ENSG00000177238,TRIM72,2,0.0,0.0033252941516984944,0.0
ENSG00000176973,FAM89B,2,0.0,0.001796935139023824,0.0
ENSG00000176978,DPP7,2,0.0,0.007998959107982857,0.0
ENSG00000176988,FMR1NB,2,0.0,0.0,0.0
ENSG00000177025,C19orf18,2,0.0,0.0,0.0
ENSG00000177096,PHETA2,2,0.0,0.01641677029531565,0.0
ENSG00000177098,SCN4B,2,0.0,0.0,0.0
ENSG00000177112,IRAG1-AS1,2,0.0,0.0,0.0
ENSG00000177133,PRDM16-DT,2,0.0,0.0,0.0
ENSG00000177138,FAM9B,2,0.0,0.0034316780661047186,0.0
ENSG00000177191,B3GNT8,2,0.0,0.0,0.0
ENSG00000177197,PCNPP5,2,0.0,0.0014751285373499669,0.0
ENSG00000177272,KCNA3,2,0.0,0.0,0.0
ENSG00000177406,NINJ2-AS1,2,0.0,0.005346093273469487,0.0
ENSG00000177283,FZD8,2,0.0,0.0,0.0
ENSG00000177294,FBXO39,2,0.0,0.02351756663017079,0.0
ENSG00000177300,CLDN22,2,0.0,0.0007776126137063075,0.0
ENSG00000177301,KCNA2,2,0.0,0.003348534155487186,0.0
ENSG00000177335,LY6S-AS1,2,0.0,0.007743382028590752,0.0
ENSG00000177338,LINC00469,2,0.0,0.0,0.0
ENSG00000177340,FLJ13224,2,0.0,0.0,0.0
ENSG00000177359,ENSG00000177359,2,0.0,0.0,0.0
ENSG00000177363,LRRN4CL,2,0.0,0.2554765811627036,0.0
ENSG00000177374,HIC1,2,0.0,0.0,0.0
ENSG00000177398,UMODL1,2,0.0,0.010544117062832759,0.0
ENSG00000178021,TSPYL6,2,0.0,0.005269385196426421,0.0
ENSG00000178033,CALHM5,2,0.0,0.003310253865203324,0.0
ENSG00000179057,IGSF22,2,0.0,0.0014234975519107067,0.0
ENSG00000178796,RIIAD1,2,0.0,6.663814149138163e-05,0.0
ENSG00000178636,MRPL42P1,2,0.0,0.007976364675257128,0.0
ENSG00000178645,C10orf53,2,0.0,0.0015478281828083767,0.0
ENSG00000178685,PARP10,2,0.0,0.0,0.0
ENSG00000178690,DYNAP,2,0.0,0.0,0.0
ENSG00000178718,RPP25,2,0.0,0.0010927071307625254,0.0
ENSG00000178722,LINC03122,2,0.0,0.0,0.0
ENSG00000178726,THBD,2,0.0,0.0,0.0
ENSG00000178734,LMO7DN,2,0.0,0.0011348483700630567,0.0
ENSG00000178750,STX19,2,0.0,0.0006628900879442972,0.0
ENSG00000178752,ERFE,2,0.0,0.0,0.0
ENSG00000178795,GDPD4,2,0.0,0.0,0.0
ENSG00000178803,ADORA2A-AS1,2,0.0,0.013281627080002405,0.0
ENSG00000178623,GPR35,2,0.0,0.0,0.0
ENSG00000178809,TRIM73,2,0.0,0.0,0.0
ENSG00000178821,TMEM52,2,0.0,0.012720604249889154,0.0
ENSG00000178826,TMEM139,2,0.0,0.0,0.0
ENSG00000178860,MSC,2,0.0,0.009396358903242929,0.0
ENSG00000178947,SMIM10L2A,2,0.0,0.001973870461838863,0.0
ENSG00000178965,ERICH3,2,0.0,0.001032367403444558,0.0
ENSG00000178977,LINC00324,2,0.0,0.0039039901734560572,0.0
ENSG00000178997,EXD1,2,0.0,0.0,0.0
ENSG00000179023,KLHDC7A,2,0.0,0.0,0.0
ENSG00000179038,ENSG00000179038,2,0.0,0.00013574544433199803,0.0
ENSG00000179044,EXOC3L1,2,0.0,0.0010267609853522102,0.0
ENSG00000178631,ACTG1P1,2,0.0,0.0007183850565612676,0.0
ENSG00000178597,PSAPL1,2,0.0,0.0033098079992388697,0.0
ENSG00000178038,ALS2CL,2,0.0,0.023123141865519534,0.0
ENSG00000178226,PRSS36,2,0.0,0.0,0.0
ENSG00000178055,PRSS42P,2,0.0,0.0,0.0
ENSG00000178081,ULK4P3,2,0.0,0.016498931536009086,0.0
ENSG00000178093,TSSK6,2,0.0,0.0,0.0
ENSG00000178096,BOLA1,2,0.0,0.0038780385332066224,0.0
ENSG00000178107,ENSG00000178107,2,0.0,0.0013673669127621073,0.0
ENSG00000178162,FAR2P2,2,0.0,0.0,0.0
ENSG00000178171,AMER3,2,0.0,0.0012911713852888993,0.0
ENSG00000178175,ZNF366,2,0.0,0.0,0.0
ENSG00000178199,ZC3H12D,2,0.0,0.0,0.0
ENSG00000178201,VN1R1,2,0.0,0.0006862433527455414,0.0
ENSG00000178217,SH2D4B,2,0.0,0.0,0.0
ENSG00000178235,SLITRK1,2,0.0,0.0,0.0
ENSG00000178562,CD28,2,0.0,0.0,0.0
ENSG00000178297,TMPRSS9,2,0.0,0.003673580221597722,0.0
ENSG00000178342,KCNG2,2,0.0,0.02693155222655669,0.0
ENSG00000178343,SHISA3,2,0.0,0.05898257274747957,0.0
ENSG00000178394,HTR1A,2,0.0,0.00024022912896092658,0.0
ENSG00000178401,DNAJC22,2,0.0,0.0006001862194701592,0.0
ENSG00000178403,NEUROG2,2,0.0,0.0,0.0
ENSG00000178404,CEP295NL,2,0.0,0.003106422851654811,0.0
ENSG00000178412,CTDP1-DT,2,0.0,0.0027225892619769155,0.0
ENSG00000178429,RPS3AP5,2,0.0,0.0009952676214001707,0.0
ENSG00000178460,MCMDC2,2,0.0,0.0,0.0
ENSG00000178537,SLC25A20,2,0.0,0.006769404790393913,0.0
ENSG00000181016,LSMEM1,2,0.0,0.0012266160954441043,0.0
ENSG00000181143,MUC16,2,0.0,0.0,0.0
ENSG00000184925,LCN12,2,0.0,0.004943462525316087,0.0
ENSG00000181171,FER1L6-AS1,2,0.0,0.0023735358759470453,0.0
ENSG00000183773,AIFM3,2,0.0,0.007390870737317599,0.0
ENSG00000183779,ZNF703,2,0.0,0.00015434566394805952,0.0
ENSG00000183784,DOCK8-AS1,2,0.0,0.0,0.0
ENSG00000183793,NPIPA5,2,0.0,0.0,0.0
ENSG00000183798,EMILIN3,2,0.0,0.0011741756132420604,0.0
ENSG00000183801,OLFML1,2,0.0,0.0006868699815608964,0.0
ENSG00000183807,FAM162B,2,0.0,0.0,0.0
ENSG00000183813,CCR4,2,0.0,0.0,0.0
ENSG00000183844,FAM3B,2,0.0,0.020859195127212425,0.0
ENSG00000183876,ARSI,2,0.0,0.005502657081672672,0.0
ENSG00000183878,UTY,2,0.0,0.002460923501759697,0.0
ENSG00000183889,NPIPA6,2,0.0,0.0,0.0
ENSG00000183921,SDR42E2,2,0.0,0.0,0.0
ENSG00000183935,HTR7P1,2,0.0,0.0,0.0
ENSG00000183971,NPW,2,0.0,0.0,0.0
ENSG00000183977,PP2D1,2,0.0,0.00140568805316835,0.0
ENSG00000183979,NPB,2,0.0,0.0,0.0
ENSG00000184012,TMPRSS2,2,0.0,0.0,0.0
ENSG00000184058,TBX1,2,0.0,0.0,0.0
ENSG00000184068,SREBF2-AS1,2,0.0,0.0,0.0
ENSG00000184100,BRD7P2,2,0.0,0.0008019571988697322,0.0
ENSG00000184110,EIF3C,2,0.0,0.0049914796426334465,0.0
ENSG00000184113,CLDN5,2,0.0,0.0038930183586119477,0.0
ENSG00000184160,ADRA2C,2,0.0,0.0013494888872481899,0.0
ENSG00000184162,NR2C2AP,2,0.0,0.0,0.0
ENSG00000183770,FOXL2,2,0.0,0.0029472313632470555,0.0
ENSG00000183760,ACP7,2,0.0,0.0,0.0
ENSG00000183691,NOG,2,0.0,0.0,0.0
ENSG00000183506,PI4KAP2,2,0.0,0.0053702977404805645,0.0
ENSG00000183389,OR56A4,2,0.0,0.0004149552902491624,0.0
ENSG00000183395,PMCH,2,0.0,0.001821916127011909,0.0
ENSG00000183397,TEKTIP1,2,0.0,0.0,0.0
ENSG00000183421,RIPK4,2,0.0,0.0006080394704941668,0.0
ENSG00000183423,LRIT3,2,0.0,0.0,0.0
ENSG00000183439,TRIM61,2,0.0,0.0,0.0
ENSG00000183444,OR7E38P,2,0.0,0.0,0.0
ENSG00000183458,PKD1P3,2,0.0,0.0,0.0
ENSG00000183470,FLJ40288,2,0.0,0.009236567369067356,0.0
ENSG00000183476,SH2D7,2,0.0,0.0005037706903687945,0.0
ENSG00000183484,GPR132,2,0.0,0.002831623697002987,0.0
ENSG00000183508,TENT5C,2,0.0,0.024840067196105816,0.0
ENSG00000183682,BMP8A,2,0.0,0.0,0.0
ENSG00000183535,COL18A1-AS1,2,0.0,0.0,0.0
ENSG00000183562,ENSG00000183562,2,0.0,0.0,0.0
ENSG00000183569,SERHL2,2,0.0,0.013574203842897105,0.0
ENSG00000183571,PGPEP1L,2,0.0,0.001925771093175101,0.0
ENSG00000183578,TNFAIP8L3,2,0.0,0.011504877734994779,0.0
ENSG00000183598,H3C13,2,0.0,0.002200556588588873,0.0
ENSG00000183615,FAM167B,2,0.0,0.002221685379383372,0.0
ENSG00000183625,CCR3,2,0.0,0.00037426891124555425,0.0
ENSG00000183638,RP1L1,2,0.0,0.00020380688782872507,0.0
ENSG00000183643,C15orf32,2,0.0,0.0,0.0
ENSG00000183644,HOATZ,2,0.0,0.0,0.0
ENSG00000184163,C1QTNF12,2,0.0,0.0,0.0
ENSG00000184185,KCNJ12,2,0.0,0.002584575296315267,0.0
ENSG00000184210,DGAT2L6,2,0.0,0.018802433843715834,0.0
ENSG00000184716,SERINC4,2,0.0,0.12079948091274033,0.0
ENSG00000184574,LPAR5,2,0.0,0.0006670953975701325,0.0
ENSG00000184584,STING1,2,0.0,0.0,0.0
ENSG00000184599,TAFA3,2,0.0,0.0004081837600102838,0.0
ENSG00000184608,FAM167A-AS1,2,0.0,0.0004750582145611157,0.0
ENSG00000184612,RPL7P26,2,0.0,0.0,0.0
ENSG00000184616,SPDYE12,2,0.0,0.00012754026550678617,0.0
ENSG00000184617,ZNF840P,2,0.0,0.0,0.0
ENSG00000184647,PRSS55,2,0.0,0.007645722904085198,0.0
ENSG00000184669,OR7E14P,2,0.0,0.01452487814049191,0.0
ENSG00000184698,OR51M1,2,0.0,0.0,0.0
ENSG00000184709,LRRC26,2,0.0,0.0,0.0
ENSG00000184774,MGAT4EP,2,0.0,0.0006422164901129329,0.0
ENSG00000184564,SLITRK6,2,0.0,0.0006632612843240825,0.0
ENSG00000184785,SMIM10,2,0.0,0.0,0.0
ENSG00000184786,DYNLT2,2,0.0,0.010702011799417042,0.0
ENSG00000184811,TRARG1,2,0.0,2.4986064738274712e-05,0.0
ENSG00000184845,DRD1,2,0.0,0.0,0.0
ENSG00000184860,SDR42E1,2,0.0,0.00026401467965555327,0.0
ENSG00000184887,BTBD6,2,0.0,0.010604931321070614,0.0
ENSG00000184908,CLCNKB,2,0.0,0.0,0.0
ENSG00000184911,DMRTC1B,2,0.0,0.0,0.0
ENSG00000184916,JAG2,2,0.0,0.01870109254997236,0.0
ENSG00000184922,FMNL1,2,0.0,0.0009512660397365678,0.0
ENSG00000184923,NUTM2A,2,0.0,0.0,0.0
ENSG00000184571,PIWIL3,2,0.0,0.0018772959335733499,0.0
ENSG00000184560,SPEM2,2,0.0,0.001574802585898306,0.0
ENSG00000184227,ACOT1,2,0.0,0.0020316970133507656,0.0
ENSG00000184436,THAP7,2,0.0,0.0,0.0
ENSG00000184254,ALDH1A3,2,0.0,0.009224604191989958,0.0
ENSG00000184293,CLECL1P,2,0.0,0.0,0.0
ENSG00000184319,RPL23AP82,2,0.0,0.0,0.0
ENSG00000184343,SRPK3,2,0.0,0.0,0.0
ENSG00000184344,GDF3,2,0.0,0.0,0.0
ENSG00000184361,SPATA32,2,0.0,0.0,0.0
ENSG00000184363,PKP3,2,0.0,0.00444372956034957,0.0
ENSG00000184378,ACTRT3,2,0.0,0.006435471638772768,0.0
ENSG00000184389,A3GALT2,2,0.0,0.007849676061088304,0.0
ENSG00000184414,IRS3P,2,0.0,0.020728953739977733,0.0
ENSG00000184434,LRRC19,2,0.0,0.0,0.0
ENSG00000184441,ENSG00000184441,2,0.0,0.00637366291005532,0.0
ENSG00000184545,DUSP8,2,0.0,0.0,0.0
ENSG00000184451,CCR10,2,0.0,0.00043874010936659815,0.0
ENSG00000184454,NCMAP,2,0.0,0.0,0.0
ENSG00000184459,BPIFC,2,0.0,0.0,0.0
ENSG00000184478,OR56A3,2,0.0,0.002131715806534161,0.0
ENSG00000184492,FOXD4L1,2,0.0,0.026225747000050807,0.0
ENSG00000184497,TMEM255B,2,0.0,0.00043351421987158255,0.0
ENSG00000184507,NUTM1,2,0.0,0.0057752356472869195,0.0
ENSG00000184508,HDDC3,2,0.0,0.0,0.0
ENSG00000184515,BEX5,2,0.0,0.00278854566248524,0.0
ENSG00000184524,CEND1,2,0.0,0.0027004522007745765,0.0
ENSG00000184530,C6orf58,2,0.0,0.0,0.0
ENSG00000183379,SYNDIG1L,2,0.0,0.03548446904460853,0.0
ENSG00000183378,OVCH2,2,0.0,0.0,0.0
ENSG00000183324,REC114,2,0.0,0.0,0.0
ENSG00000182070,OR52A1,2,0.0,0.0,0.0
ENSG00000181800,CELF2-AS1,2,0.0,0.0,0.0
ENSG00000181830,SLC35C1,2,0.0,0.010484165197038911,0.0
ENSG00000181847,TIGIT,2,0.0,0.16494525709540714,0.0
ENSG00000181856,SLC2A4,2,0.0,0.0,0.0
ENSG00000181965,NEUROG1,2,0.0,0.0004562447284057479,0.0
ENSG00000181995,LINC00301,2,0.0,0.0,0.0
ENSG00000182000,PPIAP73,2,0.0,5.0089521901298555e-06,0.0
ENSG00000182035,ADIG,2,0.0,0.00048275030880858737,0.0
ENSG00000182040,USH1G,2,0.0,0.0,0.0
ENSG00000182048,TRPC2,2,0.0,0.01299633845711851,0.0
ENSG00000182057,OGFRP1,2,0.0,0.0,0.0
ENSG00000182077,PTCHD3,2,0.0,0.0,0.0
ENSG00000181773,GPR3,2,0.0,0.0,0.0
ENSG00000182107,TMEM30B,2,0.0,0.0,0.0
ENSG00000182111,ZNF716,2,0.0,0.0,0.0
ENSG00000182177,ASB18,2,0.0,0.0,0.0
ENSG00000182179,UBA7,2,0.0,0.0,0.0
ENSG00000182183,SHISAL2A,2,0.0,0.0026538174477166976,0.0
ENSG00000182223,ZAR1,2,0.0,0.009965120763332499,0.0
ENSG00000182255,KCNA4,2,0.0,0.0009260499589310969,0.0
ENSG00000182261,NLRP10,2,0.0,0.0,0.0
ENSG00000182264,IZUMO1,2,0.0,0.024264093151740693,0.0
ENSG00000182308,DCAF4L1,2,0.0,0.0,0.0
ENSG00000182325,FBXL6,2,0.0,0.0,0.0
ENSG00000181781,CIMAP1D,2,0.0,0.005938785516867277,0.0
ENSG00000181754,AMIGO1,2,0.0,0.0018196962801031193,0.0
ENSG00000182348,ZNF804B,2,0.0,0.0023014048490164717,0.0
ENSG00000181392,SYNE4,2,0.0,0.0002943962902048796,0.0
ENSG00000181195,PENK,2,0.0,0.0,0.0
ENSG00000181215,C4orf50,2,0.0,0.0,0.0
ENSG00000181227,DLSTP1,2,0.0,0.0,0.0
ENSG00000181234,TMEM132C,2,0.0,0.000861869838477276,0.0
ENSG00000181240,SLC25A41,2,0.0,0.003891147959335059,0.0
ENSG00000181284,TMEM102,2,0.0,0.0,0.0
ENSG00000181291,TMEM132E,2,0.0,0.0,0.0
ENSG00000181323,SPEM1,2,0.0,0.0,0.0
ENSG00000181333,HEPHL1,2,0.0,0.0,0.0
ENSG00000181359,HSP90AA6P,2,0.0,0.0,0.0
ENSG00000181378,CFAP65,2,0.0,0.0,0.0
ENSG00000181418,DDN,2,0.0,0.04829466085476485,0.0
ENSG00000181652,ATG9B,2,0.0,0.0005138898032451945,0.0
ENSG00000181444,ZNF467,2,0.0,0.00019568425568804697,0.0
ENSG00000181518,OR8D4,2,0.0,0.022342352321175096,0.0
ENSG00000181524,RPL24P4,2,0.0,0.0,0.0
ENSG00000181541,MAB21L2,2,0.0,0.0,0.0
ENSG00000181577,LINC03040,2,0.0,0.001715919797327518,0.0
ENSG00000181585,TMIE,2,0.0,0.023318845825862782,0.0
ENSG00000181616,OR52H1,2,0.0,0.013245594512884753,0.0
ENSG00000181626,ANKRD62,2,0.0,0.0,0.0
ENSG00000181631,P2RY13,2,0.0,0.03355303019113589,0.0
ENSG00000181634,TNFSF15,2,0.0,0.001990083104165429,0.0
ENSG00000181649,PHLDA2,2,0.0,0.0,0.0
ENSG00000182334,OR5P3,2,0.0,0.005876693716419153,0.0
ENSG00000182376,PIEZO1-AS1,2,0.0,0.0,0.0
ENSG00000183317,EPHA10,2,0.0,0.0,0.0
ENSG00000183114,FAM43B,2,0.0,0.002180449025366383,0.0
ENSG00000182885,ADGRG3,2,0.0,0.0,0.0
ENSG00000182890,GLUD2,2,0.0,0.08464063898479757,0.0
ENSG00000182896,TMEM95,2,0.0,0.000118882971259148,0.0
ENSG00000182912,ENSG00000182912,2,0.0,0.0623572203121063,0.0
ENSG00000182931,WFDC10B,2,0.0,0.006766272318543085,0.0
ENSG00000182950,CIMAP1C,2,0.0,0.004252786977366149,0.0
ENSG00000182983,ZNF662,2,0.0,0.0011896781525494438,0.0
ENSG00000183018,SPNS2,2,0.0,0.0,0.0
ENSG00000183054,RGPD6,2,0.0,0.0,0.0
ENSG00000183066,WBP2NL,2,0.0,0.0004577903913257761,0.0
ENSG00000183090,FREM3,2,0.0,0.0,0.0
ENSG00000183134,PTGDR2,2,0.0,0.0,0.0
ENSG00000182870,GALNT9,2,0.0,0.0,0.0
ENSG00000183148,ANKRD20A2P,2,0.0,0.0,0.0
ENSG00000183153,GJD3,2,0.0,0.0014955674499115262,0.0
ENSG00000183160,TMEM119,2,0.0,0.0,0.0
ENSG00000183171,ENSG00000183171,2,0.0,0.0,0.0
ENSG00000183199,HSP90AB3P,2,0.0,0.0,0.0
ENSG00000183208,GDPGP1,2,0.0,0.0,0.0
ENSG00000183239,RPL29P16,2,0.0,0.0,0.0
ENSG00000183242,WT1-AS,2,0.0,0.0016723475898413288,0.0
ENSG00000183250,LINC01547,2,0.0,0.0,0.0
ENSG00000183281,PLGLB1,2,0.0,0.006314854487968315,0.0
ENSG00000183307,TMEM121B,2,0.0,0.0,0.0
ENSG00000182873,PRKCZ-AS1,2,0.0,0.0,0.0
ENSG00000182836,PLCXD3,2,0.0,0.005065433115399985,0.0
ENSG00000182379,NXPH4,2,0.0,0.005016478298064282,0.0
ENSG00000182575,NXPH3,2,0.0,0.030115906263412887,0.0
ENSG00000182405,PGBD4,2,0.0,7.17309484231682e-05,0.0
ENSG00000182450,KCNK4,2,0.0,0.0,0.0
ENSG00000182459,TEX19,2,0.0,0.01165025429108263,0.0
ENSG00000182472,CAPN12,2,0.0,0.008138893701899966,0.0
ENSG00000182489,XKRX,2,0.0,0.0,0.0
ENSG00000182492,BGN,2,0.0,0.00036355789105738893,0.0
ENSG00000182511,FES,2,0.0,0.009551531719350251,0.0
ENSG00000182521,TBPL2,2,0.0,0.00940036783132829,0.0
ENSG00000182544,MFSD5,2,0.0,0.007114726664130026,0.0
ENSG00000182557,SPNS3,2,0.0,0.001203311806337709,0.0
ENSG00000182566,CLEC4G,2,0.0,0.009425270199686949,0.0
ENSG00000182578,CSF1R,2,0.0,0.0010584161211310565,0.0
ENSG00000182810,DDX28,2,0.0,0.0,0.0
ENSG00000182585,EPGN,2,0.0,0.004448858571766781,0.0
ENSG00000182586,LINC00334,2,0.0,0.0010834879232884476,0.0
ENSG00000182612,TSPAN10,2,0.0,0.0,0.0
ENSG00000182645,CCDC172,2,0.0,0.005481406210906392,0.0
ENSG00000182685,BRICD5,2,0.0,0.00027735425979127416,0.0
ENSG00000182700,IGIP,2,0.0,0.016929259922627612,0.0
ENSG00000182712,CMC4,2,0.0,0.001080776067237036,0.0
ENSG00000182759,MAFA,2,0.0,0.0,0.0
ENSG00000182791,CCDC87,2,0.0,0.0,0.0
ENSG00000182795,C1orf116,2,0.0,0.0,0.0
ENSG00000182798,MAGEB17,2,0.0,0.0027650756419843013,0.0
ENSG00000159173,TNNI1,2,0.0,0.0009912124766797037,0.0
ENSG00000158887,MPZ,2,0.0,0.0017118525078083965,0.0
ENSG00000243305,ENSG00000243305,2,0.0,0.0,0.0
ENSG00000108691,CCL2,2,0.0,0.0,0.0
ENSG00000110375,UPK2,2,0.0,0.0,0.0
ENSG00000110446,SLC15A3,2,0.0,0.0,0.0
ENSG00000110448,CD5,2,0.0,0.00017046455823176978,0.0
ENSG00000110628,SLC67A1,2,0.0,0.002691092071097168,0.0
ENSG00000110675,ELMOD1,2,0.0,0.0,0.0
ENSG00000110777,POU2AF1,2,0.0,0.0,0.0
ENSG00000110799,VWF,2,0.0,0.0009899457374354789,0.0
ENSG00000110852,CLEC2B,2,0.0,0.0,0.0
ENSG00000110876,SELPLG,2,0.0,0.0010883219338558984,0.0
ENSG00000110887,DAO,2,0.0,0.009502979519358344,0.0
ENSG00000110934,BIN2,2,0.0,0.009859078438063532,0.0
ENSG00000110944,IL23A,2,0.0,0.0,0.0
ENSG00000111012,CYP27B1,2,0.0,0.0008771635991419984,0.0
ENSG00000111046,MYF6,2,0.0,0.0008413375045616315,0.0
ENSG00000111181,SLC6A12,2,0.0,0.0,0.0
ENSG00000111199,TRPV4,2,0.0,0.005530592224767375,0.0
ENSG00000111261,MANSC1,2,0.0,0.0,0.0
ENSG00000111262,KCNA1,2,0.0,0.01883016841066746,0.0
ENSG00000111291,GPRC5D,2,0.0,0.0,0.0
ENSG00000111305,GSG1,2,0.0,0.005903511537986088,0.0
ENSG00000111321,LTBR,2,0.0,0.0,0.0
ENSG00000111331,OAS3,2,0.0,0.0,0.0
ENSG00000111335,OAS2,2,0.0,0.0007272929091816273,0.0
ENSG00000111339,ART4,2,0.0,0.0,0.0
ENSG00000111341,MGP,2,0.0,0.0021693540843247894,0.0
ENSG00000110195,FOLR1,2,0.0,0.0,0.0
ENSG00000110169,HPX,2,0.0,0.0014222641727079496,0.0
ENSG00000110079,MS4A4A,2,0.0,0.0,0.0
ENSG00000109047,RCVRN,2,0.0,0.0008490660039555577,0.0
ENSG00000108771,DHX58,2,0.0,0.0007582115813536191,0.0
ENSG00000108785,HSD17B1P1,2,0.0,0.028067555355833915,0.0
ENSG00000108786,HSD17B1,2,0.0,0.0159290662191817,0.0
ENSG00000108798,ABI3,2,0.0,0.00043348497022743587,0.0
ENSG00000108813,DLX4,2,0.0,0.0014960053603238477,0.0
ENSG00000108825,PTGES3L-AARSD1,2,0.0,0.0004959440701975834,0.0
ENSG00000108839,ALOX12,2,0.0,0.06136737291462721,0.0
ENSG00000108846,ABCC3,2,0.0,0.006669393727081519,0.0
ENSG00000108878,CACNG1,2,0.0,0.0,0.0
ENSG00000108924,HLF,2,0.0,0.0,0.0
ENSG00000108932,SLC16A6,2,0.0,0.0,0.0
ENSG00000109072,VTN,2,0.0,0.0,0.0
ENSG00000110077,MS4A6A,2,0.0,0.0009892017152048755,0.0
ENSG00000109158,GABRA4,2,0.0,0.0008421851341707915,0.0
ENSG00000109163,GNRHR,2,0.0,0.0,0.0
ENSG00000109424,UCP1,2,0.0,0.03559198909134778,0.0
ENSG00000109511,ANXA10,2,0.0,0.0006060934044845171,0.0
ENSG00000109610,SOD3,2,0.0,0.0,0.0
ENSG00000109667,SLC2A9,2,0.0,0.011022904326272011,0.0
ENSG00000109684,CLNK,2,0.0,0.0075574798180438624,0.0
ENSG00000109758,HGFAC,2,0.0,0.00029496861989199326,0.0
ENSG00000109846,CRYAB,2,0.0,0.010395226283792131,0.0
ENSG00000109851,DBX1,2,0.0,0.00045339906500043066,0.0
ENSG00000109991,P2RX3,2,0.0,0.008594907898804963,0.0
ENSG00000111344,RASAL1,2,0.0,0.0,0.0
ENSG00000111348,ARHGDIB,2,0.0,0.0,0.0
ENSG00000111404,RERGL,2,0.0,0.0,0.0
ENSG00000113555,PCDH12,2,0.0,0.0,0.0
ENSG00000113083,LOX,2,0.0,0.034699074083890745,0.0
ENSG00000113211,PCDHB6,2,0.0,3.309756006889234e-05,0.0
ENSG00000113212,PCDHB7,2,0.0,0.0005349346604550326,0.0
ENSG00000113249,HAVCR1,2,0.0,0.00805359699535973,0.0
ENSG00000113263,ITK,2,0.0,0.004253470400953187,0.0
ENSG00000113303,BTNL8,2,0.0,0.003781199609027174,0.0
ENSG00000113327,GABRG2,2,0.0,0.08699179611346997,0.0
ENSG00000113389,NPR3,2,0.0,0.0020668316073811496,0.0
ENSG00000113430,IRX4,2,0.0,5.831103729244944e-05,0.0
ENSG00000113520,IL4,2,0.0,0.0038791544015947576,0.0
ENSG00000113525,IL5,2,0.0,0.00012795781842354445,0.0
ENSG00000113578,FGF1,2,0.0,0.0006150739935290584,0.0
ENSG00000112936,C7,2,0.0,0.0,0.0
ENSG00000113600,C9,2,0.0,0.0,0.0
ENSG00000113924,HGD,2,0.0,0.0,0.0
ENSG00000113946,CLDN16,2,0.0,0.008904354091820854,0.0
ENSG00000114013,CD86,2,0.0,0.15547655424204349,0.0
ENSG00000114113,RBP2,2,0.0,0.03783405597157458,0.0
ENSG00000114124,GRK7,2,0.0,0.007739490164969889,0.0
ENSG00000114349,GNAT1,2,0.0,0.019982104666116867,0.0
ENSG00000114374,USP9Y,2,0.0,0.008008521450638944,0.0
ENSG00000114378,HYAL1,2,0.0,0.0,0.0
ENSG00000114395,CYB561D2,2,0.0,0.06605573338725641,0.0
ENSG00000114455,HHLA2,2,0.0,0.0,0.0
ENSG00000113073,SLC4A9,2,0.0,0.002256774598473603,0.0
ENSG00000112812,PRSS16,2,0.0,0.005596632151013138,0.0
ENSG00000111405,ENDOU,2,0.0,0.0,0.0
ENSG00000111981,ULBP1,2,0.0,0.0005315927168511086,0.0
ENSG00000111424,VDR,2,0.0,0.0007542391101051579,0.0
ENSG00000111432,FZD10,2,0.0,0.0,0.0
ENSG00000111452,ADGRD1,2,0.0,0.0025119281414312518,0.0
ENSG00000111644,ACRBP,2,0.0,0.0,0.0
ENSG00000111671,SPSB2,2,0.0,0.0,0.0
ENSG00000111700,SLCO1B3,2,0.0,0.0011400707250442937,0.0
ENSG00000111713,GYS2,2,0.0,0.0,0.0
ENSG00000111796,KLRB1,2,0.0,0.0,0.0
ENSG00000111816,FRK,2,0.0,0.0,0.0
ENSG00000111863,ADTRP,2,0.0,0.0,0.0
ENSG00000111886,GABRR2,2,0.0,0.0,0.0
ENSG00000112038,OPRM1,2,0.0,0.016481796570679875,0.0
ENSG00000112782,CLIC5,2,0.0,0.0,0.0
ENSG00000112041,TULP1,2,0.0,0.0,0.0
ENSG00000112053,SLC26A8,2,0.0,0.0,0.0
ENSG00000112246,SIM1,2,0.0,0.0,0.0
ENSG00000112343,TRIM38,2,0.0,0.0018417219094580249,0.0
ENSG00000112486,CCR6,2,0.0,0.0,0.0
ENSG00000112494,UNC93A,2,0.0,0.0017863900482276505,0.0
ENSG00000112499,SLC22A2,2,0.0,0.0013852587858254285,0.0
ENSG00000112561,TFEB,2,0.0,0.0012425177032073665,0.0
ENSG00000112619,PRPH2,2,0.0,0.0024733348435417714,0.0
ENSG00000112706,IMPG1,2,0.0,0.006364326259045425,0.0
ENSG00000112761,CCN6,2,0.0,0.00562346282792266,0.0
ENSG00000108733,PEX12,2,0.0,0.0,0.0
ENSG00000108622,ICAM2,2,0.0,0.0,0.0
ENSG00000158869,FCER1G,2,0.0,0.0,0.0
ENSG00000108602,ALDH3A1,2,0.0,0.010348167369908576,0.0
ENSG00000105479,ODAD1,2,0.0,0.0,0.0
ENSG00000105509,HAS1,2,0.0,0.0028795615629049476,0.0
ENSG00000105516,DBP,2,0.0,0.001107910175684256,0.0
ENSG00000105519,CAPS,2,0.0,0.061600955391454645,0.0
ENSG00000105520,PLPPR2,2,0.0,0.02773243309505551,0.0
ENSG00000105523,FAM83E,2,0.0,0.0005994850349855155,0.0
ENSG00000105538,RASIP1,2,0.0,0.0025636567887233415,0.0
ENSG00000105641,SLC5A5,2,0.0,0.009646131737510343,0.0
ENSG00000105643,ARRDC2,2,0.0,0.0024243963354455347,0.0
ENSG00000105649,RAB3A,2,0.0,0.0,0.0
ENSG00000105650,PDE4C,2,0.0,0.023761277250349988,0.0
ENSG00000105668,UPK1A,2,0.0,0.0002920038779121619,0.0
ENSG00000105672,ETV2,2,0.0,0.0007262242893366949,0.0
ENSG00000105675,ATP4A,2,0.0,0.0,0.0
ENSG00000105679,GAPDHS,2,0.0,0.0,0.0
ENSG00000105695,MAG,2,0.0,0.00221143774628841,0.0
ENSG00000105696,TMEM59L,2,0.0,0.0,0.0
ENSG00000105697,HAMP,2,0.0,0.0022336819811064616,0.0
ENSG00000105711,SCN1B,2,0.0,0.0005113806495671441,0.0
ENSG00000105808,RASA4,2,0.0,0.0,0.0
ENSG00000105852,PON3,2,0.0,0.011561772355188722,0.0
ENSG00000105929,ATP6V0A4,2,0.0,0.003555398052709428,0.0
ENSG00000105967,TFEC,2,0.0,0.0012266339822830383,0.0
ENSG00000105971,CAV2,2,0.0,0.0,0.0
ENSG00000105974,CAV1,2,0.0,0.0,0.0
ENSG00000105472,CLEC11A,2,0.0,0.008455590515378595,0.0
ENSG00000105467,SYNGR4,2,0.0,0.02771627565799886,0.0
ENSG00000105427,CNFN,2,0.0,0.0,0.0
ENSG00000104903,LYL1,2,0.0,0.029698222932966936,0.0
ENSG00000104804,TULP2,2,0.0,6.291437194222209e-06,0.0
ENSG00000104808,DHDH,2,0.0,0.0,0.0
ENSG00000104814,MAP4K1,2,0.0,0.0,0.0
ENSG00000104848,KCNA7,2,0.0,0.0,0.0
ENSG00000104863,LIN7B,2,0.0,0.0008825493373508161,0.0
ENSG00000104879,CKM,2,0.0,5.982078830717383e-05,0.0
ENSG00000104883,PEX11G,2,0.0,0.005579678246274312,0.0
ENSG00000104888,SLC17A7,2,0.0,0.001963222666630332,0.0
ENSG00000104892,KLC3,2,0.0,0.002712044589878238,0.0
ENSG00000104899,AMH,2,0.0,0.01127543740839972,0.0
ENSG00000104901,DKKL1,2,0.0,0.0007447407388606231,0.0
ENSG00000104941,RSPH6A,2,0.0,0.0006919243390945008,0.0
ENSG00000105392,CRX,2,0.0,0.0,0.0
ENSG00000104953,TLE6,2,0.0,0.0,0.0
ENSG00000104976,SNAPC2,2,0.0,0.0,0.0
ENSG00000105122,RASAL3,2,0.0,0.0,0.0
ENSG00000105146,AURKC,2,0.0,0.0,0.0
ENSG00000105219,CCNP,2,0.0,0.0,0.0
ENSG00000105246,EBI3,2,0.0,0.0,0.0
ENSG00000105251,SHD,2,0.0,0.001197218691077197,0.0
ENSG00000105261,OVOL3,2,0.0,0.00036389488394079954,0.0
ENSG00000105369,CD79A,2,0.0,0.0,0.0
ENSG00000105370,LIM2,2,0.0,0.000353803917627046,0.0
ENSG00000105376,ICAM5,2,0.0,0.00299302414710926,0.0
ENSG00000106013,ANKRD7,2,0.0,0.0,0.0
ENSG00000106018,VIPR2,2,0.0,0.005464851795982856,0.0
ENSG00000106034,CPED1,2,0.0,0.0,0.0
ENSG00000108176,DNAJC12,2,0.0,0.0012763354227584374,0.0
ENSG00000107159,CA9,2,0.0,0.0,0.0
ENSG00000107187,LHX3,2,0.0,0.0,0.0
ENSG00000107317,PTGDS,2,0.0,0.00635626685799285,0.0
ENSG00000107485,GATA3,2,0.0,0.0034462600836331005,0.0
ENSG00000107593,PKD2L1,2,0.0,0.0062119025977858296,0.0
ENSG00000107738,VSIR,2,0.0,0.0,0.0
ENSG00000107821,KAZALD1,2,0.0,8.697872282550173e-05,0.0
ENSG00000107831,FGF8,2,0.0,0.0,0.0
ENSG00000107859,PITX3,2,0.0,0.0,0.0
ENSG00000107872,FBXL15,2,0.0,0.0019205981930249362,0.0
ENSG00000107984,DKK1,2,0.0,0.0007959753432398569,0.0
ENSG00000108242,CYP2C18,2,0.0,0.00016996495583810988,0.0
ENSG00000107018,RLN1,2,0.0,0.004805106799968181,0.0
ENSG00000108244,KRT23,2,0.0,0.0,0.0
ENSG00000108255,CRYBA1,2,0.0,0.002967358741088324,0.0
ENSG00000108309,RUNDC3A,2,0.0,0.0013925310314312242,0.0
ENSG00000108381,ASPA,2,0.0,0.0,0.0
ENSG00000108387,SEPTIN4,2,0.0,0.0,0.0
ENSG00000108405,P2RX1,2,0.0,0.0,0.0
ENSG00000108439,PNPO,2,0.0,0.0026588589089818647,0.0
ENSG00000108448,TRIM16L,2,0.0,0.00885362410941786,0.0
ENSG00000108479,GALK1,2,0.0,0.008942123187855054,0.0
ENSG00000108551,RASD1,2,0.0,0.00017649312034018522,0.0
ENSG00000108576,SLC6A4,2,0.0,0.0,0.0
ENSG00000107147,KCNT1,2,0.0,0.0,0.0
ENSG00000107014,RLN2,2,0.0,0.0030911926501229446,0.0
ENSG00000106038,EVX1,2,0.0,0.0028582366382440337,0.0
ENSG00000106404,CLDN15,2,0.0,0.001800836909613684,0.0
ENSG00000106113,CRHR2,2,0.0,0.0,0.0
ENSG00000106128,GHRHR,2,0.0,0.0,0.0
ENSG00000106133,NSUN5P2,2,0.0,0.010847003029800361,0.0
ENSG00000106258,CYP3A5,2,0.0,0.02821769833055503,0.0
ENSG00000106304,SPAM1,2,0.0,0.0,0.0
ENSG00000106327,TFR2,2,0.0,0.00215431659967099,0.0
ENSG00000106328,FSCN3,2,0.0,0.0,0.0
ENSG00000106336,FBXO24,2,0.0,0.0,0.0
ENSG00000106341,PPP1R17,2,0.0,0.0008544004059186245,0.0
ENSG00000106366,SERPINE1,2,0.0,0.0,0.0
ENSG00000106384,MOGAT3,2,0.0,0.006429666514043375,0.0
ENSG00000106483,SFRP4,2,0.0,0.003825137571263226,0.0
ENSG00000106991,ENG,2,0.0,0.007739867725872323,0.0
ENSG00000106511,MEOX2,2,0.0,0.014086640667961794,0.0
ENSG00000106526,ACTR3C,2,0.0,0.0012164490351435743,0.0
ENSG00000106541,AGR2,2,0.0,0.000798160869368259,0.0
ENSG00000106565,TMEM176B,2,0.0,0.0013408088312603136,0.0
ENSG00000106610,STAG3L4,2,0.0,0.00292398179052713,0.0
ENSG00000106631,MYL7,2,0.0,0.0014042568746705658,0.0
ENSG00000106633,GCK,2,0.0,0.0,0.0
ENSG00000106809,OGN,2,0.0,0.0018237634717787944,0.0
ENSG00000106819,ASPN,2,0.0,0.0,0.0
ENSG00000106852,LHX6,2,0.0,0.00877298328478294,0.0
ENSG00000106927,AMBP,2,0.0,0.0,0.0
ENSG00000114487,MORC1,2,0.0,0.0,0.0
ENSG00000114547,ROPN1B,2,0.0,0.0,0.0
ENSG00000114626,ABTB1,2,0.0,0.0,0.0
ENSG00000114638,UPK1B,2,0.0,3.935030475058195e-05,0.0
ENSG00000121318,TAS2R10,2,0.0,0.02240761014677502,0.0
ENSG00000121335,PRB2,2,0.0,0.010342503949503373,0.0
ENSG00000121351,IAPP,2,0.0,0.001628833316158146,0.0
ENSG00000121361,KCNJ8,2,0.0,0.0006443219683529441,0.0
ENSG00000121410,A1BG,2,0.0,0.0,0.0
ENSG00000121446,RGSL1,2,0.0,0.0,0.0
ENSG00000121577,POPDC2,2,0.0,0.0,0.0
ENSG00000121594,CD80,2,0.0,0.0020454190211797096,0.0
ENSG00000121743,GJA3,2,0.0,0.0,0.0
ENSG00000121764,HCRTR1,2,0.0,0.0,0.0
ENSG00000121858,TNFSF10,2,0.0,0.0023704216108192083,0.0
ENSG00000121871,SLITRK3,2,0.0,0.0,0.0
ENSG00000121895,TMEM156,2,0.0,0.0,0.0
ENSG00000121900,TMEM54,2,0.0,0.0006333977054320481,0.0
ENSG00000121905,HPCA,2,0.0,0.0,0.0
ENSG00000121933,TMIGD3,2,0.0,0.0002163177741014803,0.0
ENSG00000122025,FLT3,2,0.0,0.0,0.0
ENSG00000122035,RASL11A,2,0.0,0.0,0.0
ENSG00000122121,XPNPEP2,2,0.0,0.0,0.0
ENSG00000122122,SASH3,2,0.0,0.0,0.0
ENSG00000122145,TBX22,2,0.0,0.0011460212480488888,0.0
ENSG00000122176,FMOD,2,0.0,0.001157934973385839,0.0
ENSG00000122367,LDB3,2,0.0,0.0,0.0
ENSG00000122420,PTGFR,2,0.0,0.0,0.0
ENSG00000122543,OCM,2,0.0,0.03440048982924009,0.0
ENSG00000121314,TAS2R8,2,0.0,0.0019034000094702785,0.0
ENSG00000121270,ABCC11,2,0.0,0.0,0.0
ENSG00000121089,NACA3P,2,0.0,0.0,0.0
ENSG00000120329,SLC25A2,2,0.0,0.0,0.0
ENSG00000120055,C10orf95,2,0.0,0.0,0.0
ENSG00000120057,SFRP5,2,0.0,0.0,0.0
ENSG00000120093,HOXB3,2,0.0,0.04204694728912472,0.0
ENSG00000120149,MSX2,2,0.0,0.04341485234367974,0.0
ENSG00000120160,EQTN,2,0.0,0.0,0.0
ENSG00000120210,INSL6,2,0.0,0.0013586397581406397,0.0
ENSG00000120215,MLANA,2,0.0,0.0006570799297003579,0.0
ENSG00000120217,CD274,2,0.0,0.005375056552082998,0.0
ENSG00000120251,GRIA2,2,0.0,0.0023971482239441263,0.0
ENSG00000120279,MYCT1,2,0.0,0.0013789552461128732,0.0
ENSG00000120322,PCDHB8,2,0.0,0.0,0.0
ENSG00000120332,TNN,2,0.0,0.001794531536203894,0.0
ENSG00000121053,EPX,2,0.0,0.0,0.0
ENSG00000120337,TNFSF18,2,0.0,0.0018603713927894258,0.0
ENSG00000120440,TTLL2,2,0.0,0.0018458013327374494,0.0
ENSG00000120457,KCNJ5,2,0.0,0.005507358214106116,0.0
ENSG00000120471,TP53AIP1,2,0.0,0.0,0.0
ENSG00000120498,TEX11,2,0.0,0.0,0.0
ENSG00000120500,ARR3,2,0.0,0.0060711162726739465,0.0
ENSG00000120555,SEPTIN7P9,2,0.0,0.0,0.0
ENSG00000120708,TGFBI,2,0.0,0.02837525928364319,0.0
ENSG00000120729,MYOT,2,0.0,0.0,0.0
ENSG00000120907,ADRA1A,2,0.0,0.0,0.0
ENSG00000120937,NPPB,2,0.0,0.0029712986641051383,0.0
ENSG00000122585,NPY,2,0.0,0.0037354418299823623,0.0
ENSG00000122641,INHBA,2,0.0,0.0014444136627622965,0.0
ENSG00000122679,RAMP3,2,0.0,0.0,0.0
ENSG00000124143,ARHGAP40,2,0.0,0.022428931860347726,0.0
ENSG00000123977,DAW1,2,0.0,0.0,0.0
ENSG00000123999,INHA,2,0.0,0.00036265497136830287,0.0
ENSG00000124003,MOGAT1,2,0.0,0.002330270992113091,0.0
ENSG00000124019,FAM124B,2,0.0,0.004370876730946226,0.0
ENSG00000124091,GCNT7,2,0.0,0.02250682585523535,0.0
ENSG00000124092,CTCFL,2,0.0,0.0002987579150636245,0.0
ENSG00000124097,HMGB1P1,2,0.0,0.0,0.0
ENSG00000124103,FAM209A,2,0.0,0.014195062438832822,0.0
ENSG00000124116,WFDC3,2,0.0,0.001421652272012834,0.0
ENSG00000124134,KCNS1,2,0.0,0.010256052415341462,0.0
ENSG00000124140,SLC12A5,2,0.0,0.0002579629831735,0.0
ENSG00000124159,MATN4,2,0.0,0.0,0.0
ENSG00000123901,GPR83,2,0.0,0.0018624329461742176,0.0
ENSG00000124203,ZNF831,2,0.0,0.005009722774457102,0.0
ENSG00000124205,EDN3,2,0.0,0.0008633271030448834,0.0
ENSG00000124208,PEDS1-UBE2V1,2,0.0,0.001182528321733199,0.0
ENSG00000124216,SNAI1,2,0.0,0.0,0.0
ENSG00000124227,ANKRD60,2,0.0,0.0,0.0
ENSG00000124232,RBPJL,2,0.0,0.0,0.0
ENSG00000124233,SEMG1,2,0.0,0.0,0.0
ENSG00000124237,CIMIP1,2,0.0,0.0,0.0
ENSG00000124249,KCNK15,2,0.0,2.829321965329206e-05,0.0
ENSG00000124251,TP53TG5,2,0.0,0.001183773390884866,0.0
ENSG00000124257,NEURL2,2,0.0,0.0,0.0
ENSG00000123965,PMS2P5,2,0.0,0.0,0.0
ENSG00000123870,ZNF137P,2,0.0,0.0,0.0
ENSG00000122691,TWIST1,2,0.0,0.0,0.0
ENSG00000123307,NEUROD4,2,0.0,0.0,0.0
ENSG00000122711,SPINK4,2,0.0,0.0,0.0
ENSG00000122728,TAF1L,2,0.0,0.0,0.0
ENSG00000122733,PHF24,2,0.0,0.0,0.0
ENSG00000122787,AKR1D1,2,0.0,0.005141537552826874,0.0
ENSG00000122862,SRGN,2,0.0,0.005797531755772826,0.0
ENSG00000122877,EGR2,2,0.0,0.0,0.0
ENSG00000122971,ACADS,2,0.0,0.0,0.0
ENSG00000123080,CDKN2C,2,0.0,0.0021365631915627754,0.0
ENSG00000123095,BHLHE41,2,0.0,0.001006366634240908,0.0
ENSG00000123146,ADGRE5,2,0.0,7.528968880919916e-05,0.0
ENSG00000123201,GUCY1B2,2,0.0,0.0,0.0
ENSG00000123329,ARHGAP9,2,0.0,0.0012526750162580953,0.0
ENSG00000123838,C4BPA,2,0.0,0.010397235157867592,0.0
ENSG00000123338,NCKAP1L,2,0.0,0.005388367206713059,0.0
ENSG00000123342,MMP19,2,0.0,0.08840247334259667,0.0
ENSG00000123405,NFE2,2,0.0,0.0,0.0
ENSG00000123427,EEF1AKMT3,2,0.0,0.0,0.0
ENSG00000123454,DBH,2,0.0,0.005885369742038452,0.0
ENSG00000123500,COL10A1,2,0.0,0.00067817235415914,0.0
ENSG00000123609,NMI,2,0.0,0.0,0.0
ENSG00000123610,TNFAIP6,2,0.0,0.0,0.0
ENSG00000123612,ACVR1C,2,0.0,0.0036878421283601135,0.0
ENSG00000123685,BATF3,2,0.0,0.0,0.0
ENSG00000123810,B9D2,2,0.0,0.002023603488791399,0.0
ENSG00000120054,CPN1,2,0.0,0.0009981041388725186,0.0
ENSG00000119986,AVPI1,2,0.0,0.0009814981832873384,0.0
ENSG00000119946,CNNM1,2,0.0,0.0,0.0
ENSG00000116329,OPRD1,2,0.0,0.0,0.0
ENSG00000115850,LCT,2,0.0,0.0,0.0
ENSG00000115919,KYNU,2,0.0,0.0,0.0
ENSG00000115934,LINC02566,2,0.0,0.0023467057798185562,0.0
ENSG00000116014,KISS1R,2,0.0,0.0019076416380779868,0.0
ENSG00000116032,GRIN3B,2,0.0,0.0,0.0
ENSG00000116035,VAX2,2,0.0,0.001966074487570017,0.0
ENSG00000116096,SPR,2,0.0,0.005657624159606083,0.0
ENSG00000116147,TNR,2,0.0,0.0,0.0
ENSG00000116176,TPSG1,2,0.0,0.0,0.0
ENSG00000116218,NPHS2,2,0.0,7.912075646794407e-05,0.0
ENSG00000116254,CHD5,2,0.0,0.0,0.0
ENSG00000116661,FBXO2,2,0.0,0.0031275743292212823,0.0
ENSG00000115828,QPCT,2,0.0,0.0,0.0
ENSG00000116663,FBXO6,2,0.0,0.0005652937890165195,0.0
ENSG00000116690,PRG4,2,0.0,0.0008498649086792065,0.0
ENSG00000116701,NCF2,2,0.0,0.0014648556096549309,0.0
ENSG00000116703,PDC,2,0.0,0.0,0.0
ENSG00000116745,RPE65,2,0.0,0.0016058511683831633,0.0
ENSG00000116771,AGMAT,2,0.0,0.0012508562502068833,0.0
ENSG00000116785,CFHR3,2,0.0,0.005116463746618489,0.0
ENSG00000116819,TFAP2E,2,0.0,0.0005310040998134628,0.0
ENSG00000116824,CD2,2,0.0,0.01531970932495864,0.0
ENSG00000116882,HAO2,2,0.0,0.0,0.0
ENSG00000116981,NT5C1A,2,0.0,0.028063930583223675,0.0
ENSG00000115844,DLX2,2,0.0,0.019719039879369328,0.0
ENSG00000115718,PROC,2,0.0,0.0,0.0
ENSG00000116985,BMP8B,2,0.0,0.00039688631717080584,0.0
ENSG00000115221,ITGB6,2,0.0,0.0009631292061339558,0.0
ENSG00000114737,CISH,2,0.0,0.0010167814503564845,0.0
ENSG00000114779,ABHD14B,2,0.0,0.0016769527208910584,0.0
ENSG00000114786,ABHD14A-ACY1,2,0.0,0.0,0.0
ENSG00000114854,TNNC1,2,0.0,0.0,0.0
ENSG00000115008,IL1A,2,0.0,0.0003226428422707903,0.0
ENSG00000115085,ZAP70,2,0.0,0.0007981071185943441,0.0
ENSG00000115112,TFCP2L1,2,0.0,0.0,0.0
ENSG00000115138,POMC,2,0.0,0.0008858558899617902,0.0
ENSG00000115155,OTOF,2,0.0,0.0,0.0
ENSG00000115165,CYTIP,2,0.0,0.0,0.0
ENSG00000115194,SLC30A3,2,0.0,0.0002840545822856301,0.0
ENSG00000115226,FNDC4,2,0.0,0.00023532393291031693,0.0
ENSG00000115705,TPO,2,0.0,0.0008732113481204129,0.0
ENSG00000115255,REEP6,2,0.0,0.005633035569919281,0.0
ENSG00000115267,IFIH1,2,0.0,0.0017315008425863383,0.0
ENSG00000115289,PCGF1,2,0.0,0.04211065205983766,0.0
ENSG00000115361,ACADL,2,0.0,0.0,0.0
ENSG00000115386,REG1A,2,0.0,0.0,0.0
ENSG00000115523,GNLY,2,0.0,0.0,0.0
ENSG00000115556,PLCD4,2,0.0,0.0,0.0
ENSG00000115590,IL1R2,2,0.0,0.0,0.0
ENSG00000115604,IL18R1,2,0.0,0.001446051035377789,0.0
ENSG00000115616,SLC9A2,2,0.0,0.0,0.0
ENSG00000115665,SLC5A7,2,0.0,0.0,0.0
ENSG00000116983,HPCAL4,2,0.0,0.0,0.0
ENSG00000117009,KMO,2,0.0,0.00020778582966665544,0.0
ENSG00000119938,PPP1R3C,2,0.0,0.0014894295253955875,0.0
ENSG00000119283,TRIM67,2,0.0,0.0,0.0
ENSG00000118520,ARG1,2,0.0,0.0037089291844662423,0.0
ENSG00000118702,GHRH,2,0.0,0.0061083555206305285,0.0
ENSG00000118729,CASQ2,2,0.0,0.0,0.0
ENSG00000118777,ABCG2,2,0.0,0.0,0.0
ENSG00000118785,SPP1,2,0.0,0.0,0.0
ENSG00000118804,STBD1,2,0.0,0.0,0.0
ENSG00000118972,FGF23,2,0.0,0.0005521242137884154,0.0
ENSG00000118976,OTUD4P1,2,0.0,0.0,0.0
ENSG00000119121,TRPM6,2,0.0,0.0023754855960586366,0.0
ENSG00000119125,GDA,2,0.0,0.003811619186782465,0.0
ENSG00000119147,ECRG4,2,0.0,0.0,0.0
ENSG00000119411,BSPRY,2,0.0,7.639573128447361e-05,0.0
ENSG00000118491,ZC2HC1B,2,0.0,0.1280254403787995,0.0
ENSG00000119457,SLC46A2,2,0.0,0.0034513957964718216,0.0
ENSG00000119508,NR4A3,2,0.0,0.04101324709659403,0.0
ENSG00000119608,PROX2,2,0.0,0.012927130492949775,0.0
ENSG00000119614,VSX2,2,0.0,0.0,0.0
ENSG00000119630,PGF,2,0.0,0.0014025434633686252,0.0
ENSG00000119632,IFI27L2,2,0.0,0.0,0.0
ENSG00000119673,ACOT2,2,0.0,0.0011777649439973388,0.0
ENSG00000119714,GPR68,2,0.0,0.0045935988505425235,0.0
ENSG00000119737,GPR75,2,0.0,0.0007697504705448459,0.0
ENSG00000119917,IFIT3,2,0.0,0.0,0.0
ENSG00000119922,IFIT2,2,0.0,0.0,0.0
ENSG00000118514,ALDH8A1,2,0.0,0.0,0.0
ENSG00000118322,ATP10B,2,0.0,0.0,0.0
ENSG00000117115,PADI2,2,0.0,0.03436937332186373,0.0
ENSG00000117595,IRF6,2,0.0,0.0016656494923665297,0.0
ENSG00000117148,ACTL8,2,0.0,0.005521035903898078,0.0
ENSG00000117152,RGS4,2,0.0,0.0,0.0
ENSG00000117281,CD160,2,0.0,0.017066649597239733,0.0
ENSG00000117322,CR2,2,0.0,0.0,0.0
ENSG00000117400,MPL,2,0.0,0.0,0.0
ENSG00000117407,ARTN,2,0.0,0.0006732757182348576,0.0
ENSG00000117472,TSPAN1,2,0.0,0.00374761392188415,0.0
ENSG00000117501,MROH9,2,0.0,0.0004467145250703664,0.0
ENSG00000117507,FMO6P,2,0.0,0.0007934377136887699,0.0
ENSG00000117586,TNFSF4,2,0.0,0.005085728588246768,0.0
ENSG00000117594,HSD11B1,2,0.0,0.003838586145321271,0.0
ENSG00000117600,PLPPR4,2,0.0,0.0,0.0
ENSG00000118308,IRAG2,2,0.0,0.0,0.0
ENSG00000117601,SERPINC1,2,0.0,0.0,0.0
ENSG00000117834,SLC5A9,2,0.0,0.0,0.0
ENSG00000117971,CHRNB4,2,0.0,0.002309879668424869,0.0
ENSG00000117983,MUC5B,2,0.0,0.0003392107596071,0.0
ENSG00000118004,COLEC11,2,0.0,0.00019538484366628326,0.0
ENSG00000118094,TREH,2,0.0,0.0,0.0
ENSG00000118137,APOA1,2,0.0,0.003257677751313055,0.0
ENSG00000118156,ZNF541,2,0.0,0.0,0.0
ENSG00000118194,TNNT2,2,0.0,0.0,0.0
ENSG00000118231,CRYGD,2,0.0,0.000464618866846299,0.0
ENSG00000118271,TTR,2,0.0,0.003351622422719066,0.0
ENSG00000104783,KCNN4,2,0.0,0.02345647121690132,0.0
ENSG00000104760,FGL1,2,0.0,0.002942435360220704,0.0
ENSG00000104537,ANXA13,2,0.0,0.0,0.0
ENSG00000081052,COL4A4,2,0.0,0.09636705359924796,0.0
ENSG00000065054,NHERF2,2,0.0,0.004886348297629151,0.0
ENSG00000065618,COL17A1,2,0.0,0.004113339027243168,0.0
ENSG00000065717,TLE2,2,0.0,0.000999468341215055,0.0
ENSG00000065989,PDE4A,2,0.0,0.02925103339231925,0.0
ENSG00000066056,TIE1,2,0.0,0.0040746424757389325,0.0
ENSG00000066185,ZMYND12,2,0.0,0.0008038957603124597,0.0
ENSG00000066230,SLC9A3,2,0.0,0.0,0.0
ENSG00000066248,NGEF,2,0.0,0.0,0.0
ENSG00000066336,SPI1,2,0.0,0.0,0.0
ENSG00000066379,POLR1H,2,0.0,0.0,0.0
ENSG00000066405,CLDN18,2,0.0,0.0,0.0
ENSG00000067066,SP100,2,0.0,0.0015211171542510431,0.0
ENSG00000067221,STOML1,2,0.0,0.006410289685014939,0.0
ENSG00000067601,PMS2P4,2,0.0,0.0,0.0
ENSG00000067646,ZFY,2,0.0,0.003796162185973334,0.0
ENSG00000067842,ATP2B3,2,0.0,0.0018448522239824393,0.0
ENSG00000068079,IFI35,2,0.0,0.0,0.0
ENSG00000068976,PYGM,2,0.0,0.0008042341367607135,0.0
ENSG00000069018,TRPC7,2,0.0,0.012110356494346034,0.0
ENSG00000069122,ADGRF5,2,0.0,0.033411927846007446,0.0
ENSG00000069206,ADAM7,2,0.0,0.0009421384615081723,0.0
ENSG00000069399,BCL3,2,0.0,0.0,0.0
ENSG00000069764,PLA2G10,2,0.0,0.010527437335291948,0.0
ENSG00000069812,HES2,2,0.0,0.014926587451066337,0.0
ENSG00000070193,FGF10,2,0.0,0.0,0.0
ENSG00000064886,CHI3L2,2,0.0,0.0021327028959084882,0.0
ENSG00000064787,BCAS1,2,0.0,0.0015014133819916831,0.0
ENSG00000064300,NGFR,2,0.0,0.0,0.0
ENSG00000058335,RASGRF1,2,0.0,0.0003407231863247651,0.0
ENSG00000052850,ALX4,2,0.0,0.0,0.0
ENSG00000053438,NNAT,2,0.0,0.00021594812215304643,0.0
ENSG00000053702,NRIP2,2,0.0,0.0,0.0
ENSG00000054179,ENTPD2,2,0.0,0.0,0.0
ENSG00000054356,PTPRN,2,0.0,0.0004338755104104509,0.0
ENSG00000054598,FOXC1,2,0.0,0.012439208036122189,0.0
ENSG00000054938,CHRDL2,2,0.0,0.0,0.0
ENSG00000055732,MCOLN3,2,0.0,0.0,0.0
ENSG00000055955,ITIH4,2,0.0,0.0011970813057304846,0.0
ENSG00000057593,F7,2,0.0,0.07982577911025744,0.0
ENSG00000057657,PRDM1,2,0.0,0.0,0.0
ENSG00000058404,CAMK2B,2,0.0,0.0,0.0
ENSG00000064270,ATP2C2,2,0.0,0.0009597315876112986,0.0
ENSG00000060140,STYK1,2,0.0,0.0009890740651212451,0.0
ENSG00000060558,GNA15,2,0.0,0.0,0.0
ENSG00000060566,CREB3L3,2,0.0,0.001318463189585096,0.0
ENSG00000061455,PRDM6,2,0.0,0.0,0.0
ENSG00000061492,WNT8A,2,0.0,0.0,0.0
ENSG00000061656,SPAG4,2,0.0,0.00986654369823684,0.0
ENSG00000062096,ARSF,2,0.0,0.0,0.0
ENSG00000062282,DGAT2,2,0.0,0.0,0.0
ENSG00000063015,SEZ6,2,0.0,0.0,0.0
ENSG00000064195,DLX3,2,0.0,0.0,0.0
ENSG00000064201,TSPAN32,2,0.0,0.00952799907922233,0.0
ENSG00000070388,FGF22,2,0.0,3.0610395398274127e-05,0.0
ENSG00000070404,FSTL3,2,0.0,0.0,0.0
ENSG00000070601,FRMPD1,2,0.0,0.0037855754845376307,0.0
ENSG00000078401,EDN1,2,0.0,0.0,0.0
ENSG00000075891,PAX2,2,0.0,0.0,0.0
ENSG00000076344,RGS11,2,0.0,0.00025159594870714916,0.0
ENSG00000076662,ICAM3,2,0.0,0.0,0.0
ENSG00000077080,ACTL6B,2,0.0,0.0,0.0
ENSG00000077420,APBB1IP,2,0.0,0.0011831384909486862,0.0
ENSG00000077498,TYR,2,0.0,0.0015569515439770281,0.0
ENSG00000077800,FKBP6,2,0.0,0.0,0.0
ENSG00000077935,SMC1B,2,0.0,0.010512934694230244,0.0
ENSG00000077943,ITGA8,2,0.0,8.999375014153895e-05,0.0
ENSG00000077984,CST7,2,0.0,0.006587609021675347,0.0
ENSG00000078081,LAMP3,2,0.0,0.01869832019254547,0.0
ENSG00000078579,FGF20,2,0.0,0.0006447404573093568,0.0
ENSG00000075673,ATP12A,2,0.0,0.0,0.0
ENSG00000079112,CDH17,2,0.0,0.001008493956364922,0.0
ENSG00000079393,DUSP13B,2,0.0,0.0007932212703326557,0.0
ENSG00000079689,SCGN,2,0.0,0.0020020974950911716,0.0
ENSG00000080007,DDX43,2,0.0,0.005672415196454709,0.0
ENSG00000080031,PTPRH,2,0.0,0.006722682917097908,0.0
ENSG00000080166,DCT,2,0.0,0.00042851005089707356,0.0
ENSG00000080293,SCTR,2,0.0,0.022453242259974207,0.0
ENSG00000080572,DNAAF6,2,0.0,0.0026010248150062703,0.0
ENSG00000080618,CPB2,2,0.0,0.004308774063384878,0.0
ENSG00000080644,CHRNA3,2,0.0,0.0,0.0
ENSG00000081041,CXCL2,2,0.0,0.0,0.0
ENSG00000075886,TUBA3D,2,0.0,0.0,0.0
ENSG00000075388,FGF4,2,0.0,0.018981705832403314,0.0
ENSG00000070729,CNGB1,2,0.0,0.0,0.0
ENSG00000073150,PANX2,2,0.0,0.0,0.0
ENSG00000070731,ST6GALNAC2,2,0.0,0.0,0.0
ENSG00000070748,CHAT,2,0.0,0.0,0.0
ENSG00000070886,EPHA8,2,0.0,0.029133516881076488,0.0
ENSG00000070915,SLC12A3,2,0.0,0.0,0.0
ENSG00000070985,TRPM5,2,0.0,0.0017093927607117513,0.0
ENSG00000071203,MS4A12,2,0.0,0.0,0.0
ENSG00000071991,CDH19,2,0.0,0.0,0.0
ENSG00000072182,ASIC4,2,0.0,0.0,0.0
ENSG00000072858,SIDT1,2,0.0,0.0021407712356050993,0.0
ENSG00000073067,CYP2W1,2,0.0,0.0008481211016945949,0.0
ENSG00000073146,MOV10L1,2,0.0,0.0127681372500998,0.0
ENSG00000073282,TP63,2,0.0,0.0007308864844660671,0.0
ENSG00000075073,TACR2,2,0.0,0.0,0.0
ENSG00000073598,FNDC8,2,0.0,0.0,0.0
ENSG00000073734,ABCB11,2,0.0,0.0,0.0
ENSG00000073754,CD5L,2,0.0,0.0011792766619867217,0.0
ENSG00000073756,PTGS2,2,0.0,0.0,0.0
ENSG00000073905,VDAC1P1,2,0.0,0.012707708830605622,0.0
ENSG00000074276,CDHR2,2,0.0,0.00137205126056561,0.0
ENSG00000074317,SNCB,2,0.0,0.0,0.0
ENSG00000074660,SCARF1,2,0.0,0.0007423769203257593,0.0
ENSG00000074771,NOX3,2,0.0,0.0,0.0
ENSG00000074803,SLC12A1,2,0.0,0.0,0.0
ENSG00000074966,TXK,2,0.0,7.06298529194713e-05,0.0
ENSG00000050730,TNIP3,2,0.0,0.0026655475465058014,0.0
ENSG00000050628,PTGER3,2,0.0,0.0008535283671366654,0.0
ENSG00000050327,ARHGEF5,2,0.0,0.0008159353597660168,0.0
ENSG00000008441,NFIX,2,0.0,0.0029193302210190545,0.0
ENSG00000006747,SCIN,2,0.0,0.0007509193573717916,0.0
ENSG00000006788,MYH13,2,0.0,0.004502153917913943,0.0
ENSG00000007264,MATK,2,0.0,0.0,0.0
ENSG00000007312,CD79B,2,0.0,0.0031341736120654618,0.0
ENSG00000007350,TKTL1,2,0.0,0.0,0.0
ENSG00000007933,FMO3,2,0.0,0.002368541665592426,0.0
ENSG00000007952,NOX1,2,0.0,0.0,0.0
ENSG00000008118,CAMK1G,2,0.0,0.00022475577356857363,0.0
ENSG00000008196,TFAP2B,2,0.0,0.009142446913645038,0.0
ENSG00000008197,TFAP2D,2,0.0,0.0,0.0
ENSG00000008438,PGLYRP1,2,0.0,0.0,0.0
ENSG00000008517,IL32,2,0.0,0.0,0.0
ENSG00000006611,USH1C,2,0.0,0.0017272652762262558,0.0
ENSG00000009790,TRAF3IP3,2,0.0,0.0,0.0
ENSG00000010030,ETV7,2,0.0,0.000367754775858185,0.0
ENSG00000010310,GIPR,2,0.0,0.0,0.0
ENSG00000010319,SEMA3G,2,0.0,0.0005279633007852707,0.0
ENSG00000010327,STAB1,2,0.0,0.004201640307668021,0.0
ENSG00000010379,SLC6A13,2,0.0,0.0002827732035988681,0.0
ENSG00000010438,PRSS3,2,0.0,0.0,0.0
ENSG00000010610,CD4,2,0.0,0.00035600317582233334,0.0
ENSG00000010671,BTK,2,0.0,0.0,0.0
ENSG00000010704,HFE,2,0.0,0.0012660007298482536,0.0
ENSG00000010932,FMO1,2,0.0,0.01627060089478294,0.0
ENSG00000006638,TBXA2R,2,0.0,0.0,0.0
ENSG00000006606,CCL26,2,0.0,0.0,0.0
ENSG00000011083,SLC6A7,2,0.0,0.0006460968529100502,0.0
ENSG00000004846,ABCB5,2,0.0,0.00031895800085788233,0.0
ENSG00000000971,CFH,2,0.0,0.016377922365530723,0.0
ENSG00000002079,ENSG00000002079,2,0.0,0.0,0.0
ENSG00000002726,AOC1,2,0.0,0.0025029560664008898,0.0
ENSG00000002745,WNT16,2,0.0,0.0,0.0
ENSG00000003137,CYP26B1,2,0.0,0.06645199546760007,0.0
ENSG00000003400,CASP10,2,0.0,0.0,0.0
ENSG00000004468,CD38,2,0.0,0.0028515647344195547,0.0
ENSG00000004776,HSPB6,2,0.0,0.04259032871751662,0.0
ENSG00000004799,PDK4,2,0.0,0.022680839232803066,0.0
ENSG00000004809,SLC22A16,2,0.0,0.0007281151186825855,0.0
ENSG00000004838,ZMYND10,2,0.0,0.056576837900770886,0.0
ENSG00000004939,SLC4A1,2,0.0,0.0,0.0
ENSG00000006555,TTC22,2,0.0,0.0,0.0
ENSG00000004948,CALCR,2,0.0,0.0,0.0
ENSG00000005001,PRSS22,2,0.0,0.0030701581985941736,0.0
ENSG00000005102,MEOX1,2,0.0,0.017881047686246047,0.0
ENSG00000005243,COPZ2,2,0.0,0.0,0.0
ENSG00000005421,PON1,2,0.0,0.0004145914873492416,0.0
ENSG00000005513,SOX8,2,0.0,0.0,0.0
ENSG00000005844,ITGAL,2,0.0,0.019419615431557607,0.0
ENSG00000005981,ASB4,2,0.0,0.024470167191070907,0.0
ENSG00000006116,CACNG3,2,0.0,0.005123727250954997,0.0
ENSG00000006128,TAC1,2,0.0,0.007193251275443325,0.0
ENSG00000006534,ALDH3B1,2,0.0,0.0,0.0
ENSG00000011052,NME1-NME2,2,0.0,0.0022310173942729824,0.0
ENSG00000011465,DCN,2,0.0,0.0026191884368596645,0.0
ENSG00000049768,FOXP3,2,0.0,0.0043027464093993205,0.0
ENSG00000041353,RAB27B,2,0.0,0.06034332439723235,0.0
ENSG00000027869,SH2D2A,2,0.0,0.0,0.0
ENSG00000028137,TNFRSF1B,2,0.0,0.0,0.0
ENSG00000030304,MUSK,2,0.0,0.0,0.0
ENSG00000035720,STAP1,2,0.0,0.0062000642245439875,0.0
ENSG00000036448,MYOM2,2,0.0,0.003716241400569743,0.0
ENSG00000036565,SLC18A1,2,0.0,0.004092280088855461,0.0
ENSG00000036672,USP2,2,0.0,0.0004981297508265308,0.0
ENSG00000036828,CASR,2,0.0,0.007988853531097132,0.0
ENSG00000039537,C6,2,0.0,0.0,0.0
ENSG00000039600,SOX30,2,0.0,0.0,0.0
ENSG00000039987,BEST2,2,0.0,0.0011465728295690259,0.0
ENSG00000041880,PARP3,2,0.0,0.004394195380033287,0.0
ENSG00000025708,TYMP,2,0.0,0.002916994926930122,0.0
ENSG00000042493,CAPG,2,0.0,0.0,0.0
ENSG00000042813,ZPBP,2,0.0,0.0,0.0
ENSG00000042832,TG,2,0.0,0.0,0.0
ENSG00000043039,BARX2,2,0.0,0.0,0.0
ENSG00000043462,LCP2,2,0.0,0.0,0.0
ENSG00000047597,XK,2,0.0,0.00033503249669211336,0.0
ENSG00000047936,ROS1,2,0.0,0.01979743099548607,0.0
ENSG00000048545,GUCA1A,2,0.0,0.012563514774222436,0.0
ENSG00000049247,UTS2,2,0.0,0.0,0.0
ENSG00000049249,TNFRSF9,2,0.0,0.0,0.0
ENSG00000049283,EPN3,2,0.0,0.0011020700985156886,0.0
ENSG00000027644,INSRR,2,0.0,0.0,0.0
ENSG00000024422,EHD2,2,0.0,0.003062312328431419,0.0
ENSG00000011590,ZBTB32,2,0.0,0.000992221568529459,0.0
ENSG00000015520,NPC1L1,2,0.0,0.00910846821447548,0.0
ENSG00000012211,PRICKLE3,2,0.0,0.0,0.0
ENSG00000012223,LTF,2,0.0,0.0058111854592196015,0.0
ENSG00000012504,NR1H4,2,0.0,0.000521257693336936,0.0
ENSG00000012779,ALOX5,2,0.0,0.00028141039130935173,0.0
ENSG00000013293,SLC7A14,2,0.0,0.0,0.0
ENSG00000013297,CLDN11,2,0.0,9.837316174352591e-05,0.0
ENSG00000013588,GPRC5A,2,0.0,0.0,0.0
ENSG00000013725,CD6,2,0.0,0.004738888745689913,0.0
ENSG00000014257,ACP3,2,0.0,0.0,0.0
ENSG00000015285,WAS,2,0.0,0.018068142304262437,0.0
ENSG00000015413,DPEP1,2,0.0,0.0,0.0
ENSG00000016402,IL20RA,2,0.0,0.0,0.0
ENSG00000023839,ABCC2,2,0.0,0.004753602751104585,0.0
ENSG00000017427,IGF1,2,0.0,0.0,0.0
ENSG00000018280,SLC11A1,2,0.0,0.008374127818882417,0.0
ENSG00000018607,ZNF285CP,2,0.0,0.0,0.0
ENSG00000019102,VSIG2,2,0.0,0.0,0.0
ENSG00000019991,HGF,2,0.0,0.008320324242251835,0.0
ENSG00000020633,RUNX3,2,0.0,0.0,0.0
ENSG00000021461,CYP3A43,2,0.0,0.0005149197105803932,0.0
ENSG00000021488,SLC7A9,2,0.0,0.04564391845072176,0.0
ENSG00000021852,C8B,2,0.0,0.0,0.0
ENSG00000022355,GABRA1,2,0.0,0.0,0.0
ENSG00000023445,BIRC3,2,0.0,0.02075918898518299,0.0
ENSG00000081051,AFP,2,0.0,0.0,0.0
ENSG00000081237,PTPRC,2,0.0,0.0,0.0
ENSG00000104518,GSDMD,2,0.0,0.019460291276339383,0.0
ENSG00000081248,CACNA1S,2,0.0,0.23022811074155253,0.0
ENSG00000100985,MMP9,2,0.0,0.0005916995912387548,0.0
ENSG00000100987,VSX1,2,0.0,0.02387403782279621,0.0
ENSG00000101074,R3HDML,2,0.0,0.00163314150098844,0.0
ENSG00000101076,HNF4A,2,0.0,0.0,0.0
ENSG00000101082,SLA2,2,0.0,0.0013602261437917161,0.0
ENSG00000101162,TUBB1,2,0.0,0.0,0.0
ENSG00000101180,HRH3,2,0.0,0.00011489544827699734,0.0
ENSG00000101188,NTSR1,2,0.0,0.00030029229666861054,0.0
ENSG00000101203,COL20A1,2,0.0,0.04897953160119235,0.0
ENSG00000101204,CHRNA4,2,0.0,0.005360353486640955,0.0
ENSG00000101210,EEF1A2,2,0.0,0.015241075170937111,0.0
ENSG00000101213,PTK6,2,0.0,0.00017491767428952373,0.0
ENSG00000101222,SPEF1,2,0.0,0.001613238218974347,0.0
ENSG00000101251,SEL1L2,2,0.0,0.060386215529290056,0.0
ENSG00000101255,TRIB3,2,0.0,0.0,0.0
ENSG00000101276,SLC52A3,2,0.0,0.005301806971460874,0.0
ENSG00000101280,ANGPT4,2,0.0,0.003783461287279014,0.0
ENSG00000101292,PROKR2,2,0.0,0.00314246831139534,0.0
ENSG00000101306,MYLK2,2,0.0,0.001536177405599931,0.0
ENSG00000101327,PDYN,2,0.0,0.006328940861489872,0.0
ENSG00000101331,CCM2L,2,0.0,0.0,0.0
ENSG00000101336,HCK,2,0.0,0.0,0.0
ENSG00000101342,TLDC2,2,0.0,0.0,0.0
ENSG00000101425,BPI,2,0.0,0.0,0.0
ENSG00000101470,TNNC2,2,0.0,0.0,0.0
ENSG00000100949,RABGGTA,2,0.0,0.0,0.0
ENSG00000100867,DHRS2,2,0.0,0.0,0.0
ENSG00000100652,SLC10A1,2,0.0,0.0005864820527415581,0.0
ENSG00000100336,APOL4,2,0.0,0.0036352703587108773,0.0
ENSG00000100249,C22orf31,2,0.0,0.0,0.0
ENSG00000100276,RASL10A,2,0.0,0.0026829616541506215,0.0
ENSG00000100285,NEFH,2,0.0,0.0016832113301308335,0.0
ENSG00000100290,BIK,2,0.0,0.014644708891879202,0.0
ENSG00000100292,HMOX1,2,0.0,0.0009716508075904034,0.0
ENSG00000100298,APOBEC3H,2,0.0,0.000945235398480049,0.0
ENSG00000100300,TSPO,2,0.0,0.01808072771697124,0.0
ENSG00000100302,RASD2,2,0.0,0.0,0.0
ENSG00000100311,PDGFB,2,0.0,0.0,0.0
ENSG00000100312,ACR,2,0.0,0.0,0.0
ENSG00000100314,CABP7,2,0.0,0.0,0.0
ENSG00000100341,PNPLA5,2,0.0,0.0,0.0
ENSG00000100628,ASB2,2,0.0,0.00205358825400557,0.0
ENSG00000100342,APOL1,2,0.0,0.0002647354056722823,0.0
ENSG00000100351,GRAP2,2,0.0,0.0,0.0
ENSG00000100362,PVALB,2,0.0,0.002034068242554069,0.0
ENSG00000100373,UPK3A,2,0.0,0.0017222680866059855,0.0
ENSG00000100385,IL2RB,2,0.0,0.0,0.0
ENSG00000100399,CHADL,2,0.0,0.0011658686650769692,0.0
ENSG00000100427,MLC1,2,0.0,0.0,0.0
ENSG00000100557,CCDC198,2,0.0,0.0023260854452779377,0.0
ENSG00000100558,PLEK2,2,0.0,0.0,0.0
ENSG00000100565,LRRC74A,2,0.0,0.0003915735256825516,0.0
ENSG00000100593,ISM2,2,0.0,0.0,0.0
ENSG00000101638,ST8SIA5,2,0.0,0.03235867692299124,0.0
ENSG00000101842,VSIG1,2,0.0,0.0018829796755250813,0.0
ENSG00000101890,GUCY2F,2,0.0,0.0,0.0
ENSG00000103472,RRN3P2,2,0.0,0.047963376537669446,0.0
ENSG00000103024,NME3,2,0.0,9.153419644049592e-05,0.0
ENSG00000103056,SMPD3,2,0.0,0.0004763752144665385,0.0
ENSG00000103089,FA2H,2,0.0,0.08872914967260795,0.0
ENSG00000103174,NAGPA,2,0.0,0.0008740568603646131,0.0
ENSG00000103175,WFDC1,2,0.0,0.0,0.0
ENSG00000103184,SEC14L5,2,0.0,0.0,0.0
ENSG00000103253,HAGHL,2,0.0,0.0010535824784800147,0.0
ENSG00000103254,ANTKMT,2,0.0,0.005842477040478391,0.0
ENSG00000103269,RHBDL1,2,0.0,0.003306058493689665,0.0
ENSG00000103355,PRSS33,2,0.0,0.0,0.0
ENSG00000103375,AQP8,2,0.0,0.02336204916088342,0.0
ENSG00000103490,PYCARD,2,0.0,0.004408392908225207,0.0
ENSG00000102981,PARD6A,2,0.0,0.0,0.0
ENSG00000103522,IL21R,2,0.0,0.0,0.0
ENSG00000103546,SLC6A2,2,0.0,0.0,0.0
ENSG00000103832,GOLGA8UP,2,0.0,0.0,0.0
ENSG00000104043,ATP8B4,2,0.0,0.002854711315882599,0.0
ENSG00000104140,RHOV,2,0.0,0.0009267813698176488,0.0
ENSG00000104154,SLC30A4,2,0.0,0.00013961873781088432,0.0
ENSG00000104213,PDGFRL,2,0.0,0.18896062754009643,0.0
ENSG00000104237,RP1,2,0.0,0.0038563469988380818,0.0
ENSG00000104321,TRPA1,2,0.0,0.0017611961872982982,0.0
ENSG00000104371,DKK4,2,0.0,0.003012361383745661,0.0
ENSG00000104499,GML,2,0.0,0.0,0.0
ENSG00000103023,PRSS54,2,0.0,0.0,0.0
ENSG00000102934,PLLP,2,0.0,0.0057134140607913225,0.0
ENSG00000101986,ABCD1,2,0.0,0.0,0.0
ENSG00000102359,SRPX2,2,0.0,0.0,0.0
ENSG00000102001,CACNA1F,2,0.0,0.0,0.0
ENSG00000102007,PLP2,2,0.0,0.0,0.0
ENSG00000102010,BMX,2,0.0,0.0,0.0
ENSG00000102048,ASB9,2,0.0,0.0,0.0
ENSG00000102057,KCND1,2,0.0,0.0,0.0
ENSG00000102104,RS1,2,0.0,0.0,0.0
ENSG00000102109,PCSK1N,2,0.0,0.0,0.0
ENSG00000102128,RAB40AL,2,0.0,0.0023647329293358544,0.0
ENSG00000102145,GATA1,2,0.0,0.0014048676555154167,0.0
ENSG00000102195,GPR50,2,0.0,0.001375536512411653,0.0
ENSG00000102313,ITIH6,2,0.0,0.003086728301241789,0.0
ENSG00000102387,TAF7L,2,0.0,0.0,0.0
ENSG00000102924,CBLN1,2,0.0,0.0012032315402802812,0.0
ENSG00000102445,RUBCNL,2,0.0,0.0009278937639534591,0.0
ENSG00000102468,HTR2A,2,0.0,0.0,0.0
ENSG00000102575,ACP5,2,0.0,0.0023407183300257752,0.0
ENSG00000102683,SGCG,2,0.0,0.0,0.0
ENSG00000102760,RGCC,2,0.0,0.0,0.0
ENSG00000102802,MEDAG,2,0.0,0.0022030891815040788,0.0
ENSG00000102871,TRADD,2,0.0,0.02626750749573141,0.0
ENSG00000102878,HSF4,2,0.0,0.0010043942077119052,0.0
ENSG00000102879,CORO1A,2,0.0,0.0,0.0
ENSG00000102886,GDPD3,2,0.0,0.004432111358295009,0.0
ENSG00000102890,ELMO3,2,0.0,0.0,0.0
ENSG00000100197,CYP2D6,2,0.0,0.0,0.0
ENSG00000100191,SLC5A4,2,0.0,0.0,0.0
ENSG00000100170,SLC5A1,2,0.0,0.008089987856004418,0.0
ENSG00000090339,ICAM1,2,0.0,0.10010038849361198,0.0
ENSG00000088726,TMEM40,2,0.0,0.001028812468654723,0.0
ENSG00000088827,SIGLEC1,2,0.0,0.0,0.0
ENSG00000088836,SLC4A11,2,0.0,0.0,0.0
ENSG00000088926,F11,2,0.0,0.00213197629589635,0.0
ENSG00000088992,TESC,2,0.0,0.0,0.0
ENSG00000089041,P2RX7,2,0.0,0.0002643326870457884,0.0
ENSG00000089163,SIRT4,2,0.0,0.0183370569068369,0.0
ENSG00000089169,RPH3A,2,0.0,7.740912342370084e-05,0.0
ENSG00000089199,CHGB,2,0.0,0.0,0.0
ENSG00000089558,KCNH4,2,0.0,0.0048062215715339,0.0
ENSG00000089692,LAG3,2,0.0,0.0,0.0
ENSG00000090382,LYZ,2,0.0,0.0029723195305802856,0.0
ENSG00000088320,REM1,2,0.0,0.0,0.0
ENSG00000090534,THPO,2,0.0,0.01569261026069751,0.0
ENSG00000090539,CHRD,2,0.0,0.0,0.0
ENSG00000090554,FLT3LG,2,0.0,0.0011814380508276638,0.0
ENSG00000090932,DLL3,2,0.0,0.0,0.0
ENSG00000091106,NLRC4,2,0.0,0.0,0.0
ENSG00000091128,LAMB4,2,0.0,0.0034654410722954453,0.0
ENSG00000091137,SLC26A4,2,0.0,0.0,0.0
ENSG00000091181,IL5RA,2,0.0,0.005462732562087385,0.0
ENSG00000091262,ABCC6,2,0.0,0.0,0.0
ENSG00000091482,SMPX,2,0.0,0.0,0.0
ENSG00000091513,TF,2,0.0,0.014572984823528918,0.0
ENSG00000088386,SLC15A1,2,0.0,0.0005472081916524018,0.0
ENSG00000088053,GP6,2,0.0,0.010287011339682689,0.0
ENSG00000091831,ESR1,2,0.0,0.0015040486791911133,0.0
ENSG00000084674,APOB,2,0.0,0.0030091150769534568,0.0
ENSG00000081277,PKP1,2,0.0,0.001665365465766339,0.0
ENSG00000081985,IL12RB2,2,0.0,0.0,0.0
ENSG00000082074,FYB1,2,0.0,0.0017792377948882266,0.0
ENSG00000082126,MPP4,2,0.0,0.0,0.0
ENSG00000082175,PGR,2,0.0,0.0,0.0
ENSG00000082482,KCNK2,2,0.0,0.0013312334326298228,0.0
ENSG00000082497,SERTAD4,2,0.0,0.003633127092999875,0.0
ENSG00000082556,OPRK1,2,0.0,0.0,0.0
ENSG00000083454,P2RX5,2,0.0,0.004196387741287525,0.0
ENSG00000083622,ENSG00000083622,2,0.0,0.0007588012790137984,0.0
ENSG00000084110,HAL,2,0.0,0.0,0.0
ENSG00000084734,GCKR,2,0.0,0.0021120254497798696,0.0
ENSG00000088002,SULT2B1,2,0.0,0.0,0.0
ENSG00000085465,OVGP1,2,0.0,5.360074897343838e-05,0.0
ENSG00000085741,WNT11,2,0.0,0.0,0.0
ENSG00000086159,AQP6,2,0.0,0.0,0.0
ENSG00000086205,FOLH1,2,0.0,0.0,0.0
ENSG00000086570,FAT2,2,0.0,0.0,0.0
ENSG00000086967,MYBPC2,2,0.0,0.00019998087544068904,0.0
ENSG00000087085,ACHE,2,0.0,0.0,0.0
ENSG00000087128,TMPRSS11E,2,0.0,0.001190472510546142,0.0
ENSG00000087494,PTHLH,2,0.0,0.0,0.0
ENSG00000087510,TFAP2C,2,0.0,0.002185876912902502,0.0
ENSG00000087589,CASS4,2,0.0,0.011290136852453366,0.0
ENSG00000091583,APOH,2,0.0,0.0023634972909071504,0.0
ENSG00000092054,MYH7,2,0.0,0.02003371891657582,0.0
ENSG00000100156,SLC16A8,2,0.0,0.0,0.0
ENSG00000099994,SUSD2,2,0.0,0.032787360484046756,0.0
ENSG00000099840,IZUMO4,2,0.0,0.0,0.0
ENSG00000099849,RASSF7,2,0.0,0.0,0.0
ENSG00000099860,GADD45B,2,0.0,0.0058600928697023205,0.0
ENSG00000099866,MADCAM1,2,0.0,0.0,0.0
ENSG00000099937,SERPIND1,2,0.0,0.027444672667173296,0.0
ENSG00000099953,MMP11,2,0.0,0.009655920513280233,0.0
ENSG00000099957,P2RX6,2,0.0,0.015300479132162072,0.0
ENSG00000099958,DERL3,2,0.0,0.00018957471251351203,0.0
ENSG00000099960,SLC7A4,2,0.0,0.0,0.0
ENSG00000099974,DDTL,2,0.0,0.0015320713924230516,0.0
ENSG00000099984,GSTT2,2,0.0,0.007379139142524941,0.0
ENSG00000099998,GGT5,2,0.0,0.0,0.0
ENSG00000099822,HCN2,2,0.0,0.0009331278325642942,0.0
ENSG00000100012,SEC14L3,2,0.0,0.0,0.0
ENSG00000100024,UPB1,2,0.0,0.00027761930557561,0.0
ENSG00000100031,GGT1,2,0.0,0.0,0.0
ENSG00000100033,PRODH,2,0.0,0.0059863030660192475,0.0
ENSG00000100053,CRYBB3,2,0.0,0.0022615704587921684,0.0
ENSG00000100060,MFNG,2,0.0,0.0033516061875136925,0.0
ENSG00000100079,LGALS2,2,0.0,0.0,0.0
ENSG00000100097,LGALS1,2,0.0,0.0,0.0
ENSG00000100100,PIK3IP1,2,0.0,0.04590726508967066,0.0
ENSG00000100122,CRYBB1,2,0.0,0.0,0.0
ENSG00000100146,SOX10,2,0.0,0.0008249705329577691,0.0
ENSG00000099834,CDHR5,2,0.0,0.0,0.0
ENSG00000099812,MISP,2,0.0,0.0,0.0
ENSG00000092200,RPGRIP1,2,0.0,0.0004518170358069155,0.0
ENSG00000095596,CYP26A1,2,0.0,0.003338413853209234,0.0
ENSG00000092295,TGM1,2,0.0,0.012406907467411426,0.0
ENSG00000092377,TBL1Y,2,0.0,0.003372121009722437,0.0
ENSG00000092529,CAPN3,2,0.0,0.0,0.0
ENSG00000092607,TBX15,2,0.0,4.6702126124615134e-05,0.0
ENSG00000092929,UNC13D,2,0.0,0.005090729488348811,0.0
ENSG00000094755,GABRP,2,0.0,3.7171715920589115e-05,0.0
ENSG00000094963,FMO2,2,0.0,0.0,0.0
ENSG00000095110,NXPE1,2,0.0,0.0,0.0
ENSG00000095303,PTGS1,2,0.0,0.001213169353136802,0.0
ENSG00000095464,PDE6C,2,0.0,0.011775468697658725,0.0
ENSG00000095585,BLNK,2,0.0,0.0,0.0
ENSG00000095627,TDRD1,2,0.0,0.002742662024532702,0.0
ENSG00000099725,PRKY,2,0.0,0.0025259071456676385,0.0
ENSG00000095713,CRTAC1,2,0.0,9.687508386208337e-06,0.0
ENSG00000095752,IL11,2,0.0,0.0024397503281960975,0.0
ENSG00000095932,SMIM24,2,0.0,0.0124984646285011,0.0
ENSG00000096088,PGC,2,0.0,0.0005524623658099216,0.0
ENSG00000096395,MLN,2,0.0,0.0021248150225325075,0.0
ENSG00000096996,IL12RB1,2,0.0,0.0,0.0
ENSG00000099251,HSD17B7P2,2,0.0,0.0029119280726179527,0.0
ENSG00000099260,PALMD,2,0.0,0.0006625107523154782,0.0
ENSG00000099330,OCEL1,2,0.0,0.0,0.0
ENSG00000099377,HSD3B7,2,0.0,0.0,0.0
ENSG00000099715,PCDH11Y,2,0.0,0.0,0.0
ENSG00000124343,XG,2,0.0,0.00911525468134746,0.0
ENSG00000124391,IL17C,2,0.0,0.0,0.0
ENSG00000124429,POF1B,2,0.0,0.013251629471835004,0.0
ENSG00000148386,LCN9,2,0.0,0.0,0.0
ENSG00000144891,AGTR1,2,0.0,0.008482071182735699,0.0
ENSG00000144908,ALDH1L1,2,0.0,0.007982034834523638,0.0
ENSG00000144962,SPATA16,2,0.0,0.0006347973485059641,0.0
ENSG00000145002,FAM86B2,2,0.0,0.09831582811239314,0.0
ENSG00000145063,ENSG00000145063,2,0.0,0.020429267431063006,0.0
ENSG00000145075,ENSG00000145075,2,0.0,0.02310455059662066,0.0
ENSG00000145103,ILDR1,2,0.0,0.08655793922474857,0.0
ENSG00000145107,TM4SF19,2,0.0,0.004673334045021396,0.0
ENSG00000145113,MUC4,2,0.0,0.0034353963761120073,0.0
ENSG00000145192,AHSG,2,0.0,0.001118928220323379,0.0
ENSG00000145194,ECE2,2,0.0,0.0009464052058919697,0.0
ENSG00000145198,VWA5B2,2,0.0,0.004711615802383981,0.0
ENSG00000145217,SLC26A1,2,0.0,0.0027837261921241207,0.0
ENSG00000145248,SLC10A4,2,0.0,0.0,0.0
ENSG00000145283,SLC10A6,2,0.0,0.0,0.0
ENSG00000145287,PLAC8,2,0.0,0.00331670735050222,0.0
ENSG00000145309,CABS1,2,0.0,0.0,0.0
ENSG00000145321,GC,2,0.0,0.001285759491202388,0.0
ENSG00000145451,GLRA3,2,0.0,0.00117382857586936,0.0
ENSG00000145506,NKD2,2,0.0,0.0,0.0
ENSG00000145626,UGT3A1,2,0.0,0.0,0.0
ENSG00000145649,GZMA,2,0.0,0.001053581366260655,0.0
ENSG00000145681,HAPLN1,2,0.0,0.0003924706100811145,0.0
ENSG00000145692,BHMT,2,0.0,0.0,0.0
ENSG00000145708,CRHBP,2,0.0,0.0009766421168472793,0.0
ENSG00000144852,NR1I2,2,0.0,0.005330463774955448,0.0
ENSG00000144843,ADPRH,2,0.0,0.003915929423319297,0.0
ENSG00000144837,PLA1A,2,0.0,0.023397867535895404,0.0
ENSG00000144191,CNGA3,2,0.0,0.0036021458291185153,0.0
ENSG00000143627,PKLR,2,0.0,0.0,0.0
ENSG00000143632,ACTA1,2,0.0,0.0,0.0
ENSG00000143768,LEFTY2,2,0.0,0.0,0.0
ENSG00000143851,PTPN7,2,0.0,0.0014764612147515025,0.0
ENSG00000143867,OSR1,2,0.0,0.0,0.0
ENSG00000143921,ABCG8,2,0.0,0.05334704847758075,0.0
ENSG00000143994,ABHD1,2,0.0,0.0,0.0
ENSG00000144031,ANKRD53,2,0.0,0.0,0.0
ENSG00000144045,DQX1,2,0.0,0.0,0.0
ENSG00000144063,MALL,2,0.0,0.024249714222091816,0.0
ENSG00000144130,NT5DC4,2,0.0,0.001540510192530115,0.0
ENSG00000144407,PTH2R,2,0.0,0.0,0.0
ENSG00000144821,MYH15,2,0.0,0.0,0.0
ENSG00000144410,CPO,2,0.0,0.0002058726058319336,0.0
ENSG00000144452,ABCA12,2,0.0,0.0032549589070044334,0.0
ENSG00000144460,NYAP2,2,0.0,0.0,0.0
ENSG00000144481,TRPM8,2,0.0,0.0,0.0
ENSG00000144488,ESPNL,2,0.0,0.00808769840963865,0.0
ENSG00000144550,CPNE9,2,0.0,0.29193585087690216,0.0
ENSG00000144644,GADL1,2,0.0,0.0,0.0
ENSG00000144648,ACKR2,2,0.0,0.0,0.0
ENSG00000144671,SLC22A14,2,0.0,0.0,0.0
ENSG00000144771,LRTM1,2,0.0,0.0,0.0
ENSG00000144820,ADGRG7,2,0.0,0.0,0.0
ENSG00000145757,SPATA9,2,0.0,0.006974500169369987,0.0
ENSG00000145777,TSLP,2,0.0,0.0010398532730240273,0.0
ENSG00000145850,TIMD4,2,0.0,0.002935057448245265,0.0
ENSG00000147571,CRH,2,0.0,0.0009284870453227343,0.0
ENSG00000146955,RAB19,2,0.0,0.0,0.0
ENSG00000147036,LANCL3,2,0.0,0.0,0.0
ENSG00000147041,SYTL5,2,0.0,0.0,0.0
ENSG00000147059,SPIN2A,2,0.0,0.0,0.0
ENSG00000147082,CCNB3,2,0.0,0.0,0.0
ENSG00000147138,GPR174,2,0.0,0.0007627800463842448,0.0
ENSG00000147256,ARHGAP36,2,0.0,0.021810461982624908,0.0
ENSG00000147432,CHRNB3,2,0.0,0.0,0.0
ENSG00000147434,CHRNA6,2,0.0,0.003741625093277653,0.0
ENSG00000147465,STAR,2,0.0,0.08711890396655655,0.0
ENSG00000147570,DNAJC5B,2,0.0,0.0,0.0
ENSG00000147573,TRIM55,2,0.0,0.03548352031302891,0.0
ENSG00000146839,ZAN,2,0.0,0.0,0.0
ENSG00000147606,SLC26A7,2,0.0,0.01605441418713864,0.0
ENSG00000147613,PSKH2,2,0.0,0.014593129440210571,0.0
ENSG00000147614,ATP6V0D2,2,0.0,0.0014005534798341088,0.0
ENSG00000147647,DPYS,2,0.0,0.0017433271807540476,0.0
ENSG00000147689,FAM83A,2,0.0,0.0,0.0
ENSG00000147804,SLC39A4,2,0.0,0.0,0.0
ENSG00000147869,CER1,2,0.0,0.0,0.0
ENSG00000147883,CDKN2B,2,0.0,0.0,0.0
ENSG00000147889,CDKN2A,2,0.0,0.0,0.0
ENSG00000147896,IFNK,2,0.0,0.0,0.0
ENSG00000148344,PTGES,2,0.0,0.0,0.0
ENSG00000146859,TMEM140,2,0.0,0.011597584336290432,0.0
ENSG00000146833,TRIM4,2,0.0,0.0,0.0
ENSG00000145861,C1QTNF2,2,0.0,0.004040505548608263,0.0
ENSG00000146166,LGSN,2,0.0,0.0,0.0
ENSG00000145863,GABRA6,2,0.0,0.0,0.0
ENSG00000145888,GLRA1,2,0.0,0.0,0.0
ENSG00000145936,KCNMB1,2,0.0,0.0,0.0
ENSG00000145945,FAM50B,2,0.0,0.0,0.0
ENSG00000145949,MYLK4,2,0.0,0.0,0.0
ENSG00000146005,PSD2,2,0.0,0.0,0.0
ENSG00000146006,LRRTM2,2,0.0,0.0,0.0
ENSG00000146013,GFRA3,2,0.0,0.0,0.0
ENSG00000146070,PLA2G7,2,0.0,0.0,0.0
ENSG00000146094,DOK3,2,0.0,0.0,0.0
ENSG00000146147,MLIP,2,0.0,0.0004979923948327334,0.0
ENSG00000146192,FGD2,2,0.0,0.0,0.0
ENSG00000146826,TRAPPC14,2,0.0,0.0184412288952261,0.0
ENSG00000146205,ANO7,2,0.0,0.000686822945767212,0.0
ENSG00000146221,TCTE1,2,0.0,0.02272956446038284,0.0
ENSG00000146276,GABRR1,2,0.0,0.0,0.0
ENSG00000146285,SCML4,2,0.0,0.012232935941355336,0.0
ENSG00000146453,PNLDC1,2,0.0,0.0,0.0
ENSG00000146521,ENSG00000146521,2,0.0,0.0,0.0
ENSG00000146556,WASH2P,2,0.0,0.0009569800612624792,0.0
ENSG00000146674,IGFBP3,2,0.0,0.0,0.0
ENSG00000146677,RPL32P18,2,0.0,0.0,0.0
ENSG00000146755,TRIM50,2,0.0,0.0,0.0
ENSG00000146809,ASB15,2,0.0,0.0009661643015671455,0.0
ENSG00000143590,EFNA3,2,0.0,0.0005741396070210181,0.0
ENSG00000143512,HHIPL2,2,0.0,0.0,0.0
ENSG00000143452,HORMAD1,2,0.0,0.0007362850101875659,0.0
ENSG00000141086,CTRL,2,0.0,0.0012372149350262324,0.0
ENSG00000140682,TGFB1I1,2,0.0,0.0,0.0
ENSG00000140749,IGSF6,2,0.0,0.0016060704479381566,0.0
ENSG00000140835,CHST4,2,0.0,0.0,0.0
ENSG00000140839,CLEC18B,2,0.0,5.605464609900448e-05,0.0
ENSG00000140853,NLRC5,2,0.0,0.005633077258874963,0.0
ENSG00000140932,CMTM2,2,0.0,0.00011293932775827547,0.0
ENSG00000140939,NOL3,2,0.0,0.003888564940070092,0.0
ENSG00000140961,OSGIN1,2,0.0,0.036947650684270535,0.0
ENSG00000140968,IRF8,2,0.0,0.0,0.0
ENSG00000140986,RPL3L,2,0.0,0.0,0.0
ENSG00000141052,MYOCD,2,0.0,0.0035321491973652757,0.0
ENSG00000141096,DPEP3,2,0.0,0.0,0.0
ENSG00000140675,SLC5A2,2,0.0,0.0,0.0
ENSG00000141161,UNC45B,2,0.0,0.0015978923543319332,0.0
ENSG00000141194,OR4D1,2,0.0,0.0014032928412898724,0.0
ENSG00000141255,SPATA22,2,0.0,0.0005348201146789587,0.0
ENSG00000141293,SKAP1,2,0.0,0.11444874811634193,0.0
ENSG00000141294,LRRC46,2,0.0,0.0005152281163508633,0.0
ENSG00000141371,CHCT1,2,0.0,0.00495314639450534,0.0
ENSG00000141433,ADCYAP1,2,0.0,0.0,0.0
ENSG00000141434,MEP1B,2,0.0,0.0009522091492853288,0.0
ENSG00000141448,GATA6,2,0.0,0.0007005390173423957,0.0
ENSG00000141469,SLC14A1,2,0.0,0.0,0.0
ENSG00000141485,SLC13A5,2,0.0,0.0,0.0
ENSG00000140678,ITGAX,2,0.0,0.0,0.0
ENSG00000140623,SEPTIN12,2,0.0,0.0004637668946242172,0.0
ENSG00000141506,PIK3R5,2,0.0,0.000897616873384489,0.0
ENSG00000140092,FBLN5,2,0.0,0.0007312385631171693,0.0
ENSG00000139626,ITGB7,2,0.0,0.0034386945341231255,0.0
ENSG00000139675,HNRNPA1L2,2,0.0,0.009456144676716053,0.0
ENSG00000139874,SSTR1,2,0.0,0.021747206011297576,0.0
ENSG00000139890,REM2,2,0.0,0.003695892746654919,0.0
ENSG00000139899,CBLN3,2,0.0,9.442830650815388e-05,0.0
ENSG00000139908,TSSK4,2,0.0,0.0015777022382292968,0.0
ENSG00000139914,FITM1,2,0.0,0.0022044100879551193,0.0
ENSG00000139985,ADAM21,2,0.0,0.0,0.0
ENSG00000139988,RDH12,2,0.0,0.0,0.0
ENSG00000140067,FAM181A,2,0.0,0.0,0.0
ENSG00000140090,SLC24A4,2,0.0,0.001345830029405516,0.0
ENSG00000140093,SERPINA10,2,0.0,0.0866109652800205,0.0
ENSG00000140527,WDR93,2,0.0,0.006602507776093526,0.0
ENSG00000140254,DUOXA1,2,0.0,0.0008580909818947795,0.0
ENSG00000140280,LYSMD2,2,0.0,0.08589031142058877,0.0
ENSG00000140285,FGF7,2,0.0,0.0,0.0
ENSG00000140297,GCNT3,2,0.0,0.000354303628803344,0.0
ENSG00000140323,DISP2,2,0.0,0.0,0.0
ENSG00000140368,PSTPIP1,2,0.0,0.0,0.0
ENSG00000140459,CYP11A1,2,0.0,0.004944054958952438,0.0
ENSG00000140488,CELF6,2,0.0,0.005688295316037067,0.0
ENSG00000140506,LMAN1L,2,0.0,0.0,0.0
ENSG00000140519,RHCG,2,0.0,0.0,0.0
ENSG00000140522,RLBP1,2,0.0,0.0,0.0
ENSG00000141497,ZMYND15,2,0.0,0.0,0.0
ENSG00000141527,CARD14,2,0.0,0.0,0.0
ENSG00000143450,OAZ3,2,0.0,0.005023047211830619,0.0
ENSG00000143171,RXRG,2,0.0,0.0009016461959156704,0.0
ENSG00000142694,EVA1B,2,0.0,0.0007177562217150823,0.0
ENSG00000142910,TINAGL1,2,0.0,0.004265330779986507,0.0
ENSG00000142959,BEST4,2,0.0,0.0,0.0
ENSG00000142961,MOB3C,2,0.0,0.0,0.0
ENSG00000143001,TMEM61,2,0.0,4.401083424884608e-05,0.0
ENSG00000143028,SYPL2,2,0.0,0.005635267873598827,0.0
ENSG00000143032,BARHL2,2,0.0,0.01215390638612763,0.0
ENSG00000143107,FNDC7,2,0.0,0.0,0.0
ENSG00000143110,C1orf162,2,0.0,0.0,0.0
ENSG00000143119,CD53,2,0.0,0.0002847111349260058,0.0
ENSG00000143127,ITGA10,2,0.0,0.0073174164105780275,0.0
ENSG00000143184,XCL1,2,0.0,0.0,0.0
ENSG00000142661,MYOM3,2,0.0,0.02681827894157983,0.0
ENSG00000143196,DPT,2,0.0,0.0026033455527703833,0.0
ENSG00000143199,ADCY10,2,0.0,0.0,0.0
ENSG00000143257,NR1I3,2,0.0,0.017604479935370697,0.0
ENSG00000143278,F13B,2,0.0,0.0,0.0
ENSG00000143297,FCRL5,2,0.0,0.0018542665185972524,0.0
ENSG00000143318,CASQ1,2,0.0,0.0,0.0
ENSG00000143340,FAM163A,2,0.0,0.004461277975553189,0.0
ENSG00000143365,RORC,2,0.0,0.015549980147187888,0.0
ENSG00000143369,ECM1,2,0.0,0.0025156804548823065,0.0
ENSG00000143382,ADAMTSL4,2,0.0,0.0,0.0
ENSG00000143412,ANXA9,2,0.0,0.0007834924114555456,0.0
ENSG00000142677,IL22RA1,2,0.0,0.012515912741098669,0.0
ENSG00000142623,PADI1,2,0.0,0.01615681275506354,0.0
ENSG00000141579,ZNF750,2,0.0,0.0,0.0
ENSG00000142319,SLC6A3,2,0.0,0.023615557368522652,0.0
ENSG00000141668,CBLN2,2,0.0,0.0,0.0
ENSG00000141744,PNMT,2,0.0,0.002739384242063689,0.0
ENSG00000141748,ARL5C,2,0.0,0.0016273616706842559,0.0
ENSG00000141750,STAC2,2,0.0,0.0,0.0
ENSG00000141854,MISP3,2,0.0,0.0,0.0
ENSG00000141873,SLC39A3,2,0.0,0.0,0.0
ENSG00000141968,VAV1,2,0.0,0.000777114766091651,0.0
ENSG00000142185,TRPM2,2,0.0,0.0022734900891512437,0.0
ENSG00000142224,IL19,2,0.0,0.0,0.0
ENSG00000142233,NTN5,2,0.0,0.0,0.0
ENSG00000142252,GEMIN7,2,0.0,0.005704917736387388,0.0
ENSG00000142327,RNPEPL1,2,0.0,0.0,0.0
ENSG00000142619,PADI3,2,0.0,0.0009240988610663223,0.0
ENSG00000142347,MYO1F,2,0.0,0.0016413120445785503,0.0
ENSG00000142396,ERVK3-1,2,0.0,0.0004403883608692042,0.0
ENSG00000142405,NLRP12,2,0.0,0.0,0.0
ENSG00000142512,SIGLEC10,2,0.0,0.00019630307859001193,0.0
ENSG00000142513,ACP4,2,0.0,0.0,0.0
ENSG00000142530,GARIN5A,2,0.0,0.017080496523356404,0.0
ENSG00000142539,ENSG00000142539,2,0.0,0.009995751949085795,0.0
ENSG00000142544,CTU1,2,0.0,0.0,0.0
ENSG00000142583,SLC2A5,2,0.0,0.0,0.0
ENSG00000142606,MMEL1,2,0.0,0.009252806081525655,0.0
ENSG00000142615,CELA2A,2,0.0,0.0,0.0
ENSG00000148377,IDI2,2,0.0,0.002733552717780378,0.0
ENSG00000148482,SLC39A12,2,0.0,0.01986508371090727,0.0
ENSG00000139572,GPR84,2,0.0,0.008427210968635164,0.0
ENSG00000148483,TMEM236,2,0.0,0.01198124219789054,0.0
ENSG00000155026,RSPH10B,2,0.0,0.0008250196779772575,0.0
ENSG00000155066,PROM2,2,0.0,0.0,0.0
ENSG00000155265,GOLGA7B,2,0.0,0.002060300288957537,0.0
ENSG00000155269,GPR78,2,0.0,0.00233802216732322,0.0
ENSG00000155307,SAMSN1,2,0.0,0.003858126153753732,0.0
ENSG00000155367,PPM1J,2,0.0,0.018553332013859516,0.0
ENSG00000155428,TRIM74,2,0.0,0.0029000038499266555,0.0
ENSG00000155465,SLC7A7,2,0.0,0.0,0.0
ENSG00000155714,PDZD9,2,0.0,0.0061872855299264255,0.0
ENSG00000155719,OTOA,2,0.0,0.0,0.0
ENSG00000155754,C2CD6,2,0.0,0.0200897131984041,0.0
ENSG00000155926,SLA,2,0.0,0.0012503720220036344,0.0
ENSG00000155962,CLIC2,2,0.0,0.0,0.0
ENSG00000156006,NAT2,2,0.0,0.009465479237454465,0.0
ENSG00000156076,WIF1,2,0.0,0.0,0.0
ENSG00000156096,UGT2B4,2,0.0,0.016646666459774546,0.0
ENSG00000156097,GPR61,2,0.0,0.0006437492743892712,0.0
ENSG00000156150,ALX3,2,0.0,0.0,0.0
ENSG00000156194,PPEF2,2,0.0,0.0009234860891258154,0.0
ENSG00000156219,ART3,2,0.0,0.011542241246861054,0.0
ENSG00000156222,SLC28A1,2,0.0,0.0,0.0
ENSG00000156265,MAP3K7CL,2,0.0,0.003627653306658135,0.0
ENSG00000156269,NAA11,2,0.0,0.0,0.0
ENSG00000156413,FUT6,2,0.0,0.0,0.0
ENSG00000156414,TDRD9,2,0.0,0.0,0.0
ENSG00000154997,SEPTIN14,2,0.0,0.0,0.0
ENSG00000154930,ACSS1,2,0.0,0.0025824789742146742,0.0
ENSG00000154874,CCDC144BP,2,0.0,0.012323250282781638,0.0
ENSG00000154258,ABCA9,2,0.0,0.0009340517715143277,0.0
ENSG00000153789,CIBAR2,2,0.0,0.019845971153331473,0.0
ENSG00000153802,TMPRSS11D,2,0.0,0.0005876165484195849,0.0
ENSG00000153820,SPHKAP,2,0.0,0.0004126816552438498,0.0
ENSG00000153822,KCNJ16,2,0.0,0.005719590821230207,0.0
ENSG00000153923,CLCA3P,2,0.0,0.0017971361532263888,0.0
ENSG00000154016,GRAP,2,0.0,0.0,0.0
ENSG00000154025,SLC5A10,2,0.0,0.0,0.0
ENSG00000154133,ROBO4,2,0.0,0.0,0.0
ENSG00000154146,NRGN,2,0.0,0.02060472574398107,0.0
ENSG00000154227,CERS3,2,0.0,0.006299787374654444,0.0
ENSG00000154252,GAL3ST2,2,0.0,0.0,0.0
ENSG00000154262,ABCA6,2,0.0,0.0,0.0
ENSG00000154736,ADAMTS5,2,0.0,0.0,0.0
ENSG00000154263,ABCA10,2,0.0,0.0,0.0
ENSG00000154269,ENPP3,2,0.0,0.0041854510736160765,0.0
ENSG00000154316,TDH,2,0.0,0.0006468021258327089,0.0
ENSG00000154415,PPP1R3A,2,0.0,0.0017948854795116693,0.0
ENSG00000154478,GPR26,2,0.0,0.0013704815717974041,0.0
ENSG00000154485,MMP21,2,0.0,0.0031623371439789528,0.0
ENSG00000154493,C10orf90,2,0.0,0.015088226520238439,0.0
ENSG00000154589,LY96,2,0.0,0.0022766422317278562,0.0
ENSG00000154608,CEP170P1,2,0.0,0.001612654988687441,0.0
ENSG00000154611,PSMA8,2,0.0,0.002923463553948349,0.0
ENSG00000154646,TMPRSS15,2,0.0,0.0,0.0
ENSG00000156466,GDF6,2,0.0,0.004677142642256856,0.0
ENSG00000156510,HKDC1,2,0.0,0.0,0.0
ENSG00000156574,NODAL,2,0.0,0.025704807406770887,0.0
ENSG00000158516,CPA2,2,0.0,0.0013723390468963217,0.0
ENSG00000158050,DUSP2,2,0.0,0.0022108833386943103,0.0
ENSG00000158055,GRHL3,2,0.0,0.0009797021090908046,0.0
ENSG00000158077,NLRP14,2,0.0,0.01075009137580956,0.0
ENSG00000158104,HPD,2,0.0,0.0,0.0
ENSG00000158113,LRRC43,2,0.0,0.0,0.0
ENSG00000158156,XKR8,2,0.0,0.0,0.0
ENSG00000158286,RNF207,2,0.0,0.0023994863347346364,0.0
ENSG00000158428,CATIP,2,0.0,0.0,0.0
ENSG00000158473,CD1D,2,0.0,0.0,0.0
ENSG00000158483,FAM86C1P,2,0.0,0.00130411165410453,0.0
ENSG00000158486,DNAH3,2,0.0,0.0,0.0
ENSG00000158525,CPA5,2,0.0,0.010533109189005869,0.0
ENSG00000157999,ANKRD61,2,0.0,0.009548825102493982,0.0
ENSG00000158553,POM121L2,2,0.0,0.01121069425578713,0.0
ENSG00000158578,ALAS2,2,0.0,0.008478852575692317,0.0
ENSG00000158683,PKD1L1,2,0.0,0.0,0.0
ENSG00000158716,DUSP23,2,0.0,0.001232722925088869,0.0
ENSG00000158764,ITLN2,2,0.0,0.0,0.0
ENSG00000158806,NPM2,2,0.0,0.0010309295190466339,0.0
ENSG00000158815,FGF17,2,0.0,0.0,0.0
ENSG00000158825,CDA,2,0.0,0.0027306525346519135,0.0
ENSG00000158856,DMTN,2,0.0,0.0028189513884081326,0.0
ENSG00000158859,ADAMTS4,2,0.0,0.0051579860158619826,0.0
ENSG00000158865,SLC5A11,2,0.0,0.0,0.0
ENSG00000158008,EXTL1,2,0.0,0.0,0.0
ENSG00000157992,KRTCAP3,2,0.0,0.0,0.0
ENSG00000156804,FBXO32,2,0.0,0.01471067453904849,0.0
ENSG00000157326,DHRS4,2,0.0,0.0,0.0
ENSG00000156886,ITGAD,2,0.0,0.0,0.0
ENSG00000156920,ADGRG4,2,0.0,0.007207976759826436,0.0
ENSG00000157017,GHRL,2,0.0,0.0,0.0
ENSG00000157021,CIBAR1P1,2,0.0,0.0012724922700903221,0.0
ENSG00000157060,SHCBP1L,2,0.0,0.0,0.0
ENSG00000157111,TMEM171,2,0.0,0.0,0.0
ENSG00000157150,TIMP4,2,0.0,0.02049178342653236,0.0
ENSG00000157211,CDCP2,2,0.0,0.008757501346434276,0.0
ENSG00000157303,SUSD3,2,0.0,0.0,0.0
ENSG00000157315,TMED6,2,0.0,0.0,0.0
ENSG00000157322,CLEC18A,2,0.0,0.002084336998080641,0.0
ENSG00000157330,CFAP107,2,0.0,0.0,0.0
ENSG00000157884,CIB4,2,0.0,0.002574877058817712,0.0
ENSG00000157343,ARMC12,2,0.0,0.0005160408763924785,0.0
ENSG00000157510,AFAP1L1,2,0.0,0.000478168278091748,0.0
ENSG00000157551,KCNJ15,2,0.0,0.0,0.0
ENSG00000157601,MX1,2,0.0,0.0003784978753703427,0.0
ENSG00000157653,C9orf43,2,0.0,0.0,0.0
ENSG00000157703,SVOPL,2,0.0,0.0,0.0
ENSG00000157734,SNX22,2,0.0,0.02466117484090348,0.0
ENSG00000157765,SLC34A2,2,0.0,0.0,0.0
ENSG00000157766,ACAN,2,0.0,0.002474985967698389,0.0
ENSG00000157782,CABP1,2,0.0,0.0041674083426917205,0.0
ENSG00000157873,TNFRSF14,2,0.0,0.002484456811264551,0.0
ENSG00000153563,CD8A,2,0.0,0.001662624168133232,0.0
ENSG00000153498,SPACA7,2,0.0,0.0,0.0
ENSG00000153495,TEX29,2,0.0,0.0019434569928479673,0.0
ENSG00000150361,KLHL1,2,0.0,0.00018920914806445845,0.0
ENSG00000149654,CDH22,2,0.0,0.00037043598640898245,0.0
ENSG00000149742,SLC22A9,2,0.0,0.00037575631685552547,0.0
ENSG00000149761,NUDT22,2,0.0,0.01043867076361439,0.0
ENSG00000149781,FERMT3,2,0.0,0.0,0.0
ENSG00000149798,CDC42EP2,2,0.0,0.003952848847706024,0.0
ENSG00000149922,TBX6,2,0.0,0.0,0.0
ENSG00000149927,DOC2A,2,0.0,0.0,0.0
ENSG00000149968,MMP3,2,0.0,0.001879735943505737,0.0
ENSG00000150048,CLEC1A,2,0.0,0.0,0.0
ENSG00000150051,MKX,2,0.0,0.0037379571405361457,0.0
ENSG00000150281,CTF1,2,0.0,0.01893407389547739,0.0
ENSG00000150594,ADRA2A,2,0.0,3.041863263425729e-05,0.0
ENSG00000149635,OCSTAMP,2,0.0,0.0,0.0
ENSG00000150628,SPATA4,2,0.0,0.003096476288627668,0.0
ENSG00000150656,CNDP1,2,0.0,0.0009440301372742162,0.0
ENSG00000150676,CCDC83,2,0.0,0.0050819684491064734,0.0
ENSG00000150782,IL18,2,0.0,0.0010032637829391052,0.0
ENSG00000150783,TEX12,2,0.0,0.0,0.0
ENSG00000151006,PRSS53,2,0.0,0.0,0.0
ENSG00000151079,KCNA6,2,0.0,0.0,0.0
ENSG00000151117,TMEM86A,2,0.0,0.0,0.0
ENSG00000151164,RAD9B,2,0.0,0.021140495279361113,0.0
ENSG00000151224,MAT1A,2,0.0,0.0,0.0
ENSG00000151303,ENSG00000151303,2,0.0,3.6892954295768735e-05,0.0
ENSG00000149646,CNBD2,2,0.0,0.001831711907988351,0.0
ENSG00000149634,SPATA25,2,0.0,0.00032079270892629666,0.0
ENSG00000151364,KCTD14,2,0.0,0.00431525451052232,0.0
ENSG00000149243,KLHL35,2,0.0,0.03708298641691058,0.0
ENSG00000148513,ANKRD30A,2,0.0,0.0008213666440470336,0.0
ENSG00000148584,A1CF,2,0.0,0.019803111582321658,0.0
ENSG00000148604,RGR,2,0.0,0.005303500819899101,0.0
ENSG00000148671,ADIRF,2,0.0,0.0006657297624660775,0.0
ENSG00000148734,NPFFR1,2,0.0,0.0014982707759601868,0.0
ENSG00000148735,PLEKHS1,2,0.0,0.0014601650054949767,0.0
ENSG00000148803,FUOM,2,0.0,0.0,0.0
ENSG00000148908,RGS10,2,0.0,0.002906879969394067,0.0
ENSG00000148965,SAA4,2,0.0,0.0,0.0
ENSG00000149021,SCGB1A1,2,0.0,0.0,0.0
ENSG00000149124,GLYAT,2,0.0,0.03798784941685568,0.0
ENSG00000149295,DRD2,2,0.0,0.02769757478888301,0.0
ENSG00000149633,KIAA1755,2,0.0,0.0074818413815001825,0.0
ENSG00000149300,C11orf52,2,0.0,0.0,0.0
ENSG00000149380,P4HA3,2,0.0,0.0,0.0
ENSG00000149451,ADAM33,2,0.0,0.0,0.0
ENSG00000149488,TMC2,2,0.0,0.0,0.0
ENSG00000149489,ROM1,2,0.0,0.004590980774192768,0.0
ENSG00000149527,PLCH2,2,0.0,0.0,0.0
ENSG00000149564,ESAM,2,0.0,0.012522748489450593,0.0
ENSG00000149573,MPZL2,2,0.0,0.0007984802808507156,0.0
ENSG00000149575,SCN2B,2,0.0,0.02149950813169893,0.0
ENSG00000149599,DUSP15,2,0.0,0.0008181061337476191,0.0
ENSG00000149609,C20orf144,2,0.0,0.0,0.0
ENSG00000151360,ALLC,2,0.0,0.0020978861572901455,0.0
ENSG00000151365,THRSP,2,0.0,0.0,0.0
ENSG00000153446,C16orf89,2,0.0,0.0004696948014479753,0.0
ENSG00000152784,PRDM8,2,0.0,0.0,0.0
ENSG00000152475,ZNF837,2,0.0,0.0,0.0
ENSG00000152591,DSPP,2,0.0,0.00046959536638248333,0.0
ENSG00000152592,DMP1,2,0.0,0.0696817544906453,0.0
ENSG00000152595,MEPE,2,0.0,0.0,0.0
ENSG00000152611,CAPSL,2,0.0,0.0,0.0
ENSG00000152669,CCNO,2,0.0,0.0,0.0
ENSG00000152670,DDX4,2,0.0,0.0007287014685583344,0.0
ENSG00000152672,CLEC4F,2,0.0,0.0006076165620045794,0.0
ENSG00000152689,RASGRP3,2,0.0,0.0015100030416788095,0.0
ENSG00000152705,CATSPER3,2,0.0,0.0,0.0
ENSG00000152766,ANKRD22,2,0.0,0.00046574888693155347,0.0
ENSG00000152785,BMP3,2,0.0,0.0,0.0
ENSG00000152463,OLAH,2,0.0,0.0,0.0
ENSG00000152804,HHEX,2,0.0,0.0029273144105749983,0.0
ENSG00000152910,CNTNAP4,2,0.0,0.0,0.0
ENSG00000152931,PART1,2,0.0,0.0,0.0
ENSG00000152954,NRSN1,2,0.0,0.0,0.0
ENSG00000153029,MR1,2,0.0,0.0008742985521791242,0.0
ENSG00000153060,TEKT5,2,0.0,0.026553737101990528,0.0
ENSG00000153064,BANK1,2,0.0,0.00047791162921853364,0.0
ENSG00000153086,ACMSD,2,0.0,0.0,0.0
ENSG00000153165,RGPD3,2,0.0,0.0008728579525592214,0.0
ENSG00000153294,ADGRF4,2,0.0,0.0,0.0
ENSG00000153303,FRMD1,2,0.0,0.0,0.0
ENSG00000152467,ZSCAN1,2,0.0,0.0009164334364433088,0.0
ENSG00000152430,BOLL,2,0.0,0.002922226294930281,0.0
ENSG00000151418,ATP6V1G3,2,0.0,0.0,0.0
ENSG00000151834,GABRA2,2,0.0,0.0,0.0
ENSG00000151475,SLC25A31,2,0.0,0.01930030859278935,0.0
ENSG00000151577,DRD3,2,0.0,0.0,0.0
ENSG00000151631,AKR1C6P,2,0.0,0.008082238490775651,0.0
ENSG00000151632,AKR1C2,2,0.0,0.0,0.0
ENSG00000151650,VENTX,2,0.0,0.00027294546926846623,0.0
ENSG00000151651,ADAM8,2,0.0,0.0,0.0
ENSG00000151655,ITIH2,2,0.0,0.0,0.0
ENSG00000151702,FLI1,2,0.0,0.0,0.0
ENSG00000151704,KCNJ1,2,0.0,0.0011780974346941465,0.0
ENSG00000151715,TMEM45B,2,0.0,0.0,0.0
ENSG00000151790,TDO2,2,0.0,0.005036926468864055,0.0
ENSG00000151846,PABPC3,2,0.0,0.0,0.0
ENSG00000152315,KCNK13,2,0.0,0.0011544760554056048,0.0
ENSG00000151882,CCL28,2,0.0,0.0,0.0
ENSG00000151962,RBM46,2,0.0,0.024267921353940847,0.0
ENSG00000152034,MCHR2,2,0.0,0.0,0.0
ENSG00000152049,KCNE4,2,0.0,0.001230753623876266,0.0
ENSG00000152076,CCDC74B,2,0.0,0.0,0.0
ENSG00000152192,POU4F1,2,0.0,0.0005009041780908812,0.0
ENSG00000152207,CYSLTR2,2,0.0,0.001639578148807101,0.0
ENSG00000152213,ARL11,2,0.0,0.002503597861900531,0.0
ENSG00000152214,RIT2,2,0.0,0.0,0.0
ENSG00000152266,PTH,2,0.0,0.0004186379461577385,0.0
ENSG00000152292,SH2D6,2,0.0,0.0014770020406199014,0.0
ENSG00000139574,NPFF,2,0.0,0.0,0.0
ENSG00000139549,DHH,2,0.0,0.0009947918420239398,0.0
ENSG00000124466,LYPD3,2,0.0,0.0015627561715951008,0.0
ENSG00000132357,CARD6,2,0.0,0.0,0.0
ENSG00000129673,AANAT,2,0.0,0.0007020682678483025,0.0
ENSG00000129744,ART1,2,0.0,0.00044458902077779215,0.0
ENSG00000129749,CHRNA10,2,0.0,0.0,0.0
ENSG00000129910,CDH15,2,0.0,0.0,0.0
ENSG00000129968,ABHD17A,2,0.0,0.0,0.0
ENSG00000129988,LBP,2,0.0,0.0,0.0
ENSG00000129990,SYT5,2,0.0,0.0004180501810426702,0.0
ENSG00000129991,TNNI3,2,0.0,0.002348868203670525,0.0
ENSG00000129993,CBFA2T3,2,0.0,0.0,0.0
ENSG00000130005,GAMT,2,0.0,0.0,0.0
ENSG00000130037,KCNA5,2,0.0,0.0,0.0
ENSG00000130045,NXNL2,2,0.0,0.0,0.0
ENSG00000130167,TSPAN16,2,0.0,0.08520902446139315,0.0
ENSG00000130173,ANGPTL8,2,0.0,0.0,0.0
ENSG00000130193,THEM6,2,0.0,0.0,0.0
ENSG00000130222,GADD45G,2,0.0,0.0,0.0
ENSG00000130234,ACE2,2,0.0,3.3054362392717274e-05,0.0
ENSG00000130244,FAM98C,2,0.0,0.011284222092188165,0.0
ENSG00000130300,PLVAP,2,0.0,0.0,0.0
ENSG00000130303,BST2,2,0.0,0.00481451033180823,0.0
ENSG00000130368,MAS1,2,0.0,0.003609631319833531,0.0
ENSG00000130383,FUT5,2,0.0,0.0012414010759874213,0.0
ENSG00000130427,EPO,2,0.0,0.0019565935203713714,0.0
ENSG00000130433,CACNG6,2,0.0,0.01844358519505727,0.0
ENSG00000130513,GDF15,2,0.0,0.0,0.0
ENSG00000129467,ADCY4,2,0.0,0.0,0.0
ENSG00000129451,KLK10,2,0.0,0.0,0.0
ENSG00000129437,KLK14,2,0.0,0.0051904810306368735,0.0
ENSG00000128692,EIF2S2P4,2,0.0,0.0,0.0
ENSG00000128340,RAC2,2,0.0,0.0,0.0
ENSG00000128342,LIF,2,0.0,0.002341231065727057,0.0
ENSG00000128346,C22orf23,2,0.0,0.0016409673927336786,0.0
ENSG00000128394,APOBEC3F,2,0.0,0.016812057167851734,0.0
ENSG00000128482,RNF112,2,0.0,0.0,0.0
ENSG00000128510,CPA4,2,0.0,0.0,0.0
ENSG00000128564,VGF,2,0.0,0.0017831536256048288,0.0
ENSG00000128604,IRF5,2,0.0,0.0,0.0
ENSG00000128617,OPN1SW,2,0.0,0.001961589714498017,0.0
ENSG00000128655,PDE11A,2,0.0,0.0019174100963789075,0.0
ENSG00000128683,GAD1,2,0.0,0.01005139524253799,0.0
ENSG00000128815,WDFY4,2,0.0,0.004556154714509432,0.0
ENSG00000129355,CDKN2D,2,0.0,0.0,0.0
ENSG00000128886,ELL3,2,0.0,0.0,0.0
ENSG00000128917,DLL4,2,0.0,0.003609462071904311,0.0
ENSG00000128965,CHAC1,2,0.0,0.0002011345953694863,0.0
ENSG00000129009,ISLR,2,0.0,0.0,0.0
ENSG00000129048,ACKR4,2,0.0,0.006875791907185862,0.0
ENSG00000129167,TPH1,2,0.0,0.009834884980983763,0.0
ENSG00000129194,SOX15,2,0.0,0.001069943348171815,0.0
ENSG00000129204,USP6,2,0.0,0.0006979202218568717,0.0
ENSG00000129214,SHBG,2,0.0,0.0,0.0
ENSG00000129221,AIPL1,2,0.0,0.0,0.0
ENSG00000129226,CD68,2,0.0,0.0,0.0
ENSG00000130528,HRC,2,0.0,0.002576426426052858,0.0
ENSG00000130545,CRB3,2,0.0,0.0027512337306228513,0.0
ENSG00000130561,SAG,2,0.0,0.0,0.0
ENSG00000131781,FMO5,2,0.0,0.00010848118382643425,0.0
ENSG00000131386,GALNT15,2,0.0,0.0016100662754542864,0.0
ENSG00000131400,NAPSA,2,0.0,0.000463714815080525,0.0
ENSG00000131401,NAPSB,2,0.0,0.006523197438179902,0.0
ENSG00000131471,AOC3,2,0.0,0.003798431923076854,0.0
ENSG00000131477,RAMP2,2,0.0,0.004467212401475607,0.0
ENSG00000131480,AOC2,2,0.0,0.0,0.0
ENSG00000131634,TMEM204,2,0.0,0.0,0.0
ENSG00000131650,KREMEN2,2,0.0,0.00027038495093337916,0.0
ENSG00000131686,CA6,2,0.0,0.003034741813329284,0.0
ENSG00000131746,TNS4,2,0.0,0.0,0.0
ENSG00000131771,PPP1R1B,2,0.0,0.0,0.0
ENSG00000131797,CLUHP3,2,0.0,0.0,0.0
ENSG00000131355,ADGRE3,2,0.0,0.009815318635940696,0.0
ENSG00000131831,RAI2,2,0.0,0.0,0.0
ENSG00000131944,FAAP24,2,0.0,0.0,0.0
ENSG00000131969,ABHD12B,2,0.0,0.005565096222561145,0.0
ENSG00000132000,PODNL1,2,0.0,0.047354728376567894,0.0
ENSG00000132004,FBXW9,2,0.0,0.0019655763478273274,0.0
ENSG00000132016,BRME1,2,0.0,0.005605708135733971,0.0
ENSG00000132026,RTBDN,2,0.0,0.0,0.0
ENSG00000132164,SLC6A11,2,0.0,0.012543044693555492,0.0
ENSG00000132204,LINC00470,2,0.0,0.0,0.0
ENSG00000132207,SLX1A,2,0.0,0.0013232705671502223,0.0
ENSG00000132259,CNGA4,2,0.0,0.00044051070920049284,0.0
ENSG00000131379,C3orf20,2,0.0,0.004778924115636488,0.0
ENSG00000131264,CDX4,2,0.0,0.0,0.0
ENSG00000130590,SAMD10,2,0.0,0.0,0.0
ENSG00000130876,SLC7A10,2,0.0,0.0,0.0
ENSG00000130592,LSP1,2,0.0,0.0,0.0
ENSG00000130600,H19,2,0.0,0.03191718455450488,0.0
ENSG00000130643,CALY,2,0.0,0.0,0.0
ENSG00000130656,HBZ,2,0.0,0.0013330725829252435,0.0
ENSG00000130675,MNX1,2,0.0,0.030993646820630164,0.0
ENSG00000130701,RBBP8NL,2,0.0,0.0,0.0
ENSG00000130711,PRDM12,2,0.0,0.0,0.0
ENSG00000130720,FIBCD1,2,0.0,0.0,0.0
ENSG00000130755,GMFG,2,0.0,0.0,0.0
ENSG00000130812,ANGPTL6,2,0.0,0.0,0.0
ENSG00000130829,DUSP9,2,0.0,0.0,0.0
ENSG00000130948,HSD17B3,2,0.0,0.0,0.0
ENSG00000131233,GJA9,2,0.0,0.0,0.0
ENSG00000130957,FBP2,2,0.0,0.0,0.0
ENSG00000130988,RGN,2,0.0,0.0,0.0
ENSG00000131037,EPS8L1,2,0.0,0.0010304311748211285,0.0
ENSG00000131050,BPIFA2,2,0.0,0.020651455438261048,0.0
ENSG00000131094,C1QL1,2,0.0,0.0,0.0
ENSG00000131095,GFAP,2,0.0,0.0006321306197369334,0.0
ENSG00000131096,PYY,2,0.0,0.00648752710639447,0.0
ENSG00000131097,HIGD1B,2,0.0,0.0008879076964651281,0.0
ENSG00000131126,TEX101,2,0.0,0.0,0.0
ENSG00000131142,CCL25,2,0.0,0.0035506916823808297,0.0
ENSG00000131187,F12,2,0.0,0.0,0.0
ENSG00000128285,MCHR1,2,0.0,0.0,0.0
ENSG00000128274,A4GALT,2,0.0,0.0,0.0
ENSG00000128254,YWHAH-AS1,2,0.0,0.0004471101361744844,0.0
ENSG00000125650,PSPN,2,0.0,0.001196522980853284,0.0
ENSG00000125384,PTGER2,2,0.0,0.0007731781195044327,0.0
ENSG00000125414,MYH2,2,0.0,0.00027798292965531244,0.0
ENSG00000125434,SLC25A35,2,0.0,0.0016593034053983204,0.0
ENSG00000125457,MIF4GD,2,0.0,0.0015899214592005365,0.0
ENSG00000125510,OPRL1,2,0.0,0.0,0.0
ENSG00000125531,FNDC11,2,0.0,0.0,0.0
ENSG00000125538,IL1B,2,0.0,0.0,0.0
ENSG00000125571,IL37,2,0.0,0.0,0.0
ENSG00000125618,PAX8,2,0.0,0.004253791054564434,0.0
ENSG00000125631,HTR5BP,2,0.0,0.0,0.0
ENSG00000125637,PSD4,2,0.0,0.0,0.0
ENSG00000125657,TNFSF9,2,0.0,0.0,0.0
ENSG00000125337,KIF25,2,0.0,0.0,0.0
ENSG00000125726,CD70,2,0.0,0.0,0.0
ENSG00000125730,C3,2,0.0,0.07848461747531918,0.0
ENSG00000125740,FOSB,2,0.0,0.019777799674655556,0.0
ENSG00000125775,SDCBP2,2,0.0,0.0,0.0
ENSG00000125780,TGM3,2,0.0,0.0,0.0
ENSG00000125787,GNRH2,2,0.0,0.015384122124253247,0.0
ENSG00000125798,FOXA2,2,0.0,0.03126860629593468,0.0
ENSG00000125804,FAM182A,2,0.0,0.08187991056165424,0.0
ENSG00000125823,CSTL1,2,0.0,0.012306734545752084,0.0
ENSG00000125843,AP5S1,2,0.0,0.0,0.0
ENSG00000125864,BFSP1,2,0.0,0.0058585584972886484,0.0
ENSG00000125378,BMP4,2,0.0,0.00144437802357902,0.0
ENSG00000125245,GPR18,2,0.0,0.006487588452402112,0.0
ENSG00000125872,LRRN4,2,0.0,0.00035851128272244593,0.0
ENSG00000124721,DNAH8,2,0.0,0.0023739232596157143,0.0
ENSG00000124469,CEACAM8,2,0.0,0.0,0.0
ENSG00000124479,NDP,2,0.0,0.0,0.0
ENSG00000124491,F13A1,2,0.0,0.003055418365273742,0.0
ENSG00000124557,BTN1A1,2,0.0,0.0,0.0
ENSG00000124564,SLC17A3,2,0.0,0.0,0.0
ENSG00000124602,UNC5CL,2,0.0,0.0,0.0
ENSG00000124610,H1-1,2,0.0,0.0014060232283797428,0.0
ENSG00000124664,SPDEF,2,0.0,0.0,0.0
ENSG00000124678,TCP11,2,0.0,0.0020766859112834528,0.0
ENSG00000124701,APOBEC2,2,0.0,0.0016396667068248074,0.0
ENSG00000124713,GNMT,2,0.0,0.0,0.0
ENSG00000124743,KLHL31,2,0.0,0.0026543569483778494,0.0
ENSG00000125148,MT2A,2,0.0,0.0,0.0
ENSG00000124772,CPNE5,2,0.0,0.002852978674015558,0.0
ENSG00000124780,KCNK17,2,0.0,0.0,0.0
ENSG00000124785,NRN1,2,0.0,0.0,0.0
ENSG00000124818,OPN5,2,0.0,0.0,0.0
ENSG00000124827,GCM2,2,0.0,0.0007565550026807626,0.0
ENSG00000124835,ENSG00000124835,2,0.0,2.1224839190112805e-05,0.0
ENSG00000124875,CXCL6,2,0.0,0.0014664631989995782,0.0
ENSG00000124915,MYRF-AS1,2,0.0,0.0,0.0
ENSG00000125046,SSUH2,2,0.0,0.0,0.0
ENSG00000125084,WNT1,2,0.0,0.0,0.0
ENSG00000125089,SH3TC1,2,0.0,0.0022523743036476328,0.0
ENSG00000125869,LAMP5,2,0.0,0.04998770568272491,0.0
ENSG00000125878,TCF15,2,0.0,0.005579140797767126,0.0
ENSG00000128253,RFPL2,2,0.0,0.0,0.0
ENSG00000127666,TICAM1,2,0.0,0.002958611918563652,0.0
ENSG00000127377,CRYGN,2,0.0,0.0,0.0
ENSG00000127399,LRRC61,2,0.0,0.00042574742798792123,0.0
ENSG00000127412,TRPV5,2,0.0,0.01142706016697589,0.0
ENSG00000127415,IDUA,2,0.0,0.007940435184616203,0.0
ENSG00000127472,PLA2G5,2,0.0,0.0,0.0
ENSG00000127507,ADGRE2,2,0.0,0.0,0.0
ENSG00000127530,OR7C1,2,0.0,0.010287579391745188,0.0
ENSG00000127561,SYNGR3,2,0.0,0.0,0.0
ENSG00000127578,WFIKKN1,2,0.0,0.0,0.0
ENSG00000127585,FBXL16,2,0.0,0.0,0.0
ENSG00000127589,TUBBP1,2,0.0,0.007591362458649044,0.0
ENSG00000127743,IL17B,2,0.0,0.0005616329288921855,0.0
ENSG00000127362,TAS2R3,2,0.0,0.0,0.0
ENSG00000127824,TUBA4A,2,0.0,0.0013736273083846038,0.0
ENSG00000127903,ZNF835,2,0.0,0.003948074571626477,0.0
ENSG00000127951,FGL2,2,0.0,0.008434766514508796,0.0
ENSG00000127954,STEAP4,2,0.0,0.00594908517467622,0.0
ENSG00000127957,PMS2P3,2,0.0,0.002790914604074773,0.0
ENSG00000128011,LRFN1,2,0.0,0.0,0.0
ENSG00000128040,SPINK2,2,0.0,0.0,0.0
ENSG00000128165,ADM2,2,0.0,0.0,0.0
ENSG00000128203,ASPHD2,2,0.0,0.016679825093662847,0.0
ENSG00000128228,SDF2L1,2,0.0,0.0,0.0
ENSG00000128242,GAL3ST1,2,0.0,0.0,0.0
ENSG00000127366,TAS2R5,2,0.0,0.0038432257436427095,0.0
ENSG00000127325,BEST3,2,0.0,0.0,0.0
ENSG00000125888,BANF2,2,0.0,0.0,0.0
ENSG00000126460,PRRG2,2,0.0,0.007056928013466411,0.0
ENSG00000125895,TMEM74B,2,0.0,0.0,0.0
ENSG00000125899,LINC02871,2,0.0,0.0,0.0
ENSG00000125931,CITED1,2,0.0,0.0,0.0
ENSG00000125965,GDF5,2,0.0,0.0,0.0
ENSG00000125997,BPIFB9P,2,0.0,0.0,0.0
ENSG00000126218,F10,2,0.0,0.0013623650859055129,0.0
ENSG00000126231,PROZ,2,0.0,0.0,0.0
ENSG00000126246,IGFLR1,2,0.0,0.019909480167152303,0.0
ENSG00000126264,HCST,2,0.0,0.0038806022185668624,0.0
ENSG00000126368,NR1D1,2,0.0,0.009715988819703153,0.0
ENSG00000126458,RRAS,2,0.0,0.0,0.0
ENSG00000126467,TSKS,2,0.0,0.0024740498161710893,0.0
ENSG00000127324,TSPAN8,2,0.0,0.0,0.0
ENSG00000126561,STAT5A,2,0.0,0.0,0.0
ENSG00000126562,WNK4,2,0.0,0.01243779985886495,0.0
ENSG00000126709,IFI6,2,0.0,0.0,0.0
ENSG00000126759,CFP,2,0.0,0.0012107183331179835,0.0
ENSG00000126778,SIX1,2,0.0,0.00807850312875305,0.0
ENSG00000126856,PRDM7,2,0.0,0.0,0.0
ENSG00000126860,EVI2A,2,0.0,0.0,0.0
ENSG00000126882,FAM78A,2,0.0,0.0,0.0
ENSG00000126903,SLC10A3,2,0.0,0.0009238354189528647,0.0
ENSG00000126952,NXF5,2,0.0,0.005092094236343161,0.0
ENSG00000127083,OMD,2,0.0,0.01480651178845225,0.0
ENSG00000132329,RAMP1,2,0.0,0.0030154002988751196,0.0
ENSG00000132429,POPDC3,2,0.0,0.029133644524181265,0.0
ENSG00000139547,RDH16,2,0.0,0.0,0.0
ENSG00000132437,DDC,2,0.0,0.0,0.0
ENSG00000137203,TFAP2A,2,0.0,0.0010513187196179584,0.0
ENSG00000137204,SLC22A7,2,0.0,0.0,0.0
ENSG00000137218,FRS3,2,0.0,0.0,0.0
ENSG00000137225,CAPN11,2,0.0,0.005598795207478813,0.0
ENSG00000137252,HCRTR2,2,0.0,0.0,0.0
ENSG00000137265,IRF4,2,0.0,0.0,0.0
ENSG00000137270,GCM1,2,0.0,0.005344787492884324,0.0
ENSG00000137441,FGFBP2,2,0.0,9.192224738046906e-05,0.0
ENSG00000137462,TLR2,2,0.0,0.0006292805650153815,0.0
ENSG00000137463,MGARP,2,0.0,0.001931302445797533,0.0
ENSG00000137474,MYO7A,2,0.0,0.002364404471944769,0.0
ENSG00000137491,SLCO2B1,2,0.0,0.001090362322496842,0.0
ENSG00000137507,LRRC32,2,0.0,0.0,0.0
ENSG00000137648,TMPRSS4,2,0.0,0.0002685947977461685,0.0
ENSG00000137672,TRPC6,2,0.0,0.0,0.0
ENSG00000137699,TRIM29,2,0.0,0.0010929605466769294,0.0
ENSG00000137707,BTG4,2,0.0,0.0014776089583774246,0.0
ENSG00000137709,POU2F3,2,0.0,0.002034103661781602,0.0
ENSG00000137727,ARHGAP20,2,0.0,0.0,0.0
ENSG00000137745,MMP13,2,0.0,0.0,0.0
ENSG00000137747,TMPRSS13,2,0.0,0.0,0.0
ENSG00000137767,SQOR,2,0.0,0.001060609471482619,0.0
ENSG00000137809,ITGA11,2,0.0,0.00042507509328702027,0.0
ENSG00000137825,ITPKA,2,0.0,0.0,0.0
ENSG00000137841,PLCB2,2,0.0,0.0005404323826435957,0.0
ENSG00000137090,DMRT1,2,0.0,0.0010505806228666558,0.0
ENSG00000137078,SIT1,2,0.0,0.0008847601347680469,0.0
ENSG00000137033,IL33,2,0.0,0.0,0.0
ENSG00000136630,HLX,2,0.0,0.0024742252399196575,0.0
ENSG00000136244,IL6,2,0.0,0.0,0.0
ENSG00000136286,MYO1G,2,0.0,0.15139666710489902,0.0
ENSG00000136297,MMD2,2,0.0,0.0009341218617497812,0.0
ENSG00000136305,CIDEB,2,0.0,0.0,0.0
ENSG00000136449,MYCBPAP,2,0.0,0.0009720240407708011,0.0
ENSG00000136457,CHAD,2,0.0,0.0,0.0
ENSG00000136535,TBR1,2,0.0,0.00471288178188949,0.0
ENSG00000136541,ERMN,2,0.0,0.0,0.0
ENSG00000136542,GALNT5,2,0.0,0.0,0.0
ENSG00000136546,SCN7A,2,0.0,0.0,0.0
ENSG00000136574,GATA4,2,0.0,0.013216514590876036,0.0
ENSG00000136688,IL36G,2,0.0,0.02534664407437917,0.0
ENSG00000136999,CCN3,2,0.0,0.0,0.0
ENSG00000136750,GAD2,2,0.0,0.027165615484407823,0.0
ENSG00000136826,KLF4,2,0.0,0.001482321846505257,0.0
ENSG00000136840,ST6GALNAC4,2,0.0,0.0,0.0
ENSG00000136842,TMOD1,2,0.0,0.0,0.0
ENSG00000136867,SLC31A2,2,0.0,0.0031898677832029004,0.0
ENSG00000136869,TLR4,2,0.0,0.010461530643173594,0.0
ENSG00000136872,ALDOB,2,0.0,0.0,0.0
ENSG00000136881,BAAT,2,0.0,0.049473366628563074,0.0
ENSG00000136883,KIF12,2,0.0,0.0011104474118335715,0.0
ENSG00000136918,WDR38,2,0.0,0.0,0.0
ENSG00000136931,NR5A1,2,0.0,0.0016169334696210743,0.0
ENSG00000137860,SLC28A2,2,0.0,0.007881851722961361,0.0
ENSG00000137875,BCL2L10,2,0.0,0.0035129878915679488,0.0
ENSG00000137877,SPTBN5,2,0.0,0.09944487648485341,0.0
ENSG00000139211,AMIGO2,2,0.0,0.013162805106404841,0.0
ENSG00000138823,MTTP,2,0.0,0.0,0.0
ENSG00000138892,TTLL8,2,0.0,0.0,0.0
ENSG00000138964,PARVG,2,0.0,0.0,0.0
ENSG00000139055,ERP27,2,0.0,0.0,0.0
ENSG00000139144,PIK3C2G,2,0.0,0.016282311694681452,0.0
ENSG00000139151,PLCZ1,2,0.0,0.0010876836002600761,0.0
ENSG00000139155,SLCO1C1,2,0.0,0.0014970719269342776,0.0
ENSG00000139160,ETFBKMT,2,0.0,0.0,0.0
ENSG00000139192,TAPBPL,2,0.0,0.013626735618603515,0.0
ENSG00000139193,CD27,2,0.0,0.004050854613355397,0.0
ENSG00000139194,RBP5,2,0.0,0.003688215764715368,0.0
ENSG00000139239,RPL14P1,2,0.0,0.0,0.0
ENSG00000138675,FGF5,2,0.0,0.0038189671618063764,0.0
ENSG00000139266,MARCHF9,2,0.0,0.0010921061419796802,0.0
ENSG00000139269,INHBE,2,0.0,0.0,0.0
ENSG00000139287,TPH2,2,0.0,0.0,0.0
ENSG00000139304,PTPRQ,2,0.0,0.0023143894980186207,0.0
ENSG00000139329,LUM,2,0.0,0.0007246461893442558,0.0
ENSG00000139344,AMDHD1,2,0.0,0.0,0.0
ENSG00000139351,SYCP3,2,0.0,0.001626597029856988,0.0
ENSG00000139352,ASCL1,2,0.0,0.0,0.0
ENSG00000139410,SDSL,2,0.0,0.0,0.0
ENSG00000139508,SLC46A3,2,0.0,0.0,0.0
ENSG00000139540,SLC39A5,2,0.0,0.0,0.0
ENSG00000138678,GPAT3,2,0.0,0.006749216297852046,0.0
ENSG00000138615,CILP,2,0.0,0.001976659064753982,0.0
ENSG00000137880,GCHFR,2,0.0,0.006014888026063408,0.0
ENSG00000138131,LOXL4,2,0.0,0.015786929715611395,0.0
ENSG00000137948,BRDT,2,0.0,0.0,0.0
ENSG00000137965,IFI44,2,0.0,0.002033654429983961,0.0
ENSG00000137970,RPL7P9,2,0.0,6.881723033469972e-05,0.0
ENSG00000137976,DNASE2B,2,0.0,0.0,0.0
ENSG00000138028,CGREF1,2,0.0,0.0014490924666161317,0.0
ENSG00000138030,KHK,2,0.0,0.0,0.0
ENSG00000138039,LHCGR,2,0.0,0.00016974375134608868,0.0
ENSG00000138068,SULT6B1,2,0.0,0.0009004474482139287,0.0
ENSG00000138075,ABCG5,2,0.0,0.0021191790816628346,0.0
ENSG00000138080,EMILIN1,2,0.0,0.0,0.0
ENSG00000138100,TRIM54,2,0.0,0.0,0.0
ENSG00000138135,CH25H,2,0.0,0.05748145428419021,0.0
ENSG00000138496,PARP9,2,0.0,0.0009862141748530405,0.0
ENSG00000138152,BTBD16,2,0.0,0.0,0.0
ENSG00000138172,CALHM2,2,0.0,0.0033067877806496593,0.0
ENSG00000138271,GPR87,2,0.0,5.699184330265847e-05,0.0
ENSG00000138308,PLA2G12B,2,0.0,0.0,0.0
ENSG00000138311,ZNF365,2,0.0,0.0,0.0
ENSG00000138315,OIT3,2,0.0,0.0011348772642167347,0.0
ENSG00000138347,MYPN,2,0.0,0.0,0.0
ENSG00000138379,MSTN,2,0.0,0.0,0.0
ENSG00000138395,CDK15,2,0.0,0.0,0.0
ENSG00000138435,CHRNA1,2,0.0,0.0,0.0
ENSG00000138449,SLC40A1,2,0.0,0.0,0.0
ENSG00000136235,GPNMB,2,0.0,0.0,0.0
ENSG00000136206,SPDYE1,2,0.0,0.010826257378640793,0.0
ENSG00000136167,LCP1,2,0.0,0.010985783588787311,0.0
ENSG00000133878,DUSP26,2,0.0,0.003305859330594392,0.0
ENSG00000133454,MYO18B,2,0.0,0.001189230941789879,0.0
ENSG00000133488,SEC14L4,2,0.0,0.0014251071401600918,0.0
ENSG00000133519,ZDHHC8BP,2,0.0,0.028938503356367988,0.0
ENSG00000133597,ADCK2,2,0.0,0.0,0.0
ENSG00000133624,ZNF767P,2,0.0,0.00043557893142479444,0.0
ENSG00000133636,NTS,2,0.0,0.0010709386323768317,0.0
ENSG00000133661,SFTPD,2,0.0,0.0017939428163500765,0.0
ENSG00000133665,DYDC2,2,0.0,0.0,0.0
ENSG00000133742,CA1,2,0.0,0.0,0.0
ENSG00000133800,LYVE1,2,0.0,0.0,0.0
ENSG00000133816,MICAL2,2,0.0,0.00048704034283989157,0.0
ENSG00000133937,GSC,2,0.0,0.0,0.0
ENSG00000133246,PRAM1,2,0.0,0.0,0.0
ENSG00000134020,PEBP4,2,0.0,3.332139763024318e-05,0.0
ENSG00000134042,MRO,2,0.0,0.0,0.0
ENSG00000134070,IRAK2,2,0.0,0.0,0.0
ENSG00000134160,TRPM1,2,0.0,0.020867186289029352,0.0
ENSG00000134183,GNAT2,2,0.0,0.007857968985332057,0.0
ENSG00000134201,GSTM5,2,0.0,0.0012582087245396729,0.0
ENSG00000134242,PTPN22,2,0.0,0.0002506728219906752,0.0
ENSG00000134258,VTCN1,2,0.0,0.0,0.0
ENSG00000134259,NGF,2,0.0,0.0021709423769601176,0.0
ENSG00000134321,RSAD2,2,0.0,0.0026806284942538228,0.0
ENSG00000134326,CMPK2,2,0.0,0.007852617693784363,0.0
ENSG00000133433,GSTT2B,2,0.0,0.0,0.0
ENSG00000133116,KL,2,0.0,0.04677475616800074,0.0
ENSG00000134398,ERN2,2,0.0,0.0006472192554779709,0.0
ENSG00000132832,ENSG00000132832,2,0.0,0.018747470712855527,0.0
ENSG00000132470,ITGB4,2,0.0,0.0028739996557421814,0.0
ENSG00000132481,TRIM47,2,0.0,0.0,0.0
ENSG00000132517,SLC52A1,2,0.0,0.0,0.0
ENSG00000132518,GUCY2D,2,0.0,0.0,0.0
ENSG00000132530,XAF1,2,0.0,0.001972277463582801,0.0
ENSG00000132622,HSPA12B,2,0.0,0.002733477633701644,0.0
ENSG00000132677,RHBG,2,0.0,0.03575051255094644,0.0
ENSG00000132681,ATP1A4,2,0.0,0.0004350980737930947,0.0
ENSG00000132692,BCAN,2,0.0,0.0012680136826288082,0.0
ENSG00000132698,RAB25,2,0.0,0.0,0.0
ENSG00000132702,HAPLN2,2,0.0,0.0020375935280810644,0.0
ENSG00000132840,BHMT2,2,0.0,0.0,0.0
ENSG00000133115,STOML3,2,0.0,0.007425160097160963,0.0
ENSG00000132855,ANGPTL3,2,0.0,0.0002743339663999807,0.0
ENSG00000132881,CPLANE2,2,0.0,0.0,0.0
ENSG00000132911,NMUR2,2,0.0,0.0,0.0
ENSG00000132915,PDE6A,2,0.0,0.0,0.0
ENSG00000132972,RNF17,2,0.0,0.0037295011784938925,0.0
ENSG00000133048,CHI3L1,2,0.0,0.0026370417813729808,0.0
ENSG00000133063,CHIT1,2,0.0,0.0,0.0
ENSG00000133067,LGR6,2,0.0,0.001663651953271305,0.0
ENSG00000133101,CCNA1,2,0.0,0.003962700362620741,0.0
ENSG00000133106,EPSTI1,2,0.0,0.0,0.0
ENSG00000133110,POSTN,2,0.0,0.0017120950589811878,0.0
ENSG00000134339,SAA2,2,0.0,0.0,0.0
ENSG00000134438,RAX,2,0.0,0.0,0.0
ENSG00000136155,SCEL,2,0.0,0.0009516984417344203,0.0
ENSG00000135702,CHST5,2,0.0,0.0025714046342234427,0.0
ENSG00000135409,AMHR2,2,0.0,0.0,0.0
ENSG00000135436,FAM186B,2,0.0,0.0,0.0
ENSG00000135439,AGAP2,2,0.0,0.009028131614360425,0.0
ENSG00000135454,B4GALNT1,2,0.0,0.040645207627548946,0.0
ENSG00000135472,FAIM2,2,0.0,0.009844141901836663,0.0
ENSG00000135480,KRT7,2,0.0,0.004449297656195388,0.0
ENSG00000135517,MIP,2,0.0,0.0,0.0
ENSG00000135519,KCNH3,2,0.0,0.0,0.0
ENSG00000135604,STX11,2,0.0,0.0,0.0
ENSG00000135617,PRADC1,2,0.0,0.005313068563219982,0.0
ENSG00000135638,EMX1,2,0.0,0.002772801104311276,0.0
ENSG00000135722,FBXL8,2,0.0,0.0,0.0
ENSG00000135378,PRRG4,2,0.0,0.0,0.0
ENSG00000135744,AGT,2,0.0,0.0,0.0
ENSG00000135747,ZNF670-ZNF695,2,0.0,0.0,0.0
ENSG00000135773,CAPN9,2,0.0,0.0,0.0
ENSG00000135824,RGS8,2,0.0,0.0011740083447315374,0.0
ENSG00000135828,RNASEL,2,0.0,0.0,0.0
ENSG00000135838,NPL,2,0.0,0.0,0.0
ENSG00000135902,CHRND,2,0.0,0.0,0.0
ENSG00000135914,HTR2B,2,0.0,0.00038782259198790684,0.0
ENSG00000135917,SLC19A3,2,0.0,0.0007871355461619734,0.0
ENSG00000136011,STAB2,2,0.0,0.0,0.0
ENSG00000136099,PCDH8,2,0.0,0.0,0.0
ENSG00000135406,PRPH,2,0.0,0.004307855209264422,0.0
ENSG00000135373,EHF,2,0.0,0.0,0.0
ENSG00000134460,IL2RA,2,0.0,0.0020874564609198397,0.0
ENSG00000134812,CBLIF,2,0.0,0.0,0.0
ENSG00000134470,IL15RA,2,0.0,0.01420591475002796,0.0
ENSG00000134489,HRH4,2,0.0,0.002596913042989599,0.0
ENSG00000134533,RERG,2,0.0,0.0004456936323691878,0.0
ENSG00000134538,SLCO1B1,2,0.0,0.0024951622442575504,0.0
ENSG00000134548,SPX,2,0.0,0.0,0.0
ENSG00000134551,PRH2,2,0.0,0.0,0.0
ENSG00000134588,USP26,2,0.0,0.0,0.0
ENSG00000134594,RAB33A,2,0.0,0.000585897740993825,0.0
ENSG00000134668,SPOCD1,2,0.0,0.005820455544634788,0.0
ENSG00000134716,CYP2J2,2,0.0,0.014996022490478768,0.0
ENSG00000134765,DSC1,2,0.0,0.0023699824066400147,0.0
ENSG00000134817,APLNR,2,0.0,0.00012243788748343983,0.0
ENSG00000135355,GJA10,2,0.0,0.0005917944770055651,0.0
ENSG00000134827,TCN1,2,0.0,0.0,0.0
ENSG00000134830,C5AR2,2,0.0,0.0,0.0
ENSG00000134940,ACRV1,2,0.0,0.0,0.0
ENSG00000134955,SLC37A2,2,0.0,0.0,0.0
ENSG00000134962,KLB,2,0.0,0.0,0.0
ENSG00000135094,SDS,2,0.0,0.0,0.0
ENSG00000135100,HNF1A,2,0.0,0.0,0.0
ENSG00000135116,HRK,2,0.0,0.0,0.0
ENSG00000135248,GARIN1B,2,0.0,0.0,0.0
ENSG00000135312,HTR1B,2,0.0,0.0,0.0
ENSG00000135318,NT5E,2,0.0,0.0,0.0
ENSG00000198178,CLEC4C,2,0.0,0.0,0.0
ENSG00000198203,SULT1C2,2,0.0,0.0,0.0
ENSG00000198205,ZXDA,2,0.0,0.0,0.0
ENSG00000232969,ENSG00000232969,2,0.0,0.0,0.0
ENSG00000233189,RPL12P29,2,0.0,0.009277026933459255,0.0
ENSG00000233200,ENSG00000233200,2,0.0,0.0,0.0
ENSG00000233215,LINC01687,2,0.0,0.0006972081769761642,0.0
ENSG00000233217,MROH3P,2,0.0,0.00955719179379957,0.0
ENSG00000233220,PRDM10-DT,2,0.0,0.0,0.0
ENSG00000233221,ARHGEF4-AS1,2,0.0,0.0,0.0
ENSG00000233222,ENSG00000233222,2,0.0,0.0,0.0
ENSG00000233223,MPDU1-AS1,2,0.0,0.00206368397419836,0.0
ENSG00000233225,SSBP3P1,2,0.0,0.015052165726129581,0.0
ENSG00000233230,ENSG00000233230,2,0.0,0.0,0.0
ENSG00000233231,HNRNPA1P49,2,0.0,0.0,0.0
ENSG00000233242,ENSG00000233242,2,0.0,0.0018295147036624143,0.0
ENSG00000233251,ENSG00000233251,2,0.0,0.0,0.0
ENSG00000233262,SLC28A3-AS1,2,0.0,0.0,0.0
ENSG00000233293,NOL4L-AS1,2,0.0,0.0007647914841301163,0.0
ENSG00000233296,TMEM18-DT,2,0.0,0.0,0.0
ENSG00000233297,RASA4DP,2,0.0,0.10682429232540024,0.0
ENSG00000233304,LINC01346,2,0.0,0.023885215604414287,0.0
ENSG00000233321,LINC02669,2,0.0,0.001506126150764767,0.0
ENSG00000233325,MIPEPP3,2,0.0,0.0,0.0
ENSG00000233327,USP32P2,2,0.0,0.0,0.0
ENSG00000233328,PFN1P1,2,0.0,0.0024896766330980186,0.0
ENSG00000233330,ENSG00000233330,2,0.0,0.0,0.0
ENSG00000233334,FAM53B-AS1,2,0.0,0.0,0.0
ENSG00000233339,ENSG00000233339,2,0.0,0.0,0.0
ENSG00000233178,ENSG00000233178,2,0.0,0.0019306121262823437,0.0
ENSG00000233175,FMNL1-AS1,2,0.0,0.0,0.0
ENSG00000233170,ENSG00000233170,2,0.0,0.0012456703678922923,0.0
ENSG00000233048,LINC01722,2,0.0,0.0,0.0
ENSG00000232978,ENSG00000232978,2,0.0,0.005412504179761074,0.0
ENSG00000233002,TBC1D26-AS1,2,0.0,0.0,0.0
ENSG00000233005,ENSG00000233005,2,0.0,0.004958940032000508,0.0
ENSG00000233008,LINC01725,2,0.0,0.0006112031807737559,0.0
ENSG00000233009,NALCN-AS1,2,0.0,0.0,0.0
ENSG00000233021,ENSG00000233021,2,0.0,0.0,0.0
ENSG00000233024,NPIPA9,2,0.0,0.0032171361076061417,0.0
ENSG00000233025,CRYZP1,2,0.0,0.03561317981216318,0.0
ENSG00000233033,CASK-AS1,2,0.0,0.001971885076860259,0.0
ENSG00000233044,ARID1B-AS1,2,0.0,0.008584159106699317,0.0
ENSG00000233047,LINC01677,2,0.0,0.003352431999873709,0.0
ENSG00000233056,ERVH48-1,2,0.0,0.0007760294743011974,0.0
ENSG00000233154,LINC01762,2,0.0,0.0007715670787309924,0.0
ENSG00000233060,ENSG00000233060,2,0.0,0.0,0.0
ENSG00000233064,ENSG00000233064,2,0.0,0.008579690526554414,0.0
ENSG00000233067,PTCHD1-AS,2,0.0,0.0016967781863682673,0.0
ENSG00000233077,LINC01271,2,0.0,0.004785190371224909,0.0
ENSG00000233080,LINC01399,2,0.0,0.0,0.0
ENSG00000233086,LNCARSR,2,0.0,0.007673341587082789,0.0
ENSG00000233108,GLCCI1-DT,2,0.0,0.005804278863082196,0.0
ENSG00000233110,SORBS2-AS1,2,0.0,0.0,0.0
ENSG00000233117,LINC00702,2,0.0,0.0,0.0
ENSG00000233122,CTAGE7P,2,0.0,0.0020510687304587877,0.0
ENSG00000233153,UBE2E2-DT,2,0.0,0.0,0.0
ENSG00000233340,ENSG00000233340,2,0.0,0.0,0.0
ENSG00000233355,CHRM3-AS2,2,0.0,0.01719607996984767,0.0
ENSG00000233358,ENSG00000233358,2,0.0,0.0,0.0
ENSG00000233613,DCUN1D2-AS,2,0.0,0.0,0.0
ENSG00000233558,ENSG00000233558,2,0.0,0.0,0.0
ENSG00000233571,ENSG00000233571,2,0.0,0.001884854270157209,0.0
ENSG00000233577,ENSG00000233577,2,0.0,0.00028166790768758887,0.0
ENSG00000233578,EIF4EP1,2,0.0,0.000708760283997684,0.0
ENSG00000233581,MARCHF4-AS1,2,0.0,0.0,0.0
ENSG00000233585,ACAA2P1,2,0.0,0.0,0.0
ENSG00000233588,CYP51A1P2,2,0.0,0.02323905237805235,0.0
ENSG00000233589,DEPDC1-AS2,2,0.0,0.00048476643302875746,0.0
ENSG00000233590,LINC02640,2,0.0,0.0,0.0
ENSG00000233607,LINC01392,2,0.0,0.0004203992674098674,0.0
ENSG00000233609,RPL10P19,2,0.0,0.0,0.0
ENSG00000233622,CYP2T1P,2,0.0,0.010079242378458246,0.0
ENSG00000233554,B4GALT1-AS1,2,0.0,0.0008794500774638554,0.0
ENSG00000233642,GPR158-AS1,2,0.0,0.0027610076287643403,0.0
ENSG00000233656,ENSG00000233656,2,0.0,0.0,0.0
ENSG00000233661,SPIN4-AS1,2,0.0,0.000911109952982366,0.0
ENSG00000233665,ENSG00000233665,2,0.0,0.030164506513976983,0.0
ENSG00000233668,ENSG00000233668,2,0.0,0.0049629224563870035,0.0
ENSG00000233672,RNASEH2B-AS1,2,0.0,0.01098121495453221,0.0
ENSG00000233673,ANAPC1P1,2,0.0,0.00028354417427072675,0.0
ENSG00000233680,HNRNPA1P27,2,0.0,0.010536223068663222,0.0
ENSG00000233681,CEACAMP1,2,0.0,0.0011172264756517016,0.0
ENSG00000233684,LINC01865,2,0.0,0.0,0.0
ENSG00000233693,PBX1-AS1,2,0.0,0.004035948125906409,0.0
ENSG00000233557,NFU1P2,2,0.0,0.001141468477697965,0.0
ENSG00000233547,ENSG00000233547,2,0.0,0.0,0.0
ENSG00000233359,ENSG00000233359,2,0.0,0.003971432342590013,0.0
ENSG00000233448,PMS2P9,2,0.0,0.0,0.0
ENSG00000233360,PDXP-DT,2,0.0,0.00010593193721290819,0.0
ENSG00000233381,AK4P3,2,0.0,0.0,0.0
ENSG00000233384,CNIH3-AS2,2,0.0,0.0,0.0
ENSG00000233396,LINC01719,2,0.0,0.018162574008511328,0.0
ENSG00000233399,LINC01648,2,0.0,0.0033599093427082297,0.0
ENSG00000233405,LINC01046,2,0.0,0.009718861462115725,0.0
ENSG00000233417,ENSG00000233417,2,0.0,0.0,0.0
ENSG00000233421,LINC01783,2,0.0,0.0,0.0
ENSG00000233426,EIF3FP3,2,0.0,0.0017543471848501385,0.0
ENSG00000233431,LINC02596,2,0.0,0.0,0.0
ENSG00000233436,BTBD18,2,0.0,0.0004148940394711577,0.0
ENSG00000233469,ST6GALNAC4P1,2,0.0,0.0,0.0
ENSG00000233542,ENSG00000233542,2,0.0,0.0,0.0
ENSG00000233472,ENSG00000233472,2,0.0,0.0016364489467171456,0.0
ENSG00000233478,ENSG00000233478,2,0.0,0.0,0.0
ENSG00000233483,EFCAB15P,2,0.0,0.0012910204725401844,0.0
ENSG00000233485,FHAD1-AS1,2,0.0,0.0,0.0
ENSG00000233491,CDHR17P,2,0.0,0.0013797167748248497,0.0
ENSG00000233493,TMEM238,2,0.0,0.0,0.0
ENSG00000233509,ENSG00000233509,2,0.0,0.0039911584082762235,0.0
ENSG00000233514,ENSG00000233514,2,0.0,0.0,0.0
ENSG00000233517,ENSG00000233517,2,0.0,0.0,0.0
ENSG00000233528,LINC00430,2,0.0,0.0,0.0
ENSG00000233539,ENSG00000233539,2,0.0,0.0006225017900799378,0.0
ENSG00000232977,LINC00327,2,0.0,0.006647647581724962,0.0
ENSG00000232952,ENSG00000232952,2,0.0,0.003669447004271555,0.0
ENSG00000198237,GUSBP13,2,0.0,0.002849360105885244,0.0
ENSG00000232949,ENSG00000232949,2,0.0,0.0,0.0
ENSG00000232537,ENSG00000232537,2,0.0,0.0042476020812977355,0.0
ENSG00000232555,ENSG00000232555,2,0.0,0.0009186603187029645,0.0
ENSG00000232560,LINC01549,2,0.0,0.0,0.0
ENSG00000232564,MRTFA-AS1,2,0.0,0.0008634880908218448,0.0
ENSG00000232568,RPL23AP35,2,0.0,0.010594081383814215,0.0
ENSG00000232573,RPL3P4,2,0.0,0.0,0.0
ENSG00000232581,ENSG00000232581,2,0.0,0.0,0.0
ENSG00000232591,LINC02642,2,0.0,0.0007385090084758305,0.0
ENSG00000232600,TONSL-AS1,2,0.0,0.0,0.0
ENSG00000232606,LINC01412,2,0.0,0.0,0.0
ENSG00000232613,LINC02576,2,0.0,0.0017902074341764184,0.0
ENSG00000232615,PPP4R2P5,2,0.0,0.0,0.0
ENSG00000232618,HIVEP2-DT,2,0.0,0.0043415851413683365,0.0
ENSG00000232622,ENSG00000232622,2,0.0,0.003826714790427598,0.0
ENSG00000232623,MRAP-AS1,2,0.0,0.0009822729764781613,0.0
ENSG00000232624,LINC01517,2,0.0,0.0008169844757442799,0.0
ENSG00000232627,ENSG00000232627,2,0.0,0.0025980099854232643,0.0
ENSG00000232628,ENSG00000232628,2,0.0,0.0,0.0
ENSG00000232633,ENSG00000232633,2,0.0,0.0,0.0
ENSG00000232642,ENSG00000232642,2,0.0,0.0,0.0
ENSG00000232645,LINC01431,2,0.0,0.0,0.0
ENSG00000232650,LINC01780,2,0.0,0.001307624254284979,0.0
ENSG00000232653,GOLGA8N,2,0.0,0.0013421094412705116,0.0
ENSG00000232654,FAM136BP,2,0.0,0.0,0.0
ENSG00000232667,ENSG00000232667,2,0.0,0.002225127786538761,0.0
ENSG00000232533,FAM131B-AS2,2,0.0,0.004093077910604492,0.0
ENSG00000232528,ENSG00000232528,2,0.0,0.0,0.0
ENSG00000232524,ENSG00000232524,2,0.0,7.900204921867483e-05,0.0
ENSG00000232434,AJM1,2,0.0,0.0,0.0
ENSG00000232360,ENSG00000232360,2,0.0,0.020713402260975223,0.0
ENSG00000232363,ENSG00000232363,2,0.0,0.0,0.0
ENSG00000232377,GTDC1-AS1,2,0.0,0.00032895964213766713,0.0
ENSG00000232383,ENSG00000232383,2,0.0,0.0,0.0
ENSG00000232386,ENSG00000232386,2,0.0,0.0003583894404144472,0.0
ENSG00000232387,SKA2P1,2,0.0,0.0,0.0
ENSG00000232395,LNCPOIR,2,0.0,0.001608008255935297,0.0
ENSG00000232398,TMPRSS11CP,2,0.0,0.018711316731969733,0.0
ENSG00000232412,STAG2-AS1,2,0.0,0.0,0.0
ENSG00000232413,ENSG00000232413,2,0.0,0.002453534789312034,0.0
ENSG00000232415,ELN-AS1,2,0.0,0.0,0.0
ENSG00000232439,RPL18AP7,2,0.0,0.0010669636912650853,0.0
ENSG00000232520,GCSIR,2,0.0,0.0,0.0
ENSG00000232442,MHENCR,2,0.0,0.0018644792266766508,0.0
ENSG00000232451,ENSG00000232451,2,0.0,0.0,0.0
ENSG00000232453,LINC02777,2,0.0,0.0013685952565656466,0.0
ENSG00000232455,LARS2-AS1,2,0.0,0.002205913072195097,0.0
ENSG00000232464,ENSG00000232464,2,0.0,0.004596967692868136,0.0
ENSG00000232470,ENSG00000232470,2,0.0,0.0,0.0
ENSG00000232472,EEF1B2P3,2,0.0,0.000543118784575865,0.0
ENSG00000232485,RPL37A-DT,2,0.0,0.0002777580842208202,0.0
ENSG00000232490,OSBPL10-AS1,2,0.0,0.002423540178396888,0.0
ENSG00000232504,ST3GAL5-AS1,2,0.0,0.0009354134662035488,0.0
ENSG00000232517,CSPG4BP,2,0.0,0.0,0.0
ENSG00000232671,ZNF687-AS1,2,0.0,0.0004923781570475728,0.0
ENSG00000232679,LINC01705,2,0.0,0.0,0.0
ENSG00000232682,ENSG00000232682,2,0.0,0.006171900381264332,0.0
ENSG00000232896,ENSG00000232896,2,0.0,0.0,0.0
ENSG00000232875,HMGN2P35,2,0.0,0.01942801100785245,0.0
ENSG00000232876,ENSG00000232876,2,0.0,0.0,0.0
ENSG00000232878,DPYD-AS1,2,0.0,0.0,0.0
ENSG00000232882,PHKA1P1,2,0.0,0.0012463961619787176,0.0
ENSG00000232884,ENSG00000232884,2,0.0,0.0,0.0
ENSG00000232885,GPC5-AS2,2,0.0,0.0005011898160231405,0.0
ENSG00000232886,ENSG00000232886,2,0.0,2.0292363599623474e-06,0.0
ENSG00000232888,RPS11P5,2,0.0,0.0005519515297725335,0.0
ENSG00000232892,RGS5-AS1,2,0.0,0.0,0.0
ENSG00000232893,IQCA1-AS1,2,0.0,0.0,0.0
ENSG00000232894,MRPS31P2,2,0.0,0.0,0.0
ENSG00000232906,ENSG00000232906,2,0.0,1.436739835190389e-05,0.0
ENSG00000232871,SEC1P,2,0.0,0.0021689094921270966,0.0
ENSG00000232909,ENSG00000232909,2,0.0,0.0,0.0
ENSG00000232912,RERE-AS1,2,0.0,0.011393619359208466,0.0
ENSG00000232913,PLCE1-AS2,2,0.0,0.0014481266639466389,0.0
ENSG00000232915,RNF14P1,2,0.0,0.0018123646089882983,0.0
ENSG00000232928,DDX3P1,2,0.0,0.005393366313687296,0.0
ENSG00000232930,ENSG00000232930,2,0.0,0.0,0.0
ENSG00000232934,ENSG00000232934,2,0.0,0.0,0.0
ENSG00000232936,PANK1-AS1,2,0.0,0.0035455046334669864,0.0
ENSG00000232938,RPL23AP87,2,0.0,0.0,0.0
ENSG00000232940,HCG25,2,0.0,0.0,0.0
ENSG00000232946,RPL35AP20,2,0.0,0.0,0.0
ENSG00000232872,CTAGE3P,2,0.0,0.0,0.0
ENSG00000232864,NUCKS1P1,2,0.0,0.0,0.0
ENSG00000232684,ATP11A-AS1,2,0.0,0.006262051709981191,0.0
ENSG00000232788,ITGA6-AS1,2,0.0,0.0,0.0
ENSG00000232710,ENSG00000232710,2,0.0,0.0,0.0
ENSG00000232713,RPS12P3,2,0.0,0.0021411402483195487,0.0
ENSG00000232725,PLXNB3-AS1,2,0.0,0.0,0.0
ENSG00000232739,ENSG00000232739,2,0.0,0.005651983471210656,0.0
ENSG00000232748,ENSG00000232748,2,0.0,0.010020060452285446,0.0
ENSG00000232756,DDX3ILA1,2,0.0,0.0,0.0
ENSG00000232757,ETF1P1,2,0.0,0.0,0.0
ENSG00000232759,STEAP1B-AS1,2,0.0,0.028064467075217817,0.0
ENSG00000232762,ENSG00000232762,2,0.0,0.0,0.0
ENSG00000232767,HSPA12A-AS1,2,0.0,0.023881874970339445,0.0
ENSG00000232768,ENSG00000232768,2,0.0,0.0031190974980350745,0.0
ENSG00000232803,SLCO4A1-AS1,2,0.0,0.00046819143569352267,0.0
ENSG00000232862,ENSG00000232862,2,0.0,0.028636716073800413,0.0
ENSG00000232807,ENSG00000232807,2,0.0,0.009552560639238135,0.0
ENSG00000232811,ENSG00000232811,2,0.0,0.0,0.0
ENSG00000232812,LINC01717,2,0.0,0.002567036137711518,0.0
ENSG00000232814,COL4A2-AS1,2,0.0,0.0014984886950860062,0.0
ENSG00000232818,RPS2P32,2,0.0,0.0029764199415055633,0.0
ENSG00000232825,PLPPR5-AS1,2,0.0,0.0,0.0
ENSG00000232832,LMLN-AS1,2,0.0,0.0,0.0
ENSG00000232838,PET117,2,0.0,0.008175373471319082,0.0
ENSG00000232842,KAT7P1,2,0.0,0.0,0.0
ENSG00000232858,RPL34P27,2,0.0,0.0020361441857739155,0.0
ENSG00000232860,SMG7-AS1,2,0.0,0.0019830040705093883,0.0
ENSG00000233695,GAS6-AS1,2,0.0,0.0,0.0
ENSG00000233706,ENSG00000233706,2,0.0,0.026639850470962317,0.0
ENSG00000233718,MYCNOS,2,0.0,0.0016078442504859978,0.0
ENSG00000233719,GOT2P3,2,0.0,0.008122293230511621,0.0
ENSG00000234476,LINC02765,2,0.0,0.0,0.0
ENSG00000234477,ENSG00000234477,2,0.0,0.002052690671995494,0.0
ENSG00000234478,ACBD3-AS1,2,0.0,0.0008380037978332899,0.0
ENSG00000234488,RPL27P6,2,0.0,0.003394098261517745,0.0
ENSG00000234497,ERICH3-AS1,2,0.0,0.017747567601554225,0.0
ENSG00000234498,RPL13AP20,2,0.0,0.023691413280591527,0.0
ENSG00000234504,ENSG00000234504,2,0.0,0.0,0.0
ENSG00000234509,SOD1-DT,2,0.0,0.00039570730946767205,0.0
ENSG00000234511,C5orf58,2,0.0,0.0014586691196588647,0.0
ENSG00000234518,PTGES3P1,2,0.0,0.0,0.0
ENSG00000234527,PCDH9-AS1,2,0.0,0.0008990530277426389,0.0
ENSG00000234537,ENSG00000234537,2,0.0,0.006256702829981759,0.0
ENSG00000234540,ENSG00000234540,2,0.0,0.0,0.0
ENSG00000234542,ENSG00000234542,2,0.0,0.0,0.0
ENSG00000234572,LINC01800,2,0.0,0.0,0.0
ENSG00000234585,CCT6P3,2,0.0,0.0,0.0
ENSG00000234592,TJAP1P1,2,0.0,0.0,0.0
ENSG00000234593,KAZN-AS1,2,0.0,0.0012916045115510175,0.0
ENSG00000234597,ENSG00000234597,2,0.0,0.0023683139944705787,0.0
ENSG00000234602,MCIDAS,2,0.0,0.03538642206697302,0.0
ENSG00000234614,C2CD4D-AS1,2,0.0,0.0,0.0
ENSG00000234617,SNRK-AS1,2,0.0,0.16744741461582272,0.0
ENSG00000234626,ENSG00000234626,2,0.0,0.003578861166844275,0.0
ENSG00000234636,MED14OS,2,0.0,0.003101799320270726,0.0
ENSG00000234645,YWHAEP5,2,0.0,0.0,0.0
ENSG00000234474,MIR3663HG,2,0.0,0.00024142703574753997,0.0
ENSG00000234473,ZNF101P2,2,0.0,0.0,0.0
ENSG00000234471,ENSG00000234471,2,0.0,0.0006648435889301818,0.0
ENSG00000234393,ENSG00000234393,2,0.0,0.012809272967502956,0.0
ENSG00000234300,LINC00229,2,0.0,0.0,0.0
ENSG00000234303,CLYBL-AS1,2,0.0,0.0,0.0
ENSG00000234332,BCAS2P2,2,0.0,0.0007409143338993924,0.0
ENSG00000234336,JAZF1-AS1,2,0.0,0.0,0.0
ENSG00000234337,ENSG00000234337,2,0.0,0.0,0.0
ENSG00000234345,ELF2P1,2,0.0,0.000626871070028794,0.0
ENSG00000234361,ENSG00000234361,2,0.0,0.006506203666582562,0.0
ENSG00000234369,TATDN1P1,2,0.0,0.012478050430239085,0.0
ENSG00000234378,ENSG00000234378,2,0.0,0.0,0.0
ENSG00000234380,LINC01426,2,0.0,0.0,0.0
ENSG00000234390,USP27X-DT,2,0.0,0.0,0.0
ENSG00000234396,ENSG00000234396,2,0.0,0.004473267629105677,0.0
ENSG00000234469,CLDN34,2,0.0,0.0,0.0
ENSG00000234409,CCDC188,2,0.0,0.0,0.0
ENSG00000234424,ENSG00000234424,2,0.0,0.0,0.0
ENSG00000234426,ENSG00000234426,2,0.0,0.0,0.0
ENSG00000234428,ENSG00000234428,2,0.0,0.0,0.0
ENSG00000234432,LINC02983,2,0.0,0.0,0.0
ENSG00000234445,FGF14-AS1,2,0.0,0.006495814452886654,0.0
ENSG00000234446,ENSG00000234446,2,0.0,0.004159475438568442,0.0
ENSG00000234452,SLC16A12-AS1,2,0.0,0.0025409489271800705,0.0
ENSG00000234459,ENSG00000234459,2,0.0,0.0,0.0
ENSG00000234464,ENSG00000234464,2,0.0,0.0025658145750894097,0.0
ENSG00000234465,PINLYP,2,0.0,0.00446273614201477,0.0
ENSG00000234650,PCCA-AS1,2,0.0,0.0005473842466922825,0.0
ENSG00000234653,LRRTM4-AS1,2,0.0,0.016496018315290698,0.0
ENSG00000234665,LERFS,2,0.0,0.0,0.0
ENSG00000234884,GRK3-AS1,2,0.0,0.008509711764259388,0.0
ENSG00000234814,SVIL2P,2,0.0,0.00239805680751186,0.0
ENSG00000234817,ECI2-DT,2,0.0,0.0,0.0
ENSG00000234818,ENSG00000234818,2,0.0,0.0,0.0
ENSG00000234832,NXT1-AS1,2,0.0,0.00011201662015321134,0.0
ENSG00000234839,RPS26P30,2,0.0,0.0013321213194685496,0.0
ENSG00000234848,ENSG00000234848,2,0.0,0.0,0.0
ENSG00000234857,HNRNPUL2-BSCL2,2,0.0,0.0,0.0
ENSG00000234860,ENSG00000234860,2,0.0,0.00030695960357718903,0.0
ENSG00000234869,LINC02925,2,0.0,0.0006516181181472556,0.0
ENSG00000234882,EIF3EP1,2,0.0,0.002255772837610542,0.0
ENSG00000234883,MIR155HG,2,0.0,0.003436493136640202,0.0
ENSG00000234886,MTND5P26,2,0.0,0.016365839815976738,0.0
ENSG00000234807,JUN-DT,2,0.0,0.0,0.0
ENSG00000234890,HNRNPDLP2,2,0.0,0.0,0.0
ENSG00000234892,ENSG00000234892,2,0.0,0.0,0.0
ENSG00000234899,SOX9-AS1,2,0.0,0.0,0.0
ENSG00000234902,ENSG00000234902,2,0.0,0.0,0.0
ENSG00000234912,SNHG20,2,0.0,0.0055211149465098875,0.0
ENSG00000234917,ENSG00000234917,2,0.0,0.0008047135078352436,0.0
ENSG00000234925,ATP5PDP4,2,0.0,0.0,0.0
ENSG00000234928,LINC01659,2,0.0,0.0,0.0
ENSG00000234929,ENSG00000234929,2,0.0,0.002423714477696494,0.0
ENSG00000234936,ENSG00000234936,2,0.0,0.0,0.0
ENSG00000234945,GTF3C2-AS1,2,0.0,0.0012073189163022936,0.0
ENSG00000234810,ENSG00000234810,2,0.0,0.0,0.0
ENSG00000234806,RPL26P29,2,0.0,0.007047239710057137,0.0
ENSG00000234675,ENSG00000234675,2,0.0,0.0,0.0
ENSG00000234717,TMEM212-AS1,2,0.0,0.0,0.0
ENSG00000234678,ELF3-AS1,2,0.0,0.0006864107272167554,0.0
ENSG00000234680,VN2R3P,2,0.0,0.0,0.0
ENSG00000234685,NUS1P2,2,0.0,0.0,0.0
ENSG00000234686,ENSG00000234686,2,0.0,0.0,0.0
ENSG00000234692,ENSG00000234692,2,0.0,0.017663984532575953,0.0
ENSG00000234693,RIPOR3-AS1,2,0.0,0.0023758124379306624,0.0
ENSG00000234694,CDC20-DT,2,0.0,0.01906642275837505,0.0
ENSG00000234699,ENSG00000234699,2,0.0,0.005595358490696997,0.0
ENSG00000234707,SEC61G-DT,2,0.0,0.003210616014493612,0.0
ENSG00000234710,ENSG00000234710,2,0.0,0.008686975243803218,0.0
ENSG00000234715,SLC26A5-AS1,2,0.0,0.0,0.0
ENSG00000234718,ENSG00000234718,2,0.0,0.02413062764152532,0.0
ENSG00000234797,RPS3AP6,2,0.0,0.002013306171758989,0.0
ENSG00000234722,LINC01287,2,0.0,0.0,0.0
ENSG00000234742,RPL17P18,2,0.0,0.0,0.0
ENSG00000234763,ENSG00000234763,2,0.0,0.015454841751399748,0.0
ENSG00000234769,WASH4P,2,0.0,0.0,0.0
ENSG00000234770,GULOP,2,0.0,0.0,0.0
ENSG00000234773,ENSG00000234773,2,0.0,0.0,0.0
ENSG00000234775,ADORA1-AS2,2,0.0,0.0036109374199528193,0.0
ENSG00000234779,BNC2-AS1,2,0.0,0.0,0.0
ENSG00000234782,TPT1P9,2,0.0,0.00045026776938459934,0.0
ENSG00000234789,ASB6-AS1,2,0.0,0.02000904952090563,0.0
ENSG00000234793,ENSG00000234793,2,0.0,0.0034505567175193885,0.0
ENSG00000234297,PSIP1P1,2,0.0,0.0,0.0
ENSG00000234286,ENSG00000234286,2,0.0,0.002065659779227337,0.0
ENSG00000234273,ENSG00000234273,2,0.0,0.0,0.0
ENSG00000233926,TLE1-DT,2,0.0,0.00166713870738488,0.0
ENSG00000233862,ENSG00000233862,2,0.0,0.0,0.0
ENSG00000233871,DLG5-AS1,2,0.0,0.0,0.0
ENSG00000233875,ENSG00000233875,2,0.0,0.009006635781007539,0.0
ENSG00000233885,YEATS2-AS1,2,0.0,0.00044142351256309817,0.0
ENSG00000233891,ENSG00000233891,2,0.0,0.001974681361295004,0.0
ENSG00000233893,EZR-AS1,2,0.0,0.0,0.0
ENSG00000233896,PDYN-AS1,2,0.0,0.0,0.0
ENSG00000233901,LINC01503,2,0.0,0.0,0.0
ENSG00000233906,ENSG00000233906,2,0.0,0.0022503699178790877,0.0
ENSG00000233920,ENSG00000233920,2,0.0,0.0,0.0
ENSG00000233922,LINC01694,2,0.0,0.0,0.0
ENSG00000233930,KRTAP5-AS1,2,0.0,0.0,0.0
ENSG00000233858,LINC02599,2,0.0,0.003576089424353131,0.0
ENSG00000233932,CTXN2,2,0.0,0.009830785891961544,0.0
ENSG00000233942,ENSG00000233942,2,0.0,0.0,0.0
ENSG00000233953,ENSG00000233953,2,0.0,0.0,0.0
ENSG00000233954,UQCRHL,2,0.0,0.0,0.0
ENSG00000233963,ATP8A2P3,2,0.0,0.21544075478563923,0.0
ENSG00000233968,MALRD1-AS1,2,0.0,0.0028573509871193193,0.0
ENSG00000233974,ENSG00000233974,2,0.0,0.0012051982838219807,0.0
ENSG00000233975,LINC02574,2,0.0,0.0,0.0
ENSG00000233981,ENSG00000233981,2,0.0,0.0,0.0
ENSG00000233993,DTD1-AS1,2,0.0,0.007039943962083243,0.0
ENSG00000233998,SETP5,2,0.0,0.0,0.0
ENSG00000233859,ADH5P4,2,0.0,0.010889898766610095,0.0
ENSG00000233854,POU6F2-AS2,2,0.0,0.0,0.0
ENSG00000234005,GAPDHP22,2,0.0,0.44491070560258394,0.0
ENSG00000233799,ENSG00000233799,2,0.0,0.0006880332165616502,0.0
ENSG00000233729,NCKAP5-AS1,2,0.0,0.0009697870386533675,0.0
ENSG00000233730,LINC01765,2,0.0,0.0,0.0
ENSG00000233735,ENSG00000233735,2,0.0,0.0,0.0
ENSG00000233737,ENSG00000233737,2,0.0,0.004139304266781648,0.0
ENSG00000233739,ENSG00000233739,2,0.0,0.004419072322578668,0.0
ENSG00000233754,ENSG00000233754,2,0.0,0.0,0.0
ENSG00000233755,ENSG00000233755,2,0.0,0.0030640362439453804,0.0
ENSG00000233766,CAVIN2-AS1,2,0.0,0.0,0.0
ENSG00000233774,MED14P1,2,0.0,0.0,0.0
ENSG00000233785,SAT1-DT,2,0.0,0.0,0.0
ENSG00000233791,BTG2-DT,2,0.0,0.002263113261569717,0.0
ENSG00000233818,ENSG00000233818,2,0.0,0.0,0.0
ENSG00000233852,ENSG00000233852,2,0.0,0.0008268891202883192,0.0
ENSG00000233820,MKRN10P,2,0.0,0.07983291950821654,0.0
ENSG00000233825,EPC1-AS2,2,0.0,0.0027988615910730526,0.0
ENSG00000233828,MIR4280HG,2,0.0,0.0,0.0
ENSG00000233830,EIF4HP1,2,0.0,0.00034594498092094126,0.0
ENSG00000233834,GIRGL,2,0.0,0.004986441103814608,0.0
ENSG00000233840,ENSG00000233840,2,0.0,0.0,0.0
ENSG00000233845,ENSG00000233845,2,0.0,0.00888140470252294,0.0
ENSG00000233847,ERCC8-AS1,2,0.0,0.0,0.0
ENSG00000233848,ENSG00000233848,2,0.0,0.0011503952612934639,0.0
ENSG00000233849,ENSG00000233849,2,0.0,0.0,0.0
ENSG00000233851,LATS2-AS1,2,0.0,0.0,0.0
ENSG00000234003,MTATP6P27,2,0.0,0.0015857593851361848,0.0
ENSG00000234006,DDX39B-AS1,2,0.0,0.0,0.0
ENSG00000234265,LINC01723,2,0.0,0.0,0.0
ENSG00000234206,ENSG00000234206,2,0.0,0.0035661948229686164,0.0
ENSG00000234172,ENSG00000234172,2,0.0,0.0010009733994441918,0.0
ENSG00000234173,ENSG00000234173,2,0.0,0.0,0.0
ENSG00000234176,HSPA8P1,2,0.0,0.0,0.0
ENSG00000234177,ENSG00000234177,2,0.0,0.0,0.0
ENSG00000234181,PIGO-AS1,2,0.0,0.004388212705349386,0.0
ENSG00000234183,H2AZ2-DT,2,0.0,0.00163929939176917,0.0
ENSG00000234184,LINC01781,2,0.0,0.00776284284953522,0.0
ENSG00000234186,C16orf82,2,0.0,0.0,0.0
ENSG00000234193,ACSL3-AS1,2,0.0,0.0,0.0
ENSG00000234197,ETV5-AS1,2,0.0,0.0034866982369877444,0.0
ENSG00000234203,ENSG00000234203,2,0.0,0.01906153168316641,0.0
ENSG00000234210,ENSG00000234210,2,0.0,1.916816613950247e-05,0.0
ENSG00000234168,LINC01039,2,0.0,0.1739782492922316,0.0
ENSG00000234215,CT66,2,0.0,0.0,0.0
ENSG00000234223,ENSG00000234223,2,0.0,0.0,0.0
ENSG00000234224,TMEM229A,2,0.0,0.001359552636981421,0.0
ENSG00000234230,ZFX-AS1,2,0.0,0.0004036424185307783,0.0
ENSG00000234231,ANAPC1P4,2,0.0,0.0006074774420310333,0.0
ENSG00000234232,PDE4DIPP7,2,0.0,0.001671563902941097,0.0
ENSG00000234235,BOK-AS1,2,0.0,0.0061526444393579975,0.0
ENSG00000234238,ENSG00000234238,2,0.0,0.0,0.0
ENSG00000234241,SYNCRIPP1,2,0.0,0.0005660225144153291,0.0
ENSG00000234255,ENSG00000234255,2,0.0,0.0,0.0
ENSG00000234264,DEPDC1-AS1,2,0.0,0.0,0.0
ENSG00000234170,LINC02645,2,0.0,0.0019443812561848444,0.0
ENSG00000234162,ENSG00000234162,2,0.0,0.0,0.0
ENSG00000234009,RPL5P34,2,0.0,0.0012180953485566594,0.0
ENSG00000234091,FRMD4A-AS1,2,0.0,0.0013271136118827296,0.0
ENSG00000234020,CHIAP3,2,0.0,0.0010773746126319708,0.0
ENSG00000234021,ENSG00000234021,2,0.0,0.00016452077074894606,0.0
ENSG00000234022,ENSG00000234022,2,0.0,0.001666738680841276,0.0
ENSG00000234028,EIF2AK3-DT,2,0.0,0.0026122050615781474,0.0
ENSG00000234040,RPL10P12,2,0.0,0.0,0.0
ENSG00000234043,NUDT9P1,2,0.0,0.0,0.0
ENSG00000234050,ENSG00000234050,2,0.0,0.00894130611508901,0.0
ENSG00000234056,LINC00463,2,0.0,0.002258026060919116,0.0
ENSG00000234076,TPRG1-AS1,2,0.0,0.005987032743095101,0.0
ENSG00000234083,ENSG00000234083,2,0.0,0.012450794223415542,0.0
ENSG00000234084,ENSG00000234084,2,0.0,0.0013328217553393706,0.0
ENSG00000234106,SRP14P2,2,0.0,0.008899404322625084,0.0
ENSG00000234161,PABPC5-AS1,2,0.0,0.0005087625508980786,0.0
ENSG00000234118,RPL13AP6,2,0.0,0.0,0.0
ENSG00000234123,RHBDF1P1,2,0.0,0.0,0.0
ENSG00000234132,ENSG00000234132,2,0.0,0.0,0.0
ENSG00000234134,ENSG00000234134,2,0.0,0.03949154487970388,0.0
ENSG00000234139,ENSG00000234139,2,0.0,0.001954890867038393,0.0
ENSG00000234141,ENSG00000234141,2,0.0,0.0,0.0
ENSG00000234145,NAP1L4P3,2,0.0,0.0,0.0
ENSG00000234147,ENSG00000234147,2,0.0,0.0017040080298761522,0.0
ENSG00000234149,ENSG00000234149,2,0.0,0.00040618373117802954,0.0
ENSG00000234156,ENSG00000234156,2,0.0,0.0,0.0
ENSG00000234160,ENSG00000234160,2,0.0,0.0005898965686681588,0.0
ENSG00000232359,ENSG00000232359,2,0.0,0.0004443067733880804,0.0
ENSG00000232358,ENSG00000232358,2,0.0,2.9898903076095113e-05,0.0
ENSG00000232354,VIPR1-AS1,2,0.0,0.0030596141122125244,0.0
ENSG00000231046,MFSD4B-DT,2,0.0,0.0,0.0
ENSG00000230550,ERLNC1,2,0.0,0.00013094942789764274,0.0
ENSG00000230552,ENSG00000230552,2,0.0,0.0,0.0
ENSG00000230555,LINC02916,2,0.0,0.0,0.0
ENSG00000230562,FAM133DP,2,0.0,0.0014976328601368554,0.0
ENSG00000230563,ENSG00000230563,2,0.0,0.0018962946484454434,0.0
ENSG00000230565,ENSG00000230565,2,0.0,0.03245951180037731,0.0
ENSG00000230569,ENSG00000230569,2,0.0,0.007701307302282142,0.0
ENSG00000230583,GTF2IRD1P1,2,0.0,0.001877794294477505,0.0
ENSG00000230597,ENSG00000230597,2,0.0,0.004839911563138278,0.0
ENSG00000230598,OR2H4P,2,0.0,0.000987492537706314,0.0
ENSG00000230613,HM13-AS1,2,0.0,0.010693232662420478,0.0
ENSG00000230615,ENSG00000230615,2,0.0,0.0,0.0
ENSG00000230629,RPS23P8,2,0.0,0.0017636902041870863,0.0
ENSG00000230630,DNM3OS,2,0.0,0.00011210688846332145,0.0
ENSG00000230637,ENSG00000230637,2,0.0,0.0,0.0
ENSG00000230641,ENSG00000230641,2,0.0,0.0,0.0
ENSG00000230645,LINC01818,2,0.0,0.0,0.0
ENSG00000230647,ENSG00000230647,2,0.0,0.0,0.0
ENSG00000230648,ENSG00000230648,2,0.0,0.00048069771367729774,0.0
ENSG00000230649,ENSG00000230649,2,0.0,0.0029207557106351472,0.0
ENSG00000230657,PRB4,2,0.0,0.0005258601539508903,0.0
ENSG00000230658,KLHL7-DT,2,0.0,0.009412157630759166,0.0
ENSG00000230661,YY1P1,2,0.0,0.0,0.0
ENSG00000230676,ENSG00000230676,2,0.0,0.0003375072348503758,0.0
ENSG00000230679,ENO1-AS1,2,0.0,0.00030468397823457915,0.0
ENSG00000230547,HMGB1P11,2,0.0,0.0,0.0
ENSG00000230536,ENSG00000230536,2,0.0,0.0,0.0
ENSG00000230533,LINC03004,2,0.0,0.0,0.0
ENSG00000230457,PA2G4P4,2,0.0,0.0,0.0
ENSG00000230426,LINC01036,2,0.0,0.0027967064847204187,0.0
ENSG00000230427,ENSG00000230427,2,0.0,0.0025824170338261043,0.0
ENSG00000230432,ENSG00000230432,2,0.0,0.004452583063791531,0.0
ENSG00000230433,ENSG00000230433,2,0.0,0.004854674155563211,0.0
ENSG00000230437,ENSG00000230437,2,0.0,0.006340964576550078,0.0
ENSG00000230438,SERPINB9P1,2,0.0,0.013221803982707963,0.0
ENSG00000230442,ASB15-AS1,2,0.0,0.014598199373137648,0.0
ENSG00000230444,TFAMP1,2,0.0,0.0024651418240267085,0.0
ENSG00000230445,LRRC37A6P,2,0.0,0.010657063394010763,0.0
ENSG00000230449,RPL7P4,2,0.0,0.0038563035076067385,0.0
ENSG00000230454,LINC03143,2,0.0,0.013125500490721144,0.0
ENSG00000230461,PROX1-AS1,2,0.0,0.02323345288501663,0.0
ENSG00000230530,LIMD1-AS1,2,0.0,0.007484409981575821,0.0
ENSG00000230479,LNCTSI,2,0.0,0.0133826172673492,0.0
ENSG00000230483,ENSG00000230483,2,0.0,0.0,0.0
ENSG00000230489,VAV3-AS1,2,0.0,0.0,0.0
ENSG00000230498,ENSG00000230498,2,0.0,0.0,0.0
ENSG00000230499,ENSG00000230499,2,0.0,0.0,0.0
ENSG00000230513,THAP7-AS1,2,0.0,0.0027022427546797485,0.0
ENSG00000230519,HMGB1P49,2,0.0,0.0004140769914657927,0.0
ENSG00000230521,ENSG00000230521,2,0.0,0.0,0.0
ENSG00000230523,LINC01756,2,0.0,0.0,0.0
ENSG00000230524,COL6A4P1,2,0.0,0.04774504381178791,0.0
ENSG00000230525,ENSG00000230525,2,0.0,0.005158882436949973,0.0
ENSG00000230684,ENSG00000230684,2,0.0,0.0017323001116338265,0.0
ENSG00000230695,FN1-DT,2,0.0,0.0,0.0
ENSG00000230699,ENSG00000230699,2,0.0,0.0,0.0
ENSG00000230928,ENSG00000230928,2,0.0,0.0,0.0
ENSG00000230866,LINC02558,2,0.0,0.0,0.0
ENSG00000230869,AGAP10P,2,0.0,0.017811285201078168,0.0
ENSG00000230872,MFSD13B,2,0.0,0.007725200618555529,0.0
ENSG00000230873,STMND1,2,0.0,0.0004779273050794277,0.0
ENSG00000230882,ENSG00000230882,2,0.0,0.0,0.0
ENSG00000230894,ENSG00000230894,2,0.0,0.020179903341720984,0.0
ENSG00000230910,ADGRB3-DT,2,0.0,0.0016660888772796628,0.0
ENSG00000230912,ENSG00000230912,2,0.0,0.00028824479602011533,0.0
ENSG00000230914,KIF19BP,2,0.0,0.0,0.0
ENSG00000230923,LINC00309,2,0.0,0.0,0.0
ENSG00000230927,TMBIM7P,2,0.0,0.00103030693053951,0.0
ENSG00000230937,MIR205HG,2,0.0,0.020399057828822724,0.0
ENSG00000230844,ZNF674-AS1,2,0.0,0.0,0.0
ENSG00000230946,HNRNPA1P68,2,0.0,0.0,0.0
ENSG00000230955,INPP5B-AS1,2,0.0,0.020163394556886583,0.0
ENSG00000230956,CAPZA1P1,2,0.0,0.004181900838589973,0.0
ENSG00000230975,ENSG00000230975,2,0.0,0.0015637103539509114,0.0
ENSG00000230987,ENSG00000230987,2,0.0,0.0,0.0
ENSG00000230990,ENSG00000230990,2,0.0,0.0,0.0
ENSG00000231007,CDC20P1,2,0.0,0.00019449319847381104,0.0
ENSG00000231023,LINC00326,2,0.0,0.0,0.0
ENSG00000231024,ENSG00000231024,2,0.0,0.0,0.0
ENSG00000231039,ENSG00000231039,2,0.0,0.0,0.0
ENSG00000231040,LINC01911,2,0.0,0.002499454242930398,0.0
ENSG00000230864,ENSG00000230864,2,0.0,0.013531565729406989,0.0
ENSG00000230832,SSBL4P,2,0.0,0.0007204148173147063,0.0
ENSG00000230707,HAPSTR2,2,0.0,0.00666493810956928,0.0
ENSG00000230753,ZNF341-AS1,2,0.0,0.0,0.0
ENSG00000230710,LINC00332,2,0.0,0.0,0.0
ENSG00000230715,ENSG00000230715,2,0.0,0.0,0.0
ENSG00000230724,LINC01001,2,0.0,0.08948791279795758,0.0
ENSG00000230729,ENHO-AS1,2,0.0,0.01788439477514687,0.0
ENSG00000230730,ENSG00000230730,2,0.0,0.002826432173262649,0.0
ENSG00000230733,ENSG00000230733,2,0.0,0.019935109450697968,0.0
ENSG00000230735,ENSG00000230735,2,0.0,0.007512217577420623,0.0
ENSG00000230736,ENSG00000230736,2,0.0,0.004428558793016368,0.0
ENSG00000230739,ENSG00000230739,2,0.0,0.0,0.0
ENSG00000230741,ENSG00000230741,2,0.0,0.0,0.0
ENSG00000230749,MEIS1-AS2,2,0.0,0.0,0.0
ENSG00000230772,VN1R108P,2,0.0,0.005826044906236716,0.0
ENSG00000230826,ENSG00000230826,2,0.0,0.002533747604013623,0.0
ENSG00000230778,ANKRD63,2,0.0,0.01908795872279196,0.0
ENSG00000230783,RPS3AP13,2,0.0,0.0,0.0
ENSG00000230790,ENSG00000230790,2,0.0,0.004658511411101202,0.0
ENSG00000230793,SMARCE1P5,2,0.0,0.0,0.0
ENSG00000230795,HLA-K,2,0.0,0.05033541709022323,0.0
ENSG00000230797,YY2,2,0.0,0.0,0.0
ENSG00000230805,ENSG00000230805,2,0.0,0.0,0.0
ENSG00000230806,SRGAP2-AS1,2,0.0,0.0,0.0
ENSG00000230817,LINC01362,2,0.0,0.005419203212422416,0.0
ENSG00000230823,CBX1P1,2,0.0,0.00971062962197655,0.0
ENSG00000230825,LINC03016,2,0.0,0.0,0.0
ENSG00000230415,LINC01786,2,0.0,0.0,0.0
ENSG00000230408,BZW1-AS1,2,0.0,0.005777513391364118,0.0
ENSG00000230393,ENSG00000230393,2,0.0,0.0,0.0
ENSG00000229921,KIF25-AS1,2,0.0,0.012185198458019528,0.0
ENSG00000229853,ENSG00000229853,2,0.0,0.00025177392226437766,0.0
ENSG00000229855,ENSG00000229855,2,0.0,0.0,0.0
ENSG00000229862,EEF1A1-AS1,2,0.0,0.0,0.0
ENSG00000229863,RPL19P2,2,0.0,0.004736651930216413,0.0
ENSG00000229867,STEAP3-AS1,2,0.0,0.0,0.0
ENSG00000229869,LARP4B-DT,2,0.0,0.0,0.0
ENSG00000229876,CASC20,2,0.0,0.004682013323819455,0.0
ENSG00000229886,ENSG00000229886,2,0.0,0.0,0.0
ENSG00000229891,LINC01315,2,0.0,0.0,0.0
ENSG00000229893,TAX1BP1-AS1,2,0.0,0.0,0.0
ENSG00000229896,ENSG00000229896,2,0.0,0.0,0.0
ENSG00000229931,ATXN1-AS1,2,0.0,0.0,0.0
ENSG00000229848,ENSG00000229848,2,0.0,0.0,0.0
ENSG00000229932,YWHAZP3,2,0.0,0.0013109806637748292,0.0
ENSG00000229941,PDE11A-AS1,2,0.0,0.01095242049966153,0.0
ENSG00000229944,EIF4EP2,2,0.0,0.0,0.0
ENSG00000229950,TFAP2A-AS1,2,0.0,0.008399817596926528,0.0
ENSG00000229951,FOSL2-AS1,2,0.0,0.0,0.0
ENSG00000229953,BCAN-AS2,2,0.0,0.0,0.0
ENSG00000229954,MTND2P2,2,0.0,0.0,0.0
ENSG00000229960,ENSG00000229960,2,0.0,0.012737063074694459,0.0
ENSG00000229962,ENSG00000229962,2,0.0,0.0,0.0
ENSG00000229969,ENSG00000229969,2,0.0,0.0004635805866917407,0.0
ENSG00000229970,ENSG00000229970,2,0.0,0.0,0.0
ENSG00000229851,ARSD-AS1,2,0.0,0.003857771556096826,0.0
ENSG00000229846,ENSG00000229846,2,0.0,4.988709899168413e-05,0.0
ENSG00000229980,TOB1-AS1,2,0.0,1.1695426132836012e-05,0.0
ENSG00000229688,CRPPA-AS1,2,0.0,0.0030263662923058917,0.0
ENSG00000229611,ENSG00000229611,2,0.0,0.0021744189646405268,0.0
ENSG00000229613,LINC01501,2,0.0,0.0,0.0
ENSG00000229619,MBNL1-AS1,2,0.0,5.5461971162948545e-05,0.0
ENSG00000229638,RPL4P4,2,0.0,0.0015813342864083948,0.0
ENSG00000229639,LINC01758,2,0.0,0.0007763539804151669,0.0
ENSG00000229642,ENSG00000229642,2,0.0,0.0033086903164983254,0.0
ENSG00000229644,NAMPTP1,2,0.0,0.0033200177177366585,0.0
ENSG00000229646,ENSG00000229646,2,0.0,0.0,0.0
ENSG00000229659,RPL26P6,2,0.0,0.0,0.0
ENSG00000229666,MAST4-AS1,2,0.0,0.0,0.0
ENSG00000229673,ENSG00000229673,2,0.0,2.5706798419073085e-05,0.0
ENSG00000229694,ENSG00000229694,2,0.0,0.001232913502885284,0.0
ENSG00000229809,ZNF688,2,0.0,0.010086198986129037,0.0
ENSG00000229717,ENSG00000229717,2,0.0,0.06762233121356535,0.0
ENSG00000229719,MIR194-2HG,2,0.0,0.005228632639458859,0.0
ENSG00000229721,ENSG00000229721,2,0.0,0.0,0.0
ENSG00000229728,ENSG00000229728,2,0.0,0.0,0.0
ENSG00000229742,ENSG00000229742,2,0.0,0.0,0.0
ENSG00000229743,LINC01159,2,0.0,0.000981197343194366,0.0
ENSG00000229751,FRMD4A-AS2,2,0.0,6.33015347471762e-05,0.0
ENSG00000229766,TMX4-AS1,2,0.0,0.0,0.0
ENSG00000229774,ENSG00000229774,2,0.0,0.001468966239956376,0.0
ENSG00000229775,LINC02624,2,0.0,0.0,0.0
ENSG00000229794,MTCYBP32,2,0.0,0.0002810663782774962,0.0
ENSG00000229976,ENSG00000229976,2,0.0,0.0006396216194773565,0.0
ENSG00000229990,ENSG00000229990,2,0.0,0.0018200644028747806,0.0
ENSG00000230392,LINC03098,2,0.0,0.0,0.0
ENSG00000230309,ENSG00000230309,2,0.0,0.0,0.0
ENSG00000230257,NFE4,2,0.0,0.0015420794331142353,0.0
ENSG00000230258,ENSG00000230258,2,0.0,0.0014432367501251338,0.0
ENSG00000230262,LINC02603,2,0.0,0.0016984933947482336,0.0
ENSG00000230266,XXYLT1-AS2,2,0.0,0.0,0.0
ENSG00000230269,LINC02525,2,0.0,0.0017905114206776833,0.0
ENSG00000230289,ENSG00000230289,2,0.0,0.005432111156649327,0.0
ENSG00000230290,ARMC2-AS1,2,0.0,0.0016578447529131048,0.0
ENSG00000230292,NAALADL2-AS3,2,0.0,0.0026506442559025346,0.0
ENSG00000230295,GTF2IP23,2,0.0,0.0,0.0
ENSG00000230303,ENSG00000230303,2,0.0,0.002010304241564805,0.0
ENSG00000230305,ENSG00000230305,2,0.0,0.465708957996721,0.0
ENSG00000230313,HCG24,2,0.0,0.0,0.0
ENSG00000230207,RPL4P5,2,0.0,0.007203085005781786,0.0
ENSG00000230314,ELOVL2-AS1,2,0.0,0.03788068630305818,0.0
ENSG00000230319,TTLL1-AS1,2,0.0,0.001280902889146705,0.0
ENSG00000230320,BEND7P1,2,0.0,0.005963168375218021,0.0
ENSG00000230337,EXOSC10-AS1,2,0.0,0.0007281313182985652,0.0
ENSG00000230342,FANCD2P2,2,0.0,0.0,0.0
ENSG00000230358,SPDYE21,2,0.0,0.0010126946744787844,0.0
ENSG00000230359,TPI1P2,2,0.0,0.0030103491573517864,0.0
ENSG00000230366,DSCR9,2,0.0,0.0,0.0
ENSG00000230375,GSTA11P,2,0.0,0.003330221029518667,0.0
ENSG00000230379,ENSG00000230379,2,0.0,0.00012706674012395987,0.0
ENSG00000230381,ENSG00000230381,2,0.0,0.001423415803253638,0.0
ENSG00000230212,CBR1-AS1,2,0.0,0.0,0.0
ENSG00000230205,ENSG00000230205,2,0.0,0.00017531741098669214,0.0
ENSG00000229999,SGSM3-AS1,2,0.0,0.00772470058670308,0.0
ENSG00000230090,ENSG00000230090,2,0.0,0.0,0.0
ENSG00000230006,ANKRD36BP2,2,0.0,0.00465932064697726,0.0
ENSG00000230013,CT70,2,0.0,0.002546489710325531,0.0
ENSG00000230020,NHS-AS1,2,0.0,0.0,0.0
ENSG00000230027,ENSG00000230027,2,0.0,0.0,0.0
ENSG00000230035,IGSF21-AS1,2,0.0,0.0,0.0
ENSG00000230046,BIRC6-AS1,2,0.0,0.0006149175900284784,0.0
ENSG00000230051,ENSG00000230051,2,0.0,0.005591999217868175,0.0
ENSG00000230062,ANKRD66,2,0.0,0.0,0.0
ENSG00000230065,ENSG00000230065,2,0.0,0.0035070407660204336,0.0
ENSG00000230067,HSPD1P6,2,0.0,0.0,0.0
ENSG00000230082,PRRT3-AS1,2,0.0,0.020298643121401404,0.0
ENSG00000230092,ENSG00000230092,2,0.0,0.0032311233198548386,0.0
ENSG00000230176,LINC01433,2,0.0,0.0,0.0
ENSG00000230102,LINC02028,2,0.0,0.0024118851153703386,0.0
ENSG00000230105,ENSG00000230105,2,0.0,0.012217118982654308,0.0
ENSG00000230107,ENSG00000230107,2,0.0,0.0,0.0
ENSG00000230109,LINC02643,2,0.0,0.0027185098928220737,0.0
ENSG00000230133,LINC01721,2,0.0,0.0012849402282673816,0.0
ENSG00000230148,HOXB-AS1,2,0.0,0.0,0.0
ENSG00000230149,ENSG00000230149,2,0.0,0.0,0.0
ENSG00000230155,CEP250-AS1,2,0.0,0.0,0.0
ENSG00000230156,ENSG00000230156,2,0.0,0.0014797476448020284,0.0
ENSG00000230162,CT45A11P,2,0.0,0.0,0.0
ENSG00000230174,LINC01149,2,0.0,0.0,0.0
ENSG00000231043,ENSG00000231043,2,0.0,0.017791929350382728,0.0
ENSG00000231050,GNB1-DT,2,0.0,0.0065505061494050875,0.0
ENSG00000232347,ENSG00000232347,2,0.0,0.0,0.0
ENSG00000231057,NEK2-DT,2,0.0,0.004630499208503674,0.0
ENSG00000231858,STAT4-AS1,2,0.0,0.005429368768335253,0.0
ENSG00000231873,ENSG00000231873,2,0.0,0.0,0.0
ENSG00000231875,ENSG00000231875,2,0.0,0.0056823825157277155,0.0
ENSG00000231876,ENSG00000231876,2,0.0,0.008351715783944325,0.0
ENSG00000231877,ENSG00000231877,2,0.0,0.0,0.0
ENSG00000231881,ENSG00000231881,2,0.0,0.0024415119210403602,0.0
ENSG00000231888,MTND5P15,2,0.0,0.0,0.0
ENSG00000231890,DARS1-AS1,2,0.0,0.0005342705568678046,0.0
ENSG00000231898,MYO3B-AS1,2,0.0,0.0,0.0
ENSG00000231902,ENSG00000231902,2,0.0,0.0,0.0
ENSG00000231903,ENSG00000231903,2,0.0,0.0,0.0
ENSG00000231907,GAPDHP37,2,0.0,0.0,0.0
ENSG00000231908,IDH1-AS1,2,0.0,0.00259165529961049,0.0
ENSG00000231918,NRXN1-DT,2,0.0,0.000483735598394119,0.0
ENSG00000231920,NEBL-AS1,2,0.0,0.0,0.0
ENSG00000231934,FAM242A,2,0.0,0.0,0.0
ENSG00000231937,ENSG00000231937,2,0.0,0.0,0.0
ENSG00000231943,PGM5P4-AS1,2,0.0,0.0006096765885405425,0.0
ENSG00000231944,PHKA1-AS1,2,0.0,0.0,0.0
ENSG00000231955,ENSG00000231955,2,0.0,0.0,0.0
ENSG00000231964,ENSG00000231964,2,0.0,0.0,0.0
ENSG00000231966,LINC02818,2,0.0,0.0,0.0
ENSG00000231970,ENSG00000231970,2,0.0,0.0,0.0
ENSG00000231971,CT69,2,0.0,0.0011252224133143874,0.0
ENSG00000231977,ENSG00000231977,2,0.0,0.0,0.0
ENSG00000231857,MORF4L1P5,2,0.0,0.003609369680005142,0.0
ENSG00000231856,ENSG00000231856,2,0.0,0.013972845660494147,0.0
ENSG00000231851,MRPS9-AS1,2,0.0,0.00032378753304793,0.0
ENSG00000231789,PIK3CD-AS2,2,0.0,0.001849499135370659,0.0
ENSG00000231758,ARHGAP15-AS1,2,0.0,0.0,0.0
ENSG00000231760,ENSG00000231760,2,0.0,0.0,0.0
ENSG00000231764,DLX6-AS1,2,0.0,0.0008503804324248863,0.0
ENSG00000231765,PPP1R11P2,2,0.0,0.0016979573810388404,0.0
ENSG00000231769,ENSG00000231769,2,0.0,0.0,0.0
ENSG00000231770,TMEM44-AS1,2,0.0,0.007239540706440403,0.0
ENSG00000231776,LINC01611,2,0.0,0.0,0.0
ENSG00000231781,ENSG00000231781,2,0.0,0.0,0.0
ENSG00000231782,LINC00575,2,0.0,0.0,0.0
ENSG00000231784,DBIL5P,2,0.0,0.0,0.0
ENSG00000231787,H2BP9,2,0.0,0.0014011527743972398,0.0
ENSG00000231793,DOC2GP,2,0.0,0.0,0.0
ENSG00000231841,FAM192BP,2,0.0,0.0,0.0
ENSG00000231794,ENSG00000231794,2,0.0,0.07220340887932844,0.0
ENSG00000231799,PA2G4P6,2,0.0,0.0034382791315716787,0.0
ENSG00000231814,LINC00210,2,0.0,0.0,0.0
ENSG00000231817,LINC01198,2,0.0,0.0018246183643372232,0.0
ENSG00000231821,NPM1P48,2,0.0,0.0,0.0
ENSG00000231822,SMC3P1,2,0.0,0.0,0.0
ENSG00000231824,AKAIN1,2,0.0,0.013665538662506548,0.0
ENSG00000231826,LINC01819,2,0.0,0.00011668291486257942,0.0
ENSG00000231827,ENSG00000231827,2,0.0,0.000929044208303874,0.0
ENSG00000231829,ENSG00000231829,2,0.0,0.0,0.0
ENSG00000231840,TMEM139-AS1,2,0.0,0.0,0.0
ENSG00000231987,LINC01787,2,0.0,0.0029928884960592843,0.0
ENSG00000231991,ANXA2P2,2,0.0,0.0009504420224704605,0.0
ENSG00000231993,EP300-AS1,2,0.0,0.027229458748975272,0.0
ENSG00000232258,TMEM114,2,0.0,0.0006611651878667723,0.0
ENSG00000232163,RPLP1P13,2,0.0,0.0,0.0
ENSG00000232164,LINC01873,2,0.0,0.0010333155527415358,0.0
ENSG00000232176,ENSG00000232176,2,0.0,0.006230215413466528,0.0
ENSG00000232186,TERF1P7,2,0.0,0.0,0.0
ENSG00000232192,KIF26B-AS1,2,0.0,0.0,0.0
ENSG00000232194,ENSG00000232194,2,0.0,0.0,0.0
ENSG00000232211,ENSG00000232211,2,0.0,0.0005567365098158648,0.0
ENSG00000232220,MYADM-AS2,2,0.0,0.0,0.0
ENSG00000232229,LINC00865,2,0.0,0.0,0.0
ENSG00000232233,LINC02043,2,0.0,0.0,0.0
ENSG00000232237,ASCL5,2,0.0,0.0,0.0
ENSG00000232265,LINC02805,2,0.0,0.0013485995807634918,0.0
ENSG00000232153,ENSG00000232153,2,0.0,0.0,0.0
ENSG00000232271,ENSG00000232271,2,0.0,0.0015929465025927407,0.0
ENSG00000232282,MTND1P32,2,0.0,0.0011639630434039203,0.0
ENSG00000232287,SLC6A1-AS1,2,0.0,0.0009601450010331075,0.0
ENSG00000232290,ENSG00000232290,2,0.0,0.0024645152928413753,0.0
ENSG00000232293,PAICSP7,2,0.0,0.0,0.0
ENSG00000232298,GRHL3-AS1,2,0.0,0.0,0.0
ENSG00000232305,CLCP1,2,0.0,0.031496122186304744,0.0
ENSG00000232310,LINC03002,2,0.0,0.0,0.0
ENSG00000232325,ENSG00000232325,2,0.0,0.004072850453747743,0.0
ENSG00000232335,CLSPN-AS1,2,0.0,0.001289718456146543,0.0
ENSG00000232342,ENSG00000232342,2,0.0,0.0,0.0
ENSG00000232162,USP12-AS1,2,0.0,0.0,0.0
ENSG00000232150,ST13P4,2,0.0,0.01666127705601844,0.0
ENSG00000232002,LINC01880,2,0.0,0.00018436733871581175,0.0
ENSG00000232072,ENSG00000232072,2,0.0,0.0,0.0
ENSG00000232004,CAP1P2,2,0.0,0.01890304337714115,0.0
ENSG00000232022,FAAHP1,2,0.0,0.0,0.0
ENSG00000232023,LINC01807,2,0.0,0.0,0.0
ENSG00000232024,LSM12P1,2,0.0,0.005934062087794267,0.0
ENSG00000232037,RPL21P29,2,0.0,0.0013417118849435054,0.0
ENSG00000232043,ENSG00000232043,2,0.0,0.0,0.0
ENSG00000232053,ENSG00000232053,2,0.0,0.0,0.0
ENSG00000232057,ENSG00000232057,2,0.0,0.0,0.0
ENSG00000232063,ENSG00000232063,2,0.0,0.0,0.0
ENSG00000232065,LINC01063,2,0.0,0.0029772928513179223,0.0
ENSG00000232070,TMEM253,2,0.0,0.0007864891573034522,0.0
ENSG00000232073,ENSG00000232073,2,0.0,0.0,0.0
ENSG00000232149,FERP1,2,0.0,0.0,0.0
ENSG00000232077,LINC01031,2,0.0,0.0,0.0
ENSG00000232079,LINC01697,2,0.0,0.0,0.0
ENSG00000232085,ENSG00000232085,2,0.0,0.0,0.0
ENSG00000232093,DCST1-AS1,2,0.0,0.001126829230123052,0.0
ENSG00000232097,VPS51P2,2,0.0,0.0008605752188407518,0.0
ENSG00000232098,ZNF584-DT,2,0.0,0.0,0.0
ENSG00000232117,LINC00384,2,0.0,0.0,0.0
ENSG00000232118,BACH1-AS1,2,0.0,0.0,0.0
ENSG00000232125,DYTN,2,0.0,0.0,0.0
ENSG00000232131,NCOA7-AS1,2,0.0,0.001666654474736536,0.0
ENSG00000232139,LINC00867,2,0.0,0.001669077531176262,0.0
ENSG00000231756,ENSG00000231756,2,0.0,0.0,0.0
ENSG00000231755,CHODL-AS1,2,0.0,0.012992899405384083,0.0
ENSG00000231749,ABCA9-AS1,2,0.0,0.027932626338904244,0.0
ENSG00000231295,ENSG00000231295,2,0.0,0.0,0.0
ENSG00000231206,HNRNPA1P25,2,0.0,0.0,0.0
ENSG00000231208,ZBTB46-AS1,2,0.0,0.0057869181968795485,0.0
ENSG00000231210,COMETT,2,0.0,0.0006327409602176164,0.0
ENSG00000231233,CFAP58-DT,2,0.0,0.00012165147819135653,0.0
ENSG00000231236,ENSG00000231236,2,0.0,0.004803160447259432,0.0
ENSG00000231245,C1DP1,2,0.0,0.0026149147398831316,0.0
ENSG00000231246,LINC02884,2,0.0,0.0023185154705984727,0.0
ENSG00000231249,ITPR1-DT,2,0.0,0.0,0.0
ENSG00000231253,LINC01640,2,0.0,0.0,0.0
ENSG00000231255,ENSG00000231255,2,0.0,0.0,0.0
ENSG00000231274,SBK3,2,0.0,0.0005996481385762124,0.0
ENSG00000231305,ENSG00000231305,2,0.0,0.032127060981339314,0.0
ENSG00000231201,ENSG00000231201,2,0.0,0.0,0.0
ENSG00000231310,TBL1XR1-AS1,2,0.0,0.0,0.0
ENSG00000231317,ENSG00000231317,2,0.0,0.0006923458546067654,0.0
ENSG00000231322,RPL13AP17,2,0.0,0.008426241334796221,0.0
ENSG00000231324,ENSG00000231324,2,0.0,0.0,0.0
ENSG00000231327,LINC01816,2,0.0,0.01137748060321168,0.0
ENSG00000231329,ENSG00000231329,2,0.0,0.0,0.0
ENSG00000231332,OOEP-AS1,2,0.0,0.0002602579228858259,0.0
ENSG00000231333,RPL34P6,2,0.0,0.0029255148766979956,0.0
ENSG00000231340,ACTG1P10,2,0.0,0.0,0.0
ENSG00000231345,BEND3P1,2,0.0,0.0,0.0
ENSG00000231367,LINC02613,2,0.0,0.0,0.0
ENSG00000231204,ENSG00000231204,2,0.0,0.0,0.0
ENSG00000231194,FARP1-AS1,2,0.0,0.0,0.0
ENSG00000231383,FGF12-AS1,2,0.0,0.00049199281457419,0.0
ENSG00000231128,ENSG00000231128,2,0.0,0.09700420139460916,0.0
ENSG00000231073,ENSG00000231073,2,0.0,0.003184995298762826,0.0
ENSG00000231079,KIF5C-AS1,2,0.0,0.0,0.0
ENSG00000231081,ENSG00000231081,2,0.0,0.0,0.0
ENSG00000231084,RPL22P24,2,0.0,0.0008597003876321701,0.0
ENSG00000231090,MIR4422HG,2,0.0,0.0,0.0
ENSG00000231096,NDUFB4P3,2,0.0,0.0023194396122847797,0.0
ENSG00000231098,ENSG00000231098,2,0.0,0.022327201920111995,0.0
ENSG00000231105,ECE1-AS1,2,0.0,0.0,0.0
ENSG00000231114,ENSG00000231114,2,0.0,0.002817153140261557,0.0
ENSG00000231119,ENSG00000231119,2,0.0,0.0031324925921471917,0.0
ENSG00000231122,FAM25EP,2,0.0,0.0040863938050550485,0.0
ENSG00000231131,LNCAROD,2,0.0,0.0,0.0
ENSG00000231193,ENSG00000231193,2,0.0,0.04831019985379376,0.0
ENSG00000231132,ENSG00000231132,2,0.0,0.0,0.0
ENSG00000231148,HMGB1P7,2,0.0,0.0010610344749044868,0.0
ENSG00000231149,ENSG00000231149,2,0.0,0.0003427747681180679,0.0
ENSG00000231154,MORF4L2-AS1,2,0.0,0.02747181597532626,0.0
ENSG00000231163,CSMD2-AS1,2,0.0,0.0,0.0
ENSG00000231165,TRBV26OR9-2,2,0.0,0.005818095050098896,0.0
ENSG00000231170,PDK4-AS1,2,0.0,0.0,0.0
ENSG00000231171,LINC01098,2,0.0,0.002250925015128247,0.0
ENSG00000231172,EVA1A-AS,2,0.0,0.017372962928846828,0.0
ENSG00000231187,SYT15-AS1,2,0.0,0.0021267653900764122,0.0
ENSG00000231188,ENSG00000231188,2,0.0,0.0,0.0
ENSG00000231373,GNA14-AS1,2,0.0,0.002195125954241066,0.0
ENSG00000231389,HLA-DPA1,2,0.0,0.0020792095177048927,0.0
ENSG00000231748,ENSG00000231748,2,0.0,0.0,0.0
ENSG00000231682,LINC01891,2,0.0,0.0,0.0
ENSG00000231612,ENSG00000231612,2,0.0,0.0,0.0
ENSG00000231615,ENSG00000231615,2,0.0,0.0008365273447361905,0.0
ENSG00000231616,ENSG00000231616,2,0.0,0.0014415737533950684,0.0
ENSG00000231625,SLC47A1P2,2,0.0,0.012149873378688973,0.0
ENSG00000231628,PREP-AS1,2,0.0,0.0029347912355990506,0.0
ENSG00000231638,LUARIS,2,0.0,0.000760484408946208,0.0
ENSG00000231651,DLG3-AS1,2,0.0,0.0032356987451118914,0.0
ENSG00000231652,CD109-AS1,2,0.0,0.0037634532255571783,0.0
ENSG00000231655,EMP2P1,2,0.0,0.0,0.0
ENSG00000231663,COA6-AS1,2,0.0,0.0007186829133285663,0.0
ENSG00000231671,LINC01307,2,0.0,0.0,0.0
ENSG00000231690,LINC00574,2,0.0,0.0,0.0
ENSG00000231605,LINC01363,2,0.0,0.0,0.0
ENSG00000231703,ENSG00000231703,2,0.0,0.05919805073390268,0.0
ENSG00000231705,ENSG00000231705,2,0.0,0.0,0.0
ENSG00000231707,PABPC1P1,2,0.0,0.0,0.0
ENSG00000231711,LINC00899,2,0.0,0.0062082883292458955,0.0
ENSG00000231713,ENSG00000231713,2,0.0,0.0035390322016642154,0.0
ENSG00000231718,LINC02789,2,0.0,0.0,0.0
ENSG00000231720,ENSG00000231720,2,0.0,0.0,0.0
ENSG00000231724,ENSG00000231724,2,0.0,0.0,0.0
ENSG00000231728,TMSB15B-AS1,2,0.0,0.00023669054612147924,0.0
ENSG00000231741,ENSG00000231741,2,0.0,0.0033368484412565447,0.0
ENSG00000231742,LINC01273,2,0.0,0.004516573455473522,0.0
ENSG00000231606,ENSG00000231606,2,0.0,0.00022600282116365823,0.0
ENSG00000231574,LINC02015,2,0.0,0.0010051534003762785,0.0
ENSG00000231395,ARL4AP4,2,0.0,0.0,0.0
ENSG00000231466,PHF10P2,2,0.0,0.0014595070123873824,0.0
ENSG00000231403,ENSG00000231403,2,0.0,0.0,0.0
ENSG00000231407,GORAB-AS1,2,0.0,0.0,0.0
ENSG00000231409,RPL36AP8,2,0.0,0.0,0.0
ENSG00000231416,ENSG00000231416,2,0.0,0.00684402305560437,0.0
ENSG00000231422,LINC01516,2,0.0,0.003573404001944106,0.0
ENSG00000231426,FILNC1,2,0.0,0.0,0.0
ENSG00000231434,HSP90AA3P,2,0.0,0.0,0.0
ENSG00000231441,DST-AS1,2,0.0,0.0,0.0
ENSG00000231443,PPP4R2P2,2,0.0,0.0,0.0
ENSG00000231453,LINC01305,2,0.0,0.0,0.0
ENSG00000231460,ENSG00000231460,2,0.0,0.0006504157920905882,0.0
ENSG00000231473,RB1-DT,2,0.0,0.0013331278633304878,0.0
ENSG00000231562,RPL7AP44,2,0.0,0.0,0.0
ENSG00000231495,ENSG00000231495,2,0.0,0.003154749656247518,0.0
ENSG00000231503,PTMAP4,2,0.0,0.011756039855343405,0.0
ENSG00000231507,LINC01353,2,0.0,0.08190232235303388,0.0
ENSG00000231509,ENSG00000231509,2,0.0,0.0,0.0
ENSG00000231519,ENSG00000231519,2,0.0,0.00023774805191708204,0.0
ENSG00000231532,LINC01249,2,0.0,0.004440642410273084,0.0
ENSG00000231538,DPP10-AS3,2,0.0,0.0011871725501261519,0.0
ENSG00000231539,ENSG00000231539,2,0.0,0.0,0.0
ENSG00000231544,RSL24D1P11,2,0.0,0.0,0.0
ENSG00000231551,PDE4DIPP6,2,0.0,0.0049768340817140915,0.0
ENSG00000231561,CEACAMP5,2,0.0,0.0,0.0
ENSG00000234949,RAB17-DT,2,0.0,0.002758523128163519,0.0
ENSG00000234952,LINC02674,2,0.0,0.0,0.0
ENSG00000234953,ENSG00000234953,2,0.0,0.014601417888688366,0.0
ENSG00000240423,LINC00636,2,0.0,0.0,0.0
ENSG00000239377,ZNF775-AS1,2,0.0,0.013583981319619007,0.0
ENSG00000239388,ASB14,2,0.0,0.0012509576697631666,0.0
ENSG00000239389,PCDHA13,2,0.0,0.001109166003220574,0.0
ENSG00000239412,RPL21P71,2,0.0,0.006007968861293791,0.0
ENSG00000239440,LINC02008,2,0.0,0.0,0.0
ENSG00000239443,PABPC1P10,2,0.0,0.0,0.0
ENSG00000239445,ST3GAL6-AS1,2,0.0,0.0,0.0
ENSG00000239455,PTPN11P1,2,0.0,0.03339436298351711,0.0
ENSG00000239465,RPL21P15,2,0.0,0.0,0.0
ENSG00000239474,KLHL41,2,0.0,0.033307860925266,0.0
ENSG00000239480,ENSG00000239480,2,0.0,0.001189564693984707,0.0
ENSG00000239481,RPS3AP41,2,0.0,0.0012220837458984276,0.0
ENSG00000239486,ENSG00000239486,2,0.0,0.0,0.0
ENSG00000239494,RN7SL333P,2,0.0,0.0008892317997771184,0.0
ENSG00000239508,PLCH1-AS1,2,0.0,0.0,0.0
ENSG00000239519,CADM2-AS1,2,0.0,0.001032715639129291,0.0
ENSG00000239524,RPL32P34,2,0.0,0.0069721708126766245,0.0
ENSG00000239556,UPK3BL3P,2,0.0,0.0020891790580958047,0.0
ENSG00000239572,ENSG00000239572,2,0.0,0.022597937679104858,0.0
ENSG00000239579,RN7SL325P,2,0.0,0.0004983122787324076,0.0
ENSG00000239589,LINC00879,2,0.0,0.0,0.0
ENSG00000239602,RPL35AP16,2,0.0,0.0,0.0
ENSG00000239608,RUVBL1-AS1,2,0.0,0.0,0.0
ENSG00000239614,HMGN1P7,2,0.0,0.06715285001808666,0.0
ENSG00000239617,RPL32P27,2,0.0,0.03957015448481861,0.0
ENSG00000239335,LLPH-DT,2,0.0,0.0,0.0
ENSG00000239333,RN7SL658P,2,0.0,0.013653490284078808,0.0
ENSG00000239332,ENSG00000239332,2,0.0,0.005094165401364159,0.0
ENSG00000238290,ERRFI1-DT,2,0.0,0.003906878852239582,0.0
ENSG00000238258,ENSG00000238258,2,0.0,0.06349899800425808,0.0
ENSG00000238260,ENSG00000238260,2,0.0,0.0630314897524562,0.0
ENSG00000238263,RPL21P88,2,0.0,0.0,0.0
ENSG00000238266,ENSG00000238266,2,0.0,0.0,0.0
ENSG00000238269,PAGE2B,2,0.0,0.004345869666717521,0.0
ENSG00000238272,ENSG00000238272,2,0.0,0.0006320881904422036,0.0
ENSG00000238273,ENSG00000238273,2,0.0,0.019236725107346052,0.0
ENSG00000238276,LINC02944,2,0.0,0.027732904060412983,0.0
ENSG00000238278,ALG1L6P,2,0.0,0.0,0.0
ENSG00000238280,ENSG00000238280,2,0.0,0.015423705715938837,0.0
ENSG00000238282,ENSG00000238282,2,0.0,0.0010089755161489587,0.0
ENSG00000238324,RN7SKP198,2,0.0,0.0,0.0
ENSG00000239317,RPL35AP17,2,0.0,0.0009140659394496764,0.0
ENSG00000238517,MIR1270,2,0.0,0.0,0.0
ENSG00000238755,LINC02006,2,0.0,0.004790318749474078,0.0
ENSG00000239005,ENSG00000239005,2,0.0,0.0,0.0
ENSG00000239200,RPL22P20,2,0.0,0.0008872079844650571,0.0
ENSG00000239212,RPL6P7,2,0.0,0.0020544999617585365,0.0
ENSG00000239219,FHL1P1,2,0.0,0.020635447140818407,0.0
ENSG00000239221,RN7SL442P,2,0.0,0.0,0.0
ENSG00000239254,MSL3P2,2,0.0,0.002714056510187329,0.0
ENSG00000239282,CASTOR1,2,0.0,0.005047673178781217,0.0
ENSG00000239300,ENSG00000239300,2,0.0,0.013305817790747571,0.0
ENSG00000239311,ENSG00000239311,2,0.0,0.2560345194648772,0.0
ENSG00000239626,RPSAP41,2,0.0,8.474727814048025e-05,0.0
ENSG00000239632,MTND4LP3,2,0.0,0.0,0.0
ENSG00000239636,TFAP2E-AS1,2,0.0,0.005086388352733177,0.0
ENSG00000240254,B4GALT4-AS1,2,0.0,0.011562366122047982,0.0
ENSG00000240152,LINC02271,2,0.0,0.003674333190083447,0.0
ENSG00000240160,RN7SL263P,2,0.0,0.0,0.0
ENSG00000240179,RPL26P3,2,0.0,0.00019703331161000665,0.0
ENSG00000240198,ARHGEF3-AS1,2,0.0,0.09343515825621891,0.0
ENSG00000240204,SMKR1,2,0.0,0.0,0.0
ENSG00000240211,PPP1R35-AS1,2,0.0,0.0,0.0
ENSG00000240216,CPHL1P,2,0.0,0.0,0.0
ENSG00000240219,ENSG00000240219,2,0.0,0.008563198660351308,0.0
ENSG00000240240,ENSG00000240240,2,0.0,0.0,0.0
ENSG00000240244,GAPDHP33,2,0.0,0.0010685895466862523,0.0
ENSG00000240253,FAR2P3,2,0.0,0.0,0.0
ENSG00000240280,TCAM1P,2,0.0,0.003353181852969313,0.0
ENSG00000240093,ENSG00000240093,2,0.0,0.0002169414255800872,0.0
ENSG00000240311,ENSG00000240311,2,0.0,0.005924896545500165,0.0
ENSG00000240327,RN7SL93P,2,0.0,0.0018161991303237142,0.0
ENSG00000240342,RPS2P5,2,0.0,0.0007092585049841094,0.0
ENSG00000240350,SOCAR,2,0.0,0.00020612137491841532,0.0
ENSG00000240356,RPL23AP7,2,0.0,0.000323056270424356,0.0
ENSG00000240370,RPL13P5,2,0.0,0.0,0.0
ENSG00000240373,SEC62-AS1,2,0.0,0.005828389971046394,0.0
ENSG00000240376,ENSG00000240376,2,0.0,0.0,0.0
ENSG00000240393,DRG1P2,2,0.0,0.0,0.0
ENSG00000240405,SAMMSON,2,0.0,0.0,0.0
ENSG00000240409,MTATP8P1,2,0.0,0.0,0.0
ENSG00000240132,ETF1P2,2,0.0,0.0,0.0
ENSG00000240089,BMS1P3,2,0.0,5.552181496808189e-05,0.0
ENSG00000239641,PLS1-AS1,2,0.0,0.0,0.0
ENSG00000239868,RN7SL34P,2,0.0,0.0,0.0
ENSG00000239642,MEIKIN,2,0.0,0.0034389386340547647,0.0
ENSG00000239650,GUSBP4,2,0.0,0.0,0.0
ENSG00000239661,ENSG00000239661,2,0.0,0.04126897257348167,0.0
ENSG00000239697,TNFSF12,2,0.0,0.0020415560812321624,0.0
ENSG00000239705,HSPA5-DT,2,0.0,0.0,0.0
ENSG00000239713,APOBEC3G,2,0.0,0.005673881065497933,0.0
ENSG00000239718,HLTF-AS1,2,0.0,0.00021720337000884235,0.0
ENSG00000239774,TTC14-DT,2,0.0,0.00043228307053446374,0.0
ENSG00000239830,RPS4XP22,2,0.0,0.0036520191631621048,0.0
ENSG00000239835,PARLP1,2,0.0,0.00473315084029921,0.0
ENSG00000239840,RPL23AP72,2,0.0,0.007399912843121742,0.0
ENSG00000239881,RPS27P25,2,0.0,0.007087037550140747,0.0
ENSG00000240083,RPS3AP22,2,0.0,0.01871432711049169,0.0
ENSG00000239921,LINC01471,2,0.0,0.0,0.0
ENSG00000239985,ENSG00000239985,2,0.0,0.005937726770424035,0.0
ENSG00000239994,ENSG00000239994,2,0.0,0.0,0.0
ENSG00000240005,STIM2-AS1,2,0.0,0.0,0.0
ENSG00000240006,LINC02004,2,0.0,0.0023762696183917817,0.0
ENSG00000240012,SLC9A9-AS1,2,0.0,0.0,0.0
ENSG00000240031,OR9A3P,2,0.0,0.0015976480587855638,0.0
ENSG00000240036,ENSG00000240036,2,0.0,0.0,0.0
ENSG00000240045,STRIT1,2,0.0,0.0009141785862179986,0.0
ENSG00000240063,ATP11B-DT,2,0.0,0.0013705576025663097,0.0
ENSG00000240065,PSMB9,2,0.0,0.000926013977333684,0.0
ENSG00000238246,PLXDC2-AS1,2,0.0,0.0033169471190657063,0.0
ENSG00000238242,LINC02778,2,0.0,0.00847463299068214,0.0
ENSG00000238228,OR7E7P,2,0.0,0.0,0.0
ENSG00000237781,ADAMTSL4-AS2,2,0.0,0.001435789789064616,0.0
ENSG00000237737,DCTN1-AS1,2,0.0,0.0,0.0
ENSG00000237750,KCNH7-AS1,2,0.0,0.0,0.0
ENSG00000237753,SLC20A1-DT,2,0.0,0.0013853790271409346,0.0
ENSG00000237761,ENSG00000237761,2,0.0,0.0001295384824135195,0.0
ENSG00000237766,GGTA2P,2,0.0,0.0,0.0
ENSG00000237767,LINC01370,2,0.0,0.0,0.0
ENSG00000237768,ENSG00000237768,2,0.0,0.0,0.0
ENSG00000237772,LINC02631,2,0.0,0.0,0.0
ENSG00000237773,ENSG00000237773,2,0.0,0.0038698042775564627,0.0
ENSG00000237774,ENSG00000237774,2,0.0,0.0,0.0
ENSG00000237775,DDR1-DT,2,0.0,0.00843213071295101,0.0
ENSG00000237787,LINC02877,2,0.0,0.0,0.0
ENSG00000237734,ENSG00000237734,2,0.0,0.008312540961335534,0.0
ENSG00000237803,PIRAT1,2,0.0,0.0,0.0
ENSG00000237806,FAUP2,2,0.0,0.0,0.0
ENSG00000237813,CAV2-DT,2,0.0,0.0,0.0
ENSG00000237818,RPS3AP29,2,0.0,0.0023062992910926863,0.0
ENSG00000237821,ST13P7,2,0.0,0.0,0.0
ENSG00000237836,PHKA2-AS1,2,0.0,0.019635760995270785,0.0
ENSG00000237840,FAM21FP,2,0.0,0.011516521967161304,0.0
ENSG00000237843,ENSG00000237843,2,0.0,0.0,0.0
ENSG00000237851,ENSG00000237851,2,0.0,0.0018887719911933208,0.0
ENSG00000237853,NFIA-AS1,2,0.0,0.08744314661218279,0.0
ENSG00000237854,LINC00674,2,0.0,0.0014096774086172768,0.0
ENSG00000237735,ENSG00000237735,2,0.0,0.0031079854113596176,0.0
ENSG00000237732,CT75,2,0.0,0.00032507351974211333,0.0
ENSG00000237880,LINC01885,2,0.0,0.0,0.0
ENSG00000237655,IFT70A-AS1,2,0.0,0.0,0.0
ENSG00000237595,LINC01275,2,0.0,0.012757817738029847,0.0
ENSG00000237596,PDE7B-AS1,2,0.0,0.002527129357115013,0.0
ENSG00000237605,DYRK3-AS1,2,0.0,0.008319775852745756,0.0
ENSG00000237621,OR9A1P,2,0.0,0.0031393491796038284,0.0
ENSG00000237626,ENSG00000237626,2,0.0,0.0,0.0
ENSG00000237628,MTCO2P19,2,0.0,0.0003830775608210285,0.0
ENSG00000237633,ENSG00000237633,2,0.0,0.0,0.0
ENSG00000237636,ANKRD26P3,2,0.0,0.0016907888596523644,0.0
ENSG00000237637,FRY-AS1,2,0.0,0.0021055843882506146,0.0
ENSG00000237640,ENSG00000237640,2,0.0,0.0,0.0
ENSG00000237654,NTM-AS2,2,0.0,0.0,0.0
ENSG00000237667,LINC01115,2,0.0,0.0002966272666087206,0.0
ENSG00000237728,CAMTA1-AS2,2,0.0,0.005194238726911949,0.0
ENSG00000237669,ENSG00000237669,2,0.0,0.00021919879973884585,0.0
ENSG00000237672,KRR1P1,2,0.0,0.001292543053409277,0.0
ENSG00000237682,PRKCIP1,2,0.0,0.0,0.0
ENSG00000237693,IRGM,2,0.0,0.004920329524136286,0.0
ENSG00000237705,ENSG00000237705,2,0.0,0.0,0.0
ENSG00000237708,SPIN2P1,2,0.0,0.0077106197653174025,0.0
ENSG00000237713,ENSG00000237713,2,0.0,0.0,0.0
ENSG00000237714,P4HA2-AS1,2,0.0,0.0,0.0
ENSG00000237718,ENSG00000237718,2,0.0,0.0008793780656751188,0.0
ENSG00000237719,NUDT5P1,2,0.0,0.010053657276055807,0.0
ENSG00000237720,ENSG00000237720,2,0.0,0.0,0.0
ENSG00000237863,IRS4-AS1,2,0.0,0.0,0.0
ENSG00000237883,DGUOK-AS1,2,0.0,0.0,0.0
ENSG00000238213,TARDBPP2,2,0.0,0.0,0.0
ENSG00000238120,LINC01589,2,0.0,0.010550881549297779,0.0
ENSG00000238042,ENSG00000238042,2,0.0,0.0,0.0
ENSG00000238043,ENSG00000238043,2,0.0,0.0,0.0
ENSG00000238057,ZEB2-AS1,2,0.0,0.0,0.0
ENSG00000238062,SPATA3-AS1,2,0.0,0.0,0.0
ENSG00000238063,LINC01685,2,0.0,0.0,0.0
ENSG00000238077,NMNAT1P3,2,0.0,0.007387541595365575,0.0
ENSG00000238098,ABCA17P,2,0.0,5.18350113945983e-05,0.0
ENSG00000238099,LINC01625,2,0.0,0.0,0.0
ENSG00000238113,LINC01410,2,0.0,0.0,0.0
ENSG00000238116,RAD21P1,2,0.0,0.0,0.0
ENSG00000238117,NTM-AS3,2,0.0,0.0,0.0
ENSG00000238121,LINC00426,2,0.0,0.0046482851403403915,0.0
ENSG00000238035,ENSG00000238035,2,0.0,0.0022918940554834716,0.0
ENSG00000238123,MID1IP1-AS1,2,0.0,0.0,0.0
ENSG00000238132,GOLM2P1,2,0.0,0.016274787190101614,0.0
ENSG00000238137,ARPC3P2,2,0.0,0.002553315542919621,0.0
ENSG00000238140,ENSG00000238140,2,0.0,0.0033038848430374645,0.0
ENSG00000238142,ENSG00000238142,2,0.0,0.14647897643547023,0.0
ENSG00000238168,IFITM3P5,2,0.0,0.001556957509303457,0.0
ENSG00000238169,LINC01053,2,0.0,0.02496732217424211,0.0
ENSG00000238171,ENSG00000238171,2,0.0,0.0,0.0
ENSG00000238178,MAGEB17-AS1,2,0.0,0.000554047789581009,0.0
ENSG00000238186,ENSG00000238186,2,0.0,0.0,0.0
ENSG00000238212,LINC02096,2,0.0,0.0004503293305144678,0.0
ENSG00000238038,ATP6V0E1P3,2,0.0,0.0004890387743524046,0.0
ENSG00000238034,ENSG00000238034,2,0.0,0.0,0.0
ENSG00000237886,NALT1,2,0.0,0.0,0.0
ENSG00000237949,LINC00844,2,0.0,0.0,0.0
ENSG00000237899,ENSG00000237899,2,0.0,0.0,0.0
ENSG00000237906,MUPP,2,0.0,0.0,0.0
ENSG00000237916,RPL37P12,2,0.0,0.0023540104856073565,0.0
ENSG00000237917,PARP4P1,2,0.0,0.0010778411220428623,0.0
ENSG00000237919,LRRC7-AS1,2,0.0,0.0001367535123143517,0.0
ENSG00000237921,ENSG00000237921,2,0.0,0.007689136087033262,0.0
ENSG00000237927,ENSG00000237927,2,0.0,0.0,0.0
ENSG00000237937,LINC02702,2,0.0,0.013132442319457061,0.0
ENSG00000237938,ENSG00000237938,2,0.0,0.0,0.0
ENSG00000237940,ENSG00000237940,2,0.0,0.0,0.0
ENSG00000237943,PRKCQ-AS1,2,0.0,0.0027153180690174675,0.0
ENSG00000237950,LINC02918,2,0.0,0.03730103296222621,0.0
ENSG00000238022,LMX1A-AS1,2,0.0,0.0038125185261237565,0.0
ENSG00000237971,ENSG00000237971,2,0.0,0.06885005258728324,0.0
ENSG00000237973,MTCO1P12,2,0.0,0.03253116357902186,0.0
ENSG00000237976,RFX5-AS1,2,0.0,0.0007094421717840143,0.0
ENSG00000237980,LINC02773,2,0.0,0.005645783086719259,0.0
ENSG00000237984,PTENP1,2,0.0,0.0,0.0
ENSG00000237986,CELF2-AS2,2,0.0,0.0,0.0
ENSG00000237990,CNTN4-AS1,2,0.0,0.0015292867344959646,0.0
ENSG00000237992,LINC01808,2,0.0,0.0,0.0
ENSG00000238009,ENSG00000238009,2,0.0,0.0013942729486519031,0.0
ENSG00000238020,HTR3E-AS1,2,0.0,0.0008641944593533395,0.0
ENSG00000238021,ODAD2P1,2,0.0,0.0,0.0
ENSG00000240411,RPL5P16,2,0.0,0.0,0.0
ENSG00000240441,RPL17P38,2,0.0,0.0011596601767544555,0.0
ENSG00000237588,ENSG00000237588,2,0.0,0.0070533331749200266,0.0
ENSG00000240449,REPIN1-AS1,2,0.0,0.0024478980412021025,0.0
ENSG00000242197,ENSG00000242197,2,0.0,0.0001434308395250563,0.0
ENSG00000242229,RPS3AP14,2,0.0,0.0,0.0
ENSG00000242241,RN7SL306P,2,0.0,0.0005309640069439835,0.0
ENSG00000242252,BGLAP,2,0.0,0.0,0.0
ENSG00000242258,LINC00996,2,0.0,0.002371989036394785,0.0
ENSG00000242261,ENSG00000242261,2,0.0,0.0,0.0
ENSG00000242267,SKINT1L,2,0.0,0.0,0.0
ENSG00000242288,BMS1P4-AGAP5,2,0.0,0.0004475199843212424,0.0
ENSG00000242294,STAG3L5P,2,0.0,0.0,0.0
ENSG00000242295,ENSG00000242295,2,0.0,0.001292977543665786,0.0
ENSG00000242299,RPS18P5,2,0.0,0.0016186886418736366,0.0
ENSG00000242317,ENSG00000242317,2,0.0,0.0,0.0
ENSG00000242320,RPL21P126,2,0.0,0.0055571697825973375,0.0
ENSG00000242337,INHCAP,2,0.0,0.0033542953513390687,0.0
ENSG00000242358,RPS21P4,2,0.0,0.01771989517899412,0.0
ENSG00000242366,UGT1A8,2,0.0,0.0160540421294717,0.0
ENSG00000242375,ENSG00000242375,2,0.0,0.0010352580590963039,0.0
ENSG00000242396,ENSG00000242396,2,0.0,0.0028205287378973783,0.0
ENSG00000242412,DBIL5P2,2,0.0,0.0009165218043854237,0.0
ENSG00000242419,PCDHGC4,2,0.0,0.0012433616569888478,0.0
ENSG00000242435,UPK3BP1,2,0.0,0.0011836702455258583,0.0
ENSG00000242440,LINC02046,2,0.0,0.0021401287230915717,0.0
ENSG00000242444,ENSG00000242444,2,0.0,0.009621535225299915,0.0
ENSG00000242445,RPL7AP11,2,0.0,0.004482501416874948,0.0
ENSG00000242512,LINC01206,2,0.0,0.0022411307067365725,0.0
ENSG00000242173,ARHGDIG,2,0.0,0.002638013718951121,0.0
ENSG00000242154,ENSG00000242154,2,0.0,0.008106663599208024,0.0
ENSG00000242147,LASTR,2,0.0,0.0,0.0
ENSG00000241947,HNRNPA1P24,2,0.0,0.0,0.0
ENSG00000241832,CECR3,2,0.0,0.00030642094646401503,0.0
ENSG00000241859,ANOS2P,2,0.0,0.0032068931944588246,0.0
ENSG00000241860,ENSG00000241860,2,0.0,0.0,0.0
ENSG00000241882,ENSG00000241882,2,0.0,0.0011605038573587738,0.0
ENSG00000241884,ENSG00000241884,2,0.0,0.0,0.0
ENSG00000241921,ENSG00000241921,2,0.0,0.0,0.0
ENSG00000241923,RPL14P3,2,0.0,0.004390012109628284,0.0
ENSG00000241933,DENND6A-DT,2,0.0,0.0,0.0
ENSG00000241935,HOGA1,2,0.0,0.06277821091929049,0.0
ENSG00000241941,RPL32P26,2,0.0,0.003780973258346682,0.0
ENSG00000241945,PWP2,2,0.0,0.0,0.0
ENSG00000241959,RN7SL76P,2,0.0,0.0,0.0
ENSG00000242140,MATR3P2,2,0.0,0.0013188082109101117,0.0
ENSG00000241981,RPL21P49,2,0.0,0.0,0.0
ENSG00000241984,RPL7AP2,2,0.0,0.0008239913256097091,0.0
ENSG00000242009,ENSG00000242009,2,0.0,0.0003515597760552352,0.0
ENSG00000242021,ENSG00000242021,2,0.0,0.0008246096467335764,0.0
ENSG00000242029,ENSG00000242029,2,0.0,0.0,0.0
ENSG00000242034,ENSG00000242034,2,0.0,0.026593514309480072,0.0
ENSG00000242049,DNAJB8-AS1,2,0.0,0.00034531515665933807,0.0
ENSG00000242071,RPL7AP6,2,0.0,0.0,0.0
ENSG00000242087,RPL36AP41,2,0.0,0.00042172469215517096,0.0
ENSG00000242100,RPL9P32,2,0.0,0.0032542823298171058,0.0
ENSG00000242104,LRRC78P,2,0.0,0.004022996867989994,0.0
ENSG00000242536,ENSG00000242536,2,0.0,0.005274110657415819,0.0
ENSG00000242539,ENSG00000242539,2,0.0,9.879468986522514e-05,0.0
ENSG00000242553,ENSG00000242553,2,0.0,0.0,0.0
ENSG00000243193,PRKAR2B-AS1,2,0.0,0.0,0.0
ENSG00000242999,RN7SL239P,2,0.0,0.0008497234528055629,0.0
ENSG00000243008,ENSG00000243008,2,0.0,0.0,0.0
ENSG00000243014,PTMAP8,2,0.0,0.0,0.0
ENSG00000243018,ENSG00000243018,2,0.0,0.0008228099532654809,0.0
ENSG00000243055,GK-AS1,2,0.0,0.005451547894723874,0.0
ENSG00000243056,EIF4EBP3,2,0.0,0.0011326318248935721,0.0
ENSG00000243064,ABCC13,2,0.0,0.0,0.0
ENSG00000243081,ENSG00000243081,2,0.0,0.0001991137510428818,0.0
ENSG00000243089,ENSG00000243089,2,0.0,0.010539069729431793,0.0
ENSG00000243150,MLF1-DT,2,0.0,0.0,0.0
ENSG00000243187,CCDC39-AS1,2,0.0,0.0,0.0
ENSG00000243199,RPL6P10,2,0.0,0.0,0.0
ENSG00000242951,ENSG00000242951,2,0.0,0.0,0.0
ENSG00000243207,PPAN-P2RY11,2,0.0,0.03338997605920584,0.0
ENSG00000243224,TWF2-DT,2,0.0,0.0,0.0
ENSG00000243230,ENSG00000243230,2,0.0,0.0035625412246054105,0.0
ENSG00000243232,PCDHAC2,2,0.0,0.0009706209096210756,0.0
ENSG00000243256,RPL30P14,2,0.0,0.0023815189727221355,0.0
ENSG00000243276,ENSG00000243276,2,0.0,0.002453499665147572,0.0
ENSG00000243284,VSIG8,2,0.0,0.0,0.0
ENSG00000243289,AGAP13P,2,0.0,0.0,0.0
ENSG00000243295,CFAP20DC-DT,2,0.0,0.0,0.0
ENSG00000243303,ENSG00000243303,2,0.0,0.051260127906446004,0.0
ENSG00000243304,ENSG00000243304,2,0.0,0.04653492346584772,0.0
ENSG00000242973,TDRD6-AS1,2,0.0,0.0,0.0
ENSG00000242950,ERVW-1,2,0.0,0.03378685224626754,0.0
ENSG00000242574,HLA-DMB,2,0.0,0.0,0.0
ENSG00000242753,ENSG00000242753,2,0.0,0.0026733884546250217,0.0
ENSG00000242578,ENSG00000242578,2,0.0,0.001388507652457475,0.0
ENSG00000242600,MBL1P,2,0.0,0.0,0.0
ENSG00000242602,RPL35AP13,2,0.0,2.8182751145822458e-05,0.0
ENSG00000242607,RPS3AP34,2,0.0,0.0,0.0
ENSG00000242612,DECR2,2,0.0,0.0023000297726064383,0.0
ENSG00000242628,ENSG00000242628,2,0.0,0.0,0.0
ENSG00000242641,LINC00971,2,0.0,0.0,0.0
ENSG00000242671,LINC02010,2,0.0,0.0001965554965490874,0.0
ENSG00000242686,PDE6B-AS1,2,0.0,0.0,0.0
ENSG00000242689,CNTF,2,0.0,0.0,0.0
ENSG00000242741,LINC02005,2,0.0,0.0,0.0
ENSG00000242767,ZBTB20-AS4,2,0.0,0.0018827297993965456,0.0
ENSG00000242908,AADACL2-AS1,2,0.0,0.004578753546926197,0.0
ENSG00000242770,CD200R1L-AS1,2,0.0,0.0,0.0
ENSG00000242791,PFN2-AS1,2,0.0,0.014136381133068587,0.0
ENSG00000242794,RN7SL299P,2,0.0,0.0,0.0
ENSG00000242798,ENSG00000242798,2,0.0,0.026349194701982184,0.0
ENSG00000242816,ENSG00000242816,2,0.0,0.0,0.0
ENSG00000242836,MTCO3P35,2,0.0,0.004431788282604041,0.0
ENSG00000242852,ZNF709,2,0.0,0.0,0.0
ENSG00000242861,ENSG00000242861,2,0.0,0.0,0.0
ENSG00000242863,RN7SL677P,2,0.0,0.0009808096383506582,0.0
ENSG00000242866,STRC,2,0.0,0.00018266084322958136,0.0
ENSG00000242902,FLNC-AS1,2,0.0,0.00027009521679749807,0.0
ENSG00000241818,SCG5-AS1,2,0.0,0.002433735750297066,0.0
ENSG00000241792,ENSG00000241792,2,0.0,0.014780023422399416,0.0
ENSG00000241791,RN7SL817P,2,0.0,0.0,0.0
ENSG00000241042,ENSG00000241042,2,0.0,0.0,0.0
ENSG00000240859,LINC03014,2,0.0,0.16748024706789816,0.0
ENSG00000240889,NDUFB2-AS1,2,0.0,0.016547826231386085,0.0
ENSG00000240890,G2E3P1,2,0.0,0.002382044750372235,0.0
ENSG00000240898,RPL21P125,2,0.0,0.0,0.0
ENSG00000240915,ENSG00000240915,2,0.0,0.0,0.0
ENSG00000240922,LSAMP-AS1,2,0.0,0.017575424964739184,0.0
ENSG00000240970,RPL23AP64,2,0.0,0.00908699300283993,0.0
ENSG00000240996,ENSG00000240996,2,0.0,0.11027091749386196,0.0
ENSG00000241002,RPL32P13,2,0.0,0.0,0.0
ENSG00000241007,SEPTIN7P6,2,0.0,0.007271198061776839,0.0
ENSG00000241026,RPL21P77,2,0.0,0.0,0.0
ENSG00000241048,ENSG00000241048,2,0.0,0.06129816388966184,0.0
ENSG00000240828,RPL21P4,2,0.0,0.0,0.0
ENSG00000241061,RPL5P1,2,0.0,4.0041826032962814e-05,0.0
ENSG00000241067,RPL17P40,2,0.0,0.009749051336847283,0.0
ENSG00000241098,LINC01994,2,0.0,0.0,0.0
ENSG00000241111,PRICKLE2-AS1,2,0.0,0.0,0.0
ENSG00000241119,UGT1A9,2,0.0,0.008917992082773073,0.0
ENSG00000241131,LINC02032,2,0.0,0.0,0.0
ENSG00000241135,LINC00881,2,0.0,0.08820852855538146,0.0
ENSG00000241155,ARHGAP31-AS1,2,0.0,0.0020361324200726416,0.0
ENSG00000241158,ADAMTS9-AS1,2,0.0,0.0,0.0
ENSG00000241168,ENSG00000241168,2,0.0,0.0,0.0
ENSG00000241169,ENSG00000241169,2,0.0,0.003045795769122769,0.0
ENSG00000240854,PSMC2P1,2,0.0,0.01873257267648888,0.0
ENSG00000240804,NPM1P28,2,0.0,0.0,0.0
ENSG00000241202,ZIC4-AS1,2,0.0,0.0,0.0
ENSG00000240622,RPL7P15,2,0.0,0.0,0.0
ENSG00000240457,RN7SL472P,2,0.0,0.0004348275816533557,0.0
ENSG00000240477,EIF3JP2,2,0.0,0.008264258851349513,0.0
ENSG00000240489,SETP14,2,0.0,0.006853770520495892,0.0
ENSG00000240497,ENSG00000240497,2,0.0,0.0,0.0
ENSG00000240498,CDKN2B-AS1,2,0.0,0.026467681238970815,0.0
ENSG00000240520,UOX,2,0.0,0.008760456716973737,0.0
ENSG00000240521,ENSG00000240521,2,0.0,0.006797916002557358,0.0
ENSG00000240535,ENSG00000240535,2,0.0,0.0,0.0
ENSG00000240567,LINC02067,2,0.0,0.0022835076153692067,0.0
ENSG00000240583,AQP1,2,0.0,0.0,0.0
ENSG00000240621,OR2AO1P,2,0.0,0.0007548806020465815,0.0
ENSG00000240634,ENSG00000240634,2,0.0,0.0005502298430774703,0.0
ENSG00000240790,SND1-DT,2,0.0,0.005704010330343118,0.0
ENSG00000240654,C1QTNF9,2,0.0,0.0015343674274385286,0.0
ENSG00000240666,MME-AS1,2,0.0,0.0,0.0
ENSG00000240673,RPS8P11,2,0.0,0.001482325528949578,0.0
ENSG00000240677,MYL6P4,2,0.0,0.0,0.0
ENSG00000240687,ENSG00000240687,2,0.0,0.0,0.0
ENSG00000240708,LINC02030,2,0.0,0.0005217538032254437,0.0
ENSG00000240710,ENSG00000240710,2,0.0,0.0,0.0
ENSG00000240720,LRRD1,2,0.0,0.0,0.0
ENSG00000240747,KRBOX1,2,0.0,0.010155658298840617,0.0
ENSG00000240764,PCDHGC5,2,0.0,0.0,0.0
ENSG00000240785,RPL36AP21,2,0.0,0.006468930620617749,0.0
ENSG00000241185,RPL21P122,2,0.0,0.006406917234824581,0.0
ENSG00000241211,IQCJ-SCHIP1-AS1,2,0.0,0.0,0.0
ENSG00000241787,MTND4P16,2,0.0,0.0003046916314466416,0.0
ENSG00000241648,CADM2-AS2,2,0.0,0.011893874083378749,0.0
ENSG00000241527,CA15P1,2,0.0,0.0,0.0
ENSG00000241532,AGGF1P3,2,0.0,0.0,0.0
ENSG00000241537,U2SURPP1,2,0.0,0.36723375424235793,0.0
ENSG00000241549,GUSBP2,2,0.0,0.0,0.0
ENSG00000241560,ZBTB20-AS1,2,0.0,0.0,0.0
ENSG00000241563,CORT,2,0.0,0.0,0.0
ENSG00000241570,PAQR9-AS1,2,0.0,2.9407618393620383e-05,0.0
ENSG00000241593,ENSG00000241593,2,0.0,0.0,0.0
ENSG00000241597,ENSG00000241597,2,0.0,0.0,0.0
ENSG00000241627,UBQLN4P1,2,0.0,0.0,0.0
ENSG00000241634,RPL13P8,2,0.0,0.005148687499504697,0.0
ENSG00000241678,RPL21P94,2,0.0,0.010462107723678673,0.0
ENSG00000241520,ENSG00000241520,2,0.0,0.0,0.0
ENSG00000241679,ENSG00000241679,2,0.0,0.0,0.0
ENSG00000241696,LINC02053,2,0.0,0.0013701027606775992,0.0
ENSG00000241735,FABP5P3,2,0.0,0.0,0.0
ENSG00000241738,ZNF90P1,2,0.0,0.0012549970828439133,0.0
ENSG00000241741,RPL7AP30,2,0.0,0.0016462565042835388,0.0
ENSG00000241764,CBLL1-AS1,2,0.0,0.0,0.0
ENSG00000241765,RPS26P45,2,0.0,0.010741497182393393,0.0
ENSG00000241767,LINC01324,2,0.0,0.0011952097931880517,0.0
ENSG00000241770,ENSG00000241770,2,0.0,0.0001406010730965936,0.0
ENSG00000241772,ENSG00000241772,2,0.0,0.0,0.0
ENSG00000241782,RPL21P95,2,0.0,0.0,0.0
ENSG00000241525,ENSG00000241525,2,0.0,0.012772429998994028,0.0
ENSG00000241511,RPS15AP24,2,0.0,0.0005123431082137607,0.0
ENSG00000241213,LINC02024,2,0.0,0.0,0.0
ENSG00000241369,LINC01192,2,0.0,0.0,0.0
ENSG00000241220,LINC03109,2,0.0,0.0,0.0
ENSG00000241255,ENSG00000241255,2,0.0,0.007917222320494658,0.0
ENSG00000241295,ZBTB20-AS2,2,0.0,0.0,0.0
ENSG00000241313,WWTR1-AS1,2,0.0,0.0,0.0
ENSG00000241322,FBXW10B,2,0.0,0.0035594189063361697,0.0
ENSG00000241336,LINC01487,2,0.0,0.0,0.0
ENSG00000241345,ENSG00000241345,2,0.0,0.005093226105916766,0.0
ENSG00000241350,PMS2P11,2,0.0,0.1023058188161425,0.0
ENSG00000241352,ENSG00000241352,2,0.0,0.01632863963453698,0.0
ENSG00000241357,ENSG00000241357,2,0.0,0.00015651571171612617,0.0
ENSG00000241361,SLC25A24P1,2,0.0,0.0,0.0
ENSG00000241383,LINC01997,2,0.0,0.011105335745239983,0.0
ENSG00000241506,PSMC1P1,2,0.0,0.0,0.0
ENSG00000241388,HNF1A-AS1,2,0.0,0.0,0.0
ENSG00000241397,LINC00903,2,0.0,0.00041593981092501636,0.0
ENSG00000241409,ENSG00000241409,2,0.0,6.765648756372105e-05,0.0
ENSG00000241429,EEF1A1P25,2,0.0,0.0,0.0
ENSG00000241431,RPL37P6,2,0.0,0.028749861428146412,0.0
ENSG00000241438,CRIPTOP6,2,0.0,0.0,0.0
ENSG00000241458,RPL7P19,2,0.0,0.002565313665775644,0.0
ENSG00000241461,RN7SL182P,2,0.0,0.01236896860717298,0.0
ENSG00000241479,MECOM-AS1,2,0.0,0.0,0.0
ENSG00000241490,ENSG00000241490,2,0.0,0.0,0.0
ENSG00000241505,ENSG00000241505,2,0.0,0.0,0.0
ENSG00000237594,TIAM1-AS1,2,0.0,0.00418088301913331,0.0
ENSG00000237585,ENSG00000237585,2,0.0,0.0,0.0
ENSG00000234956,LINC02539,2,0.0,0.002701244335292554,0.0
ENSG00000236308,ENSG00000236308,2,0.0,0.0,0.0
ENSG00000235795,ENSG00000235795,2,0.0,0.0017927478867340435,0.0
ENSG00000235819,ENSG00000235819,2,0.0,0.021720070215941644,0.0
ENSG00000235820,ENSG00000235820,2,0.0,0.0,0.0
ENSG00000235828,RPL36AP26,2,0.0,0.0024384245484508167,0.0
ENSG00000235829,TBCAP2,2,0.0,0.004349627555309961,0.0
ENSG00000235830,SRGAP3-AS4,2,0.0,0.007684610791070309,0.0
ENSG00000235831,BHLHE40-AS1,2,0.0,0.0,0.0
ENSG00000235837,ENSG00000235837,2,0.0,0.006297127308498972,0.0
ENSG00000235848,RMDN2-AS1,2,0.0,0.0,0.0
ENSG00000235852,ENSG00000235852,2,0.0,0.0,0.0
ENSG00000235864,HSPA8P6,2,0.0,0.00041012327353037796,0.0
ENSG00000235865,GSN-AS1,2,0.0,0.0,0.0
ENSG00000235875,ARHGEF7-AS2,2,0.0,0.0025421849701059876,0.0
ENSG00000235880,ENSG00000235880,2,0.0,0.001343030896496853,0.0
ENSG00000235884,ENSG00000235884,2,0.0,0.00016638552034365774,0.0
ENSG00000235897,TM4SF19-AS1,2,0.0,0.0,0.0
ENSG00000235899,LINC01564,2,0.0,0.0030429413084821157,0.0
ENSG00000235904,RBMS3-AS3,2,0.0,0.007216221463507461,0.0
ENSG00000235907,ENSG00000235907,2,0.0,0.0,0.0
ENSG00000235910,APOA1-AS,2,0.0,0.0,0.0
ENSG00000235912,ENSG00000235912,2,0.0,0.0,0.0
ENSG00000235914,MACROD2-AS1,2,0.0,0.0,0.0
ENSG00000235919,ASH1L-AS1,2,0.0,0.0,0.0
ENSG00000235927,NEXN-AS1,2,0.0,0.0003144685521858519,0.0
ENSG00000235934,ENSG00000235934,2,0.0,0.0,0.0
ENSG00000235790,PEF1-AS1,2,0.0,0.0006556251269998626,0.0
ENSG00000235781,LINC02569,2,0.0,0.0032349133558005703,0.0
ENSG00000235779,ENSG00000235779,2,0.0,0.002338758354535195,0.0
ENSG00000235661,MIR670HG,2,0.0,0.0005395645960282943,0.0
ENSG00000235560,ZNF747-DT,2,0.0,0.002938710930833982,0.0
ENSG00000235568,NFAM1,2,0.0,0.0,0.0
ENSG00000235575,ENSG00000235575,2,0.0,0.028108735864162553,0.0
ENSG00000235587,GAPDHP65,2,0.0,0.006716034942124534,0.0
ENSG00000235597,LINC01102,2,0.0,0.004964316321120554,0.0
ENSG00000235615,ENSG00000235615,2,0.0,0.0,0.0
ENSG00000235616,ST13P2,2,0.0,0.001294696766828758,0.0
ENSG00000235618,FAM21EP,2,0.0,0.0,0.0
ENSG00000235631,RNF148,2,0.0,0.00988765666150618,0.0
ENSG00000235635,ENSG00000235635,2,0.0,0.16425960715597338,0.0
ENSG00000235660,LINC00345,2,0.0,0.0,0.0
ENSG00000235663,SAPCD1-AS1,2,0.0,0.00111641685397454,0.0
ENSG00000235770,LINC00607,2,0.0,0.0009755503349475727,0.0
ENSG00000235665,ENSG00000235665,2,0.0,0.0,0.0
ENSG00000235669,CHN2-AS1,2,0.0,0.008348153002057029,0.0
ENSG00000235677,NPM1P26,2,0.0,0.0,0.0
ENSG00000235688,SNTG2-AS1,2,0.0,0.004246726333138775,0.0
ENSG00000235695,HIGD2AP2,2,0.0,0.0,0.0
ENSG00000235698,PA2G4P2,2,0.0,0.0,0.0
ENSG00000235701,PCBP2P1,2,0.0,0.05179219409286135,0.0
ENSG00000235725,LINC03050,2,0.0,0.0032386009223164007,0.0
ENSG00000235736,ENSG00000235736,2,0.0,0.0,0.0
ENSG00000235740,PHACTR2-AS1,2,0.0,0.019865160259194936,0.0
ENSG00000235750,KIAA0040,2,0.0,0.0,0.0
ENSG00000235939,ENSG00000235939,2,0.0,0.0,0.0
ENSG00000235940,MTND1P21,2,0.0,0.0015084953755601595,0.0
ENSG00000235944,ZNF815P,2,0.0,0.0,0.0
ENSG00000236242,MYO16-AS1,2,0.0,0.0019148449092084318,0.0
ENSG00000236137,CD101-AS1,2,0.0,0.0,0.0
ENSG00000236153,UBE2E3-DT,2,0.0,0.005753215302848861,0.0
ENSG00000236154,ENSG00000236154,2,0.0,0.0033859651085229483,0.0
ENSG00000236155,ZPLD2P,2,0.0,0.0,0.0
ENSG00000236188,PRKX-AS1,2,0.0,0.0026733061596330688,0.0
ENSG00000236199,SMARCA2-AS1,2,0.0,0.0,0.0
ENSG00000236202,GRM7-AS1,2,0.0,0.0014338637596965575,0.0
ENSG00000236206,ENSG00000236206,2,0.0,0.008532199630310404,0.0
ENSG00000236209,ENSG00000236209,2,0.0,0.0006491846389899161,0.0
ENSG00000236230,ENSG00000236230,2,0.0,0.004218298997188272,0.0
ENSG00000236234,ENSG00000236234,2,0.0,0.006785734503292151,0.0
ENSG00000236253,SLC25A3P1,2,0.0,0.0,0.0
ENSG00000236120,LINC03070,2,0.0,0.0056098498747099304,0.0
ENSG00000236262,ENSG00000236262,2,0.0,0.007133190349660933,0.0
ENSG00000236263,ENSG00000236263,2,0.0,0.0,0.0
ENSG00000236264,RPL26P30,2,0.0,0.0013172834699760043,0.0
ENSG00000236266,ENSG00000236266,2,0.0,0.0,0.0
ENSG00000236268,LINC01361,2,0.0,0.0636520601105985,0.0
ENSG00000236274,ENSG00000236274,2,0.0,0.005221000266469765,0.0
ENSG00000236279,CLEC2L,2,0.0,0.0028098081388159574,0.0
ENSG00000236283,ENSG00000236283,2,0.0,0.036002726125816766,0.0
ENSG00000236289,GACAT3,2,0.0,0.0,0.0
ENSG00000236290,EEF1GP7,2,0.0,0.0,0.0
ENSG00000236296,GUSBP5,2,0.0,0.0,0.0
ENSG00000236130,PTCSC2,2,0.0,0.0,0.0
ENSG00000236115,ENSG00000236115,2,0.0,0.0,0.0
ENSG00000235945,ENSG00000235945,2,0.0,0.007185112577674892,0.0
ENSG00000236008,ENSG00000236008,2,0.0,1.689244844541248e-05,0.0
ENSG00000235958,UBOX5-AS1,2,0.0,0.00016714915081572033,0.0
ENSG00000235961,PNMA6A,2,0.0,0.0,0.0
ENSG00000235963,MCCD1P1,2,0.0,0.0,0.0
ENSG00000235974,VN2R19P,2,0.0,0.0,0.0
ENSG00000235979,ENSG00000235979,2,0.0,0.00043338497040562574,0.0
ENSG00000235984,GPC5-AS1,2,0.0,0.0,0.0
ENSG00000235989,MORC2-AS1,2,0.0,0.0035047445026532118,0.0
ENSG00000235991,ENSG00000235991,2,0.0,0.0,0.0
ENSG00000235994,ENSG00000235994,2,0.0,0.0008970375196107353,0.0
ENSG00000235997,LINC01936,2,0.0,0.0,0.0
ENSG00000236003,ENSG00000236003,2,0.0,0.0,0.0
ENSG00000236013,LINC02941,2,0.0,0.0,0.0
ENSG00000236114,ENSG00000236114,2,0.0,0.0030592315863014184,0.0
ENSG00000236015,TMX1P1,2,0.0,0.0,0.0
ENSG00000236018,ENSG00000236018,2,0.0,0.0003500640817682654,0.0
ENSG00000236031,ENSG00000236031,2,0.0,0.0,0.0
ENSG00000236039,LINC02889,2,0.0,0.0008017383754220013,0.0
ENSG00000236049,LINC01920,2,0.0,0.005515218983457398,0.0
ENSG00000236052,LINC01643,2,0.0,0.0,0.0
ENSG00000236064,ENSG00000236064,2,0.0,0.007892563321494942,0.0
ENSG00000236068,NT5ELP,2,0.0,0.0,0.0
ENSG00000236086,HMGN2P28,2,0.0,0.006854431238094615,0.0
ENSG00000236094,ENSG00000236094,2,0.0,0.0,0.0
ENSG00000236106,ENSG00000236106,2,0.0,0.0007723813919942172,0.0
ENSG00000235558,GUSBP17,2,0.0,0.08650867944670795,0.0
ENSG00000235554,SRSF6P2,2,0.0,0.0,0.0
ENSG00000235548,HEBP2P1,2,0.0,0.0,0.0
ENSG00000235122,ENSG00000235122,2,0.0,0.0005188757045815327,0.0
ENSG00000235070,ENSG00000235070,2,0.0,0.0,0.0
ENSG00000235071,ENSG00000235071,2,0.0,0.0,0.0
ENSG00000235072,ARNILA,2,0.0,0.0015845435917044041,0.0
ENSG00000235077,ENSG00000235077,2,0.0,0.0,0.0
ENSG00000235078,ENSG00000235078,2,0.0,0.0,0.0
ENSG00000235091,ENSG00000235091,2,0.0,0.0008065542427272547,0.0
ENSG00000235092,ID2-AS1,2,0.0,0.00012549046325292478,0.0
ENSG00000235096,ENSG00000235096,2,0.0,0.0009705547095964174,0.0
ENSG00000235098,ANKRD65,2,0.0,0.009478089891599135,0.0
ENSG00000235112,HSPE1P27,2,0.0,0.0,0.0
ENSG00000235119,ENSG00000235119,2,0.0,0.006260468604755274,0.0
ENSG00000235127,ENSG00000235127,2,0.0,0.0012320893059814804,0.0
ENSG00000235065,RPL24P2,2,0.0,0.0016573450647982756,0.0
ENSG00000235138,ENSG00000235138,2,0.0,0.0,0.0
ENSG00000235140,ENSG00000235140,2,0.0,0.0,0.0
ENSG00000235142,LINC02532,2,0.0,0.002359474968934119,0.0
ENSG00000235156,TMEM30CP,2,0.0,0.013112258556422778,0.0
ENSG00000235159,LINC02939,2,0.0,0.0007401248426582896,0.0
ENSG00000235160,LINC02248,2,0.0,0.01326429358234528,0.0
ENSG00000235166,LINC01440,2,0.0,0.0,0.0
ENSG00000235169,SMIM1,2,0.0,0.0,0.0
ENSG00000235191,NUCB1-AS1,2,0.0,0.01809243995984506,0.0
ENSG00000235192,ENSG00000235192,2,0.0,0.0471831528041686,0.0
ENSG00000235198,ENSG00000235198,2,0.0,0.0,0.0
ENSG00000235066,ENSG00000235066,2,0.0,0.0,0.0
ENSG00000235060,VDAC1P4,2,0.0,0.0,0.0
ENSG00000235204,ENSG00000235204,2,0.0,0.030553032904949446,0.0
ENSG00000235023,ENSG00000235023,2,0.0,0.013639109139544928,0.0
ENSG00000234961,ENSG00000234961,2,0.0,0.0,0.0
ENSG00000234962,LINC00700,2,0.0,0.02163755850784271,0.0
ENSG00000234965,SHISA8,2,0.0,0.0,0.0
ENSG00000234969,AARSD1P1,2,0.0,0.0,0.0
ENSG00000234985,ENSG00000234985,2,0.0,0.008042410564141487,0.0
ENSG00000234995,RPS3AP28,2,0.0,0.0,0.0
ENSG00000234996,ACTG1P25,2,0.0,0.0,0.0
ENSG00000235010,JAKMIP3-AS1,2,0.0,0.0,0.0
ENSG00000235012,JCADP1,2,0.0,0.0,0.0
ENSG00000235016,SEMA3F-AS1,2,0.0,0.002983804261124411,0.0
ENSG00000235020,CACNB2-AS2,2,0.0,0.0,0.0
ENSG00000235024,CDK5R2-AS1,2,0.0,0.000665072021616929,0.0
ENSG00000235058,ZMYND10-AS1,2,0.0,0.0,0.0
ENSG00000235026,DPP10-AS1,2,0.0,0.0012587893563865988,0.0
ENSG00000235032,BMP7-AS1,2,0.0,0.0,0.0
ENSG00000235033,DAAM2-AS1,2,0.0,0.0012337396423748894,0.0
ENSG00000235034,C19orf81,2,0.0,0.013838330731744994,0.0
ENSG00000235035,ENSG00000235035,2,0.0,0.0,0.0
ENSG00000235036,DNAJC9P1,2,0.0,0.011894039054638846,0.0
ENSG00000235038,ENSG00000235038,2,0.0,0.0,0.0
ENSG00000235047,ENSG00000235047,2,0.0,0.00027332337529600723,0.0
ENSG00000235049,LINC00940,2,0.0,0.0,0.0
ENSG00000235052,ENSG00000235052,2,0.0,0.002105231955412514,0.0
ENSG00000235056,ENSG00000235056,2,0.0,0.0,0.0
ENSG00000235202,LINC01525,2,0.0,0.0,0.0
ENSG00000235215,ENSG00000235215,2,0.0,0.13210422546511755,0.0
ENSG00000235538,ENSG00000235538,2,0.0,0.0,0.0
ENSG00000235470,NEURL1-AS1,2,0.0,0.030077588071663542,0.0
ENSG00000235410,ENSG00000235410,2,0.0,0.0,0.0
ENSG00000235411,DRG1P1,2,0.0,0.02239946671595382,0.0
ENSG00000235415,ENSG00000235415,2,0.0,0.009936529199063618,0.0
ENSG00000235419,ENSG00000235419,2,0.0,0.0,0.0
ENSG00000235421,ENSG00000235421,2,0.0,0.005143650810634075,0.0
ENSG00000235426,ENSG00000235426,2,0.0,0.0,0.0
ENSG00000235436,DPY19L2P4,2,0.0,0.0,0.0
ENSG00000235438,ESRRAP2,2,0.0,0.0,0.0
ENSG00000235446,LINC02791,2,0.0,0.0,0.0
ENSG00000235447,TRAPPC13P1,2,0.0,0.0,0.0
ENSG00000235448,LURAP1L-AS1,2,0.0,0.0,0.0
ENSG00000235478,LINC01664,2,0.0,0.08494179402174237,0.0
ENSG00000235403,ENSG00000235403,2,0.0,0.0,0.0
ENSG00000235488,JARID2-AS1,2,0.0,0.0,0.0
ENSG00000235489,DBF4P1,2,0.0,0.0010423964440271587,0.0
ENSG00000235491,ENSG00000235491,2,0.0,0.0,0.0
ENSG00000235494,ENSG00000235494,2,0.0,0.0,0.0
ENSG00000235495,ENSG00000235495,2,0.0,0.001183584721325898,0.0
ENSG00000235500,SNX19P2,2,0.0,0.0,0.0
ENSG00000235512,TAB3-AS2,2,0.0,0.0011761842922568637,0.0
ENSG00000235522,NCK2-AS1,2,0.0,0.014974227698656606,0.0
ENSG00000235527,HIPK1-AS1,2,0.0,0.0,0.0
ENSG00000235532,LINC00402,2,0.0,0.001019015049434541,0.0
ENSG00000235535,TRDN-AS1,2,0.0,0.0014429201256359512,0.0
ENSG00000235408,SNORA71B,2,0.0,0.008154778840534069,0.0
ENSG00000235400,ENSG00000235400,2,0.0,0.0,0.0
ENSG00000235217,ENSG00000235217,2,0.0,0.003399693907324006,0.0
ENSG00000235296,ENSG00000235296,2,0.0,0.008733953274871207,0.0
ENSG00000235221,LINC00383,2,0.0,0.0,0.0
ENSG00000235236,ENSG00000235236,2,0.0,0.0,0.0
ENSG00000235237,IL2RB-AS1,2,0.0,0.0027296014867636883,0.0
ENSG00000235253,EEF1A1P50,2,0.0,0.004168596265422261,0.0
ENSG00000235269,LINC02331,2,0.0,0.0,0.0
ENSG00000235271,ENSG00000235271,2,0.0,0.0006752066597889325,0.0
ENSG00000235272,RAMACL,2,0.0,0.04320939285503943,0.0
ENSG00000235277,ENSG00000235277,2,0.0,0.0,0.0
ENSG00000235280,MCF2L-AS1,2,0.0,0.0,0.0
ENSG00000235288,ENSG00000235288,2,0.0,0.0025213594320055905,0.0
ENSG00000235292,ENSG00000235292,2,0.0,0.0022621316941925894,0.0
ENSG00000235303,ENSG00000235303,2,0.0,0.0,0.0
ENSG00000235397,EPN2-AS1,2,0.0,0.0021738208608258467,0.0
ENSG00000235316,DUSP8P5,2,0.0,0.0,0.0
ENSG00000235319,TGFBRAP1-AS1,2,0.0,0.0,0.0
ENSG00000235337,ENSG00000235337,2,0.0,0.004248426549064944,0.0
ENSG00000235349,ENSG00000235349,2,0.0,0.00019518626738786326,0.0
ENSG00000235351,ENSG00000235351,2,0.0,0.0,0.0
ENSG00000235357,LINC01621,2,0.0,0.0,0.0
ENSG00000235363,SNRPGP10,2,0.0,0.003762709123528119,0.0
ENSG00000235370,DNM1P51,2,0.0,0.0,0.0
ENSG00000235374,SSR4P1,2,0.0,0.0,0.0
ENSG00000235385,LINC02154,2,0.0,0.003736516198333176,0.0
ENSG00000235387,SPAAR,2,0.0,0.07414593138668135,0.0
ENSG00000236305,SLC12A9-AS1,2,0.0,0.007449787684668038,0.0
ENSG00000236312,RPL34P34,2,0.0,0.0,0.0
ENSG00000237584,RAC1P4,2,0.0,0.0,0.0
ENSG00000236317,ENSG00000236317,2,0.0,0.0006054193096025528,0.0
ENSG00000237125,HAND2-AS1,2,0.0,0.0,0.0
ENSG00000237126,ENSG00000237126,2,0.0,0.00033158698742097136,0.0
ENSG00000237139,RPS26P41,2,0.0,0.0,0.0
ENSG00000237153,ENSG00000237153,2,0.0,0.0,0.0
ENSG00000237158,ENSG00000237158,2,0.0,0.0,0.0
ENSG00000237159,CNTFR-AS1,2,0.0,0.0003112095088907827,0.0
ENSG00000237167,ENSG00000237167,2,0.0,0.005758568749751827,0.0
ENSG00000237170,RPS7P15,2,0.0,0.0,0.0
ENSG00000237172,B3GNT9,2,0.0,0.022907421675416685,0.0
ENSG00000237174,FILIP1-AS1,2,0.0,0.0008044336394610262,0.0
ENSG00000237179,LINC01797,2,0.0,0.0,0.0
ENSG00000237181,PRKAR1B-AS1,2,0.0,0.0,0.0
ENSG00000237208,ENSG00000237208,2,0.0,0.0,0.0
ENSG00000237222,LINC01968,2,0.0,0.0,0.0
ENSG00000237226,RPS3AP39,2,0.0,0.0006885740322005081,0.0
ENSG00000237232,ZNF295-AS1,2,0.0,0.0,0.0
ENSG00000237233,TMEM26-AS1,2,0.0,0.0,0.0
ENSG00000237234,ENSG00000237234,2,0.0,0.0009409987542453261,0.0
ENSG00000237238,BMS1P10,2,0.0,0.01944037398302794,0.0
ENSG00000237243,CREB3L2-AS1,2,0.0,0.0,0.0
ENSG00000237250,ENSG00000237250,2,0.0,0.0,0.0
ENSG00000237251,ENSG00000237251,2,0.0,0.0032618340911584965,0.0
ENSG00000237260,PPIAP67,2,0.0,0.031286788351609765,0.0
ENSG00000237276,ANO7L1,2,0.0,0.0049036244187888895,0.0
ENSG00000237278,RLIMP2,2,0.0,0.0,0.0
ENSG00000237121,PIEZO1P2,2,0.0,0.0,0.0
ENSG00000237119,LINC01056,2,0.0,0.0,0.0
ENSG00000237118,CYP2F2P,2,0.0,0.013085862991346887,0.0
ENSG00000237013,LINC01812,2,0.0,0.0,0.0
ENSG00000236948,ENSG00000236948,2,0.0,0.0,0.0
ENSG00000236975,LINC02814,2,0.0,0.0,0.0
ENSG00000236980,CIMIP7,2,0.0,0.003950393238383927,0.0
ENSG00000236989,ENSG00000236989,2,0.0,0.00046221157620643757,0.0
ENSG00000236991,EDRF1-AS1,2,0.0,0.011283933317390164,0.0
ENSG00000236993,GAPDHP21,2,0.0,0.0,0.0
ENSG00000236998,ENSG00000236998,2,0.0,0.0,0.0
ENSG00000237000,PTMAP6,2,0.0,0.0,0.0
ENSG00000237001,WASF3-AS1,2,0.0,0.0,0.0
ENSG00000237003,RPL36AP11,2,0.0,0.0034800564181276398,0.0
ENSG00000237009,GLIS3-AS1,2,0.0,0.013928950655721323,0.0
ENSG00000237015,ENSG00000237015,2,0.0,0.0,0.0
ENSG00000237106,FABP5P15,2,0.0,0.0008501092035689938,0.0
ENSG00000237017,PRPF31-AS1,2,0.0,0.0,0.0
ENSG00000237019,ENSG00000237019,2,0.0,0.028885754526434118,0.0
ENSG00000237027,ENSG00000237027,2,0.0,0.007581814651591824,0.0
ENSG00000237031,ENSG00000237031,2,0.0,0.0,0.0
ENSG00000237054,PRMT5-AS1,2,0.0,0.006102464198192552,0.0
ENSG00000237070,ENSG00000237070,2,0.0,0.0,0.0
ENSG00000237073,ENSG00000237073,2,0.0,0.0,0.0
ENSG00000237074,LINC02942,2,0.0,0.001133209422835462,0.0
ENSG00000237076,ENSG00000237076,2,0.0,0.002008897637237982,0.0
ENSG00000237080,EHMT2-AS1,2,0.0,0.0,0.0
ENSG00000237101,ENSG00000237101,2,0.0,0.001541619664648052,0.0
ENSG00000237281,CATIP-AS2,2,0.0,0.0,0.0
ENSG00000237285,HNRNPA1P2,2,0.0,1.5751259936284406e-05,0.0
ENSG00000237286,CARD11-AS1,2,0.0,0.0010310586646165533,0.0
ENSG00000237493,ENSG00000237493,2,0.0,0.014057315700618151,0.0
ENSG00000237422,ENSG00000237422,2,0.0,0.0020898766946460395,0.0
ENSG00000237429,ENSG00000237429,2,0.0,0.0,0.0
ENSG00000237436,CAMTA1-DT,2,0.0,0.00013905581751104572,0.0
ENSG00000237463,LRRC52-AS1,2,0.0,0.06108524994732922,0.0
ENSG00000237464,ENSG00000237464,2,0.0,0.0009683052834437061,0.0
ENSG00000237470,DCLRE1CP1,2,0.0,0.0012660989919890573,0.0
ENSG00000237473,ENSG00000237473,2,0.0,0.000580781677812088,0.0
ENSG00000237476,LINC01637,2,0.0,0.001287374200347676,0.0
ENSG00000237480,ENSG00000237480,2,0.0,0.007144826612268385,0.0
ENSG00000237481,ENSG00000237481,2,0.0,0.004053417089213557,0.0
ENSG00000237484,LINC01684,2,0.0,0.0,0.0
ENSG00000237499,WAKMAR2,2,0.0,0.008234385799036376,0.0
ENSG00000237410,NRXN2-AS1,2,0.0,8.454209913484675e-05,0.0
ENSG00000237512,UNC5B-AS1,2,0.0,0.0032139198033268005,0.0
ENSG00000237517,CELSR1P1,2,0.0,0.0029266490919260747,0.0
ENSG00000237522,NONOP2,2,0.0,0.013869007023055883,0.0
ENSG00000237523,LINC00857,2,0.0,0.0,0.0
ENSG00000237525,ENSG00000237525,2,0.0,0.0,0.0
ENSG00000237529,ENSG00000237529,2,0.0,0.005548754536590064,0.0
ENSG00000237530,ENSG00000237530,2,0.0,0.0033080006436882487,0.0
ENSG00000237551,RPL21P74,2,0.0,0.004201024582891981,0.0
ENSG00000237560,LINC01497,2,0.0,0.34323153795507133,0.0
ENSG00000237574,LINC01856,2,0.0,0.003202001286200306,0.0
ENSG00000237579,LINC01514,2,0.0,0.011706769580403143,0.0
ENSG00000237413,MGC27382,2,0.0,0.0,0.0
ENSG00000237400,ENSG00000237400,2,0.0,0.0,0.0
ENSG00000237289,CKMT1B,2,0.0,0.001366677293831167,0.0
ENSG00000237331,XIAP-AS1,2,0.0,0.0,0.0
ENSG00000237290,LINC01343,2,0.0,0.010428183460238355,0.0
ENSG00000237292,LINC01732,2,0.0,0.003710001530764617,0.0
ENSG00000237300,MTCO1P19,2,0.0,0.013352814738488223,0.0
ENSG00000237301,ENSG00000237301,2,0.0,0.00033280873915648903,0.0
ENSG00000237307,SRRM1P3,2,0.0,0.00043707034369030816,0.0
ENSG00000237310,LINC03011,2,0.0,0.0,0.0
ENSG00000237312,ENSG00000237312,2,0.0,0.008772515059968011,0.0
ENSG00000237316,ENSG00000237316,2,0.0,0.0007856281186759492,0.0
ENSG00000237324,ENSG00000237324,2,0.0,0.0016247287524774208,0.0
ENSG00000237325,MTRES1P2,2,0.0,0.0,0.0
ENSG00000237328,RAI1-AS1,2,0.0,0.0,0.0
ENSG00000237336,DENND1A-AS1,2,0.0,0.0,0.0
ENSG00000237399,PITRM1-AS1,2,0.0,0.0,0.0
ENSG00000237347,RPL28P6,2,0.0,0.0001077609063989066,0.0
ENSG00000237350,CDC42P6,2,0.0,0.0002492748902191965,0.0
ENSG00000237351,ITPK1P1,2,0.0,0.0,0.0
ENSG00000237352,ENSG00000237352,2,0.0,0.0007873462179072623,0.0
ENSG00000237353,PATE4,2,0.0,0.007270362627181201,0.0
ENSG00000237357,FAM88E,2,0.0,0.0035191695900466903,0.0
ENSG00000237361,TUSC8,2,0.0,0.001281129103641485,0.0
ENSG00000237365,CAMTA1-AS3,2,0.0,0.0,0.0
ENSG00000237372,LINC03062,2,0.0,0.0006656889659008167,0.0
ENSG00000237382,RPL21P121,2,0.0,0.0006242495080774361,0.0
ENSG00000237398,HLA-DPA3,2,0.0,0.001954593018892568,0.0
ENSG00000236939,BAALC-AS2,2,0.0,0.0,0.0
ENSG00000236935,ENSG00000236935,2,0.0,0.0,0.0
ENSG00000236928,ENSG00000236928,2,0.0,0.012104552718017202,0.0
ENSG00000236501,ENSG00000236501,2,0.0,0.0003118583468060986,0.0
ENSG00000236469,ENSG00000236469,2,0.0,0.001103477179303815,0.0
ENSG00000236472,ENSG00000236472,2,0.0,0.0,0.0
ENSG00000236475,TRIM26BP,2,0.0,0.007723968295936071,0.0
ENSG00000236478,ENSG00000236478,2,0.0,0.014287536447407932,0.0
ENSG00000236481,LINC02195,2,0.0,0.0,0.0
ENSG00000236483,MTND2P40,2,0.0,0.0,0.0
ENSG00000236485,LINC01945,2,0.0,0.0,0.0
ENSG00000236491,ENSG00000236491,2,0.0,0.0,0.0
ENSG00000236493,EIF2S2P3,2,0.0,0.0,0.0
ENSG00000236494,ENSG00000236494,2,0.0,0.0,0.0
ENSG00000236495,ENSG00000236495,2,0.0,0.0,0.0
ENSG00000236502,SIX3-AS1,2,0.0,0.0023446772579882712,0.0
ENSG00000236466,RCAN2-DT,2,0.0,0.009329939377156022,0.0
ENSG00000236510,ENSG00000236510,2,0.0,0.002664281005953255,0.0
ENSG00000236511,LINC01231,2,0.0,0.0011155904021874282,0.0
ENSG00000236514,ZNF248-AS1,2,0.0,0.0012172956420022293,0.0
ENSG00000236519,LINC01424,2,0.0,0.0013261751451729348,0.0
ENSG00000236520,GPC6-AS1,2,0.0,0.0,0.0
ENSG00000236523,NPM1P40,2,0.0,0.0,0.0
ENSG00000236526,BTBD3-AS1,2,0.0,0.010178134953171013,0.0
ENSG00000236528,ENSG00000236528,2,0.0,0.0,0.0
ENSG00000236532,LINC01695,2,0.0,0.02465484113628698,0.0
ENSG00000236539,HNRNPA1P54,2,0.0,0.0020420062037169963,0.0
ENSG00000236540,ENSG00000236540,2,0.0,0.0,0.0
ENSG00000236467,KCNMA1-AS1,2,0.0,0.0,0.0
ENSG00000236456,DENRP1,2,0.0,0.00013998163504139256,0.0
ENSG00000236544,EN2-DT,2,0.0,0.0,0.0
ENSG00000236372,ENSG00000236372,2,0.0,0.004101212122373252,0.0
ENSG00000236324,SNX9-AS1,2,0.0,0.010262637426751132,0.0
ENSG00000236325,RPL32P5,2,0.0,4.7491797774368806e-05,0.0
ENSG00000236332,ENSG00000236332,2,0.0,0.0,0.0
ENSG00000236333,TRHDE-AS1,2,0.0,0.0,0.0
ENSG00000236340,GRM8-AS1,2,0.0,5.5429453191454586e-05,0.0
ENSG00000236341,ENSG00000236341,2,0.0,0.024778390171104114,0.0
ENSG00000236345,SCAT8,2,0.0,0.004095748072455669,0.0
ENSG00000236347,ENSG00000236347,2,0.0,0.0018421214400714805,0.0
ENSG00000236352,BCAS1-AS1,2,0.0,0.0,0.0
ENSG00000236358,ENSG00000236358,2,0.0,0.0233422239553922,0.0
ENSG00000236364,ENSG00000236364,2,0.0,0.00010247591985208205,0.0
ENSG00000236377,MYO1D-DT,2,0.0,0.02592621521892627,0.0
ENSG00000236453,ENSG00000236453,2,0.0,0.002379723234789423,0.0
ENSG00000236388,ITCH-AS1,2,0.0,0.0,0.0
ENSG00000236391,ENSG00000236391,2,0.0,0.0019649815574945373,0.0
ENSG00000236397,DDX11L2,2,0.0,0.009215083187518585,0.0
ENSG00000236408,DPP6-AS1,2,0.0,0.007375116343510827,0.0
ENSG00000236409,NRADDP,2,0.0,0.0,0.0
ENSG00000236411,NDUFAF4P3,2,0.0,0.0,0.0
ENSG00000236423,LINC01134,2,0.0,0.0,0.0
ENSG00000236426,GRK5-AS1,2,0.0,0.0019555867106090525,0.0
ENSG00000236434,ENSG00000236434,2,0.0,0.003799475485847383,0.0
ENSG00000236444,UBE2L5,2,0.0,0.0,0.0
ENSG00000236451,ENSG00000236451,2,0.0,0.0,0.0
ENSG00000236542,MED28P7,2,0.0,0.0413617287394266,0.0
ENSG00000236552,RPL13AP5,2,0.0,0.0,0.0
ENSG00000236922,LINC01378,2,0.0,0.016482455796813428,0.0
ENSG00000236819,LINC01563,2,0.0,0.0006875170026357734,0.0
ENSG00000236761,CTAGE9,2,0.0,0.003860169495235287,0.0
ENSG00000236772,ENSG00000236772,2,0.0,0.0,0.0
ENSG00000236776,RPL21P23,2,0.0,0.0,0.0
ENSG00000236778,INTS6-AS1,2,0.0,0.0,0.0
ENSG00000236782,ZNF593OS,2,0.0,0.0,0.0
ENSG00000236790,LINC00299,2,0.0,0.0,0.0
ENSG00000236797,SPA17P1,2,0.0,0.01502797973512762,0.0
ENSG00000236799,LINC02626,2,0.0,0.002143426803971721,0.0
ENSG00000236809,SNX25P1,2,0.0,0.0,0.0
ENSG00000236816,ANKRD20A7P,2,0.0,0.0,0.0
ENSG00000236817,ENSG00000236817,2,0.0,0.0,0.0
ENSG00000236829,ENSG00000236829,2,0.0,0.0015936634013875841,0.0
ENSG00000236754,ENSG00000236754,2,0.0,0.0,0.0
ENSG00000236830,CBR3-AS1,2,0.0,0.0013494060328204383,0.0
ENSG00000236836,PCYT1B-AS1,2,0.0,0.0,0.0
ENSG00000236852,SSBL2P,2,0.0,0.0007432535265733804,0.0
ENSG00000236854,ENSG00000236854,2,0.0,0.00023662587983212728,0.0
ENSG00000236856,ENSG00000236856,2,0.0,0.0,0.0
ENSG00000236861,BET1-AS1,2,0.0,0.00196377566236205,0.0
ENSG00000236882,LINC01554,2,0.0,0.0,0.0
ENSG00000236885,ENSG00000236885,2,0.0,0.0011098968141182765,0.0
ENSG00000236908,LINC02827,2,0.0,0.0,0.0
ENSG00000236914,LINC01852,2,0.0,0.0009330644307426777,0.0
ENSG00000236915,CLCA4-AS1,2,0.0,0.0,0.0
ENSG00000236760,ENSG00000236760,2,0.0,0.00028141272947828136,0.0
ENSG00000236753,MKLN1-AS,2,0.0,0.008084794370088362,0.0
ENSG00000236554,ASNSP3,2,0.0,0.05578433613151626,0.0
ENSG00000236677,SETD4-AS1,2,0.0,0.00010519413300572904,0.0
ENSG00000236581,STARD13-AS,2,0.0,0.0,0.0
ENSG00000236591,UST-AS2,2,0.0,0.0,0.0
ENSG00000236603,RANP1,2,0.0,0.14104433427650084,0.0
ENSG00000236609,ZNF853,2,0.0,0.0008721665727462343,0.0
ENSG00000236617,CHFR-DT,2,0.0,0.016591018765841674,0.0
ENSG00000236618,PITPNA-AS1,2,0.0,0.004109328329532496,0.0
ENSG00000236643,ENSG00000236643,2,0.0,0.012864987626081263,0.0
ENSG00000236653,LINC01923,2,0.0,0.00595207091618048,0.0
ENSG00000236654,ENSG00000236654,2,0.0,0.0,0.0
ENSG00000236671,PRKG1-AS1,2,0.0,0.005686156640158973,0.0
ENSG00000236676,ENSG00000236676,2,0.0,0.0,0.0
ENSG00000236680,PSMC3P1,2,0.0,0.0,0.0
ENSG00000236751,LINC01186,2,0.0,0.0,0.0
ENSG00000236682,MAP3K2-DT,2,0.0,0.0,0.0
ENSG00000236698,EIF1AXP1,2,0.0,0.0,0.0
ENSG00000236699,ARHGEF38,2,0.0,0.0,0.0
ENSG00000236700,LINC01010,2,0.0,0.002210642783766541,0.0
ENSG00000236708,SDK1-AS1,2,0.0,0.0,0.0
ENSG00000236719,OVAAL,2,0.0,0.0,0.0
ENSG00000236723,ENSG00000236723,2,0.0,0.00014209311028499455,0.0
ENSG00000236724,ENSG00000236724,2,0.0,0.0013067202026621184,0.0
ENSG00000236733,ENSG00000236733,2,0.0,0.008881178724014414,0.0
ENSG00000236735,RPL31P63,2,0.0,0.011300984300103192,0.0
ENSG00000236739,CLIC4P1,2,0.0,0.004895025819293813,0.0
ENSG00000229600,ENSG00000229600,2,0.0,0.012728629578454935,0.0
ENSG00000229599,LINC00411,2,0.0,0.0,0.0
ENSG00000229593,SUCLA2P3,2,0.0,0.002065063289696296,0.0
ENSG00000220008,LINGO3,2,0.0,8.816070068260601e-05,0.0
ENSG00000215704,CELA2B,2,0.0,0.0026447131571718983,0.0
ENSG00000215720,MFFP1,2,0.0,0.001180227967503405,0.0
ENSG00000215784,FAM72D,2,0.0,0.0,0.0
ENSG00000215795,ENSG00000215795,2,0.0,0.0,0.0
ENSG00000215796,ENSG00000215796,2,0.0,0.0020695780406060583,0.0
ENSG00000215808,LINC01139,2,0.0,0.010491841469187725,0.0
ENSG00000215812,ZNF847P,2,0.0,0.0,0.0
ENSG00000215819,KRT18P12,2,0.0,0.00015501497820222588,0.0
ENSG00000215835,ENSG00000215835,2,0.0,3.458278940685882e-05,0.0
ENSG00000215838,ENSG00000215838,2,0.0,0.0,0.0
ENSG00000215840,ENSG00000215840,2,0.0,0.0011520034936089525,0.0
ENSG00000215859,PDZK1P1,2,0.0,0.0,0.0
ENSG00000215861,ENSG00000215861,2,0.0,0.005405080911252946,0.0
ENSG00000215869,THAP3P1,2,0.0,0.0,0.0
ENSG00000215878,MARCKSL1P2,2,0.0,0.0,0.0
ENSG00000215910,C1orf167,2,0.0,0.0006359098514922765,0.0
ENSG00000215912,TTC34,2,0.0,0.0,0.0
ENSG00000215915,ATAD3C,2,0.0,0.001502357539466613,0.0
ENSG00000216475,ENSG00000216475,2,0.0,0.0,0.0
ENSG00000216490,IFI30,2,0.0,0.0,0.0
ENSG00000216588,IGSF23,2,0.0,0.0010084471478049287,0.0
ENSG00000216775,ENSG00000216775,2,0.0,0.008919438939002329,0.0
ENSG00000216809,ENSG00000216809,2,0.0,0.0,0.0
ENSG00000216863,LY86-AS1,2,0.0,0.00047418204916370075,0.0
ENSG00000216895,RBM33-DT,2,0.0,0.0006888388495262593,0.0
ENSG00000215630,GUSBP9,2,0.0,0.0051227038014103185,0.0
ENSG00000215595,C20orf202,2,0.0,0.01260996959295378,0.0
ENSG00000215571,GRK6P1,2,0.0,0.0,0.0
ENSG00000215367,TMED11P,2,0.0,0.0,0.0
ENSG00000215237,ENSG00000215237,2,0.0,0.03113238191387879,0.0
ENSG00000215241,LINC02449,2,0.0,0.0,0.0
ENSG00000215246,LINC02982,2,0.0,0.0,0.0
ENSG00000215262,KCNU1,2,0.0,0.0,0.0
ENSG00000215274,GAGE10,2,0.0,0.0,0.0
ENSG00000215277,RNF212B,2,0.0,0.0,0.0
ENSG00000215283,HMGB3P24,2,0.0,0.019644987681980402,0.0
ENSG00000215302,WHAMMP4,2,0.0,0.006552249085987587,0.0
ENSG00000215304,ENSG00000215304,2,0.0,0.024019866412098193,0.0
ENSG00000215313,RPL6P30,2,0.0,0.0063039213275618775,0.0
ENSG00000215319,EIF5P1,2,0.0,0.0,0.0
ENSG00000215397,SCRT2,2,0.0,0.012131286979286157,0.0
ENSG00000215568,GAB4,2,0.0,0.011914106331870799,0.0
ENSG00000215441,CTAGE12P,2,0.0,0.02234008072043558,0.0
ENSG00000215458,AATBC,2,0.0,0.013793884714301484,0.0
ENSG00000215472,RPL17-C18orf32,2,0.0,0.0,0.0
ENSG00000215474,SKOR2,2,0.0,0.002822217060333273,0.0
ENSG00000215475,SIAH3,2,0.0,0.0,0.0
ENSG00000215478,CES5AP1,2,0.0,0.0010890374967435367,0.0
ENSG00000215481,BCRP3,2,0.0,0.002264744418278651,0.0
ENSG00000215482,CALM2P3,2,0.0,0.003821253200820669,0.0
ENSG00000215506,TPTE2P4,2,0.0,0.0,0.0
ENSG00000215529,EFCAB8,2,0.0,0.0,0.0
ENSG00000215559,ANKRD20A11P,2,0.0,0.0003289069521247741,0.0
ENSG00000216901,ZNF603P,2,0.0,0.003645143665060768,0.0
ENSG00000216921,FAM240C,2,0.0,0.0,0.0
ENSG00000216990,HSPD1P10,2,0.0,0.0,0.0
ENSG00000219073,CELA3B,2,0.0,0.047145158661822444,0.0
ENSG00000218537,MIF-AS1,2,0.0,0.0025796678627771595,0.0
ENSG00000218586,ENSG00000218586,2,0.0,0.0,0.0
ENSG00000218672,LINC03010,2,0.0,0.0,0.0
ENSG00000218690,H2AC10P,2,0.0,0.01740532528144226,0.0
ENSG00000218757,ENSG00000218757,2,0.0,0.0,0.0
ENSG00000218766,ENSG00000218766,2,0.0,0.0002697775021921017,0.0
ENSG00000218819,TDRD15,2,0.0,0.0,0.0
ENSG00000218823,PAPOLB,2,0.0,0.0014382925682297335,0.0
ENSG00000218891,ZNF579,2,0.0,0.0,0.0
ENSG00000218902,PTMAP3,2,0.0,0.00021116554365064314,0.0
ENSG00000219027,RPS3AP2,2,0.0,0.0,0.0
ENSG00000219102,HNRNPA3P12,2,0.0,0.0,0.0
ENSG00000218426,ENSG00000218426,2,0.0,0.0,0.0
ENSG00000219163,HMGB1P20,2,0.0,0.0012563228037776896,0.0
ENSG00000219201,ENSG00000219201,2,0.0,0.021916934189036247,0.0
ENSG00000219274,RPS20P2,2,0.0,0.0,0.0
ENSG00000219355,RPL31P52,2,0.0,0.003096787279980258,0.0
ENSG00000219404,NGRNP4,2,0.0,0.009931082269417637,0.0
ENSG00000219410,ENSG00000219410,2,0.0,0.005590702764888131,0.0
ENSG00000219430,MBL3P,2,0.0,0.0,0.0
ENSG00000219445,ENSG00000219445,2,0.0,0.0,0.0
ENSG00000219451,RPL23P8,2,0.0,0.004229441494896581,0.0
ENSG00000219553,ENSG00000219553,2,0.0,0.0028145103139218036,0.0
ENSG00000219642,BMPR1AP1,2,0.0,0.0024139832730344446,0.0
ENSG00000218521,ITGAEP1,2,0.0,0.0,0.0
ENSG00000218418,ENSG00000218418,2,0.0,0.0004061175820699933,0.0
ENSG00000217165,ANKRD18EP,2,0.0,0.15325406310343248,0.0
ENSG00000217702,ENSG00000217702,2,0.0,0.0,0.0
ENSG00000217181,RPL21P63,2,0.0,0.0005014694368146738,0.0
ENSG00000217241,CBX3P9,2,0.0,0.0013576898494850626,0.0
ENSG00000217325,PRELID1P1,2,0.0,0.0,0.0
ENSG00000217330,SSXP10,2,0.0,0.0,0.0
ENSG00000217334,ENSG00000217334,2,0.0,0.0040861141438345,0.0
ENSG00000217404,RPS4XP9,2,0.0,0.0011401338627981658,0.0
ENSG00000217442,SYCE3,2,0.0,0.0019208577609107292,0.0
ENSG00000217455,ENSG00000217455,2,0.0,0.0,0.0
ENSG00000217488,ENSG00000217488,2,0.0,0.0,0.0
ENSG00000217643,PTGES3P2,2,0.0,0.001514896770588493,0.0
ENSG00000217648,PARLP2,2,0.0,0.0,0.0
ENSG00000217801,PTPN11BP,2,0.0,0.0035407498019197586,0.0
ENSG00000218416,GPC1-AS1,2,0.0,0.004144480269301741,0.0
ENSG00000217897,HSPE1P8,2,0.0,0.0,0.0
ENSG00000218018,RBM38-AS1,2,0.0,0.003083412444294415,0.0
ENSG00000218175,ENSG00000218175,2,0.0,0.0,0.0
ENSG00000218208,RPS27AP11,2,0.0,0.002432061923989268,0.0
ENSG00000218226,TATDN2P2,2,0.0,0.02111004390915936,0.0
ENSG00000218233,NEPNP,2,0.0,0.0,0.0
ENSG00000218300,RPL22P14,2,0.0,0.0027817111630352694,0.0
ENSG00000218313,ENSG00000218313,2,0.0,0.0008991410042881306,0.0
ENSG00000218347,HNRNPA1P1,2,0.0,0.0,0.0
ENSG00000218351,RPS3AP23,2,0.0,0.00039559192215578407,0.0
ENSG00000218358,RAET1K,2,0.0,0.0,0.0
ENSG00000215231,LINC01020,2,0.0,0.0,0.0
ENSG00000215218,UBE2QL1,2,0.0,0.002555476233868006,0.0
ENSG00000215190,LINC00680,2,0.0,0.0,0.0
ENSG00000214347,ENSG00000214347,2,0.0,0.000772242882301276,0.0
ENSG00000214223,HNRNPA1P10,2,0.0,0.0,0.0
ENSG00000214237,MINDY4B,2,0.0,0.0,0.0
ENSG00000214248,ENSG00000214248,2,0.0,0.0014291624868737471,0.0
ENSG00000214252,AZGP1P2,2,0.0,0.0,0.0
ENSG00000214269,LGMNP1,2,0.0,0.0,0.0
ENSG00000214274,ANG,2,0.0,0.002880330900460413,0.0
ENSG00000214283,RAD51AP1P1,2,0.0,0.0,0.0
ENSG00000214290,POU2AF3,2,0.0,0.000592668446670126,0.0
ENSG00000214309,MBLAC1,2,0.0,0.0,0.0
ENSG00000214322,CBX1P2,2,0.0,0.012063855101923336,0.0
ENSG00000214336,FOXI3,2,0.0,0.007147495622987534,0.0
ENSG00000214353,VAC14-AS1,2,0.0,0.0,0.0
ENSG00000214211,CTAGE14P,2,0.0,0.0,0.0
ENSG00000214360,EFCAB9,2,0.0,0.0009483754930898298,0.0
ENSG00000214369,CYB5AP2,2,0.0,0.0,0.0
ENSG00000214376,VSTM5,2,0.0,0.016750208384206388,0.0
ENSG00000214380,NFYBP1,2,0.0,0.0015369028746554806,0.0
ENSG00000214381,LINC00488,2,0.0,0.0,0.0
ENSG00000214391,TUBAP2,2,0.0,0.0,0.0
ENSG00000214401,KANSL1-AS1,2,0.0,0.0,0.0
ENSG00000214402,LCNL1,2,0.0,0.0,0.0
ENSG00000214415,GNAT3,2,0.0,0.0006203893193881158,0.0
ENSG00000214432,VPS33B-DT,2,0.0,0.0,0.0
ENSG00000214455,RCN1P2,2,0.0,0.0,0.0
ENSG00000214212,C19orf38,2,0.0,0.0,0.0
ENSG00000214203,RPS4XP1,2,0.0,0.0002266501370044267,0.0
ENSG00000214485,RPL7P1,2,0.0,0.0,0.0
ENSG00000214043,LINC02347,2,0.0,0.0006791228559818271,0.0
ENSG00000213906,LTB4R2,2,0.0,0.0,0.0
ENSG00000213917,RPL5P8,2,0.0,0.0,0.0
ENSG00000213927,CCL27,2,0.0,0.0,0.0
ENSG00000213939,ENSG00000213939,2,0.0,0.006213196100954954,0.0
ENSG00000213942,RPL31P10,2,0.0,0.0007467240571299994,0.0
ENSG00000213970,ENSG00000213970,2,0.0,0.0017685511135564767,0.0
ENSG00000213979,RPL7AP14,2,0.0,0.0,0.0
ENSG00000213981,ENSG00000213981,2,0.0,0.015737815779647495,0.0
ENSG00000213994,PFKFB3-AS1,2,0.0,0.005970192260907145,0.0
ENSG00000213996,TM6SF2,2,0.0,0.022559445501681385,0.0
ENSG00000214026,MRPL23,2,0.0,0.0,0.0
ENSG00000214076,CPSF1P1,2,0.0,9.962819080163463e-05,0.0
ENSG00000214199,EEF1A1P12,2,0.0,0.0,0.0
ENSG00000214077,GNAQP1,2,0.0,0.0013784401132008227,0.0
ENSG00000214102,WEE2,2,0.0,0.0,0.0
ENSG00000214106,PAXIP1-AS2,2,0.0,0.0007950177777827504,0.0
ENSG00000214110,LDHAP4,2,0.0,0.0,0.0
ENSG00000214128,TMEM213,2,0.0,0.0008459661855678751,0.0
ENSG00000214140,PRCD,2,0.0,0.0,0.0
ENSG00000214145,LINC00887,2,0.0,0.0,0.0
ENSG00000214146,LINC02026,2,0.0,0.003512488833235633,0.0
ENSG00000214182,PTMAP5,2,0.0,0.0,0.0
ENSG00000214185,XPOTP1,2,0.0,0.000851789248121081,0.0
ENSG00000214192,UBE2V1P2,2,0.0,0.0,0.0
ENSG00000214465,SMARCE1P6,2,0.0,0.0011818812146063614,0.0
ENSG00000214510,SPINK13,2,0.0,0.0059873385865558204,0.0
ENSG00000215187,CIMIP2B,2,0.0,0.0005863002579975153,0.0
ENSG00000215029,TCP11X2,2,0.0,0.0,0.0
ENSG00000214922,HLA-F-AS1,2,0.0,0.0,0.0
ENSG00000214940,NPIPA8,2,0.0,0.0032126057178094958,0.0
ENSG00000214942,ENSG00000214942,2,0.0,0.0,0.0
ENSG00000214946,TBC1D26,2,0.0,0.0,0.0
ENSG00000214970,ENSG00000214970,2,0.0,0.0032150290751697744,0.0
ENSG00000214992,AKAP17BP,2,0.0,0.0,0.0
ENSG00000214999,ENSG00000214999,2,0.0,0.005363789655777332,0.0
ENSG00000215005,HSPD1P7,2,0.0,0.0,0.0
ENSG00000215007,DNAJA1P3,2,0.0,0.0015686051071533713,0.0
ENSG00000215014,SSU72-AS1,2,0.0,0.012906981833086735,0.0
ENSG00000215022,ENSG00000215022,2,0.0,0.005190082324216768,0.0
ENSG00000215030,RPL13P12,2,0.0,0.00013965856880893352,0.0
ENSG00000214872,SMTNL1,2,0.0,0.0002728056069222922,0.0
ENSG00000215045,GRID2IP,2,0.0,0.0034306203099388525,0.0
ENSG00000215057,PKMP5,2,0.0,0.0,0.0
ENSG00000215068,ANXA2R-AS1,2,0.0,0.0002584111337468539,0.0
ENSG00000215097,ENSG00000215097,2,0.0,0.0,0.0
ENSG00000215102,TERF1P4,2,0.0,0.0019710547070120763,0.0
ENSG00000215154,ENSG00000215154,2,0.0,0.0,0.0
ENSG00000215156,ENSG00000215156,2,0.0,0.003853427479448876,0.0
ENSG00000215162,LINC00269,2,0.0,0.00213080505795739,0.0
ENSG00000215165,TCEA1P3,2,0.0,0.0,0.0
ENSG00000215183,MSMP,2,0.0,0.00131547481056449,0.0
ENSG00000215186,GOLGA6B,2,0.0,0.0049434790395650645,0.0
ENSG00000214894,LINC00243,2,0.0,0.0,0.0
ENSG00000214855,APOC1P1,2,0.0,0.0,0.0
ENSG00000214511,HIGD1C,2,0.0,0.0,0.0
ENSG00000214708,ENSG00000214708,2,0.0,0.0,0.0
ENSG00000214513,NOTO,2,0.0,0.0,0.0
ENSG00000214530,STARD10,2,0.0,0.0,0.0
ENSG00000214544,GTF2IRD2P1,2,0.0,0.0,0.0
ENSG00000214548,MEG3,2,0.0,0.03766702407446242,0.0
ENSG00000214553,LRRC37A11P,2,0.0,0.0,0.0
ENSG00000214558,ZC3H11C,2,0.0,0.0024212962420347085,0.0
ENSG00000214559,ENSG00000214559,2,0.0,0.009696314810420265,0.0
ENSG00000214562,NUTM2D,2,0.0,0.01103043243780049,0.0
ENSG00000214575,CPEB1,2,0.0,0.003008789814954995,0.0
ENSG00000214650,ENSG00000214650,2,0.0,0.002010973629672834,0.0
ENSG00000214688,C10orf105,2,0.0,0.0,0.0
ENSG00000214711,CAPN14,2,0.0,0.0,0.0
ENSG00000214851,LINC00612,2,0.0,0.0,0.0
ENSG00000214725,CDIPTOSP,2,0.0,0.0,0.0
ENSG00000214727,RPL5P35,2,0.0,0.0009822067648747324,0.0
ENSG00000214745,GOT2P6,2,0.0,0.0,0.0
ENSG00000214761,HNRNPA1P15,2,0.0,0.0,0.0
ENSG00000214770,ENSG00000214770,2,0.0,0.000989087605924869,0.0
ENSG00000214787,MS4A4E,2,0.0,0.0021083972794888623,0.0
ENSG00000214788,ENSG00000214788,2,0.0,0.0008847475419874395,0.0
ENSG00000214803,ENSG00000214803,2,0.0,0.0024130460648248003,0.0
ENSG00000214814,FER1L6,2,0.0,0.0,0.0
ENSG00000214832,UPF3AP2,2,0.0,0.0008279395336854906,0.0
ENSG00000214842,RAD51AP2,2,0.0,0.0,0.0
ENSG00000219891,ZSCAN12P1,2,0.0,0.008116146937156565,0.0
ENSG00000220161,LINC02076,2,0.0,0.0,0.0
ENSG00000213891,RPL3P6,2,0.0,0.0,0.0
ENSG00000220201,ZGLP1,2,0.0,0.003295327138679431,0.0
ENSG00000223866,ENSG00000223866,2,0.0,0.00400530154396922,0.0
ENSG00000223872,ENSG00000223872,2,0.0,3.137661380441094e-05,0.0
ENSG00000223874,TESHL,2,0.0,0.0,0.0
ENSG00000223878,PPIAP53,2,0.0,0.0,0.0
ENSG00000223882,ABCC5-AS1,2,0.0,0.0,0.0
ENSG00000223884,ENSG00000223884,2,0.0,0.0008696089319470131,0.0
ENSG00000223901,ENSG00000223901,2,0.0,0.00043341623357595426,0.0
ENSG00000223910,ENSG00000223910,2,0.0,0.0,0.0
ENSG00000223911,ENSG00000223911,2,0.0,0.0,0.0
ENSG00000223914,LINC02471,2,0.0,0.0,0.0
ENSG00000223923,TNS1-AS1,2,0.0,0.0,0.0
ENSG00000223930,ENSG00000223930,2,0.0,5.375581269540912e-05,0.0
ENSG00000223944,ENSG00000223944,2,0.0,0.0,0.0
ENSG00000223947,ENSG00000223947,2,0.0,0.001094946509199656,0.0
ENSG00000223951,H2ACP2,2,0.0,0.0,0.0
ENSG00000223953,C1QTNF5,2,0.0,0.0,0.0
ENSG00000223969,ENSG00000223969,2,0.0,0.0,0.0
ENSG00000223974,BNIP3P42,2,0.0,0.0,0.0
ENSG00000223979,SMCR2,2,0.0,0.0,0.0
ENSG00000223984,HNRNPRP1,2,0.0,0.0,0.0
ENSG00000223989,CTNNBIP1-AS1,2,0.0,0.012936296144226719,0.0
ENSG00000223995,RPL32P35,2,0.0,0.003643027760260265,0.0
ENSG00000224007,USP12P2,2,0.0,0.0009180938962158982,0.0
ENSG00000224014,ENSG00000224014,2,0.0,0.00048319965856557037,0.0
ENSG00000224016,ENSG00000224016,2,0.0,0.0,0.0
ENSG00000223863,LINC01805,2,0.0,0.009282740297877545,0.0
ENSG00000223855,PDGFA-DT,2,0.0,0.0,0.0
ENSG00000223850,MYCNUT,2,0.0,0.0,0.0
ENSG00000223786,ENSG00000223786,2,0.0,0.011842205394902713,0.0
ENSG00000223730,RPL6P28,2,0.0,0.0025682220575443896,0.0
ENSG00000223734,LAPTM4A-DT,2,0.0,0.001649036488285886,0.0
ENSG00000223749,MIR503HG,2,0.0,0.0,0.0
ENSG00000223750,SIRPB3P,2,0.0,0.0,0.0
ENSG00000223751,ENSG00000223751,2,0.0,0.0,0.0
ENSG00000223754,ENSG00000223754,2,0.0,0.0008879713166372148,0.0
ENSG00000223764,LINC02593,2,0.0,0.0,0.0
ENSG00000223770,CACNA2D1-AS1,2,0.0,0.0003311228290054575,0.0
ENSG00000223774,ENSG00000223774,2,0.0,0.0,0.0
ENSG00000223783,LINC01983,2,0.0,0.000887015441371134,0.0
ENSG00000223784,LINP1,2,0.0,0.0,0.0
ENSG00000223791,UBE2E1-AS1,2,0.0,0.0002672645523597251,0.0
ENSG00000223843,EFCAB6-AS1,2,0.0,0.005202183277581494,0.0
ENSG00000223795,ENSG00000223795,2,0.0,0.0,0.0
ENSG00000223799,IL10RB-DT,2,0.0,0.0,0.0
ENSG00000223800,ENSG00000223800,2,0.0,0.003295559023677782,0.0
ENSG00000223802,CERS1,2,0.0,0.006636236104205434,0.0
ENSG00000223806,LINC00114,2,0.0,0.0,0.0
ENSG00000223812,PYDC2-AS1,2,0.0,0.0,0.0
ENSG00000223815,DIAPH3-AS2,2,0.0,0.0007015960502851871,0.0
ENSG00000223822,EEF1A1P1,2,0.0,0.009245138128206652,0.0
ENSG00000223831,PES1-AS1,2,0.0,0.0,0.0
ENSG00000223834,ENSG00000223834,2,0.0,0.0016961925080662824,0.0
ENSG00000223842,ENSG00000223842,2,0.0,0.0,0.0
ENSG00000224017,LINC01449,2,0.0,0.022317762823069923,0.0
ENSG00000224019,RPL21P32,2,0.0,0.0,0.0
ENSG00000224023,EDRF1-DT,2,0.0,0.0,0.0
ENSG00000224273,RABGEF1P3,2,0.0,0.002405708750191763,0.0
ENSG00000224209,LINC00466,2,0.0,0.01609855947405558,0.0
ENSG00000224215,C10orf67-AS1,2,0.0,0.0,0.0
ENSG00000224216,ENSG00000224216,2,0.0,0.00601222275651839,0.0
ENSG00000224220,DTNB-AS1,2,0.0,0.0,0.0
ENSG00000224222,LINC02636,2,0.0,0.008604738807774443,0.0
ENSG00000224228,ENSG00000224228,2,0.0,0.001016451331499687,0.0
ENSG00000224238,WARS2-IT1,2,0.0,0.0,0.0
ENSG00000224245,ENSG00000224245,2,0.0,0.0007289293824132339,0.0
ENSG00000224259,LINC01133,2,0.0,0.0,0.0
ENSG00000224269,ENSG00000224269,2,0.0,0.006678252159464113,0.0
ENSG00000224271,EPIC1,2,0.0,0.0007812279655623264,0.0
ENSG00000224276,ARHGEF2-AS1,2,0.0,0.001313406922912757,0.0
ENSG00000224204,ENSG00000224204,2,0.0,0.004072857362127866,0.0
ENSG00000224280,ENSG00000224280,2,0.0,0.0,0.0
ENSG00000224281,SLC25A5-AS1,2,0.0,0.0,0.0
ENSG00000224292,PORCN-DT,2,0.0,0.003916331766562244,0.0
ENSG00000224294,PINCR,2,0.0,0.0,0.0
ENSG00000224307,LINC02975,2,0.0,0.18448443405173953,0.0
ENSG00000224310,LINC01567,2,0.0,0.0010845753334207846,0.0
ENSG00000224312,MCCD1P2,2,0.0,0.0,0.0
ENSG00000224316,GTF2IP5,2,0.0,0.0,0.0
ENSG00000224318,CHL1-AS2,2,0.0,0.0,0.0
ENSG00000224324,THAP5P1,2,0.0,0.017238735383313716,0.0
ENSG00000224326,ENSG00000224326,2,0.0,0.001865706029040735,0.0
ENSG00000224208,ZCRB1P1,2,0.0,0.0,0.0
ENSG00000224195,CAMK2G-AS1,2,0.0,0.0,0.0
ENSG00000224039,CDYLP1,2,0.0,0.0,0.0
ENSG00000224095,LINC01935,2,0.0,0.003087452925824981,0.0
ENSG00000224046,DMTF1-AS1,2,0.0,0.00671296725312538,0.0
ENSG00000224051,CPTP,2,0.0,0.0019199794121265426,0.0
ENSG00000224057,EGFR-AS1,2,0.0,0.0,0.0
ENSG00000224066,IQCC-AS1,2,0.0,0.0008023830770630323,0.0
ENSG00000224067,ENSG00000224067,2,0.0,0.002877717036509003,0.0
ENSG00000224072,VEZTP1,2,0.0,0.004527481459582927,0.0
ENSG00000224077,ENSG00000224077,2,0.0,0.0,0.0
ENSG00000224079,CHLSN-AS1,2,0.0,0.0,0.0
ENSG00000224086,PPM1F-AS1,2,0.0,0.00038653980654155157,0.0
ENSG00000224093,BCAR3-AS1,2,0.0,0.0,0.0
ENSG00000224094,RPS24P8,2,0.0,0.0,0.0
ENSG00000224099,ENSG00000224099,2,0.0,0.0016899547122467187,0.0
ENSG00000224185,SNX18P9,2,0.0,0.0052139239376914875,0.0
ENSG00000224101,ELMO1-AS1,2,0.0,0.00969791778877815,0.0
ENSG00000224109,CENPVL3,2,0.0,5.470423431054904e-05,0.0
ENSG00000224114,ENSG00000224114,2,0.0,0.0034524611148805634,0.0
ENSG00000224116,INHBA-AS1,2,0.0,0.0,0.0
ENSG00000224117,PTPN2P2,2,0.0,0.002757152685803259,0.0
ENSG00000224137,LINC01857,2,0.0,0.0,0.0
ENSG00000224141,MIR548XHG,2,0.0,0.0,0.0
ENSG00000224152,BAZ2B-AS1,2,0.0,0.0,0.0
ENSG00000224153,LINC02054,2,0.0,0.0005382610658163352,0.0
ENSG00000224164,LINC02828,2,0.0,0.0,0.0
ENSG00000224177,LINC00570,2,0.0,0.0,0.0
ENSG00000223724,RAD17P2,2,0.0,0.0,0.0
ENSG00000223720,ENSG00000223720,2,0.0,0.0,0.0
ENSG00000223711,ENSG00000223711,2,0.0,0.0,0.0
ENSG00000222031,ENSG00000222031,2,0.0,0.001330808482253027,0.0
ENSG00000221962,TMEM14EP,2,0.0,0.0,0.0
ENSG00000221963,APOL6,2,0.0,0.0,0.0
ENSG00000221970,OR2A1,2,0.0,0.02593549259564119,0.0
ENSG00000221986,MYBPHL,2,0.0,0.0,0.0
ENSG00000221990,EXOC3-AS1,2,0.0,0.0,0.0
ENSG00000222000,ENSG00000222000,2,0.0,0.004311833340296406,0.0
ENSG00000222007,ENSG00000222007,2,0.0,0.001318823149259602,0.0
ENSG00000222012,ENSG00000222012,2,0.0,0.00025661445193995834,0.0
ENSG00000222019,URAHP,2,0.0,0.0020824395814106017,0.0
ENSG00000222020,HDAC4-AS1,2,0.0,0.04184776500810269,0.0
ENSG00000222030,ENSG00000222030,2,0.0,0.0,0.0
ENSG00000222035,KIAA2012-AS1,2,0.0,0.0,0.0
ENSG00000221949,LINC01465,2,0.0,0.0,0.0
ENSG00000222042,ENSG00000222042,2,0.0,0.0,0.0
ENSG00000222043,ENSG00000222043,2,0.0,0.0009117742828340796,0.0
ENSG00000222044,ENSG00000222044,2,0.0,0.0005188249968034569,0.0
ENSG00000222046,DCDC2B,2,0.0,0.003213038549713879,0.0
ENSG00000222047,C10orf55,2,0.0,0.003064387395030372,0.0
ENSG00000222375,RN7SKP127,2,0.0,0.0,0.0
ENSG00000222465,RNU2-5P,2,0.0,0.0,0.0
ENSG00000222533,RNU6-705P,2,0.0,0.0,0.0
ENSG00000222614,Y_RNA,2,0.0,0.018185365246098057,0.0
ENSG00000222693,RN7SKP120,2,0.0,0.0006832280021288937,0.0
ENSG00000222724,RNU2-63P,2,0.0,0.0015459443863319905,0.0
ENSG00000221953,LINC02897,2,0.0,0.0,0.0
ENSG00000221946,FXYD7,2,0.0,0.0007462197289555559,0.0
ENSG00000223335,RNU6-603P,2,0.0,0.0,0.0
ENSG00000220988,SNORD88C,2,0.0,0.0,0.0
ENSG00000220237,RPS24P12,2,0.0,0.0020843344433510817,0.0
ENSG00000220370,ENSG00000220370,2,0.0,0.0010640754258564996,0.0
ENSG00000220506,ENSG00000220506,2,0.0,0.022768274826699613,0.0
ENSG00000220643,ENSG00000220643,2,0.0,0.004328809530136322,0.0
ENSG00000220685,TFB2MP1,2,0.0,0.0,0.0
ENSG00000220694,RPL17P23,2,0.0,0.0,0.0
ENSG00000220739,ENSG00000220739,2,0.0,0.053442803055623433,0.0
ENSG00000220744,RPL5P18,2,0.0,0.0015524925259720447,0.0
ENSG00000220749,RPL21P28,2,0.0,0.0013444691335468596,0.0
ENSG00000220771,BOLA2P3,2,0.0,0.05784661449135244,0.0
ENSG00000220925,IGBP1-AS2,2,0.0,0.03622775323949648,0.0
ENSG00000221164,SNORA11F,2,0.0,0.001996077200269918,0.0
ENSG00000221938,OR2A14,2,0.0,0.0011693904617376591,0.0
ENSG00000221479,MIR1251,2,0.0,0.0,0.0
ENSG00000221639,ENSG00000221639,2,0.0,0.0,0.0
ENSG00000221821,PEX39,2,0.0,0.013285831801921654,0.0
ENSG00000221843,SPATA31H1,2,0.0,0.0002943688556678192,0.0
ENSG00000221858,OR2A12,2,0.0,0.0,0.0
ENSG00000221869,CEBPD,2,0.0,0.0,0.0
ENSG00000221882,OR3A2,2,0.0,0.0,0.0
ENSG00000221883,ARIH2OS,2,0.0,0.000246114681272851,0.0
ENSG00000221887,HMSD,2,0.0,0.0005938921408083675,0.0
ENSG00000221890,NPTXR,2,0.0,0.0,0.0
ENSG00000221916,C19orf73,2,0.0,0.0016251554411495569,0.0
ENSG00000223026,RN7SKP247,2,0.0,0.006034055455462384,0.0
ENSG00000223343,ENSG00000223343,2,0.0,0.0,0.0
ENSG00000223705,NSUN5P1,2,0.0,0.020843033631686908,0.0
ENSG00000223617,LINC00370,2,0.0,0.0001996306795076817,0.0
ENSG00000223537,ZBTB24-DT,2,0.0,0.0,0.0
ENSG00000223542,ENSG00000223542,2,0.0,0.0014197810338924164,0.0
ENSG00000223553,SMPD4P1,2,0.0,0.0,0.0
ENSG00000223561,LINC03007,2,0.0,0.0024666420660546294,0.0
ENSG00000223563,ENSG00000223563,2,0.0,0.0,0.0
ENSG00000223572,CKMT1A,2,0.0,0.0,0.0
ENSG00000223573,TINCR,2,0.0,0.0013997595685257796,0.0
ENSG00000223576,ENSG00000223576,2,0.0,0.002777655944501405,0.0
ENSG00000223583,RPL17P9,2,0.0,0.0,0.0
ENSG00000223598,ENSG00000223598,2,0.0,0.0005451408044690758,0.0
ENSG00000223602,ENSG00000223602,2,0.0,0.005828523246434088,0.0
ENSG00000223626,LINC01044,2,0.0,0.001622634138219128,0.0
ENSG00000223523,ENSG00000223523,2,0.0,0.08107091587179358,0.0
ENSG00000223635,NUP133-DT,2,0.0,0.0003041726019310898,0.0
ENSG00000223642,ENSG00000223642,2,0.0,0.0,0.0
ENSG00000223647,LINC01946,2,0.0,0.0005804769623674465,0.0
ENSG00000223650,UHRF2P1,2,0.0,0.0,0.0
ENSG00000223658,C1GALT1C1L,2,0.0,0.003705817647355196,0.0
ENSG00000223665,ENSG00000223665,2,0.0,0.0,0.0
ENSG00000223668,EEF1A1P24,2,0.0,0.007350600833431583,0.0
ENSG00000223691,ENSG00000223691,2,0.0,0.0,0.0
ENSG00000223695,MYH9-DT,2,0.0,0.0,0.0
ENSG00000223697,ENSG00000223697,2,0.0,0.0025779230348127037,0.0
ENSG00000223701,RAET1E-AS1,2,0.0,0.0,0.0
ENSG00000223528,ENSG00000223528,2,0.0,0.0004227291620562673,0.0
ENSG00000223522,ENSG00000223522,2,0.0,0.0012101543101774711,0.0
ENSG00000223351,ZNF385D-AS2,2,0.0,0.0,0.0
ENSG00000223442,TH2LCRR,2,0.0,0.0027564238984843837,0.0
ENSG00000223353,ENSG00000223353,2,0.0,0.0,0.0
ENSG00000223356,ENSG00000223356,2,0.0,0.00038754100555286967,0.0
ENSG00000223368,ENSG00000223368,2,0.0,0.0299885638379108,0.0
ENSG00000223374,ENSG00000223374,2,0.0,0.0,0.0
ENSG00000223387,LINC02068,2,0.0,0.0018856424649151514,0.0
ENSG00000223389,SDCBP2P1,2,0.0,0.005331857392479654,0.0
ENSG00000223390,ENSG00000223390,2,0.0,0.0,0.0
ENSG00000223392,CLDN10-AS1,2,0.0,0.0004240176307715618,0.0
ENSG00000223393,ENSG00000223393,2,0.0,0.03386385302540921,0.0
ENSG00000223396,RPS10P7,2,0.0,0.0,0.0
ENSG00000223431,MTND6P21,2,0.0,0.0018798151478342183,0.0
ENSG00000223450,ENSG00000223450,2,0.0,0.0,0.0
ENSG00000223519,KIF28P,2,0.0,0.0,0.0
ENSG00000223459,TCAF1P1,2,0.0,0.0011731927322138815,0.0
ENSG00000223461,ENSG00000223461,2,0.0,0.0011727286386223681,0.0
ENSG00000223462,ENSG00000223462,2,0.0,0.0,0.0
ENSG00000223475,VOPP1-DT,2,0.0,0.0009976683358944396,0.0
ENSG00000223476,VN1R42P,2,0.0,0.0013520836063567103,0.0
ENSG00000223478,ZDHHC12-DT,2,0.0,0.0011511496148642684,0.0
ENSG00000223479,LINC02238,2,0.0,0.0004708719040146982,0.0
ENSG00000223486,LINC03053,2,0.0,0.004059514248501513,0.0
ENSG00000223492,ENSG00000223492,2,0.0,0.0,0.0
ENSG00000223502,ENSG00000223502,2,0.0,0.010721688366579997,0.0
ENSG00000223518,CSNK1A1P1,2,0.0,0.0,0.0
ENSG00000213901,SLC23A3,2,0.0,9.994313191865963e-05,0.0
ENSG00000213889,PPM1N,2,0.0,0.0,0.0
ENSG00000224340,RPL21P21,2,0.0,0.006718561835550759,0.0
ENSG00000204913,LRRC3C,2,0.0,0.0,0.0
ENSG00000204237,OXLD1,2,0.0,0.031484402424869294,0.0
ENSG00000204241,LINC02731,2,0.0,0.0,0.0
ENSG00000204248,COL11A2,2,0.0,0.0,0.0
ENSG00000204250,LINC00587,2,0.0,0.0,0.0
ENSG00000204264,PSMB8,2,0.0,0.0,0.0
ENSG00000204277,LINC01993,2,0.0,0.016955008826999258,0.0
ENSG00000204283,LINC01973,2,0.0,0.0,0.0
ENSG00000204287,HLA-DRA,2,0.0,0.0018230953740933083,0.0
ENSG00000204290,BTNL2,2,0.0,0.008300635575222367,0.0
ENSG00000204301,NOTCH4,2,0.0,0.02723159548492039,0.0
ENSG00000204311,PJVK,2,0.0,0.002350931691318036,0.0
ENSG00000204314,PRRT1,2,0.0,0.002404210579691174,0.0
ENSG00000204315,FKBPL,2,0.0,0.0013251231550148355,0.0
ENSG00000204323,SMIM5,2,0.0,0.0,0.0
ENSG00000204335,SP5,2,0.0,0.008559424873827418,0.0
ENSG00000204352,FAM120A2P,2,0.0,0.00013457257356478712,0.0
ENSG00000204361,NXPE2,2,0.0,0.0,0.0
ENSG00000204381,LAYN,2,0.0,0.0,0.0
ENSG00000204385,SLC44A4,2,0.0,0.010750948743542942,0.0
ENSG00000204390,HSPA1L,2,0.0,0.00031660107939502404,0.0
ENSG00000204393,NOL4L-DT,2,0.0,0.008214805718041736,0.0
ENSG00000204396,VWA7,2,0.0,0.0,0.0
ENSG00000204398,ENSG00000204398,2,0.0,0.00284736027486523,0.0
ENSG00000204420,MPIG6B,2,0.0,0.0,0.0
ENSG00000204421,LY6G6C,2,0.0,0.0011082897234108583,0.0
ENSG00000204228,HSD17B8,2,0.0,0.0,0.0
ENSG00000204195,AWAT1,2,0.0,0.005501524978845309,0.0
ENSG00000204188,GGNBP1,2,0.0,0.006763340929050656,0.0
ENSG00000204091,TDRG1,2,0.0,0.0001497050497372554,0.0
ENSG00000203999,LINC01270,2,0.0,0.011939343809450217,0.0
ENSG00000204010,IFIT1B,2,0.0,0.0028280632581772027,0.0
ENSG00000204020,LIPN,2,0.0,0.0,0.0
ENSG00000204022,LIPJ,2,0.0,0.005759015322970851,0.0
ENSG00000204025,TRPC5OS,2,0.0,0.000236924003556009,0.0
ENSG00000204044,SLC12A5-AS1,2,0.0,0.012861395430327067,0.0
ENSG00000204049,ENSG00000204049,2,0.0,0.0,0.0
ENSG00000204052,LRRC73,2,0.0,0.0,0.0
ENSG00000204060,FOXO6,2,0.0,0.00252858745636712,0.0
ENSG00000204071,TCEAL6,2,0.0,0.000525954225062972,0.0
ENSG00000204086,RPA4,2,0.0,0.0,0.0
ENSG00000204099,NEU4,2,0.0,0.0,0.0
ENSG00000204179,PTPN20,2,0.0,0.0,0.0
ENSG00000204103,MAFB,2,0.0,0.0,0.0
ENSG00000204110,LINC02520,2,0.0,0.0,0.0
ENSG00000204113,BMP2KL,2,0.0,0.000768691945637978,0.0
ENSG00000204117,ENSG00000204117,2,0.0,0.0,0.0
ENSG00000204118,NAP1L6P,2,0.0,0.0008839370409702864,0.0
ENSG00000204121,ECEL1P1,2,0.0,0.0005216891369134164,0.0
ENSG00000204128,C2orf72,2,0.0,0.0,0.0
ENSG00000204136,GGTA1,2,0.0,0.005471027138209649,0.0
ENSG00000204140,CLPSL1,2,0.0,0.0034755638613586256,0.0
ENSG00000204161,TMEM273,2,0.0,0.04798294519185024,0.0
ENSG00000204172,AGAP9,2,0.0,0.0005020959810258021,0.0
ENSG00000204422,ENSG00000204422,2,0.0,0.0014051343155035956,0.0
ENSG00000204428,LY6G5C,2,0.0,0.0006331841054675236,0.0
ENSG00000204434,POTEKP,2,0.0,0.0,0.0
ENSG00000204778,ZNG1DP,2,0.0,0.0,0.0
ENSG00000204669,C9orf57,2,0.0,0.0,0.0
ENSG00000204677,FAM153CP,2,0.0,0.0028682318711432133,0.0
ENSG00000204688,OR2H1,2,0.0,0.0,0.0
ENSG00000204694,OR11A1,2,0.0,0.0,0.0
ENSG00000204695,OR14J1,2,0.0,0.0,0.0
ENSG00000204700,OR2J2,2,0.0,0.001189573891357043,0.0
ENSG00000204701,OR2J3,2,0.0,0.0,0.0
ENSG00000204745,ENSG00000204745,2,0.0,0.0,0.0
ENSG00000204754,LINC01951,2,0.0,0.0,0.0
ENSG00000204758,RPL26L1-AS1,2,0.0,0.0021788569797047447,0.0
ENSG00000204767,INSYN2B,2,0.0,0.0,0.0
ENSG00000204790,ENSG00000204790,2,0.0,0.0,0.0
ENSG00000204661,SPATA31J1,2,0.0,0.0006603274197601991,0.0
ENSG00000204791,SMPD5,2,0.0,0.04923295230711257,0.0
ENSG00000204792,LINC01291,2,0.0,0.0,0.0
ENSG00000204822,MRPL53,2,0.0,0.03627878481354892,0.0
ENSG00000204832,ST8SIA6-AS1,2,0.0,0.0,0.0
ENSG00000204839,MROH6,2,0.0,0.0035838715804769826,0.0
ENSG00000204851,PNMA8B,2,0.0,0.0018604010419325213,0.0
ENSG00000204860,FAM201A,2,0.0,0.058132887983130196,0.0
ENSG00000204866,IGFL2,2,0.0,0.00033477072271305186,0.0
ENSG00000204869,IGFL4,2,0.0,0.0024865292962142848,0.0
ENSG00000204882,GPR20,2,0.0,0.0,0.0
ENSG00000204904,LINC01545,2,0.0,0.0016531099587424028,0.0
ENSG00000204666,ZNF473CR,2,0.0,0.01609599418914228,0.0
ENSG00000204659,CBY3,2,0.0,0.0,0.0
ENSG00000204444,APOM,2,0.0,0.009984433500430134,0.0
ENSG00000204583,LRCOL1,2,0.0,0.0,0.0
ENSG00000204446,LINC02872,2,0.0,0.0,0.0
ENSG00000204464,TMEM51-AS2,2,0.0,0.0054407215858400665,0.0
ENSG00000204472,AIF1,2,0.0,0.020741049053295543,0.0
ENSG00000204482,LST1,2,0.0,0.0,0.0
ENSG00000204516,MICB,2,0.0,0.0,0.0
ENSG00000204529,GUCY2EP,2,0.0,0.0005127249338343482,0.0
ENSG00000204538,PSORS1C2,2,0.0,0.08831358073357067,0.0
ENSG00000204540,PSORS1C1,2,0.0,0.0030449907137237073,0.0
ENSG00000204571,KRTAP5-11,2,0.0,0.002808572996422744,0.0
ENSG00000204577,LILRB3,2,0.0,0.0006402995866524026,0.0
ENSG00000204581,ACOXL-AS1,2,0.0,0.0,0.0
ENSG00000204584,TAC4-AS1,2,0.0,0.0024702349294586346,0.0
ENSG00000204657,OR2H2,2,0.0,0.0019223066164188976,0.0
ENSG00000204595,DPRX,2,0.0,0.0,0.0
ENSG00000204603,LINC01257,2,0.0,0.0013180715411477751,0.0
ENSG00000204618,RNF39,2,0.0,0.0,0.0
ENSG00000204620,ENSG00000204620,2,0.0,0.0,0.0
ENSG00000204625,HCG9,2,0.0,0.0,0.0
ENSG00000204632,HLA-G,2,0.0,0.008907405273377966,0.0
ENSG00000204642,HLA-F,2,0.0,0.0,0.0
ENSG00000204644,ZFP57,2,0.0,0.0,0.0
ENSG00000204652,RPS26P8,2,0.0,0.0,0.0
ENSG00000204653,ASPDH,2,0.0,0.0,0.0
ENSG00000204655,MOG,2,0.0,0.0008566984537089096,0.0
ENSG00000203995,ZYG11A,2,0.0,0.004384423657362247,0.0
ENSG00000203972,GLYATL3,2,0.0,0.014458755289798297,0.0
ENSG00000203963,C1orf141,2,0.0,0.016010255691743948,0.0
ENSG00000198959,TGM2,2,0.0,0.0011551445696034097,0.0
ENSG00000198835,GJC2,2,0.0,0.0028937511010475093,0.0
ENSG00000198841,KTI12,2,0.0,0.0005432861244549219,0.0
ENSG00000198842,STYXL2,2,0.0,0.00031013804577358035,0.0
ENSG00000198844,ARHGEF15,2,0.0,0.002356983802067864,0.0
ENSG00000198857,HSD3BP5,2,0.0,0.0,0.0
ENSG00000198870,STKLD1,2,0.0,0.0025477940925023005,0.0
ENSG00000198881,ASB12,2,0.0,0.0030408759118487555,0.0
ENSG00000198883,PNMA5,2,0.0,0.007459993343145612,0.0
ENSG00000198885,ITPRIPL1,2,0.0,0.0,0.0
ENSG00000198889,DCAF12L1,2,0.0,0.013444585255525556,0.0
ENSG00000198892,SHISA4,2,0.0,0.0,0.0
ENSG00000199036,MIR219A1,2,0.0,0.0,0.0
ENSG00000198785,GRIN3A,2,0.0,0.0048424994345832644,0.0
ENSG00000199072,MIRLET7F1,2,0.0,0.0,0.0
ENSG00000199094,MIR30C2,2,0.0,0.0,0.0
ENSG00000199102,MIR302C,2,0.0,0.0,0.0
ENSG00000199130,MIR365A,2,0.0,0.0009312486190858483,0.0
ENSG00000199145,MIR302D,2,0.0,0.007180813823578774,0.0
ENSG00000199325,RNU4-39P,2,0.0,0.0,0.0
ENSG00000199420,RN7SKP170,2,0.0,0.0,0.0
ENSG00000199568,RNU5A-1,2,0.0,0.003978749940365028,0.0
ENSG00000199719,RN7SKP74,2,0.0,0.005653986573550422,0.0
ENSG00000199879,RNVU1-22,2,0.0,0.0,0.0
ENSG00000199883,RN7SKP90,2,0.0,0.00048074925548863187,0.0
ENSG00000198832,SELENOM,2,0.0,0.0,0.0
ENSG00000198771,RCSD1,2,0.0,0.0005758183498213749,0.0
ENSG00000200488,RN7SKP203,2,0.0,0.0,0.0
ENSG00000198618,PPIAP22,2,0.0,0.0,0.0
ENSG00000198336,MYL4,2,0.0,0.0017581688527745023,0.0
ENSG00000198354,DCAF12L2,2,0.0,0.004542801335229276,0.0
ENSG00000198400,NTRK1,2,0.0,0.0,0.0
ENSG00000198416,ZNF658B,2,0.0,0.0009009787746782157,0.0
ENSG00000198483,ANKRD35,2,0.0,0.010849900044053841,0.0
ENSG00000198515,CNGA1,2,0.0,0.0072392061630829774,0.0
ENSG00000198523,PLN,2,0.0,0.0075881617678532345,0.0
ENSG00000198542,ITGBL1,2,0.0,0.009966213950092733,0.0
ENSG00000198569,SLC34A3,2,0.0,0.0,0.0
ENSG00000198570,RD3,2,0.0,0.0,0.0
ENSG00000198576,ARC,2,0.0,4.687846786157302e-05,0.0
ENSG00000198633,ZNF534,2,0.0,0.000165241071144015,0.0
ENSG00000198765,SYCP1,2,0.0,0.003364236057674553,0.0
ENSG00000198643,FAM3D,2,0.0,0.020200316789504548,0.0
ENSG00000198670,LPA,2,0.0,0.008684654659443037,0.0
ENSG00000198680,TUSC1,2,0.0,0.0,0.0
ENSG00000198691,ABCA4,2,0.0,0.019318999802768355,0.0
ENSG00000198704,GPX6,2,0.0,0.0,0.0
ENSG00000198711,SSBP3-AS1,2,0.0,0.0013231198138680168,0.0
ENSG00000198723,SAXO5,2,0.0,0.0,0.0
ENSG00000198734,F5,2,0.0,0.0011318540113338888,0.0
ENSG00000198744,MTCO3P12,2,0.0,0.0,0.0
ENSG00000198753,PLXNB3,2,0.0,0.0,0.0
ENSG00000198759,EGFL6,2,0.0,0.007257011331061358,0.0
ENSG00000200312,RN7SKP255,2,0.0,0.0,0.0
ENSG00000200674,RN7SKP160,2,0.0,0.0,0.0
ENSG00000203942,C10orf62,2,0.0,0.0021406290952271055,0.0
ENSG00000203772,SPRN,2,0.0,0.0,0.0
ENSG00000203663,OR2L2,2,0.0,0.0,0.0
ENSG00000203684,IBA57-DT,2,0.0,0.0,0.0
ENSG00000203688,LINC02487,2,0.0,0.00036156394674198106,0.0
ENSG00000203697,CAPN8,2,0.0,4.773073119879101e-05,0.0
ENSG00000203706,SERTAD4-AS1,2,0.0,0.003736005526314996,0.0
ENSG00000203710,CR1,2,0.0,0.0003164396351975053,0.0
ENSG00000203711,LINC02901,2,0.0,0.0014661195348425755,0.0
ENSG00000203724,C1orf53,2,0.0,0.0,0.0
ENSG00000203737,GPR52,2,0.0,0.0,0.0
ENSG00000203740,NTMT2,2,0.0,0.0,0.0
ENSG00000203761,MSTO2P,2,0.0,0.0013199140659523843,0.0
ENSG00000203801,LINC00222,2,0.0,0.0,0.0
ENSG00000203635,ENSG00000203635,2,0.0,0.0035463367131666384,0.0
ENSG00000203804,ADAMTSL4-AS1,2,0.0,0.007421562302812449,0.0
ENSG00000203805,PLPP4,2,0.0,0.0018761679470297235,0.0
ENSG00000203808,POPDC1-AS1,2,0.0,0.0,0.0
ENSG00000203875,SNHG5,2,0.0,0.0,0.0
ENSG00000203877,RIPPLY2,2,0.0,0.002349295495876792,0.0
ENSG00000203896,LIME1,2,0.0,0.002587201188313495,0.0
ENSG00000203900,ENSG00000203900,2,0.0,0.0,0.0
ENSG00000203907,OOEP,2,0.0,0.006385405119059296,0.0
ENSG00000203908,KHDC3L,2,0.0,0.0,0.0
ENSG00000203910,C1orf146,2,0.0,0.0,0.0
ENSG00000203914,HSP90B3P,2,0.0,0.01065498798382256,0.0
ENSG00000203645,LINC00501,2,0.0,0.0012318059430074112,0.0
ENSG00000203618,GP1BB,2,0.0,0.0,0.0
ENSG00000200818,RNU6-1204P,2,0.0,0.0,0.0
ENSG00000203307,FAM78B-AS1,2,0.0,0.0,0.0
ENSG00000201035,RNA5SP469,2,0.0,0.008857439499636865,0.0
ENSG00000201364,RN7SKP37,2,0.0,0.0010657809821740926,0.0
ENSG00000201674,U3,2,0.0,0.0,0.0
ENSG00000201782,RN7SKP226,2,0.0,0.0,0.0
ENSG00000201812,RNA5SP488,2,0.0,0.00013914780337423443,0.0
ENSG00000202343,ENSG00000202343,2,0.0,0.0,0.0
ENSG00000202374,SNORA62,2,0.0,0.001336704779156735,0.0
ENSG00000202512,RN7SKP230,2,0.0,0.1110687893319733,0.0
ENSG00000203258,ENSG00000203258,2,0.0,0.00806956813542288,0.0
ENSG00000203280,KIAA1671-AS1,2,0.0,0.00026314471422226313,0.0
ENSG00000203288,TDRKH-AS1,2,0.0,0.00118735087253961,0.0
ENSG00000203334,ENSG00000203334,2,0.0,0.0023515382493101067,0.0
ENSG00000203588,IGBP1-AS1,2,0.0,0.0,0.0
ENSG00000203356,LINC01562,2,0.0,0.0012990409383457856,0.0
ENSG00000203362,POLH-AS1,2,0.0,0.000636839717068391,0.0
ENSG00000203392,ENSG00000203392,2,0.0,0.0,0.0
ENSG00000203441,ENSG00000203441,2,0.0,2.9105036342057215e-05,0.0
ENSG00000203446,SUGCT-AS1,2,0.0,0.0,0.0
ENSG00000203469,ENSG00000203469,2,0.0,0.0,0.0
ENSG00000203472,ENSG00000203472,2,0.0,0.0011605078888700091,0.0
ENSG00000203497,PDCD4-AS1,2,0.0,0.0,0.0
ENSG00000203506,RBMS3-AS2,2,0.0,0.006192768121738568,0.0
ENSG00000203527,SCUBE1-AS1,2,0.0,0.005222433438997749,0.0
ENSG00000203585,LINC02408,2,0.0,0.0,0.0
ENSG00000204909,SPINK9,2,0.0,0.001088571803034222,0.0
ENSG00000204928,GRXCR2,2,0.0,0.006304947265897657,0.0
ENSG00000213888,LINC01521,2,0.0,0.0,0.0
ENSG00000204930,FAM221B,2,0.0,0.038772889967214876,0.0
ENSG00000212961,HNRNPA1P40,2,0.0,0.0004947781826628687,0.0
ENSG00000213013,RPS15AP36,2,0.0,0.0010922078905163184,0.0
ENSG00000213018,PABPN1P1,2,0.0,0.0,0.0
ENSG00000213023,SYT3,2,0.0,0.0,0.0
ENSG00000213041,RPL17P8,2,0.0,0.0,0.0
ENSG00000213046,EEF1A1P32,2,0.0,0.000814019848952967,0.0
ENSG00000213049,HNRNPA1P34,2,0.0,0.001785132393565359,0.0
ENSG00000213050,TPM3P1,2,0.0,0.0,0.0
ENSG00000213055,EEF1B2P7,2,0.0,0.00610040211963761,0.0
ENSG00000213057,C1orf220,2,0.0,0.003833449297452185,0.0
ENSG00000213061,PFN1P11,2,0.0,0.0,0.0
ENSG00000213076,ENSG00000213076,2,0.0,0.0,0.0
ENSG00000213080,ENSG00000213080,2,0.0,0.0,0.0
ENSG00000213104,NPM1P46,2,0.0,0.005824459293218266,0.0
ENSG00000213120,LIN28AP1,2,0.0,0.005403332722827634,0.0
ENSG00000213121,ENSG00000213121,2,0.0,0.007276986920161862,0.0
ENSG00000213131,YWHAZP4,2,0.0,0.0112899116307894,0.0
ENSG00000213145,CRIP1,2,0.0,0.004088297564890887,0.0
ENSG00000213185,FAM24B,2,0.0,0.0048591765874325624,0.0
ENSG00000213188,YBX1P4,2,0.0,0.0,0.0
ENSG00000213199,ASIC3,2,0.0,0.00017311756127799807,0.0
ENSG00000213212,NCLP1,2,0.0,0.13981969734479183,0.0
ENSG00000213214,ARHGEF35,2,0.0,0.0,0.0
ENSG00000213215,OR2F1,2,0.0,0.0,0.0
ENSG00000213221,DNLZ,2,0.0,0.0,0.0
ENSG00000212864,RNF208,2,0.0,0.0010158058411789401,0.0
ENSG00000212807,OR2A42,2,0.0,0.0,0.0
ENSG00000212789,ST13P5,2,0.0,0.02657116504781175,0.0
ENSG00000212122,TSSK1B,2,0.0,0.004200969856940417,0.0
ENSG00000210174,MT-TR,2,0.0,0.0,0.0
ENSG00000210176,MT-TH,2,0.0,0.0011933084241380234,0.0
ENSG00000210184,MT-TS2,2,0.0,0.0,0.0
ENSG00000210191,MT-TL2,2,0.0,0.0013118718903366586,0.0
ENSG00000210196,MT-TP,2,0.0,0.0,0.0
ENSG00000211451,GNRHR2,2,0.0,0.0,0.0
ENSG00000211452,DIO1,2,0.0,0.11956329154888252,0.0
ENSG00000211454,AKR7L,2,0.0,0.0007509050492948205,0.0
ENSG00000211683,ENSG00000211683,2,0.0,0.0,0.0
ENSG00000211772,TRBC2,2,0.0,0.0014548891994174082,0.0
ENSG00000211786,TRAV8-2,2,0.0,0.0,0.0
ENSG00000212123,PRR22,2,0.0,0.0,0.0
ENSG00000212769,HMGN2P8,2,0.0,0.0,0.0
ENSG00000212124,TAS2R19,2,0.0,0.008321440940619025,0.0
ENSG00000212126,TAS2R50,2,0.0,0.0,0.0
ENSG00000212128,TAS2R13,2,0.0,0.0,0.0
ENSG00000212136,RNU6-696P,2,0.0,0.0,0.0
ENSG00000212581,U8,2,0.0,0.0,0.0
ENSG00000212588,SNORA26,2,0.0,0.0,0.0
ENSG00000212663,ENSG00000212663,2,0.0,0.0,0.0
ENSG00000212694,LINC01089,2,0.0,0.039447462839924154,0.0
ENSG00000212743,LINC02656,2,0.0,0.0006451588899975788,0.0
ENSG00000212747,RTL8B,2,0.0,0.0,0.0
ENSG00000212766,EWSAT1,2,0.0,0.004406038527231773,0.0
ENSG00000213222,TOMM40P4,2,0.0,0.0,0.0
ENSG00000213228,RPL12P38,2,0.0,0.002519030379523192,0.0
ENSG00000213231,TCL1B,2,0.0,0.0,0.0
ENSG00000213740,SERBP1P1,2,0.0,0.0,0.0
ENSG00000213612,FAM220CP,2,0.0,0.0024980586642339543,0.0
ENSG00000213638,ADAT3,2,0.0,0.0,0.0
ENSG00000213654,GPSM3,2,0.0,0.009237723972328844,0.0
ENSG00000213658,LAT,2,0.0,0.0006431062684062106,0.0
ENSG00000213669,RPL21P86,2,0.0,0.0037230990215528954,0.0
ENSG00000213684,LDHBP2,2,0.0,0.0,0.0
ENSG00000213700,RPL17P50,2,0.0,0.0025388191152282942,0.0
ENSG00000213706,RHOG2P,2,0.0,0.007695274832672286,0.0
ENSG00000213707,HMGB1P10,2,0.0,0.0014432082655666566,0.0
ENSG00000213713,PIGCP1,2,0.0,0.00032453059107198976,0.0
ENSG00000213714,FAM209B,2,0.0,0.0016914889601386946,0.0
ENSG00000213757,RPS3AP20,2,0.0,0.0,0.0
ENSG00000213590,ENSG00000213590,2,0.0,0.003806702521884234,0.0
ENSG00000213760,ATP6V1G2,2,0.0,0.0,0.0
ENSG00000213763,ACTBP2,2,0.0,0.0037390402830199676,0.0
ENSG00000213777,ENSG00000213777,2,0.0,0.004739621672677546,0.0
ENSG00000213779,RPL29P21,2,0.0,0.017910358078313513,0.0
ENSG00000213782,DDX47,2,0.0,0.0,0.0
ENSG00000213790,OLA1P1,2,0.0,0.000997732078822485,0.0
ENSG00000213801,ZNF321P,2,0.0,0.004283989454079884,0.0
ENSG00000213809,KLRK1,2,0.0,0.00038616518232745955,0.0
ENSG00000213839,TMX2P1,2,0.0,0.07316602722588479,0.0
ENSG00000213866,YBX1P10,2,0.0,0.0011355362667503385,0.0
ENSG00000213885,RPL13AP7,2,0.0,0.012990004054027447,0.0
ENSG00000213592,PPIAP42,2,0.0,0.00022279354970606254,0.0
ENSG00000213569,GTF3C6P2,2,0.0,0.01636393459757441,0.0
ENSG00000213235,EEF1A1P16,2,0.0,0.0,0.0
ENSG00000213397,HAUS7,2,0.0,0.0010264717578570633,0.0
ENSG00000213236,YWHAZP2,2,0.0,0.00022664783544200967,0.0
ENSG00000213253,RPL12P42,2,0.0,0.0,0.0
ENSG00000213265,TSGA13,2,0.0,0.005961770849414497,0.0
ENSG00000213280,ENSG00000213280,2,0.0,0.11404682034811522,0.0
ENSG00000213297,ZNF625-ZNF20,2,0.0,0.004520016652025849,0.0
ENSG00000213300,HNRNPA3P6,2,0.0,0.00613307476841234,0.0
ENSG00000213309,RPL9P18,2,0.0,0.0,0.0
ENSG00000213316,LTC4S,2,0.0,0.0,0.0
ENSG00000213368,ST13P11,2,0.0,0.001130776089575354,0.0
ENSG00000213371,NAP1L1P3,2,0.0,0.000741139427934791,0.0
ENSG00000213373,LINC00671,2,0.0,0.002376760190868664,0.0
ENSG00000213398,LCAT,2,0.0,0.0017512277121946725,0.0
ENSG00000213553,RPLP0P6,2,0.0,0.003699131442253049,0.0
ENSG00000213409,C1QBPP2,2,0.0,0.020148945525934832,0.0
ENSG00000213413,PVRIG,2,0.0,0.0,0.0
ENSG00000213424,KRT222,2,0.0,0.002246731011688012,0.0
ENSG00000213430,HSPD1P1,2,0.0,0.0,0.0
ENSG00000213440,H2AZP1,2,0.0,0.0,0.0
ENSG00000213462,ERV3-1,2,0.0,0.00225760174606998,0.0
ENSG00000213471,TTLL13,2,0.0,0.015580889264034135,0.0
ENSG00000213492,NT5C3AP1,2,0.0,0.0,0.0
ENSG00000213509,PPIAP16,2,0.0,0.0029862587043448102,0.0
ENSG00000213513,IMPDH1P5,2,0.0,0.0,0.0
ENSG00000213539,YBX1P6,2,0.0,0.006334130731546175,0.0
ENSG00000210164,MT-TG,2,0.0,0.0,0.0
ENSG00000210144,MT-TY,2,0.0,0.02185236256114075,0.0
ENSG00000210140,MT-TC,2,0.0,0.0006168902060621909,0.0
ENSG00000205301,MGAT4D,2,0.0,0.0,0.0
ENSG00000205143,ARID3C,2,0.0,0.0,0.0
ENSG00000205177,C11orf91,2,0.0,0.0,0.0
ENSG00000205181,LINC00654,2,0.0,0.0006630255825718179,0.0
ENSG00000205212,CCDC144NL,2,0.0,0.0008153713983559291,0.0
ENSG00000205220,PSMB10,2,0.0,0.0,0.0
ENSG00000205221,VIT,2,0.0,0.0004175104317747773,0.0
ENSG00000205231,TTLL10-AS1,2,0.0,0.0,0.0
ENSG00000205236,ENSG00000205236,2,0.0,0.0,0.0
ENSG00000205238,SPDYE2,2,0.0,0.0,0.0
ENSG00000205277,MUC12,2,0.0,0.0,0.0
ENSG00000205293,LINC01602,2,0.0,0.0,0.0
ENSG00000205307,SAP25,2,0.0,0.004710684696978548,0.0
ENSG00000205116,TMEM88B,2,0.0,0.00024260416861287453,0.0
ENSG00000205318,GCNT2P1,2,0.0,0.007701349287082278,0.0
ENSG00000205325,ENSG00000205325,2,0.0,0.0,0.0
ENSG00000205334,LINC01460,2,0.0,0.0,0.0
ENSG00000205363,INSYN1,2,0.0,0.0,0.0
ENSG00000205403,CFI,2,0.0,0.0,0.0
ENSG00000205412,HNRNPA1P20,2,0.0,0.01028190646908584,0.0
ENSG00000205413,SAMD9,2,0.0,0.0,0.0
ENSG00000205414,NKD1-AS1,2,0.0,5.145675911388591e-05,0.0
ENSG00000205424,PCBP3-AS1,2,0.0,0.00014344651522777083,0.0
ENSG00000205482,SPDYE18,2,0.0,0.00048404019166395595,0.0
ENSG00000205500,MAPRE3-AS1,2,0.0,0.05486937998225565,0.0
ENSG00000205138,SDHAF1,2,0.0,0.0,0.0
ENSG00000205111,CDKL4,2,0.0,0.0,0.0
ENSG00000205562,FLRT2-AS1,2,0.0,0.005002339979767728,0.0
ENSG00000204979,MS4A13,2,0.0,0.0006378936114862649,0.0
ENSG00000204934,ATP6V0E2-AS1,2,0.0,0.0,0.0
ENSG00000204936,CD177,2,0.0,0.0,0.0
ENSG00000204950,LRRC10B,2,0.0,0.0,0.0
ENSG00000204952,FBXO47,2,0.0,0.0,0.0
ENSG00000204956,PCDHGA1,2,0.0,0.0,0.0
ENSG00000204959,ARHGEF34P,2,0.0,0.0009744019732128849,0.0
ENSG00000204962,PCDHA8,2,0.0,0.001169449426990102,0.0
ENSG00000204963,PCDHA7,2,0.0,0.0,0.0
ENSG00000204969,PCDHA2,2,0.0,0.008600539014893932,0.0
ENSG00000204970,PCDHA1,2,0.0,0.0,0.0
ENSG00000204971,ENSG00000204971,2,0.0,0.0,0.0
ENSG00000205002,AARD,2,0.0,0.00046449005890891813,0.0
ENSG00000205100,HSP90AA4P,2,0.0,0.0,0.0
ENSG00000205035,GRM5P1,2,0.0,0.004901839039181331,0.0
ENSG00000205037,ENSG00000205037,2,0.0,0.0,0.0
ENSG00000205038,PKHD1L1,2,0.0,0.010503224460743282,0.0
ENSG00000205045,SLFN12L,2,0.0,0.006582650515083792,0.0
ENSG00000205054,LINC01121,2,0.0,0.0033173334213541465,0.0
ENSG00000205056,LINC02397,2,0.0,0.0,0.0
ENSG00000205078,SYCE1L,2,0.0,0.02285196922685514,0.0
ENSG00000205085,GARIN1A,2,0.0,0.0,0.0
ENSG00000205086,LINC02898,2,0.0,0.0,0.0
ENSG00000205089,CCNI2,2,0.0,0.0,0.0
ENSG00000205090,TMEM240,2,0.0,0.0009108574069212423,0.0
ENSG00000205549,LINC03041,2,0.0,0.006930431847399702,0.0
ENSG00000205571,SMN2,2,0.0,0.0,0.0
ENSG00000210112,MT-TM,2,0.0,0.0,0.0
ENSG00000206262,FOXL2NB,2,0.0,0.0,0.0
ENSG00000205918,PDPK2P,2,0.0,0.004284501383350166,0.0
ENSG00000205922,ONECUT3,2,0.0,0.0,0.0
ENSG00000205927,OLIG2,2,0.0,0.0010855691314253864,0.0
ENSG00000205940,HSP90AB2P,2,0.0,0.0006485396084514597,0.0
ENSG00000205976,ENSG00000205976,2,0.0,0.00125691797257894,0.0
ENSG00000206069,LHFPL7,2,0.0,0.0008173813158898508,0.0
ENSG00000206073,SERPINB4,2,0.0,0.0,0.0
ENSG00000206113,CFAP99,2,0.0,0.007924765101194872,0.0
ENSG00000206129,ENSG00000206129,2,0.0,0.0,0.0
ENSG00000206140,TMEM191C,2,0.0,0.0,0.0
ENSG00000206187,LINC02346,2,0.0,0.0,0.0
ENSG00000206337,HCP5,2,0.0,0.0001593377984242261,0.0
ENSG00000205882,DEFB134,2,0.0,0.005064294857242633,0.0
ENSG00000206341,HLA-H,2,0.0,0.0013472519617770756,0.0
ENSG00000206344,HCG27,2,0.0,0.006685531833194652,0.0
ENSG00000206384,COL6A6,2,0.0,0.0,0.0
ENSG00000206531,CD200R1L,2,0.0,0.0,0.0
ENSG00000206882,RNA5SP87,2,0.0,0.0,0.0
ENSG00000207088,SNORA7B,2,0.0,0.0,0.0
ENSG00000207200,RNU6-45P,2,0.0,0.0,0.0
ENSG00000207205,RNVU1-15,2,0.0,0.0,0.0
ENSG00000207955,MIR219A2HG,2,0.0,0.0,0.0
ENSG00000210049,MT-TF,2,0.0,6.46816740848023e-05,0.0
ENSG00000210077,MT-TV,2,0.0,0.0,0.0
ENSG00000205890,ENSG00000205890,2,0.0,0.0007524078399473976,0.0
ENSG00000205861,PCOTH,2,0.0,0.026121189235070317,0.0
ENSG00000205572,SERF1B,2,0.0,0.0017086391390000824,0.0
ENSG00000205702,CYP2D7,2,0.0,0.0,0.0
ENSG00000205578,POM121B,2,0.0,0.0002821391374355042,0.0
ENSG00000205583,STAG3L1,2,0.0,0.0024240912385124895,0.0
ENSG00000205609,EIF3CL,2,0.0,0.0,0.0
ENSG00000205611,LINC01597,2,0.0,0.008353221413380208,0.0
ENSG00000205622,ETS2-AS1,2,0.0,0.00022561061534655608,0.0
ENSG00000205628,LINC01446,2,0.0,0.0,0.0
ENSG00000205667,ARSH,2,0.0,0.0,0.0
ENSG00000205669,ACOT6,2,0.0,0.018165305442367746,0.0
ENSG00000205682,ENSG00000205682,2,0.0,0.0010574594698818454,0.0
ENSG00000205693,MANSC4,2,0.0,0.0,0.0
ENSG00000205696,ADARB2-AS1,2,0.0,0.0,0.0
ENSG00000205704,SMIM45,2,0.0,0.0,0.0
ENSG00000205853,RFPL3S,2,0.0,0.0,0.0
ENSG00000205710,C17orf107,2,0.0,0.0010732652493896345,0.0
ENSG00000205744,DENND1C,2,0.0,0.011597082943228516,0.0
ENSG00000205746,PKD1P4,2,0.0,0.0,0.0
ENSG00000205784,ARRDC5,2,0.0,0.0021924855769169626,0.0
ENSG00000205790,DPP9-AS1,2,0.0,0.004991077442440191,0.0
ENSG00000205791,LOH12CR2,2,0.0,0.0,0.0
ENSG00000205794,ENSG00000205794,2,0.0,0.00010748048962975873,0.0
ENSG00000205795,CYS1,2,0.0,0.004345314597319686,0.0
ENSG00000205832,C16orf96,2,0.0,0.0,0.0
ENSG00000205837,LINC00487,2,0.0,0.0005229286475659262,0.0
ENSG00000205846,CLEC6A,2,0.0,0.0,0.0
ENSG00000224328,MDC1-AS1,2,0.0,0.0,0.0
ENSG00000224342,ENSG00000224342,2,0.0,1.0400459538985009e-05,0.0
ENSG00000229591,ENSG00000229591,2,0.0,0.0011955701992833068,0.0
ENSG00000228261,ITPRIP-AS1,2,0.0,2.848382862135098e-05,0.0
ENSG00000227719,ENSG00000227719,2,0.0,0.000195612101952453,0.0
ENSG00000227725,POLR2MP1,2,0.0,0.0,0.0
ENSG00000227741,PEA15-AS1,2,0.0,0.0,0.0
ENSG00000227742,CALR4P,2,0.0,0.0012500281830989859,0.0
ENSG00000227743,ENSG00000227743,2,0.0,0.02884562101185532,0.0
ENSG00000227745,ENSG00000227745,2,0.0,0.0,0.0
ENSG00000227751,RCC2-AS1,2,0.0,0.0,0.0
ENSG00000227755,ENSG00000227755,2,0.0,0.009328790406476098,0.0
ENSG00000227757,ENSG00000227757,2,0.0,0.040116306466078694,0.0
ENSG00000227766,ENSG00000227766,2,0.0,0.0,0.0
ENSG00000227777,RPL7AP19,2,0.0,0.0,0.0
ENSG00000227790,SPECC1P1,2,0.0,0.0,0.0
ENSG00000227799,CDPF1P1,2,0.0,0.00827895508813947,0.0
ENSG00000227811,INKA2-AS1,2,0.0,0.00495388242803627,0.0
ENSG00000227815,ENSG00000227815,2,0.0,0.07546113321116328,0.0
ENSG00000227825,SLC9A7P1,2,0.0,0.0009641368332342203,0.0
ENSG00000227827,PKD1P2,2,0.0,0.0,0.0
ENSG00000227835,CARM1P1,2,0.0,0.0,0.0
ENSG00000227857,ENSG00000227857,2,0.0,0.0,0.0
ENSG00000227868,TEX46,2,0.0,0.0,0.0
ENSG00000227877,MRLN,2,0.0,0.00022655957371280086,0.0
ENSG00000227879,PSPC1P1,2,0.0,0.012691801821303675,0.0
ENSG00000227896,WAPL-DT,2,0.0,0.0,0.0
ENSG00000227907,ENSG00000227907,2,0.0,0.0,0.0
ENSG00000227914,KANK1-AS1,2,0.0,0.0,0.0
ENSG00000227713,ENSG00000227713,2,0.0,0.02862795326239643,0.0
ENSG00000227708,LINC01850,2,0.0,0.008436855401541758,0.0
ENSG00000227705,ENSG00000227705,2,0.0,0.0005860672548739477,0.0
ENSG00000227610,FRMPD3-AS1,2,0.0,0.0037154177958010734,0.0
ENSG00000227528,DIAPH3-AS1,2,0.0,0.00027415516484647896,0.0
ENSG00000227531,ENSG00000227531,2,0.0,0.0031919063161358094,0.0
ENSG00000227536,SOCS5P4,2,0.0,0.017394139669606172,0.0
ENSG00000227540,ENSG00000227540,2,0.0,0.0,0.0
ENSG00000227542,MYO1B-AS1,2,0.0,0.0,0.0
ENSG00000227544,LINC03013,2,0.0,0.0031481197449256793,0.0
ENSG00000227579,ENSG00000227579,2,0.0,0.005363439056266389,0.0
ENSG00000227582,ADGRF5P1,2,0.0,0.0,0.0
ENSG00000227588,CNTN4-AS2,2,0.0,0.0,0.0
ENSG00000227589,TP73-AS3,2,0.0,0.002180896545538104,0.0
ENSG00000227591,HSD11B1-AS1,2,0.0,0.0,0.0
ENSG00000227615,ENSG00000227615,2,0.0,0.0,0.0
ENSG00000227695,DNMBP-AS1,2,0.0,0.0,0.0
ENSG00000227616,ENSG00000227616,2,0.0,0.00905580167336559,0.0
ENSG00000227617,CERS6-AS1,2,0.0,0.004752444580541897,0.0
ENSG00000227630,LINC01132,2,0.0,0.0005774365412071727,0.0
ENSG00000227638,HNRNPA1P14,2,0.0,0.007230568267762928,0.0
ENSG00000227646,STEAP2-AS1,2,0.0,0.07221055094113914,0.0
ENSG00000227659,CLYBL-AS2,2,0.0,0.004563608035469999,0.0
ENSG00000227660,UST-AS1,2,0.0,0.0,0.0
ENSG00000227674,LINC00355,2,0.0,0.0,0.0
ENSG00000227676,LINC01068,2,0.0,0.002183336196001802,0.0
ENSG00000227678,ENSG00000227678,2,0.0,0.0,0.0
ENSG00000227688,HNRNPA3P2,2,0.0,0.00146568882812155,0.0
ENSG00000227929,SRGAP3-AS3,2,0.0,0.0,0.0
ENSG00000227939,RPL3P2,2,0.0,0.0018804314331950754,0.0
ENSG00000227946,INO80D-AS1,2,0.0,0.002478138649527365,0.0
ENSG00000228203,GRASLND,2,0.0,0.0008761366877744005,0.0
ENSG00000228141,ENSG00000228141,2,0.0,0.0053011443929847305,0.0
ENSG00000228142,ENSG00000228142,2,0.0,0.0,0.0
ENSG00000228144,ENSG00000228144,2,0.0,0.008424683110218397,0.0
ENSG00000228146,CASP16P,2,0.0,0.0,0.0
ENSG00000228156,ENSG00000228156,2,0.0,0.0019764722792491563,0.0
ENSG00000228162,ENSG00000228162,2,0.0,0.0,0.0
ENSG00000228170,ENSG00000228170,2,0.0,0.001605208623563344,0.0
ENSG00000228172,ENSG00000228172,2,0.0,0.0029803892464381207,0.0
ENSG00000228175,GEMIN8P4,2,0.0,0.0,0.0
ENSG00000228192,ZNF691-DT,2,0.0,0.0,0.0
ENSG00000228201,ENSG00000228201,2,0.0,0.0,0.0
ENSG00000228205,RPS3P3,2,0.0,0.0,0.0
ENSG00000228137,ENSG00000228137,2,0.0,0.0,0.0
ENSG00000228208,LINC02869,2,0.0,0.0,0.0
ENSG00000228212,OFD1P17,2,0.0,2.2773055071385583e-05,0.0
ENSG00000228213,NLGN1-AS1,2,0.0,0.0005253570964810703,0.0
ENSG00000228215,LINC02770,2,0.0,0.0,0.0
ENSG00000228221,LINC00578,2,0.0,0.007453606448999744,0.0
ENSG00000228224,NACA4P,2,0.0,0.0,0.0
ENSG00000228232,GAPDHP1,2,0.0,0.01043593777195206,0.0
ENSG00000228237,EFCAB14-AS1,2,0.0,0.0,0.0
ENSG00000228241,MOB1AP1,2,0.0,0.002463762882171458,0.0
ENSG00000228242,XPC-AS1,2,0.0,0.0004420274950759696,0.0
ENSG00000228251,ENSG00000228251,2,0.0,0.0,0.0
ENSG00000228140,EFHD2-AS1,2,0.0,0.019853639813114922,0.0
ENSG00000228135,ENSG00000228135,2,0.0,0.002721478282522563,0.0
ENSG00000227954,TARID,2,0.0,0.0,0.0
ENSG00000228048,ENSG00000228048,2,0.0,0.004689432998771587,0.0
ENSG00000227959,EPHA2-AS1,2,0.0,0.0036770065393968627,0.0
ENSG00000227964,LINC01429,2,0.0,0.0,0.0
ENSG00000227992,ENSG00000227992,2,0.0,0.0013349901933664948,0.0
ENSG00000228002,DHX9P1,2,0.0,0.0012326856661993254,0.0
ENSG00000228008,ENSG00000228008,2,0.0,0.0,0.0
ENSG00000228016,RAPGEF4-AS1,2,0.0,0.0,0.0
ENSG00000228022,HCG20,2,0.0,9.604085013892486e-05,0.0
ENSG00000228031,ENSG00000228031,2,0.0,0.0026749749101721695,0.0
ENSG00000228033,ENSG00000228033,2,0.0,3.322809761409686e-05,0.0
ENSG00000228035,NGF-AS1,2,0.0,0.0,0.0
ENSG00000228044,ENSG00000228044,2,0.0,0.0028338224780476884,0.0
ENSG00000228057,SEC63P1,2,0.0,0.0017346244662083917,0.0
ENSG00000228127,LINC01649,2,0.0,0.0002471405988510338,0.0
ENSG00000228060,PABPC4-AS1,2,0.0,0.0,0.0
ENSG00000228076,ENSG00000228076,2,0.0,0.0,0.0
ENSG00000228079,ENSG00000228079,2,0.0,0.0030781960939667836,0.0
ENSG00000228084,ENSG00000228084,2,0.0,0.002405653834959673,0.0
ENSG00000228086,ENSG00000228086,2,0.0,0.0,0.0
ENSG00000228089,PNKDP1,2,0.0,0.0871848464602882,0.0
ENSG00000228108,SPTBN1-AS1,2,0.0,0.0,0.0
ENSG00000228109,MELTF-AS1,2,0.0,0.000491354024107838,0.0
ENSG00000228113,ENSG00000228113,2,0.0,0.0,0.0
ENSG00000228124,MDN1-AS1,2,0.0,0.0018461117893361714,0.0
ENSG00000228126,FALEC,2,0.0,0.01124319827386632,0.0
ENSG00000227516,ENSG00000227516,2,0.0,0.0,0.0
ENSG00000227512,ENSG00000227512,2,0.0,0.0033873966136420243,0.0
ENSG00000227496,ENSG00000227496,2,0.0,0.136714327334293,0.0
ENSG00000227113,ENSG00000227113,2,0.0,0.012246665144742904,0.0
ENSG00000227038,GTF2IP7,2,0.0,0.0005839774120527562,0.0
ENSG00000227042,ENSG00000227042,2,0.0,0.0,0.0
ENSG00000227045,ENSG00000227045,2,0.0,0.0025946359081287533,0.0
ENSG00000227050,ENSG00000227050,2,0.0,0.008519102345627255,0.0
ENSG00000227053,MUC12-AS1,2,0.0,0.0,0.0
ENSG00000227060,LINC00629,2,0.0,0.0006321535582485193,0.0
ENSG00000227068,ENSG00000227068,2,0.0,0.0017641430143679009,0.0
ENSG00000227070,EPS15-AS1,2,0.0,0.0,0.0
ENSG00000227078,LINC02094,2,0.0,2.266619923275865e-05,0.0
ENSG00000227081,RPS27P3,2,0.0,0.0,0.0
ENSG00000227107,ENSG00000227107,2,0.0,0.0024417689745312573,0.0
ENSG00000227117,HORMAD2-AS1,2,0.0,0.0,0.0
ENSG00000227016,LINC02796,2,0.0,0.002106281299243147,0.0
ENSG00000227121,LINC02672,2,0.0,0.0023914009933941557,0.0
ENSG00000227155,DOCK8-AS2,2,0.0,0.006897536422121561,0.0
ENSG00000227160,THEM7P,2,0.0,0.041337277332241094,0.0
ENSG00000227161,ENSG00000227161,2,0.0,0.0,0.0
ENSG00000227166,STSP1,2,0.0,0.03728714081332161,0.0
ENSG00000227172,YAE1-DT,2,0.0,1.0678715125565778e-05,0.0
ENSG00000227175,BEND7-DT,2,0.0,0.025383047255171116,0.0
ENSG00000227189,ENSG00000227189,2,0.0,0.0,0.0
ENSG00000227192,ENSG00000227192,2,0.0,0.004766898566761829,0.0
ENSG00000227193,ENSG00000227193,2,0.0,0.0,0.0
ENSG00000227195,MIR663AHG,2,0.0,0.00394124411516283,0.0
ENSG00000227033,ENSG00000227033,2,0.0,0.02844629845716681,0.0
ENSG00000227012,LINC02527,2,0.0,0.0,0.0
ENSG00000227198,C6orf47-AS1,2,0.0,0.0,0.0
ENSG00000226942,IL9RP3,2,0.0,0.00029676331132804924,0.0
ENSG00000226886,ENSG00000226886,2,0.0,0.00118497499977663,0.0
ENSG00000226889,ATF6-DT,2,0.0,0.0027824071489774976,0.0
ENSG00000226899,ENSG00000226899,2,0.0,0.038061983054278346,0.0
ENSG00000226900,ENSG00000226900,2,0.0,0.0,0.0
ENSG00000226903,LINC00354,2,0.0,0.0,0.0
ENSG00000226913,BSN-DT,2,0.0,0.0014371224524705414,0.0
ENSG00000226917,LINC01276,2,0.0,0.0,0.0
ENSG00000226919,ENSG00000226919,2,0.0,0.0018733737989428375,0.0
ENSG00000226926,PDZPH1P,2,0.0,0.0012447940540744066,0.0
ENSG00000226928,RPS14P4,2,0.0,0.0,0.0
ENSG00000226937,CEP164P1,2,0.0,0.0,0.0
ENSG00000226948,RPS4XP2,2,0.0,0.0005360727550395747,0.0
ENSG00000227008,RPS24P19,2,0.0,0.0,0.0
ENSG00000226953,NCKAP5-AS2,2,0.0,0.006253329793751011,0.0
ENSG00000226957,ENSG00000226957,2,0.0,0.00031687370306281284,0.0
ENSG00000226976,COX6A1P2,2,0.0,0.00019967049442049168,0.0
ENSG00000226981,ABHD17AP6,2,0.0,0.0,0.0
ENSG00000226982,CENPCP1,2,0.0,0.017414715328478107,0.0
ENSG00000226983,LINC01692,2,0.0,0.0015534249108871392,0.0
ENSG00000226985,LINC01203,2,0.0,0.007858608743357655,0.0
ENSG00000226987,ENSG00000226987,2,0.0,0.0,0.0
ENSG00000226994,ENSG00000226994,2,0.0,0.001425397097798534,0.0
ENSG00000226995,LINC00658,2,0.0,0.004123422526255425,0.0
ENSG00000227006,ENSG00000227006,2,0.0,0.0,0.0
ENSG00000227197,ENSG00000227197,2,0.0,0.005192768983221998,0.0
ENSG00000227199,ST7-AS1,2,0.0,0.0005499293445351727,0.0
ENSG00000227492,CHUK-DT,2,0.0,0.012328751160882816,0.0
ENSG00000227409,ZMYM4-AS1,2,0.0,0.0021555472415753195,0.0
ENSG00000227356,GOLGA7B-DT,2,0.0,0.002765924578220555,0.0
ENSG00000227359,LINC02936,2,0.0,0.0,0.0
ENSG00000227365,ENSG00000227365,2,0.0,0.000503616472557731,0.0
ENSG00000227368,CDK8P2,2,0.0,0.004780666857436223,0.0
ENSG00000227370,ENSG00000227370,2,0.0,0.0,0.0
ENSG00000227373,RABGAP1L-DT,2,0.0,0.0,0.0
ENSG00000227375,DLG1-AS1,2,0.0,0.007905420920180898,0.0
ENSG00000227392,HPN-AS1,2,0.0,0.0,0.0
ENSG00000227394,RPL11P1,2,0.0,0.0009980086803234567,0.0
ENSG00000227403,LINC01806,2,0.0,0.0,0.0
ENSG00000227407,ENSG00000227407,2,0.0,0.0,0.0
ENSG00000227417,ENSG00000227417,2,0.0,0.0003992470518511177,0.0
ENSG00000227344,HAUS6P1,2,0.0,0.0,0.0
ENSG00000227431,CSE1L-DT,2,0.0,0.0,0.0
ENSG00000227432,ASIC4-AS1,2,0.0,0.019506536709017978,0.0
ENSG00000227438,COL6A2-DT,2,0.0,0.0,0.0
ENSG00000227447,XGY1,2,0.0,0.0,0.0
ENSG00000227463,ENSG00000227463,2,0.0,0.0,0.0
ENSG00000227466,PDE4B-AS1,2,0.0,0.0,0.0
ENSG00000227471,AKR1B15,2,0.0,0.003505812365683121,0.0
ENSG00000227479,ENSG00000227479,2,0.0,0.005299053035298983,0.0
ENSG00000227480,CCDC148-AS1,2,0.0,0.0,0.0
ENSG00000227482,ENSG00000227482,2,0.0,0.00141335636752603,0.0
ENSG00000227487,NCAM1-AS1,2,0.0,0.004117524347939184,0.0
ENSG00000227347,HNRNPKP2,2,0.0,0.002944563700443017,0.0
ENSG00000227337,RPL23AP43,2,0.0,0.003844743525773735,0.0
ENSG00000227206,ENSG00000227206,2,0.0,0.0010220587808356877,0.0
ENSG00000227253,ENSG00000227253,2,0.0,0.0008592896692565991,0.0
ENSG00000227210,WDR35-DT,2,0.0,0.0,0.0
ENSG00000227213,SPATA13-AS1,2,0.0,0.002331263873667477,0.0
ENSG00000227214,HCG15,2,0.0,0.01419403192156465,0.0
ENSG00000227215,ENSG00000227215,2,0.0,0.0012480880332033373,0.0
ENSG00000227218,ENSG00000227218,2,0.0,0.002233495708970984,0.0
ENSG00000227230,ENSG00000227230,2,0.0,0.004127112463965049,0.0
ENSG00000227232,WASH7P,2,0.0,0.0010458011458264413,0.0
ENSG00000227236,ENSG00000227236,2,0.0,0.0,0.0
ENSG00000227237,ZNF692-DT,2,0.0,0.008547903984655377,0.0
ENSG00000227242,ENSG00000227242,2,0.0,0.0,0.0
ENSG00000227244,LINC00845,2,0.0,0.0,0.0
ENSG00000227256,MIS18A-AS1,2,0.0,0.0016129235004008883,0.0
ENSG00000227330,ENSG00000227330,2,0.0,0.0,0.0
ENSG00000227258,SMIM2-AS1,2,0.0,0.0,0.0
ENSG00000227262,HCG4B,2,0.0,0.0,0.0
ENSG00000227268,KLLN,2,0.0,0.0,0.0
ENSG00000227274,MYOCD-AS1,2,0.0,0.0004260857669480788,0.0
ENSG00000227278,ENSG00000227278,2,0.0,0.0,0.0
ENSG00000227290,LINC01364,2,0.0,0.02972972704977246,0.0
ENSG00000227291,ENSG00000227291,2,0.0,0.0,0.0
ENSG00000227294,ENSG00000227294,2,0.0,0.0,0.0
ENSG00000227303,ENSG00000227303,2,0.0,0.0032876022747979385,0.0
ENSG00000227307,ENSG00000227307,2,0.0,0.006694372317834601,0.0
ENSG00000227308,LINC02832,2,0.0,0.0,0.0
ENSG00000228255,ENSG00000228255,2,0.0,0.0,0.0
ENSG00000228262,LINC01320,2,0.0,0.0003403475130736432,0.0
ENSG00000226877,ENSG00000226877,2,0.0,0.0022750524552807823,0.0
ENSG00000228272,ENSG00000228272,2,0.0,0.007769086412744288,0.0
ENSG00000229111,MED4-AS1,2,0.0,0.009498070091628893,0.0
ENSG00000229116,ENSG00000229116,2,0.0,0.000985929027404576,0.0
ENSG00000229118,ENSG00000229118,2,0.0,0.0,0.0
ENSG00000229120,CYCSP4,2,0.0,0.0,0.0
ENSG00000229150,CRYGEP,2,0.0,0.0,0.0
ENSG00000229154,KCNQ5-AS1,2,0.0,0.005332292236457113,0.0
ENSG00000229161,TCP1P1,2,0.0,0.00044791568242040925,0.0
ENSG00000229169,RPS26P59,2,0.0,0.0026309552232815065,0.0
ENSG00000229175,LINC00382,2,0.0,0.0013217978999970716,0.0
ENSG00000229178,ENSG00000229178,2,0.0,0.0002896114019543024,0.0
ENSG00000229190,ENSG00000229190,2,0.0,0.012078036667710386,0.0
ENSG00000229191,ENSG00000229191,2,0.0,0.0,0.0
ENSG00000229192,ENSG00000229192,2,0.0,0.0,0.0
ENSG00000229196,LINC03008,2,0.0,0.010552799190154808,0.0
ENSG00000229201,LINC02787,2,0.0,0.0,0.0
ENSG00000229204,PTGES3P3,2,0.0,0.001563349188279164,0.0
ENSG00000229205,LINC00200,2,0.0,0.0005072932035746129,0.0
ENSG00000229209,ENSG00000229209,2,0.0,0.0,0.0
ENSG00000229214,LINC00242,2,0.0,0.0,0.0
ENSG00000229222,KRT18P4,2,0.0,0.0002885791252730198,0.0
ENSG00000229228,LINC00582,2,0.0,0.007343069868710644,0.0
ENSG00000229238,PPP1R12BP1,2,0.0,0.0013580677634036427,0.0
ENSG00000229240,LINC00710,2,0.0,0.0021683275591396793,0.0
ENSG00000229243,LINC01981,2,0.0,0.0,0.0
ENSG00000229246,LINC00377,2,0.0,0.00158281774735648,0.0
ENSG00000229105,ASTN2-AS1,2,0.0,0.0,0.0
ENSG00000229102,PIK3CA-DT,2,0.0,0.0,0.0
ENSG00000229097,CALM2P2,2,0.0,0.0,0.0
ENSG00000228988,ENSG00000228988,2,0.0,0.0013147191730359961,0.0
ENSG00000228918,LINC01344,2,0.0,0.0,0.0
ENSG00000228925,MCFD2-AS1,2,0.0,0.0,0.0
ENSG00000228929,RPS13P2,2,0.0,0.0022420413309116845,0.0
ENSG00000228933,ENSG00000228933,2,0.0,0.0,0.0
ENSG00000228941,UBE3AP2,2,0.0,0.0,0.0
ENSG00000228948,SLC25A6P5,2,0.0,0.01998841694092854,0.0
ENSG00000228950,ENSG00000228950,2,0.0,0.0,0.0
ENSG00000228971,LINC02607,2,0.0,0.014767282801988049,0.0
ENSG00000228973,ENSG00000228973,2,0.0,0.006814750157362589,0.0
ENSG00000228980,LINC01205,2,0.0,0.0,0.0
ENSG00000228983,SLC47A1P1,2,0.0,0.0005744670274786041,0.0
ENSG00000229009,TMPRSS11GP,2,0.0,0.0,0.0
ENSG00000229089,ANKRD20A8P,2,0.0,0.0,0.0
ENSG00000229013,ENSG00000229013,2,0.0,0.009314358772251868,0.0
ENSG00000229018,PMS2P7,2,0.0,0.0,0.0
ENSG00000229021,ENSG00000229021,2,0.0,0.0,0.0
ENSG00000229043,ZFAND2A-DT,2,0.0,0.0014177734349366277,0.0
ENSG00000229044,ENSG00000229044,2,0.0,0.0,0.0
ENSG00000229047,ENSG00000229047,2,0.0,0.0,0.0
ENSG00000229051,LINC01788,2,0.0,0.00977846491434307,0.0
ENSG00000229052,MND1P1,2,0.0,0.0008816681660541794,0.0
ENSG00000229057,RPS3AP54,2,0.0,0.00031616042887868187,0.0
ENSG00000229066,ENSG00000229066,2,0.0,0.011223503911659067,0.0
ENSG00000229083,PSMA6P2,2,0.0,0.0,0.0
ENSG00000229248,WBP2P1,2,0.0,0.004994109817579779,0.0
ENSG00000229249,LINC00446,2,0.0,0.006126852948493141,0.0
ENSG00000229251,HNRNPA1P8,2,0.0,0.0,0.0
ENSG00000229520,LINC00404,2,0.0,0.02757682005093517,0.0
ENSG00000229456,RLIMP1,2,0.0,0.006268185784132953,0.0
ENSG00000229457,LINC01789,2,0.0,0.0,0.0
ENSG00000229458,ENSG00000229458,2,0.0,0.00515331739054218,0.0
ENSG00000229466,LINC02627,2,0.0,0.0,0.0
ENSG00000229474,PATL2,2,0.0,0.001058974544048002,0.0
ENSG00000229484,LINC02766,2,0.0,0.002283685856675807,0.0
ENSG00000229487,ALG13-AS1,2,0.0,0.0,0.0
ENSG00000229491,ENSG00000229491,2,0.0,0.0,0.0
ENSG00000229495,ENSG00000229495,2,0.0,0.0,0.0
ENSG00000229498,ENSG00000229498,2,0.0,0.0038259517835586366,0.0
ENSG00000229502,ENSG00000229502,2,0.0,0.0,0.0
ENSG00000229525,DNPEP-AS1,2,0.0,0.00016843341126114293,0.0
ENSG00000229444,ST3GAL3-AS1,2,0.0,0.0,0.0
ENSG00000229536,LINC02572,2,0.0,0.005056599086461691,0.0
ENSG00000229539,PANK2-AS1,2,0.0,0.0,0.0
ENSG00000229543,ENSG00000229543,2,0.0,0.0005634993704134828,0.0
ENSG00000229546,LINC00428,2,0.0,0.10108331851513118,0.0
ENSG00000229558,SACS-AS1,2,0.0,0.016194710504556363,0.0
ENSG00000229563,LINC01204,2,0.0,0.0,0.0
ENSG00000229569,ENSG00000229569,2,0.0,0.0,0.0
ENSG00000229582,PBX3-DT,2,0.0,0.0,0.0
ENSG00000229585,RPL21P44,2,0.0,0.0,0.0
ENSG00000229588,ENSG00000229588,2,0.0,0.0,0.0
ENSG00000229589,ACVR2B-AS1,2,0.0,0.0,0.0
ENSG00000229453,SPINK8,2,0.0,0.0030143232528628103,0.0
ENSG00000229443,LINC00433,2,0.0,0.0,0.0
ENSG00000229257,ENSG00000229257,2,0.0,0.0,0.0
ENSG00000229336,SREK1IP1P1,2,0.0,0.003002755996271502,0.0
ENSG00000229258,LPGAT1-AS1,2,0.0,0.0014968417526546548,0.0
ENSG00000229259,LRRC37A12P,2,0.0,0.0024668834510763117,0.0
ENSG00000229263,ENSG00000229263,2,0.0,0.0,0.0
ENSG00000229269,ENSG00000229269,2,0.0,0.0036348761240897445,0.0
ENSG00000229272,LINC03036,2,0.0,0.0,0.0
ENSG00000229294,DNAJC6-AS1,2,0.0,0.0027828458374575386,0.0
ENSG00000229299,ZBTB46-AS2,2,0.0,0.0005503090232765569,0.0
ENSG00000229312,ENSG00000229312,2,0.0,0.0005183567165332699,0.0
ENSG00000229315,MCHR2-AS1,2,0.0,0.001057338823723277,0.0
ENSG00000229326,RPL17P15,2,0.0,1.9980976820665057e-05,0.0
ENSG00000229334,TMEM44-AS2,2,0.0,0.0,0.0
ENSG00000229348,HYI-AS1,2,0.0,0.003713963378474695,0.0
ENSG00000229433,LINC02069,2,0.0,0.0001471743010943968,0.0
ENSG00000229372,SZT2-AS1,2,0.0,0.0,0.0
ENSG00000229380,PRKAR1B-AS2,2,0.0,0.0,0.0
ENSG00000229385,CTNNA2-AS1,2,0.0,0.0,0.0
ENSG00000229388,TAF12-DT,2,0.0,0.003263353749279257,0.0
ENSG00000229390,MICD,2,0.0,0.0,0.0
ENSG00000229400,CNIH3-AS1,2,0.0,0.0,0.0
ENSG00000229403,ENSG00000229403,2,0.0,6.44574972066079e-05,0.0
ENSG00000229404,LINC00858,2,0.0,0.0,0.0
ENSG00000229414,KCNQ1-AS1,2,0.0,0.0,0.0
ENSG00000229425,ENSG00000229425,2,0.0,0.0,0.0
ENSG00000229431,MED8-AS1,2,0.0,0.0,0.0
ENSG00000228903,RASA4CP,2,0.0,0.031692340653710606,0.0
ENSG00000228889,UBAC2-AS1,2,0.0,0.0,0.0
ENSG00000228886,ENSG00000228886,2,0.0,0.0,0.0
ENSG00000228487,ENSG00000228487,2,0.0,0.0014992933968363041,0.0
ENSG00000228414,REL-DT,2,0.0,0.0,0.0
ENSG00000228421,ENSG00000228421,2,0.0,0.0,0.0
ENSG00000228422,LINC00687,2,0.0,0.0,0.0
ENSG00000228427,ENSG00000228427,2,0.0,0.0,0.0
ENSG00000228434,ENSG00000228434,2,0.0,0.0006041218714682972,0.0
ENSG00000228437,LINC02474,2,0.0,0.0220749395405474,0.0
ENSG00000228451,SDAD1P1,2,0.0,0.014225317288063755,0.0
ENSG00000228452,ENSG00000228452,2,0.0,0.013177839297906589,0.0
ENSG00000228463,ENSG00000228463,2,0.0,0.31428750276993295,0.0
ENSG00000228470,ENSG00000228470,2,0.0,0.0,0.0
ENSG00000228484,ENSG00000228484,2,0.0,0.019192379466447168,0.0
ENSG00000228492,RAB11FIP1P1,2,0.0,0.007706490673113761,0.0
ENSG00000228401,LNCEGFL7OS,2,0.0,0.00639520709282072,0.0
ENSG00000228502,EEF1A1P11,2,0.0,0.004922918098910836,0.0
ENSG00000228507,DAP3P2,2,0.0,0.0011271312927196044,0.0
ENSG00000228509,ENSG00000228509,2,0.0,0.006103748788185568,0.0
ENSG00000228519,RANBP1P1,2,0.0,0.0900526949347819,0.0
ENSG00000228528,ENSG00000228528,2,0.0,0.00017316555684375096,0.0
ENSG00000228536,LYPLAL1-AS1,2,0.0,0.0,0.0
ENSG00000228539,ENSG00000228539,2,0.0,0.0,0.0
ENSG00000228544,CCDC183-AS1,2,0.0,0.0016669997613973796,0.0
ENSG00000228548,ITPKB-AS1,2,0.0,0.004115722390130259,0.0
ENSG00000228554,ENSG00000228554,2,0.0,0.0,0.0
ENSG00000228559,LINC03135,2,0.0,0.0,0.0
ENSG00000228404,ENSG00000228404,2,0.0,0.0,0.0
ENSG00000228400,CNTNAP5-DT,2,0.0,0.00010872288652325569,0.0
ENSG00000228577,ENSG00000228577,2,0.0,0.007448979584527706,0.0
ENSG00000228327,ENSG00000228327,2,0.0,0.00014339629435857924,0.0
ENSG00000228278,ORM2,2,0.0,4.8055177982895085e-05,0.0
ENSG00000228288,PCAT6,2,0.0,0.0016624839291075968,0.0
ENSG00000228293,IDH3B-DT,2,0.0,0.0,0.0
ENSG00000228300,FAM174C,2,0.0,0.0,0.0
ENSG00000228302,ENSG00000228302,2,0.0,0.0,0.0
ENSG00000228308,LINC01209,2,0.0,0.0,0.0
ENSG00000228309,LINC01350,2,0.0,0.003789694046896523,0.0
ENSG00000228316,MTATP6P19,2,0.0,0.0,0.0
ENSG00000228317,FKTN-AS1,2,0.0,0.0,0.0
ENSG00000228322,GLIS3-AS2,2,0.0,0.0,0.0
ENSG00000228323,MYADM-AS1,2,0.0,0.0,0.0
ENSG00000228334,ENSG00000228334,2,0.0,0.0017449067803922448,0.0
ENSG00000228399,ENSG00000228399,2,0.0,0.003877857927295079,0.0
ENSG00000228339,AMD1P1,2,0.0,0.002091706714083473,0.0
ENSG00000228343,ENSG00000228343,2,0.0,0.0034478380665964896,0.0
ENSG00000228348,EFCAB14P1,2,0.0,0.0,0.0
ENSG00000228350,LINC02585,2,0.0,0.0,0.0
ENSG00000228351,ENSG00000228351,2,0.0,0.0,0.0
ENSG00000228352,DCAF12-AS1,2,0.0,0.0206328093501152,0.0
ENSG00000228363,CHMP3-AS1,2,0.0,0.0,0.0
ENSG00000228368,ENSG00000228368,2,0.0,0.0,0.0
ENSG00000228372,SMIM10L2B-AS1,2,0.0,0.0045812644013936855,0.0
ENSG00000228373,ENSG00000228373,2,0.0,0.0,0.0
ENSG00000228386,ENSG00000228386,2,0.0,0.0010916570222321204,0.0
ENSG00000228560,ENSG00000228560,2,0.0,0.0021437096093102977,0.0
ENSG00000228586,ENSG00000228586,2,0.0,0.019148863625808202,0.0
ENSG00000228877,ENSG00000228877,2,0.0,0.03206895611260714,0.0
ENSG00000228804,ENSG00000228804,2,0.0,0.0,0.0
ENSG00000228737,ENSG00000228737,2,0.0,0.016886787775379036,0.0
ENSG00000228740,GABRG3-AS1,2,0.0,0.0349662688762903,0.0
ENSG00000228744,RPS3AP30,2,0.0,0.0029255252553774844,0.0
ENSG00000228748,ENSG00000228748,2,0.0,0.1940548307744116,0.0
ENSG00000228753,EIF4BP2,2,0.0,0.00263819332400141,0.0
ENSG00000228768,MIR365BHG,2,0.0,0.0,0.0
ENSG00000228779,ENSG00000228779,2,0.0,0.00045048246413848295,0.0
ENSG00000228784,LINC00954,2,0.0,0.0006695912058288233,0.0
ENSG00000228789,HCG22,2,0.0,0.0,0.0
ENSG00000228791,THRB-AS1,2,0.0,0.0004948990259438853,0.0
ENSG00000228802,ENSG00000228802,2,0.0,0.0011242365544355216,0.0
ENSG00000228809,ENSG00000228809,2,0.0,0.0,0.0
ENSG00000228719,ENSG00000228719,2,0.0,0.00024265664941324155,0.0
ENSG00000228814,ENSG00000228814,2,0.0,0.009430421092171855,0.0
ENSG00000228818,ENSG00000228818,2,0.0,0.0,0.0
ENSG00000228826,ENSG00000228826,2,0.0,0.0,0.0
ENSG00000228830,ENSG00000228830,2,0.0,0.0048275081194027025,0.0
ENSG00000228839,PIK3IP1-DT,2,0.0,0.0,0.0
ENSG00000228842,PCDH9-AS2,2,0.0,0.005836294417543613,0.0
ENSG00000228843,ENSG00000228843,2,0.0,0.004289909217936098,0.0
ENSG00000228852,ENSG00000228852,2,0.0,0.0007138865391165259,0.0
ENSG00000228862,ENSG00000228862,2,0.0,0.0,0.0
ENSG00000228863,ENSG00000228863,2,0.0,0.0,0.0
ENSG00000228876,ENSG00000228876,2,0.0,0.00013204267792560651,0.0
ENSG00000228723,SRGAP3-AS2,2,0.0,0.000893834092433129,0.0
ENSG00000228718,LINC02521,2,0.0,0.005584591087627653,0.0
ENSG00000228590,MIR4432HG,2,0.0,0.004982107064431354,0.0
ENSG00000228648,ENSG00000228648,2,0.0,0.0011464183544370931,0.0
ENSG00000228594,FNDC10,2,0.0,0.0036325463560801393,0.0
ENSG00000228598,MACC1-AS1,2,0.0,0.0,0.0
ENSG00000228599,RPL7P52,2,0.0,0.0,0.0
ENSG00000228604,ENSG00000228604,2,0.0,0.0012080082155626482,0.0
ENSG00000228606,DCAF8-DT,2,0.0,0.013169661166065572,0.0
ENSG00000228625,ENSG00000228625,2,0.0,0.0,0.0
ENSG00000228629,ENSG00000228629,2,0.0,0.0,0.0
ENSG00000228634,ENSG00000228634,2,0.0,0.0,0.0
ENSG00000228636,LINC02663,2,0.0,0.001788954650912883,0.0
ENSG00000228639,ROCR,2,0.0,0.0007066723793284287,0.0
ENSG00000228643,ENSG00000228643,2,0.0,0.0,0.0
ENSG00000228653,HNRNPCP7,2,0.0,0.0010681490847745132,0.0
ENSG00000228705,LINC00659,2,0.0,0.0320007109290271,0.0
ENSG00000228655,ENSG00000228655,2,0.0,0.0026150985917031736,0.0
ENSG00000228659,LINC01201,2,0.0,0.0018445943072404483,0.0
ENSG00000228663,PSMD10P1,2,0.0,0.0,0.0
ENSG00000228670,NANOGP2,2,0.0,0.0007014458192975521,0.0
ENSG00000228672,PROB1,2,0.0,0.04825630351306587,0.0
ENSG00000228677,TTC3-AS1,2,0.0,0.0,0.0
ENSG00000228679,ENSG00000228679,2,0.0,0.01125029834627455,0.0
ENSG00000228680,ENSG00000228680,2,0.0,0.00036493391229210976,0.0
ENSG00000228686,ENSG00000228686,2,0.0,0.0,0.0
ENSG00000228695,CES1P1,2,0.0,0.0011098744775911793,0.0
ENSG00000228701,TNKS2-DT,2,0.0,0.08972441497930946,0.0
ENSG00000226883,ENSG00000226883,2,0.0,0.0,0.0
ENSG00000226876,SMYD3-AS1,2,0.0,0.0020870682339252772,0.0
ENSG00000224349,FAM135A-AS1,2,0.0,0.01379117732815863,0.0
ENSG00000225605,ENSG00000225605,2,0.0,0.008397133939646872,0.0
ENSG00000225125,RANP4,2,0.0,0.0031192290218540644,0.0
ENSG00000225127,LINC00237,2,0.0,0.04009622970892109,0.0
ENSG00000225137,DYNC1I2P1,2,0.0,0.005836691623375026,0.0
ENSG00000225140,DIP2C-AS2,2,0.0,0.0,0.0
ENSG00000225146,ENSG00000225146,2,0.0,0.0,0.0
ENSG00000225159,NPM1P39,2,0.0,0.0009029226063260159,0.0
ENSG00000225171,DUTP6,2,0.0,0.0,0.0
ENSG00000225173,ENSG00000225173,2,0.0,0.0,0.0
ENSG00000225174,OSTM1-AS1,2,0.0,0.0,0.0
ENSG00000225177,NHSL1-AS1,2,0.0,0.0038422814683391872,0.0
ENSG00000225179,LINC00457,2,0.0,0.0,0.0
ENSG00000225180,PVALEF,2,0.0,0.0,0.0
ENSG00000225194,LINC00092,2,0.0,0.0,0.0
ENSG00000225200,ENSG00000225200,2,0.0,0.0,0.0
ENSG00000225214,ENSG00000225214,2,0.0,0.0,0.0
ENSG00000225216,NRP2-AS1,2,0.0,0.003809693147031062,0.0
ENSG00000225230,ENSG00000225230,2,0.0,0.003979208906608203,0.0
ENSG00000225233,ENSG00000225233,2,0.0,0.0,0.0
ENSG00000225234,TRAPPC12-AS1,2,0.0,0.0,0.0
ENSG00000225239,RPL21P107,2,0.0,0.0,0.0
ENSG00000225243,ENSG00000225243,2,0.0,0.0,0.0
ENSG00000225246,RPS2P1,2,0.0,0.0011361195863024683,0.0
ENSG00000225258,ENSG00000225258,2,0.0,0.02488895938560259,0.0
ENSG00000225259,ST13P6,2,0.0,0.010571899154570205,0.0
ENSG00000225263,PCDH9-AS3,2,0.0,0.002068839790296272,0.0
ENSG00000225112,ENSG00000225112,2,0.0,0.0014726598141603354,0.0
ENSG00000225106,CDH4-AS1,2,0.0,0.00039610648276644267,0.0
ENSG00000225096,ENSG00000225096,2,0.0,0.0023473731621473713,0.0
ENSG00000224985,ENSG00000224985,2,0.0,0.0,0.0
ENSG00000224944,CASC6,2,0.0,0.0026581225950596046,0.0
ENSG00000224950,ENSG00000224950,2,0.0,0.0,0.0
ENSG00000224957,LINC01266,2,0.0,0.0,0.0
ENSG00000224958,PGM5-AS1,2,0.0,0.004037923078349781,0.0
ENSG00000224961,LINC01752,2,0.0,0.00046206092979489324,0.0
ENSG00000224963,ECMXP,2,0.0,0.0010319385104897011,0.0
ENSG00000224968,LINC01645,2,0.0,0.0,0.0
ENSG00000224969,ENSG00000224969,2,0.0,0.0,0.0
ENSG00000224976,PARP4P2,2,0.0,0.014496014235283851,0.0
ENSG00000224977,RC3H1-DT,2,0.0,0.0,0.0
ENSG00000224982,TMEM233,2,0.0,0.0,0.0
ENSG00000225022,UBE2D3P1,2,0.0,0.003391118157641002,0.0
ENSG00000225094,SETP20,2,0.0,0.0016003988436627417,0.0
ENSG00000225031,EIF4BP7,2,0.0,0.02637369991003144,0.0
ENSG00000225032,ENSG00000225032,2,0.0,0.0,0.0
ENSG00000225037,EIF1AX-AS1,2,0.0,0.0,0.0
ENSG00000225039,LINC01058,2,0.0,0.0008405170289733028,0.0
ENSG00000225057,ENSG00000225057,2,0.0,0.0,0.0
ENSG00000225062,CATIP-AS1,2,0.0,0.6379205038090784,0.0
ENSG00000225075,ENSG00000225075,2,0.0,0.0,0.0
ENSG00000225076,WWC3-AS1,2,0.0,1.300177525030478e-05,0.0
ENSG00000225077,ICMT-DT,2,0.0,0.0,0.0
ENSG00000225078,ENSG00000225078,2,0.0,0.00047539051514314,0.0
ENSG00000225083,GRTP1-AS1,2,0.0,0.00045409846346486523,0.0
ENSG00000225265,TAF1A-AS1,2,0.0,0.009863016441338144,0.0
ENSG00000225279,ENSG00000225279,2,0.0,0.0,0.0
ENSG00000225284,ENSG00000225284,2,0.0,0.0010190394218816392,0.0
ENSG00000225539,LINC01821,2,0.0,0.0,0.0
ENSG00000225489,ENSG00000225489,2,0.0,0.0,0.0
ENSG00000225492,GBP1P1,2,0.0,0.0,0.0
ENSG00000225493,LINC01107,2,0.0,0.0,0.0
ENSG00000225498,ENSG00000225498,2,0.0,0.011547279980316634,0.0
ENSG00000225505,ENSG00000225505,2,0.0,1.9409187140036052e-05,0.0
ENSG00000225514,MTND1P34,2,0.0,0.0,0.0
ENSG00000225518,LINC01703,2,0.0,0.0,0.0
ENSG00000225527,ENSG00000225527,2,0.0,0.0010043360859895499,0.0
ENSG00000225528,TMA7B,2,0.0,0.0,0.0
ENSG00000225535,LINC01393,2,0.0,0.0,0.0
ENSG00000225537,ENSG00000225537,2,0.0,9.1119741286633e-06,0.0
ENSG00000225542,ZNF385D-AS1,2,0.0,0.00016459506286905986,0.0
ENSG00000225463,ZNF70P1,2,0.0,0.00015229834637702392,0.0
ENSG00000225546,LINC02476,2,0.0,0.0,0.0
ENSG00000225549,SELENOKP3,2,0.0,0.03084913379912317,0.0
ENSG00000225555,ENSG00000225555,2,0.0,0.0,0.0
ENSG00000225558,UBE2D3P2,2,0.0,0.03278464412250534,0.0
ENSG00000225559,ENSG00000225559,2,0.0,0.0,0.0
ENSG00000225563,ENSG00000225563,2,0.0,0.0004223206073426567,0.0
ENSG00000225564,LINC01492,2,0.0,0.013015573869483498,0.0
ENSG00000225572,DOCK4-AS1,2,0.0,0.0,0.0
ENSG00000225578,NCBP2-AS1,2,0.0,0.0011436971285551153,0.0
ENSG00000225579,EDNRB-AS1,2,0.0,0.0,0.0
ENSG00000225588,ENSG00000225588,2,0.0,0.0023542168258019473,0.0
ENSG00000225465,RFPL1S,2,0.0,0.0,0.0
ENSG00000225458,ENSG00000225458,2,0.0,0.0011775306406876128,0.0
ENSG00000225285,LINC01770,2,0.0,0.0016473854991166132,0.0
ENSG00000225383,SFTA1P,2,0.0,0.0,0.0
ENSG00000225311,ENSG00000225311,2,0.0,0.0,0.0
ENSG00000225316,TPTE2-AS1,2,0.0,0.0,0.0
ENSG00000225328,LINC01594,2,0.0,0.0,0.0
ENSG00000225329,ENSG00000225329,2,0.0,0.0,0.0
ENSG00000225334,LINC02813,2,0.0,0.016695013953005995,0.0
ENSG00000225335,ENSG00000225335,2,0.0,0.0,0.0
ENSG00000225342,LRRK2-DT,2,0.0,0.0,0.0
ENSG00000225350,FREM2-AS1,2,0.0,0.0,0.0
ENSG00000225358,MIPEPP1,2,0.0,0.0,0.0
ENSG00000225366,CRIPTO3,2,0.0,0.0,0.0
ENSG00000225376,TMEM246-AS1,2,0.0,0.0,0.0
ENSG00000225386,LRRC3B-AS1,2,0.0,0.0075966724410520235,0.0
ENSG00000225457,ENSG00000225457,2,0.0,0.0010100702526080114,0.0
ENSG00000225387,ENSG00000225387,2,0.0,0.0,0.0
ENSG00000225398,PGM5P4,2,0.0,0.005338283905999022,0.0
ENSG00000225400,RAB28P5,2,0.0,0.0,0.0
ENSG00000225401,TGIF2P1,2,0.0,0.0006217415761787513,0.0
ENSG00000225407,ENSG00000225407,2,0.0,0.0,0.0
ENSG00000225408,ENSG00000225408,2,0.0,0.0,0.0
ENSG00000225411,ENSG00000225411,2,0.0,0.0,0.0
ENSG00000225419,RPL21P3,2,0.0,0.0006793628672964488,0.0
ENSG00000225421,ENSG00000225421,2,0.0,0.0,0.0
ENSG00000225442,MPRIP-AS1,2,0.0,0.04220881003743102,0.0
ENSG00000225444,LINC01867,2,0.0,0.0,0.0
ENSG00000224940,PRRT4,2,0.0,0.0,0.0
ENSG00000224924,LINC00320,2,0.0,0.0,0.0
ENSG00000224920,TACC1P1,2,0.0,0.0,0.0
ENSG00000224549,ENSG00000224549,2,0.0,0.007121607951224924,0.0
ENSG00000224511,LINC00365,2,0.0,0.003096770803838101,0.0
ENSG00000224514,LINC00620,2,0.0,0.0036781715326411643,0.0
ENSG00000224523,ENSG00000224523,2,0.0,0.0,0.0
ENSG00000224525,ENSG00000224525,2,0.0,0.0014004195684344607,0.0
ENSG00000224533,TMLHE-AS1,2,0.0,0.011351952644815706,0.0
ENSG00000224536,CSRP1-AS1,2,0.0,0.0,0.0
ENSG00000224537,MEP1AP4,2,0.0,0.0,0.0
ENSG00000224541,ENSG00000224541,2,0.0,0.0018285348322256106,0.0
ENSG00000224543,SNRPGP15,2,0.0,0.0008699213751570657,0.0
ENSG00000224545,RPL31P36,2,0.0,0.0,0.0
ENSG00000224546,EIF4BP3,2,0.0,0.0015853811479450567,0.0
ENSG00000224551,HMGB3P21,2,0.0,0.0007249589892120949,0.0
ENSG00000224493,ENSG00000224493,2,0.0,0.0,0.0
ENSG00000224563,LPP-AS1,2,0.0,0.0,0.0
ENSG00000224568,LINC01886,2,0.0,0.0,0.0
ENSG00000224574,COL18A1-AS2,2,0.0,0.018941970440963695,0.0
ENSG00000224577,LINC01117,2,0.0,0.001669124821866081,0.0
ENSG00000224594,RPL29P19,2,0.0,0.00024166442953304473,0.0
ENSG00000224597,SVIL-AS1,2,0.0,0.0,0.0
ENSG00000224598,RPS5P2,2,0.0,0.0,0.0
ENSG00000224609,FGGY-DT,2,0.0,0.0,0.0
ENSG00000224610,ENSG00000224610,2,0.0,0.00220110570612105,0.0
ENSG00000224613,RNPC3-DT,2,0.0,0.0,0.0
ENSG00000224614,TNK2-AS1,2,0.0,0.00032016773864339016,0.0
ENSG00000224509,MRPS9-AS2,2,0.0,0.006561720261055699,0.0
ENSG00000224490,TTC21B-AS1,2,0.0,0.001890858838827799,0.0
ENSG00000224631,RPS27AP16,2,0.0,0.001631179229873731,0.0
ENSG00000224407,ENSG00000224407,2,0.0,0.0013007354012249356,0.0
ENSG00000224358,TMCO1-AS1,2,0.0,0.0028716030587876617,0.0
ENSG00000224361,ENSG00000224361,2,0.0,0.003524096958618456,0.0
ENSG00000224363,ENSG00000224363,2,0.0,0.0,0.0
ENSG00000224367,OACYLP,2,0.0,0.020184435745445078,0.0
ENSG00000224376,ENSG00000224376,2,0.0,0.0,0.0
ENSG00000224383,PRR29,2,0.0,0.0044693334468578864,0.0
ENSG00000224384,ENSG00000224384,2,0.0,0.0,0.0
ENSG00000224391,LINC01280,2,0.0,0.002918058716304796,0.0
ENSG00000224394,GPC6-AS2,2,0.0,0.0002545855680304854,0.0
ENSG00000224404,ENSG00000224404,2,0.0,0.0,0.0
ENSG00000224406,LINC02052,2,0.0,0.005835958964570584,0.0
ENSG00000224411,HSP90AA2P,2,0.0,0.0,0.0
ENSG00000224481,ENSG00000224481,2,0.0,0.0013456652643111429,0.0
ENSG00000224418,STK24-AS1,2,0.0,0.0,0.0
ENSG00000224420,ADM5,2,0.0,0.0,0.0
ENSG00000224424,PRKAR2A-AS1,2,0.0,0.0,0.0
ENSG00000224429,LINC00539,2,0.0,0.004273484337017763,0.0
ENSG00000224430,MKRN5P,2,0.0,0.021042441961855004,0.0
ENSG00000224445,LINC01708,2,0.0,0.0,0.0
ENSG00000224452,RSL24D1P6,2,0.0,0.0027834052682029617,0.0
ENSG00000224467,TANK-AS1,2,0.0,0.0012784334651260972,0.0
ENSG00000224468,LAMC1-AS1,2,0.0,0.0,0.0
ENSG00000224471,MTCO3P19,2,0.0,0.05215613427713589,0.0
ENSG00000224479,CDHR18P,2,0.0,0.0,0.0
ENSG00000224626,ENSG00000224626,2,0.0,0.004368067256923381,0.0
ENSG00000224635,ENSG00000224635,2,0.0,0.006472299318099207,0.0
ENSG00000224919,ENSG00000224919,2,0.0,0.001943497740804468,0.0
ENSG00000224855,OPA1-AS1,2,0.0,0.0,0.0
ENSG00000224797,ENSG00000224797,2,0.0,0.0,0.0
ENSG00000224810,ENSG00000224810,2,0.0,0.003135482529699461,0.0
ENSG00000224817,LINC03046,2,0.0,0.0,0.0
ENSG00000224819,ENSG00000224819,2,0.0,0.019780363911602032,0.0
ENSG00000224821,COL4A2-AS2,2,0.0,0.04142375551528432,0.0
ENSG00000224825,RORB-AS1,2,0.0,0.0,0.0
ENSG00000224830,OR2X1P,2,0.0,0.0029344791218314575,0.0
ENSG00000224842,LMX1B-DT,2,0.0,0.0,0.0
ENSG00000224846,NQO2-AS1,2,0.0,0.02327537858913794,0.0
ENSG00000224851,LINC00502,2,0.0,0.00204862032016631,0.0
ENSG00000224853,LINC00393,2,0.0,0.07883477376176344,0.0
ENSG00000224861,YBX1P1,2,0.0,0.0,0.0
ENSG00000224790,HLCS-AS1,2,0.0,0.0035660623081063525,0.0
ENSG00000224865,ENSG00000224865,2,0.0,0.0,0.0
ENSG00000224869,ENSG00000224869,2,0.0,0.014215788106384533,0.0
ENSG00000224875,EML4-AS1,2,0.0,0.003188894235152472,0.0
ENSG00000224884,ENSG00000224884,2,0.0,0.0010104564826970024,0.0
ENSG00000224888,HSALR1,2,0.0,0.0017194381278544627,0.0
ENSG00000224892,RPS4XP16,2,0.0,0.025911895890743702,0.0
ENSG00000224893,LINC02840,2,0.0,0.0,0.0
ENSG00000224901,ENSG00000224901,2,0.0,0.0050560726839884275,0.0
ENSG00000224903,RNF32-AS1,2,0.0,0.0,0.0
ENSG00000224906,SRP14P1,2,0.0,0.0,0.0
ENSG00000224910,LINC01766,2,0.0,0.0,0.0
ENSG00000224795,NTM-AS1,2,0.0,0.0006232941963393068,0.0
ENSG00000224786,CETN4P,2,0.0,0.0,0.0
ENSG00000224643,ENSG00000224643,2,0.0,0.0,0.0
ENSG00000224711,LINC01706,2,0.0,0.0,0.0
ENSG00000224645,ENSG00000224645,2,0.0,0.0,0.0
ENSG00000224647,ENSG00000224647,2,0.0,0.0008537543967781083,0.0
ENSG00000224655,LINC01823,2,0.0,0.03584010094650473,0.0
ENSG00000224666,ETV7-AS1,2,0.0,0.003445813138423853,0.0
ENSG00000224669,ENSG00000224669,2,0.0,0.0005281556891275374,0.0
ENSG00000224675,GALNT13-AS1,2,0.0,0.001149624225861224,0.0
ENSG00000224682,SOCS5P2,2,0.0,0.00020974323708767529,0.0
ENSG00000224687,RASAL2-AS1,2,0.0,0.0017354598366246486,0.0
ENSG00000224689,ZNF812P,2,0.0,0.0,0.0
ENSG00000224700,ENSG00000224700,2,0.0,0.0,0.0
ENSG00000224702,LMX1A-AS2,2,0.0,0.00017506635216874087,0.0
ENSG00000224713,ENSG00000224713,2,0.0,0.0033905155020971865,0.0
ENSG00000224775,BRAFP1,2,0.0,0.0,0.0
ENSG00000224714,LINC02671,2,0.0,0.0075492916049872145,0.0
ENSG00000224717,LEMD1-DT,2,0.0,0.004158553751101463,0.0
ENSG00000224727,FCF1P7,2,0.0,0.006840796556833088,0.0
ENSG00000224728,IMPDH1P8,2,0.0,0.0,0.0
ENSG00000224731,ENSG00000224731,2,0.0,0.0011105908670840836,0.0
ENSG00000224743,TEX26-AS1,2,0.0,0.0,0.0
ENSG00000224747,MTCYBP21,2,0.0,0.0,0.0
ENSG00000224750,ENSG00000224750,2,0.0,0.0,0.0
ENSG00000224764,AOPEP-AS1,2,0.0,0.0029505588465687216,0.0
ENSG00000224765,LINC02931,2,0.0,0.0,0.0
ENSG00000224769,MUC20P1,2,0.0,0.00399107911332987,0.0
ENSG00000225602,MTOR-AS1,2,0.0,0.0,0.0
ENSG00000225611,CCDC13-AS2,2,0.0,0.00010881388301112124,0.0
ENSG00000226869,LHFPL3-AS1,2,0.0,0.0,0.0
ENSG00000225632,ENSG00000225632,2,0.0,0.0,0.0
ENSG00000226438,ENSG00000226438,2,0.0,0.0,0.0
ENSG00000226439,ENSG00000226439,2,0.0,0.0,0.0
ENSG00000226445,THBS2-AS1,2,0.0,0.0,0.0
ENSG00000226450,CYP2D8P,2,0.0,0.0,0.0
ENSG00000226468,ENSG00000226468,2,0.0,0.013694373615051079,0.0
ENSG00000226469,ADAM1B,2,0.0,0.002124897484887242,0.0
ENSG00000226484,ENSG00000226484,2,0.0,0.05701423022691933,0.0
ENSG00000226497,LINC02549,2,0.0,0.0,0.0
ENSG00000226506,ENSG00000226506,2,0.0,0.003960872812066027,0.0
ENSG00000226508,LINC01918,2,0.0,0.0,0.0
ENSG00000226510,UPK1A-AS1,2,0.0,0.0,0.0
ENSG00000226519,LINC00390,2,0.0,0.00022210402901714702,0.0
ENSG00000226525,RPS7P10,2,0.0,0.007099762733803848,0.0
ENSG00000226526,ENSG00000226526,2,0.0,1.7280071753336868e-05,0.0
ENSG00000226545,ENSG00000226545,2,0.0,0.0,0.0
ENSG00000226576,ENSG00000226576,2,0.0,0.0006127760364139598,0.0
ENSG00000226578,ENSG00000226578,2,0.0,0.0007940725415125205,0.0
ENSG00000226599,ENSG00000226599,2,0.0,0.002023463563713832,0.0
ENSG00000226604,PAPPA-AS2,2,0.0,0.0,0.0
ENSG00000226608,FTLP3,2,0.0,0.0,0.0
ENSG00000226609,SNX30-DT,2,0.0,0.0006741235515460233,0.0
ENSG00000226622,ENSG00000226622,2,0.0,0.027117142892691275,0.0
ENSG00000226624,RPL13AP16,2,0.0,0.0036156532815269323,0.0
ENSG00000226626,NOP56P2,2,0.0,0.0036415376972998115,0.0
ENSG00000226627,SHANK2-AS1,2,0.0,0.0,0.0
ENSG00000226435,ANKRD18DP,2,0.0,0.0,0.0
ENSG00000226415,TPI1P1,2,0.0,0.0,0.0
ENSG00000226410,ENSG00000226410,2,0.0,0.0012167579971240998,0.0
ENSG00000226337,TMEM252-DT,2,0.0,0.0009969822188475887,0.0
ENSG00000226276,ENSG00000226276,2,0.0,0.0,0.0
ENSG00000226278,PSPHP1,2,0.0,0.012456460998546599,0.0
ENSG00000226281,ENSG00000226281,2,0.0,0.0,0.0
ENSG00000226291,ENSG00000226291,2,0.0,0.0,0.0
ENSG00000226306,NPY6R,2,0.0,0.018822033606233794,0.0
ENSG00000226308,ENSG00000226308,2,0.0,0.00900589177668393,0.0
ENSG00000226312,CFLAR-AS1,2,0.0,0.003720783611452827,0.0
ENSG00000226317,LINC00351,2,0.0,0.0,0.0
ENSG00000226321,CROCC2,2,0.0,0.0,0.0
ENSG00000226329,ENSG00000226329,2,0.0,0.0,0.0
ENSG00000226332,ENSG00000226332,2,0.0,0.0,0.0
ENSG00000226339,RPS26P56,2,0.0,0.0,0.0
ENSG00000226409,ENSG00000226409,2,0.0,0.0009834714379782956,0.0
ENSG00000226348,VN2R10P,2,0.0,0.005656973521356034,0.0
ENSG00000226349,ENSG00000226349,2,0.0,0.0,0.0
ENSG00000226352,PSPC1-AS2,2,0.0,0.004745560331876523,0.0
ENSG00000226355,ENSG00000226355,2,0.0,0.003034601315195077,0.0
ENSG00000226360,RPL10AP6,2,0.0,0.0,0.0
ENSG00000226361,TERF1P5,2,0.0,0.0009822024046925164,0.0
ENSG00000226367,ST7-AS2,2,0.0,0.024063507606802897,0.0
ENSG00000226375,ENSG00000226375,2,0.0,0.0,0.0
ENSG00000226376,ENSG00000226376,2,0.0,0.0,0.0
ENSG00000226386,PARD3-DT,2,0.0,0.0,0.0
ENSG00000226398,ENSG00000226398,2,0.0,0.0,0.0
ENSG00000226636,ENSG00000226636,2,0.0,0.23273961416663244,0.0
ENSG00000226640,ENSG00000226640,2,0.0,0.001031967728684597,0.0
ENSG00000226645,BUD13-DT,2,0.0,0.0,0.0
ENSG00000226823,SUGT1P1,2,0.0,0.0,0.0
ENSG00000226779,NAALADL2-AS2,2,0.0,0.0010594864656609914,0.0
ENSG00000226780,AVPR1B-DT,2,0.0,0.006677213169831681,0.0
ENSG00000226782,ENSG00000226782,2,0.0,0.016810861910996813,0.0
ENSG00000226783,TLK1P1,2,0.0,0.0007000405775142598,0.0
ENSG00000226797,ENSG00000226797,2,0.0,0.0019067712981110899,0.0
ENSG00000226800,CACTIN-AS1,2,0.0,0.014934995016043803,0.0
ENSG00000226807,MROH5,2,0.0,0.0,0.0
ENSG00000226808,LINC00840,2,0.0,0.0,0.0
ENSG00000226816,ENSG00000226816,2,0.0,0.0,0.0
ENSG00000226819,MEIS1-AS3,2,0.0,0.004686716362848196,0.0
ENSG00000226822,ENSG00000226822,2,0.0,0.001190726307136473,0.0
ENSG00000226825,LINC01509,2,0.0,0.0005522081201014391,0.0
ENSG00000226764,ENSG00000226764,2,0.0,0.004652678031120145,0.0
ENSG00000226829,ENSG00000226829,2,0.0,0.006323121992354637,0.0
ENSG00000226835,ARHGAP29-AS1,2,0.0,0.0,0.0
ENSG00000226840,PAICSP3,2,0.0,0.005385957873981409,0.0
ENSG00000226842,ENSG00000226842,2,0.0,0.001749436922701747,0.0
ENSG00000226846,LINC00348,2,0.0,0.0,0.0
ENSG00000226849,ENSG00000226849,2,0.0,0.000670581682595823,0.0
ENSG00000226851,ZNF277-AS1,2,0.0,0.015972869953879,0.0
ENSG00000226853,GPR155-DT,2,0.0,0.0024968136691695254,0.0
ENSG00000226856,THORLNC,2,0.0,0.0015559640834141178,0.0
ENSG00000226862,SYT2-AS1,2,0.0,0.0022689530645933903,0.0
ENSG00000226868,ENSG00000226868,2,0.0,0.0011241177551268506,0.0
ENSG00000226772,ENSG00000226772,2,0.0,0.0013105701246781006,0.0
ENSG00000226763,SRRM5,2,0.0,0.0,0.0
ENSG00000226650,KIF4B,2,0.0,0.00039435216838890075,0.0
ENSG00000226699,ENSG00000226699,2,0.0,0.0060416363999522184,0.0
ENSG00000226659,TSPAN14-AS1,2,0.0,0.02761273768709162,0.0
ENSG00000226661,ENSG00000226661,2,0.0,0.0,0.0
ENSG00000226664,ENSG00000226664,2,0.0,0.016211081863379922,0.0
ENSG00000226666,HSPA9P1,2,0.0,0.0,0.0
ENSG00000226668,SPATA31B2P,2,0.0,0.007709941384982463,0.0
ENSG00000226669,ENSG00000226669,2,0.0,0.0,0.0
ENSG00000226673,LINC01108,2,0.0,0.0,0.0
ENSG00000226676,LINC02679,2,0.0,0.0,0.0
ENSG00000226686,LINC01535,2,0.0,0.005389913409995926,0.0
ENSG00000226690,C7orf78,2,0.0,0.0,0.0
ENSG00000226698,GPN2-AS1,2,0.0,0.0014672365307750446,0.0
ENSG00000226706,ENSG00000226706,2,0.0,0.0018958463541796542,0.0
ENSG00000226761,TAS2R46,2,0.0,0.0023711594218944806,0.0
ENSG00000226709,FGF12-AS3,2,0.0,0.0,0.0
ENSG00000226715,LINC01709,2,0.0,0.0,0.0
ENSG00000226721,EEF1DP2,2,0.0,0.0038069893270857185,0.0
ENSG00000226723,ENSG00000226723,2,0.0,0.0010557007422978154,0.0
ENSG00000226724,HRGP2,2,0.0,0.0001433152025146451,0.0
ENSG00000226742,HSBP1L1,2,0.0,0.0,0.0
ENSG00000226746,SMCR5,2,0.0,0.0,0.0
ENSG00000226747,ENSG00000226747,2,0.0,0.0,0.0
ENSG00000226754,MAGOH-DT,2,0.0,0.003070782343993721,0.0
ENSG00000226756,SERTAD2-AS1,2,0.0,0.00760218270332492,0.0
ENSG00000226759,DAB1-AS1,2,0.0,0.006838003573079686,0.0
ENSG00000226272,ARHGAP26-AS1,2,0.0,0.4138343906558421,0.0
ENSG00000226263,ISM1-AS1,2,0.0,0.0015540947935765187,0.0
ENSG00000226259,GTF2H2B,2,0.0,0.0014653467425344868,0.0
ENSG00000225839,TRMT2B-AS1,2,0.0,0.004972683195353253,0.0
ENSG00000225766,DHRS4L1,2,0.0,0.0,0.0
ENSG00000225767,FAF1-AS1,2,0.0,0.0,0.0
ENSG00000225774,SIRPAP1,2,0.0,0.0018255108161928974,0.0
ENSG00000225778,PROSER2-AS1,2,0.0,0.0022101924446316186,0.0
ENSG00000225794,ENSG00000225794,2,0.0,0.0,0.0
ENSG00000225805,DEFB131B,2,0.0,0.0,0.0
ENSG00000225811,ENSG00000225811,2,0.0,0.0,0.0
ENSG00000225822,UBXN7-AS1,2,0.0,0.14393149929747043,0.0
ENSG00000225826,LINC00626,2,0.0,0.0,0.0
ENSG00000225832,RPL36AP25,2,0.0,0.013480738279377982,0.0
ENSG00000225836,ENSG00000225836,2,0.0,0.001350335785177317,0.0
ENSG00000225840,ENSG00000225840,2,0.0,0.0024503472669028365,0.0
ENSG00000225762,LINC01389,2,0.0,0.0010714802631139923,0.0
ENSG00000225850,ENSG00000225850,2,0.0,0.0,0.0
ENSG00000225868,WDR87BP,2,0.0,0.0013987290904343315,0.0
ENSG00000225871,ENSG00000225871,2,0.0,0.0,0.0
ENSG00000225872,TEX14BP,2,0.0,0.0006120502285378391,0.0
ENSG00000225873,C3orf86P,2,0.0,0.003822613750048777,0.0
ENSG00000225877,PSG8-AS1,2,0.0,0.0,0.0
ENSG00000225880,LINC00115,2,0.0,0.01324055684504465,0.0
ENSG00000225891,DHDDS-AS1,2,0.0,0.0018659929288753973,0.0
ENSG00000225913,ENSG00000225913,2,0.0,0.0,0.0
ENSG00000225920,RIMKLBP2,2,0.0,0.001702573615522592,0.0
ENSG00000225928,CACYBPP1,2,0.0,0.0025761022845384135,0.0
ENSG00000225764,P3H2-AS1,2,0.0,0.013728660304706907,0.0
ENSG00000225756,DBH-AS1,2,0.0,0.0,0.0
ENSG00000225934,FAM133FP,2,0.0,0.0,0.0
ENSG00000225683,PACRG-AS3,2,0.0,0.1711550279851297,0.0
ENSG00000225643,ENSG00000225643,2,0.0,0.0,0.0
ENSG00000225647,ENSG00000225647,2,0.0,0.0,0.0
ENSG00000225649,ENSG00000225649,2,0.0,0.021956869531505614,0.0
ENSG00000225650,EIF2S2P5,2,0.0,0.0,0.0
ENSG00000225652,KCNMA1-AS3,2,0.0,0.0,0.0
ENSG00000225655,ENSG00000225655,2,0.0,0.011305705326350326,0.0
ENSG00000225670,CADM3-AS1,2,0.0,0.007945161294178067,0.0
ENSG00000225674,IPO7P2,2,0.0,0.0,0.0
ENSG00000225675,LRP8-DT,2,0.0,0.0026219038118983264,0.0
ENSG00000225676,ENSG00000225676,2,0.0,0.0,0.0
ENSG00000225680,ENSG00000225680,2,0.0,0.0,0.0
ENSG00000225703,ENSG00000225703,2,0.0,0.0036121354908161245,0.0
ENSG00000225752,ENSG00000225752,2,0.0,0.0,0.0
ENSG00000225706,PTPRD-AS1,2,0.0,0.00905079812619068,0.0
ENSG00000225711,ENSG00000225711,2,0.0,0.06616383197684131,0.0
ENSG00000225718,ENSG00000225718,2,0.0,0.0004593987613772592,0.0
ENSG00000225721,ENSG00000225721,2,0.0,0.0,0.0
ENSG00000225725,FAM66E,2,0.0,0.0012995366332937287,0.0
ENSG00000225731,PDE9A-AS1,2,0.0,0.05042424289922606,0.0
ENSG00000225738,NRG3-AS1,2,0.0,0.003021666107207454,0.0
ENSG00000225742,ENSG00000225742,2,0.0,0.0,0.0
ENSG00000225746,MEG8,2,0.0,0.0023680899985215496,0.0
ENSG00000225750,ENSG00000225750,2,0.0,0.0,0.0
ENSG00000225751,ENSG00000225751,2,0.0,0.0,0.0
ENSG00000225930,LINC02249,2,0.0,0.0031344598977826378,0.0
ENSG00000225938,S1PR1-DT,2,0.0,0.014168672354649407,0.0
ENSG00000226258,GRM7-AS3,2,0.0,0.0006744642670807018,0.0
ENSG00000226180,ENSG00000226180,2,0.0,0.0,0.0
ENSG00000226101,LINC02097,2,0.0,0.0,0.0
ENSG00000226102,SEPTIN7P3,2,0.0,0.0020352140460451885,0.0
ENSG00000226121,AHCTF1P1,2,0.0,0.0010188400198140113,0.0
ENSG00000226124,FTCDNL1,2,0.0,0.0,0.0
ENSG00000226132,RPS3AP46,2,0.0,0.0,0.0
ENSG00000226133,LINC02794,2,0.0,0.06254743032214743,0.0
ENSG00000226140,LINC02654,2,0.0,0.0,0.0
ENSG00000226158,CLCP2,2,0.0,0.0,0.0
ENSG00000226159,LINC01375,2,0.0,0.0,0.0
ENSG00000226167,AP4B1-AS1,2,0.0,0.05892117343414312,0.0
ENSG00000226169,ENSG00000226169,2,0.0,0.010380123794731275,0.0
ENSG00000226194,LINC02519,2,0.0,0.0009601756768165967,0.0
ENSG00000226087,ENSG00000226087,2,0.0,0.0,0.0
ENSG00000226197,ENSG00000226197,2,0.0,0.0,0.0
ENSG00000226230,UFC1P1,2,0.0,0.0,0.0
ENSG00000226235,LEMD1-AS1,2,0.0,0.0,0.0
ENSG00000226237,GAS1RR,2,0.0,0.0015786387552387546,0.0
ENSG00000226238,ENSG00000226238,2,0.0,4.632799625621366e-05,0.0
ENSG00000226239,ENSG00000226239,2,0.0,0.0,0.0
ENSG00000226240,ENSG00000226240,2,0.0,0.0,0.0
ENSG00000226241,ENSG00000226241,2,0.0,0.008896961672113133,0.0
ENSG00000226245,ZNF32-AS1,2,0.0,0.04431716820774163,0.0
ENSG00000226249,ENSG00000226249,2,0.0,0.00040829734256642364,0.0
ENSG00000226251,LINC02608,2,0.0,0.00142872152093364,0.0
ENSG00000226097,ENSG00000226097,2,0.0,0.02891260295348419,0.0
ENSG00000226085,UQCRFS1P1,2,0.0,0.0,0.0
ENSG00000225940,C5orf67,2,0.0,0.0002802912117823822,0.0
ENSG00000226009,KCNIP2-AS1,2,0.0,0.0023124879072911734,0.0
ENSG00000225945,ZFAND3-DT,2,0.0,0.0059718723392494935,0.0
ENSG00000225950,NTF4,2,0.0,0.0,0.0
ENSG00000225951,ODF2-AS1,2,0.0,0.051853916462210936,0.0
ENSG00000225952,ENSG00000225952,2,0.0,0.0,0.0
ENSG00000225953,SATB2-AS1,2,0.0,0.0018043711976757691,0.0
ENSG00000225956,ENSG00000225956,2,0.0,0.0,0.0
ENSG00000225963,ENSG00000225963,2,0.0,0.0,0.0
ENSG00000225964,NRIR,2,0.0,0.0,0.0
ENSG00000225975,ZNF567-DT,2,0.0,0.009027692868559326,0.0
ENSG00000225981,MICALL2-DT,2,0.0,0.0,0.0
ENSG00000226002,GTF2IP14,2,0.0,0.0,0.0
ENSG00000226010,ENSG00000226010,2,0.0,0.0,0.0
ENSG00000226079,ENSG00000226079,2,0.0,0.001774322286715628,0.0
ENSG00000226017,PRICKLE2-AS3,2,0.0,0.0005258867178447761,0.0
ENSG00000226022,ENSG00000226022,2,0.0,0.0028921478213588536,0.0
ENSG00000226026,RWDD3-DT,2,0.0,0.006831735950367991,0.0
ENSG00000226029,LINC01772,2,0.0,0.0,0.0
ENSG00000226031,FGF13-AS1,2,0.0,0.0004279768791355338,0.0
ENSG00000226032,ENSG00000226032,2,0.0,0.0048356232155487636,0.0
ENSG00000226043,ENSG00000226043,2,0.0,0.0,0.0
ENSG00000226051,ZNF503-AS1,2,0.0,0.0,0.0
ENSG00000226055,PAICSP1,2,0.0,0.0,0.0
ENSG00000226056,MTND4P32,2,0.0,0.0,0.0
ENSG00000226070,LINC00951,2,0.0,0.0010473122776335493,0.0
ENSG00000292309,ENSG00000292309,2,0.0,0.0012106382197808927,0.0
