 ,names,degree,harmonic,eigenvector_centrality,betweenness
ENSG00000000003,TSPAN6,0,0.0,1.0,0.0
ENSG00000188343,CIBAR1,0,0.0,1.0,0.0
ENSG00000188315,C3orf62,0,0.0,1.0,0.0
ENSG00000188290,HES4,0,0.0,1.0,0.0
ENSG00000188283,ZNF383,0,0.0,1.0,0.0
ENSG00000188243,COMMD6,0,0.0,1.0,0.0
ENSG00000188234,AGAP4,0,0.0,1.0,0.0
ENSG00000188223,ENSG00000188223,0,0.0,1.0,0.0
ENSG00000188211,NCR3LG1,0,0.0,1.0,0.0
ENSG00000188185,LINC00265,0,0.0,1.0,0.0
ENSG00000188157,AGRN,0,0.0,1.0,0.0
ENSG00000188130,MAPK12,0,0.0,1.0,0.0
ENSG00000188107,EYS,0,0.0,1.0,0.0
ENSG00000188092,GPR89B,0,0.0,1.0,0.0
ENSG00000188070,ZFTA,0,0.0,1.0,0.0
ENSG00000188064,WNT7B,0,0.0,1.0,0.0
ENSG00000188033,ZNF490,0,0.0,1.0,0.0
ENSG00000188021,UBQLN2,0,0.0,1.0,0.0
ENSG00000188010,MORN2,0,0.0,1.0,0.0
ENSG00000188002,PDCD6P1,0,0.0,1.0,0.0
ENSG00000188001,TPRG1,0,0.0,1.0,0.0
ENSG00000187987,ZSCAN23,0,0.0,1.0,0.0
ENSG00000187954,ZFTRAF1,0,0.0,1.0,0.0
ENSG00000188321,ZNF559,0,0.0,1.0,0.0
ENSG00000188393,CLEC2A,0,0.0,1.0,0.0
ENSG00000187866,PABIR1,0,0.0,1.0,0.0
ENSG00000188419,CHM,0,0.0,1.0,0.0
ENSG00000188938,FAM120AOS,0,0.0,1.0,0.0
ENSG00000188921,HACD4,0,0.0,1.0,0.0
ENSG00000188917,TRMT2B,0,0.0,1.0,0.0
ENSG00000188916,INSYN2A,0,0.0,1.0,0.0
ENSG00000188897,ENSG00000188897,0,0.0,1.0,0.0
ENSG00000188895,MSL1,0,0.0,1.0,0.0
ENSG00000188878,FBF1,0,0.0,1.0,0.0
ENSG00000188827,SLX4,0,0.0,1.0,0.0
ENSG00000188811,NHLRC3,0,0.0,1.0,0.0
ENSG00000188786,MTF1,0,0.0,1.0,0.0
ENSG00000188785,ZNF548,0,0.0,1.0,0.0
ENSG00000188747,NOXA1,0,0.0,1.0,0.0
ENSG00000188730,VWC2,0,0.0,1.0,0.0
ENSG00000188706,ZDHHC9,0,0.0,1.0,0.0
ENSG00000188636,RTL6,0,0.0,1.0,0.0
ENSG00000188629,ZNF177,0,0.0,1.0,0.0
ENSG00000188554,NBR1,0,0.0,1.0,0.0
ENSG00000188523,CFAP77,0,0.0,1.0,0.0
ENSG00000188501,LCTL,0,0.0,1.0,0.0
ENSG00000188467,SLC24A5,0,0.0,1.0,0.0
ENSG00000188428,BLOC1S5,0,0.0,1.0,0.0
ENSG00000187953,PMS2CL,0,0.0,1.0,0.0
ENSG00000187838,PLSCR3,0,0.0,1.0,0.0
ENSG00000188993,LRRC66,0,0.0,1.0,0.0
ENSG00000187122,SLIT1,0,0.0,1.0,0.0
ENSG00000187105,HEATR4,0,0.0,1.0,0.0
ENSG00000187097,ENTPD5,0,0.0,1.0,0.0
ENSG00000187068,C3orf70,0,0.0,1.0,0.0
ENSG00000187049,TMEM216,0,0.0,1.0,0.0
ENSG00000187037,GPR141,0,0.0,1.0,0.0
ENSG00000187024,PTRH1,0,0.0,1.0,0.0
ENSG00000186973,CFAP144,0,0.0,1.0,0.0
ENSG00000186918,ZNF395,0,0.0,1.0,0.0
ENSG00000186908,ZDHHC17,0,0.0,1.0,0.0
ENSG00000186868,MAPT,0,0.0,1.0,0.0
ENSG00000186866,POFUT2,0,0.0,1.0,0.0
ENSG00000186814,ZSCAN30,0,0.0,1.0,0.0
ENSG00000186812,ZNF397,0,0.0,1.0,0.0
ENSG00000186787,SPIN2B,0,0.0,1.0,0.0
ENSG00000186767,SPIN4,0,0.0,1.0,0.0
ENSG00000186684,CYP27C1,0,0.0,1.0,0.0
ENSG00000186666,BCDIN3D,0,0.0,1.0,0.0
ENSG00000186654,PRR5,0,0.0,1.0,0.0
ENSG00000186638,KIF24,0,0.0,1.0,0.0
ENSG00000186615,KTN1-AS1,0,0.0,1.0,0.0
ENSG00000186591,UBE2H,0,0.0,1.0,0.0
ENSG00000187118,CMC1,0,0.0,1.0,0.0
ENSG00000187144,SPATA21,0,0.0,1.0,0.0
ENSG00000187815,ZFP69,0,0.0,1.0,0.0
ENSG00000187187,ZNF546,0,0.0,1.0,0.0
ENSG00000187801,ZFP69B,0,0.0,1.0,0.0
ENSG00000187792,ZNF70,0,0.0,1.0,0.0
ENSG00000187753,C9orf153,0,0.0,1.0,0.0
ENSG00000187742,SECISBP2,0,0.0,1.0,0.0
ENSG00000187735,TCEA1,0,0.0,1.0,0.0
ENSG00000187699,C2orf88,0,0.0,1.0,0.0
ENSG00000187676,B3GLCT,0,0.0,1.0,0.0
ENSG00000187672,ERC2,0,0.0,1.0,0.0
ENSG00000187630,DHRS4L2,0,0.0,1.0,0.0
ENSG00000187626,ZKSCAN4,0,0.0,1.0,0.0
ENSG00000187624,LIAT1,0,0.0,1.0,0.0
ENSG00000187608,ISG15,0,0.0,1.0,0.0
ENSG00000187605,TET3,0,0.0,1.0,0.0
ENSG00000187601,MAGEH1,0,0.0,1.0,0.0
ENSG00000187595,ZNF385C,0,0.0,1.0,0.0
ENSG00000187372,PCDHB13,0,0.0,1.0,0.0
ENSG00000187325,TAF9B,0,0.0,1.0,0.0
ENSG00000187258,NPSR1,0,0.0,1.0,0.0
ENSG00000187257,RSBN1L,0,0.0,1.0,0.0
ENSG00000187239,FNBP1,0,0.0,1.0,0.0
ENSG00000187189,TSPYL4,0,0.0,1.0,0.0
ENSG00000188992,LIPI,0,0.0,1.0,0.0
ENSG00000188997,KCTD21,0,0.0,1.0,0.0
ENSG00000186532,SMYD4,0,0.0,1.0,0.0
ENSG00000196826,ENSG00000196826,0,0.0,1.0,0.0
ENSG00000196810,CTBP1-DT,0,0.0,1.0,0.0
ENSG00000196792,STRN3,0,0.0,1.0,0.0
ENSG00000196767,POU3F4,0,0.0,1.0,0.0
ENSG00000196757,ZNF700,0,0.0,1.0,0.0
ENSG00000196704,AMZ2,0,0.0,1.0,0.0
ENSG00000196696,PDXDC2P-NPIPB14P,0,0.0,1.0,0.0
ENSG00000196689,TRPV1,0,0.0,1.0,0.0
ENSG00000196678,ERI2,0,0.0,1.0,0.0
ENSG00000196670,ZFP62,0,0.0,1.0,0.0
ENSG00000196668,LINC00173,0,0.0,1.0,0.0
ENSG00000196663,TECPR2,0,0.0,1.0,0.0
ENSG00000196659,IFT70B,0,0.0,1.0,0.0
ENSG00000196653,ZNF502,0,0.0,1.0,0.0
ENSG00000196652,ZKSCAN5,0,0.0,1.0,0.0
ENSG00000196646,ZNF136,0,0.0,1.0,0.0
ENSG00000196632,WNK3,0,0.0,1.0,0.0
ENSG00000196597,ZNF782,0,0.0,1.0,0.0
ENSG00000196588,MRTFA,0,0.0,1.0,0.0
ENSG00000196576,PLXNB2,0,0.0,1.0,0.0
ENSG00000196562,SULF2,0,0.0,1.0,0.0
ENSG00000196557,CACNA1H,0,0.0,1.0,0.0
ENSG00000196812,ZSCAN16,0,0.0,1.0,0.0
ENSG00000196839,ADA,0,0.0,1.0,0.0
ENSG00000196526,AFAP1,0,0.0,1.0,0.0
ENSG00000196866,H2AC7,0,0.0,1.0,0.0
ENSG00000197102,DYNC1H1,0,0.0,1.0,0.0
ENSG00000197093,GAL3ST4,0,0.0,1.0,0.0
ENSG00000197085,NPSR1-AS1,0,0.0,1.0,0.0
ENSG00000197077,KIAA1671,0,0.0,1.0,0.0
ENSG00000197070,ARRDC1,0,0.0,1.0,0.0
ENSG00000197062,ZSCAN26,0,0.0,1.0,0.0
ENSG00000197061,H4C3,0,0.0,1.0,0.0
ENSG00000197054,ZNF763,0,0.0,1.0,0.0
ENSG00000197050,ZNF420,0,0.0,1.0,0.0
ENSG00000197021,EOLA2,0,0.0,1.0,0.0
ENSG00000197013,ZNF429,0,0.0,1.0,0.0
ENSG00000197006,METTL9,0,0.0,1.0,0.0
ENSG00000196981,WDR5B,0,0.0,1.0,0.0
ENSG00000196975,ANXA4,0,0.0,1.0,0.0
ENSG00000196968,FUT11,0,0.0,1.0,0.0
ENSG00000196967,ZNF585A,0,0.0,1.0,0.0
ENSG00000196951,SCOC-AS1,0,0.0,1.0,0.0
ENSG00000196937,FAM3C,0,0.0,1.0,0.0
ENSG00000196923,PDLIM7,0,0.0,1.0,0.0
ENSG00000196911,KPNA5,0,0.0,1.0,0.0
ENSG00000196867,ZFP28,0,0.0,1.0,0.0
ENSG00000196547,MAN2A2,0,0.0,1.0,0.0
ENSG00000196507,TCEAL3,0,0.0,1.0,0.0
ENSG00000189050,RNFT1,0,0.0,1.0,0.0
ENSG00000196151,WDSUB1,0,0.0,1.0,0.0
ENSG00000196132,MYT1,0,0.0,1.0,0.0
ENSG00000196123,MATCAP1,0,0.0,1.0,0.0
ENSG00000196116,TDRD7,0,0.0,1.0,0.0
ENSG00000196110,ZNF699,0,0.0,1.0,0.0
ENSG00000196083,IL1RAP,0,0.0,1.0,0.0
ENSG00000196074,SYCP2,0,0.0,1.0,0.0
ENSG00000189376,C8orf76,0,0.0,1.0,0.0
ENSG00000189367,KIAA0408,0,0.0,1.0,0.0
ENSG00000189366,ALG1L1P,0,0.0,1.0,0.0
ENSG00000189339,SLC35E2B,0,0.0,1.0,0.0
ENSG00000189319,FAM53B,0,0.0,1.0,0.0
ENSG00000189298,ZKSCAN3,0,0.0,1.0,0.0
ENSG00000189221,MAOA,0,0.0,1.0,0.0
ENSG00000189212,DPY19L2P1,0,0.0,1.0,0.0
ENSG00000189164,ZNF527,0,0.0,1.0,0.0
ENSG00000189157,FAM47E,0,0.0,1.0,0.0
ENSG00000189144,ZNF573,0,0.0,1.0,0.0
ENSG00000189136,UBE2Q2P1,0,0.0,1.0,0.0
ENSG00000189099,PRSS48,0,0.0,1.0,0.0
ENSG00000189079,ARID2,0,0.0,1.0,0.0
ENSG00000189056,RELN,0,0.0,1.0,0.0
ENSG00000196150,ZNF250,0,0.0,1.0,0.0
ENSG00000196177,ACADSB,0,0.0,1.0,0.0
ENSG00000196505,GDAP2,0,0.0,1.0,0.0
ENSG00000196189,SEMA4A,0,0.0,1.0,0.0
ENSG00000196503,ARL9,0,0.0,1.0,0.0
ENSG00000196482,ESRRG,0,0.0,1.0,0.0
ENSG00000196476,C20orf96,0,0.0,1.0,0.0
ENSG00000196466,ZNF799,0,0.0,1.0,0.0
ENSG00000196459,TRAPPC2,0,0.0,1.0,0.0
ENSG00000196453,ZNF777,0,0.0,1.0,0.0
ENSG00000196437,ZNF569,0,0.0,1.0,0.0
ENSG00000196428,TSC22D2,0,0.0,1.0,0.0
ENSG00000196391,ZNF774,0,0.0,1.0,0.0
ENSG00000196387,ZNF140,0,0.0,1.0,0.0
ENSG00000196369,SRGAP2B,0,0.0,1.0,0.0
ENSG00000196367,TRRAP,0,0.0,1.0,0.0
ENSG00000196361,ELAVL3,0,0.0,1.0,0.0
ENSG00000196357,ZNF565,0,0.0,1.0,0.0
ENSG00000196345,ZKSCAN7,0,0.0,1.0,0.0
ENSG00000196338,NLGN3,0,0.0,1.0,0.0
ENSG00000196295,GARS1-DT,0,0.0,1.0,0.0
ENSG00000196275,GTF2IRD2,0,0.0,1.0,0.0
ENSG00000196263,ZNF471,0,0.0,1.0,0.0
ENSG00000196236,XPNPEP3,0,0.0,1.0,0.0
ENSG00000196204,RNF216P1,0,0.0,1.0,0.0
ENSG00000186566,GPATCH8,0,0.0,1.0,0.0
ENSG00000186501,TMEM222,0,0.0,1.0,0.0
ENSG00000197122,SRC,0,0.0,1.0,0.0
ENSG00000184056,VPS33B,0,0.0,1.0,0.0
ENSG00000184009,ACTG1,0,0.0,1.0,0.0
ENSG00000184007,PTP4A2,0,0.0,1.0,0.0
ENSG00000183914,DNAH2,0,0.0,1.0,0.0
ENSG00000183908,LRRC55,0,0.0,1.0,0.0
ENSG00000183891,TTC32,0,0.0,1.0,0.0
ENSG00000183850,ZNF730,0,0.0,1.0,0.0
ENSG00000183840,GPR39,0,0.0,1.0,0.0
ENSG00000183837,PNMA3,0,0.0,1.0,0.0
ENSG00000183831,ANKRD45,0,0.0,1.0,0.0
ENSG00000183828,NUDT14,0,0.0,1.0,0.0
ENSG00000183785,TUBA8,0,0.0,1.0,0.0
ENSG00000183762,KREMEN1,0,0.0,1.0,0.0
ENSG00000183718,TRIM52,0,0.0,1.0,0.0
ENSG00000183671,CMKLR2,0,0.0,1.0,0.0
ENSG00000183666,GUSBP1,0,0.0,1.0,0.0
ENSG00000183655,KLHL25,0,0.0,1.0,0.0
ENSG00000183654,MARCHF11,0,0.0,1.0,0.0
ENSG00000183624,HMCES,0,0.0,1.0,0.0
ENSG00000183580,FBXL7,0,0.0,1.0,0.0
ENSG00000183513,COA5,0,0.0,1.0,0.0
ENSG00000183496,MEX3B,0,0.0,1.0,0.0
ENSG00000184047,DIABLO,0,0.0,1.0,0.0
ENSG00000184060,ADAP2,0,0.0,1.0,0.0
ENSG00000183475,ASB7,0,0.0,1.0,0.0
ENSG00000184083,FAM120C,0,0.0,1.0,0.0
ENSG00000184465,WDR27,0,0.0,1.0,0.0
ENSG00000184402,SS18L1,0,0.0,1.0,0.0
ENSG00000184381,PLA2G6,0,0.0,1.0,0.0
ENSG00000184374,COLEC10,0,0.0,1.0,0.0
ENSG00000184371,CSF1,0,0.0,1.0,0.0
ENSG00000184368,MAP7D2,0,0.0,1.0,0.0
ENSG00000184349,EFNA5,0,0.0,1.0,0.0
ENSG00000184313,MROH7,0,0.0,1.0,0.0
ENSG00000184304,PRKD1,0,0.0,1.0,0.0
ENSG00000184277,TM2D3,0,0.0,1.0,0.0
ENSG00000184270,H2AC21,0,0.0,1.0,0.0
ENSG00000184232,OAF,0,0.0,1.0,0.0
ENSG00000184209,SNRNP35,0,0.0,1.0,0.0
ENSG00000184207,PGP,0,0.0,1.0,0.0
ENSG00000184205,TSPYL2,0,0.0,1.0,0.0
ENSG00000184203,PPP1R2,0,0.0,1.0,0.0
ENSG00000184194,GPR173,0,0.0,1.0,0.0
ENSG00000184156,KCNQ3,0,0.0,1.0,0.0
ENSG00000184154,LRRC51,0,0.0,1.0,0.0
ENSG00000184144,CNTN2,0,0.0,1.0,0.0
ENSG00000184117,NIPSNAP1,0,0.0,1.0,0.0
ENSG00000183495,EP400,0,0.0,1.0,0.0
ENSG00000183426,NPIPA1,0,0.0,1.0,0.0
ENSG00000184517,ZFP1,0,0.0,1.0,0.0
ENSG00000182858,ALG12,0,0.0,1.0,0.0
ENSG00000182809,CRIP2,0,0.0,1.0,0.0
ENSG00000182796,TMEM198B,0,0.0,1.0,0.0
ENSG00000182771,GRID1,0,0.0,1.0,0.0
ENSG00000182752,PAPPA,0,0.0,1.0,0.0
ENSG00000182749,PAQR7,0,0.0,1.0,0.0
ENSG00000182718,ANXA2,0,0.0,1.0,0.0
ENSG00000182674,KCNB2,0,0.0,1.0,0.0
ENSG00000182636,NDN,0,0.0,1.0,0.0
ENSG00000182606,TRAK1,0,0.0,1.0,0.0
ENSG00000182600,SNORC,0,0.0,1.0,0.0
ENSG00000182580,EPHB3,0,0.0,1.0,0.0
ENSG00000182552,RWDD4,0,0.0,1.0,0.0
ENSG00000182534,MXRA7,0,0.0,1.0,0.0
ENSG00000182533,CAV3,0,0.0,1.0,0.0
ENSG00000182518,VCF2,0,0.0,1.0,0.0
ENSG00000182508,LHFPL1,0,0.0,1.0,0.0
ENSG00000182504,CEP97,0,0.0,1.0,0.0
ENSG00000182400,TRAPPC6B,0,0.0,1.0,0.0
ENSG00000182362,YBEY,0,0.0,1.0,0.0
ENSG00000182359,KBTBD3,0,0.0,1.0,0.0
ENSG00000182326,C1S,0,0.0,1.0,0.0
ENSG00000182831,HAPSTR1,0,0.0,1.0,0.0
ENSG00000182916,TCEAL7,0,0.0,1.0,0.0
ENSG00000183401,CCDC159,0,0.0,1.0,0.0
ENSG00000182919,C11orf54,0,0.0,1.0,0.0
ENSG00000183346,CABCOCO1,0,0.0,1.0,0.0
ENSG00000183340,JRKL,0,0.0,1.0,0.0
ENSG00000183323,CCDC125,0,0.0,1.0,0.0
ENSG00000183308,ENSG00000183308,0,0.0,1.0,0.0
ENSG00000183283,DAZAP2,0,0.0,1.0,0.0
ENSG00000183273,CCDC60,0,0.0,1.0,0.0
ENSG00000183255,PTTG1IP,0,0.0,1.0,0.0
ENSG00000183248,PRR36,0,0.0,1.0,0.0
ENSG00000183186,C2CD4C,0,0.0,1.0,0.0
ENSG00000183172,SMDT1,0,0.0,1.0,0.0
ENSG00000183155,RABIF,0,0.0,1.0,0.0
ENSG00000183150,GPR19,0,0.0,1.0,0.0
ENSG00000183137,CEP57L1,0,0.0,1.0,0.0
ENSG00000183111,ARHGEF37,0,0.0,1.0,0.0
ENSG00000183098,GPC6,0,0.0,1.0,0.0
ENSG00000183060,LYSMD4,0,0.0,1.0,0.0
ENSG00000183036,PCP4,0,0.0,1.0,0.0
ENSG00000183020,AP2A2,0,0.0,1.0,0.0
ENSG00000182993,C12orf60,0,0.0,1.0,0.0
ENSG00000182973,CNOT10,0,0.0,1.0,0.0
ENSG00000182923,CEP63,0,0.0,1.0,0.0
ENSG00000184470,TXNRD2,0,0.0,1.0,0.0
ENSG00000184588,PDE4B,0,0.0,1.0,0.0
ENSG00000186487,MYT1L,0,0.0,1.0,0.0
ENSG00000185989,RASA3,0,0.0,1.0,0.0
ENSG00000185973,TMLHE,0,0.0,1.0,0.0
ENSG00000185950,IRS2,0,0.0,1.0,0.0
ENSG00000185946,RNPC3,0,0.0,1.0,0.0
ENSG00000185924,RTN4RL1,0,0.0,1.0,0.0
ENSG00000185909,KLHDC8B,0,0.0,1.0,0.0
ENSG00000185900,POMK,0,0.0,1.0,0.0
ENSG00000185880,TRIM69,0,0.0,1.0,0.0
ENSG00000185875,THNSL1,0,0.0,1.0,0.0
ENSG00000185829,ARL17A,0,0.0,1.0,0.0
ENSG00000185811,IKZF1,0,0.0,1.0,0.0
ENSG00000185808,PIGP,0,0.0,1.0,0.0
ENSG00000185800,DMWD,0,0.0,1.0,0.0
ENSG00000185774,KCNIP4,0,0.0,1.0,0.0
ENSG00000185753,CXorf38,0,0.0,1.0,0.0
ENSG00000185745,IFIT1,0,0.0,1.0,0.0
ENSG00000185722,ANKFY1,0,0.0,1.0,0.0
ENSG00000185716,MOSMO,0,0.0,1.0,0.0
ENSG00000185652,NTF3,0,0.0,1.0,0.0
ENSG00000185650,ZFP36L1,0,0.0,1.0,0.0
ENSG00000185634,SHC4,0,0.0,1.0,0.0
ENSG00000185621,LMLN,0,0.0,1.0,0.0
ENSG00000185986,SDHAP3,0,0.0,1.0,0.0
ENSG00000186001,LRCH3,0,0.0,1.0,0.0
ENSG00000185561,TLCD2,0,0.0,1.0,0.0
ENSG00000186007,LEMD1,0,0.0,1.0,0.0
ENSG00000186479,RGS7BP,0,0.0,1.0,0.0
ENSG00000186472,PCLO,0,0.0,1.0,0.0
ENSG00000186453,FAM228A,0,0.0,1.0,0.0
ENSG00000186446,ZNF501,0,0.0,1.0,0.0
ENSG00000186417,GLDN,0,0.0,1.0,0.0
ENSG00000186376,ZNF75D,0,0.0,1.0,0.0
ENSG00000186350,RXRA,0,0.0,1.0,0.0
ENSG00000186318,BACE1,0,0.0,1.0,0.0
ENSG00000186300,ZNF555,0,0.0,1.0,0.0
ENSG00000186280,KDM4D,0,0.0,1.0,0.0
ENSG00000186272,ZNF17,0,0.0,1.0,0.0
ENSG00000186260,MRTFB,0,0.0,1.0,0.0
ENSG00000186231,KLHL32,0,0.0,1.0,0.0
ENSG00000186187,ZNRF1,0,0.0,1.0,0.0
ENSG00000186166,CENATAC,0,0.0,1.0,0.0
ENSG00000186132,C2orf76,0,0.0,1.0,0.0
ENSG00000186106,ANKRD46,0,0.0,1.0,0.0
ENSG00000186104,CYP2R1,0,0.0,1.0,0.0
ENSG00000186073,CDIN1,0,0.0,1.0,0.0
ENSG00000186026,ZNF284,0,0.0,1.0,0.0
ENSG00000186020,ZNF529,0,0.0,1.0,0.0
ENSG00000185619,PCGF3,0,0.0,1.0,0.0
ENSG00000185559,DLK1,0,0.0,1.0,0.0
ENSG00000184602,SNN,0,0.0,1.0,0.0
ENSG00000185024,BRF1,0,0.0,1.0,0.0
ENSG00000185019,UBOX5,0,0.0,1.0,0.0
ENSG00000185015,CA13,0,0.0,1.0,0.0
ENSG00000185010,F8,0,0.0,1.0,0.0
ENSG00000185009,AP3M1,0,0.0,1.0,0.0
ENSG00000185008,ROBO2,0,0.0,1.0,0.0
ENSG00000185000,DGAT1,0,0.0,1.0,0.0
ENSG00000184988,TMEM106A,0,0.0,1.0,0.0
ENSG00000184984,CHRM5,0,0.0,1.0,0.0
ENSG00000184903,IMMP2L,0,0.0,1.0,0.0
ENSG00000184863,RBM33,0,0.0,1.0,0.0
ENSG00000184857,TMEM186,0,0.0,1.0,0.0
ENSG00000184831,APOO,0,0.0,1.0,0.0
ENSG00000184788,SATL1,0,0.0,1.0,0.0
ENSG00000184752,NDUFA12,0,0.0,1.0,0.0
ENSG00000184743,ATL3,0,0.0,1.0,0.0
ENSG00000184719,RNLS,0,0.0,1.0,0.0
ENSG00000184708,EIF4ENIF1,0,0.0,1.0,0.0
ENSG00000184702,SEPTIN5,0,0.0,1.0,0.0
ENSG00000184678,H2BC21,0,0.0,1.0,0.0
ENSG00000184634,MED12,0,0.0,1.0,0.0
ENSG00000184619,KRBA2,0,0.0,1.0,0.0
ENSG00000185022,MAFF,0,0.0,1.0,0.0
ENSG00000185049,NELFA,0,0.0,1.0,0.0
ENSG00000185513,L3MBTL1,0,0.0,1.0,0.0
ENSG00000185055,EFCAB10,0,0.0,1.0,0.0
ENSG00000185495,SEPTIN7P13,0,0.0,1.0,0.0
ENSG00000185485,SDHAP1,0,0.0,1.0,0.0
ENSG00000185482,STAC3,0,0.0,1.0,0.0
ENSG00000185475,TMEM179B,0,0.0,1.0,0.0
ENSG00000185437,SH3BGR,0,0.0,1.0,0.0
ENSG00000185418,TARS3,0,0.0,1.0,0.0
ENSG00000185361,TNFAIP8L1,0,0.0,1.0,0.0
ENSG00000185324,CDK10,0,0.0,1.0,0.0
ENSG00000185305,ARL15,0,0.0,1.0,0.0
ENSG00000185278,ZBTB37,0,0.0,1.0,0.0
ENSG00000185272,RBM11,0,0.0,1.0,0.0
ENSG00000185267,CDNF,0,0.0,1.0,0.0
ENSG00000185262,UBALD2,0,0.0,1.0,0.0
ENSG00000185215,TNFAIP2,0,0.0,1.0,0.0
ENSG00000185201,IFITM2,0,0.0,1.0,0.0
ENSG00000185189,NRBP2,0,0.0,1.0,0.0
ENSG00000185158,LRRC37B,0,0.0,1.0,0.0
ENSG00000185149,NPY2R,0,0.0,1.0,0.0
ENSG00000185129,PURA,0,0.0,1.0,0.0
ENSG00000185104,FAF1,0,0.0,1.0,0.0
ENSG00000185100,ADSS1,0,0.0,1.0,0.0
ENSG00000197119,SLC25A29,0,0.0,1.0,0.0
ENSG00000197124,ZNF682,0,0.0,1.0,0.0
ENSG00000182256,GABRG3,0,0.0,1.0,0.0
ENSG00000205726,ITSN1,0,0.0,1.0,0.0
ENSG00000205643,CDPF1,0,0.0,1.0,0.0
ENSG00000205639,MFSD2B,0,0.0,1.0,0.0
ENSG00000205632,LINC01310,0,0.0,1.0,0.0
ENSG00000205629,LCMT1,0,0.0,1.0,0.0
ENSG00000205593,DENND6B,0,0.0,1.0,0.0
ENSG00000205559,CHKB-DT,0,0.0,1.0,0.0
ENSG00000205544,TMEM256,0,0.0,1.0,0.0
ENSG00000205542,TMSB4X,0,0.0,1.0,0.0
ENSG00000205531,NAP1L4,0,0.0,1.0,0.0
ENSG00000205423,CNEP1R1,0,0.0,1.0,0.0
ENSG00000205356,TECPR1,0,0.0,1.0,0.0
ENSG00000205336,ADGRG1,0,0.0,1.0,0.0
ENSG00000205323,SARNP,0,0.0,1.0,0.0
ENSG00000205309,NT5M,0,0.0,1.0,0.0
ENSG00000205302,SNX2,0,0.0,1.0,0.0
ENSG00000205268,PDE7A,0,0.0,1.0,0.0
ENSG00000205209,SCGB2B2,0,0.0,1.0,0.0
ENSG00000205155,PSENEN,0,0.0,1.0,0.0
ENSG00000205133,TRIQK,0,0.0,1.0,0.0
ENSG00000205129,CFAP96,0,0.0,1.0,0.0
ENSG00000205084,TMEM231,0,0.0,1.0,0.0
ENSG00000205707,ETFRF1,0,0.0,1.0,0.0
ENSG00000205730,ITPRIPL2,0,0.0,1.0,0.0
ENSG00000204967,PCDHA4,0,0.0,1.0,0.0
ENSG00000205740,ENSG00000205740,0,0.0,1.0,0.0
ENSG00000212916,MAP10,0,0.0,1.0,0.0
ENSG00000212719,LINC02693,0,0.0,1.0,0.0
ENSG00000211584,SLC48A1,0,0.0,1.0,0.0
ENSG00000211448,DIO2,0,0.0,1.0,0.0
ENSG00000207751,ENSG00000207751,0,0.0,1.0,0.0
ENSG00000206562,METTL6,0,0.0,1.0,0.0
ENSG00000206561,COLQ,0,0.0,1.0,0.0
ENSG00000206560,ANKRD28,0,0.0,1.0,0.0
ENSG00000206559,ZCWPW2,0,0.0,1.0,0.0
ENSG00000206549,ENSG00000206549,0,0.0,1.0,0.0
ENSG00000206535,LNP1,0,0.0,1.0,0.0
ENSG00000206432,TMEM200C,0,0.0,1.0,0.0
ENSG00000206417,H1-10-AS1,0,0.0,1.0,0.0
ENSG00000206077,ZDHHC11B,0,0.0,1.0,0.0
ENSG00000206028,ENSG00000206028,0,0.0,1.0,0.0
ENSG00000205959,ENSG00000205959,0,0.0,1.0,0.0
ENSG00000205929,EPCIP,0,0.0,1.0,0.0
ENSG00000205913,SRRM2-AS1,0,0.0,1.0,0.0
ENSG00000205903,ZNF316,0,0.0,1.0,0.0
ENSG00000205808,PLPP6,0,0.0,1.0,0.0
ENSG00000205771,CATSPER2P1,0,0.0,1.0,0.0
ENSG00000204977,TRIM13,0,0.0,1.0,0.0
ENSG00000204965,PCDHA5,0,0.0,1.0,0.0
ENSG00000213015,ZNF580,0,0.0,1.0,0.0
ENSG00000204366,ZBTB12,0,0.0,1.0,0.0
ENSG00000204344,WHR1,0,0.0,1.0,0.0
ENSG00000204334,ERICH2,0,0.0,1.0,0.0
ENSG00000204305,AGER,0,0.0,1.0,0.0
ENSG00000204304,PBX2,0,0.0,1.0,0.0
ENSG00000204291,COL15A1,0,0.0,1.0,0.0
ENSG00000204272,NBDY,0,0.0,1.0,0.0
ENSG00000204262,COL5A2,0,0.0,1.0,0.0
ENSG00000204257,HLA-DMA,0,0.0,1.0,0.0
ENSG00000204231,RXRB,0,0.0,1.0,0.0
ENSG00000204219,TCEA3,0,0.0,1.0,0.0
ENSG00000204186,ZDBF2,0,0.0,1.0,0.0
ENSG00000204178,MACO1,0,0.0,1.0,0.0
ENSG00000204177,BMS1P1,0,0.0,1.0,0.0
ENSG00000204160,ZDHHC18,0,0.0,1.0,0.0
ENSG00000204152,TIMM23B,0,0.0,1.0,0.0
ENSG00000204149,AGAP6,0,0.0,1.0,0.0
ENSG00000204147,ASAH2B,0,0.0,1.0,0.0
ENSG00000204138,PHACTR4,0,0.0,1.0,0.0
ENSG00000204120,GIGYF2,0,0.0,1.0,0.0
ENSG00000204116,CHIC1,0,0.0,1.0,0.0
ENSG00000204104,TRAF3IP1,0,0.0,1.0,0.0
ENSG00000204348,DXO,0,0.0,1.0,0.0
ENSG00000204380,PKP4-AS1,0,0.0,1.0,0.0
ENSG00000204954,UQCC6,0,0.0,1.0,0.0
ENSG00000204388,HSPA1B,0,0.0,1.0,0.0
ENSG00000204946,ZNF783,0,0.0,1.0,0.0
ENSG00000204929,LINC02934,0,0.0,1.0,0.0
ENSG00000204923,FBXO48,0,0.0,1.0,0.0
ENSG00000204859,ZBTB48,0,0.0,1.0,0.0
ENSG00000204842,ATXN2,0,0.0,1.0,0.0
ENSG00000204815,ODAD4,0,0.0,1.0,0.0
ENSG00000204764,RANBP17,0,0.0,1.0,0.0
ENSG00000204685,STARD7-AS1,0,0.0,1.0,0.0
ENSG00000204682,MIR1915HG,0,0.0,1.0,0.0
ENSG00000204624,DISP3,0,0.0,1.0,0.0
ENSG00000204623,POLR1HASP,0,0.0,1.0,0.0
ENSG00000204619,PPP1R11,0,0.0,1.0,0.0
ENSG00000204580,DDR1,0,0.0,1.0,0.0
ENSG00000204576,PRR3,0,0.0,1.0,0.0
ENSG00000204569,PPP1R10,0,0.0,1.0,0.0
ENSG00000204564,C6orf136,0,0.0,1.0,0.0
ENSG00000204524,ZNF805,0,0.0,1.0,0.0
ENSG00000204519,ZNF551,0,0.0,1.0,0.0
ENSG00000204498,NFKBIL1,0,0.0,1.0,0.0
ENSG00000204427,ABHD16A,0,0.0,1.0,0.0
ENSG00000204389,HSPA1A,0,0.0,1.0,0.0
ENSG00000212978,ENSG00000212978,0,0.0,1.0,0.0
ENSG00000213062,ENSG00000213062,0,0.0,1.0,0.0
ENSG00000204065,TCEAL5,0,0.0,1.0,0.0
ENSG00000215105,TTC3P1,0,0.0,1.0,0.0
ENSG00000215039,CD27-AS1,0,0.0,1.0,0.0
ENSG00000215018,COL28A1,0,0.0,1.0,0.0
ENSG00000215012,RTL10,0,0.0,1.0,0.0
ENSG00000214960,CRPPA,0,0.0,1.0,0.0
ENSG00000214955,ENSG00000214955,0,0.0,1.0,0.0
ENSG00000214944,ARHGEF28,0,0.0,1.0,0.0
ENSG00000214941,ZSWIM7,0,0.0,1.0,0.0
ENSG00000214900,LINC01588,0,0.0,1.0,0.0
ENSG00000214866,DCDC2C,0,0.0,1.0,0.0
ENSG00000214827,MTCP1,0,0.0,1.0,0.0
ENSG00000214783,ENSG00000214783,0,0.0,1.0,0.0
ENSG00000214776,ENSG00000214776,0,0.0,1.0,0.0
ENSG00000214765,SEPTIN7P2,0,0.0,1.0,0.0
ENSG00000214753,HNRNPUL2,0,0.0,1.0,0.0
ENSG00000214719,ENSG00000214719,0,0.0,1.0,0.0
ENSG00000214694,ARHGEF33,0,0.0,1.0,0.0
ENSG00000214655,ZSWIM8,0,0.0,1.0,0.0
ENSG00000214654,B3GALT9,0,0.0,1.0,0.0
ENSG00000214595,EML6,0,0.0,1.0,0.0
ENSG00000214517,PPME1,0,0.0,1.0,0.0
ENSG00000214491,SEC14L6,0,0.0,1.0,0.0
ENSG00000215067,ENSG00000215067,0,0.0,1.0,0.0
ENSG00000215114,UBXN2B,0,0.0,1.0,0.0
ENSG00000214439,FAM185BP,0,0.0,1.0,0.0
ENSG00000215126,ZNG1F,0,0.0,1.0,0.0
ENSG00000217576,ENSG00000217576,0,0.0,1.0,0.0
ENSG00000217555,CKLF,0,0.0,1.0,0.0
ENSG00000217128,FNIP1,0,0.0,1.0,0.0
ENSG00000215908,CROCCP2,0,0.0,1.0,0.0
ENSG00000215837,SDHAP2,0,0.0,1.0,0.0
ENSG00000215790,SLC35E2A,0,0.0,1.0,0.0
ENSG00000215788,TNFRSF25,0,0.0,1.0,0.0
ENSG00000215769,ARHGAP27P1-BPTFP1-KPNA2P3,0,0.0,1.0,0.0
ENSG00000215717,TMEM167B,0,0.0,1.0,0.0
ENSG00000215712,TMEM242,0,0.0,1.0,0.0
ENSG00000215452,ZNF663P,0,0.0,1.0,0.0
ENSG00000215440,NPEPL1,0,0.0,1.0,0.0
ENSG00000215424,MCM3AP-AS1,0,0.0,1.0,0.0
ENSG00000215375,MYL5,0,0.0,1.0,0.0
ENSG00000215374,FAM66B,0,0.0,1.0,0.0
ENSG00000215305,VPS16,0,0.0,1.0,0.0
ENSG00000215256,DHRS4-AS1,0,0.0,1.0,0.0
ENSG00000215252,GOLGA8B,0,0.0,1.0,0.0
ENSG00000215217,CFAP90,0,0.0,1.0,0.0
ENSG00000215196,BASP1-AS1,0,0.0,1.0,0.0
ENSG00000215158,GUSBP18,0,0.0,1.0,0.0
ENSG00000214456,PLIN5,0,0.0,1.0,0.0
ENSG00000214435,AS3MT,0,0.0,1.0,0.0
ENSG00000213064,SFT2D2,0,0.0,1.0,0.0
ENSG00000213928,IRF9,0,0.0,1.0,0.0
ENSG00000213918,DNASE1,0,0.0,1.0,0.0
ENSG00000213859,KCTD11,0,0.0,1.0,0.0
ENSG00000213853,EMP2,0,0.0,1.0,0.0
ENSG00000213780,GTF2H4,0,0.0,1.0,0.0
ENSG00000213753,CENPBD2P,0,0.0,1.0,0.0
ENSG00000213742,ZNF337-AS1,0,0.0,1.0,0.0
ENSG00000213699,SLC35F6,0,0.0,1.0,0.0
ENSG00000213694,S1PR3,0,0.0,1.0,0.0
ENSG00000213676,ATF6B,0,0.0,1.0,0.0
ENSG00000213639,PPP1CB,0,0.0,1.0,0.0
ENSG00000213625,LEPROT,0,0.0,1.0,0.0
ENSG00000213563,C8orf82,0,0.0,1.0,0.0
ENSG00000213523,SRA1,0,0.0,1.0,0.0
ENSG00000213420,GPC2,0,0.0,1.0,0.0
ENSG00000213366,GSTM2,0,0.0,1.0,0.0
ENSG00000213337,ANKRD39,0,0.0,1.0,0.0
ENSG00000213213,CCDC183,0,0.0,1.0,0.0
ENSG00000213190,MLLT11,0,0.0,1.0,0.0
ENSG00000213160,KLHL23,0,0.0,1.0,0.0
ENSG00000213139,CRYGS,0,0.0,1.0,0.0
ENSG00000213096,ZNF254,0,0.0,1.0,0.0
ENSG00000213920,MDP1,0,0.0,1.0,0.0
ENSG00000213930,GALT,0,0.0,1.0,0.0
ENSG00000214425,LRRC37A4P,0,0.0,1.0,0.0
ENSG00000213965,NUDT19,0,0.0,1.0,0.0
ENSG00000214413,BBIP1,0,0.0,1.0,0.0
ENSG00000214357,NEURL1B,0,0.0,1.0,0.0
ENSG00000214338,MTCL3,0,0.0,1.0,0.0
ENSG00000214300,SPDYE3,0,0.0,1.0,0.0
ENSG00000214293,APTR,0,0.0,1.0,0.0
ENSG00000214289,RPL39P5,0,0.0,1.0,0.0
ENSG00000214262,ANKRD36BP1,0,0.0,1.0,0.0
ENSG00000214226,C17orf67,0,0.0,1.0,0.0
ENSG00000214216,IQCJ,0,0.0,1.0,0.0
ENSG00000214198,TTC41P,0,0.0,1.0,0.0
ENSG00000214184,GCC2-AS1,0,0.0,1.0,0.0
ENSG00000214176,PLEKHM1P1,0,0.0,1.0,0.0
ENSG00000214174,AMZ2P1,0,0.0,1.0,0.0
ENSG00000214135,SDHAP4,0,0.0,1.0,0.0
ENSG00000214087,ARL16,0,0.0,1.0,0.0
ENSG00000214078,CPNE1,0,0.0,1.0,0.0
ENSG00000214050,FBXO16,0,0.0,1.0,0.0
ENSG00000214029,ZNF891,0,0.0,1.0,0.0
ENSG00000214013,GANC,0,0.0,1.0,0.0
ENSG00000213999,MEF2B,0,0.0,1.0,0.0
ENSG00000213977,TAX1BP3,0,0.0,1.0,0.0
ENSG00000204070,SYS1,0,0.0,1.0,0.0
ENSG00000204054,LINC00963,0,0.0,1.0,0.0
ENSG00000197128,ZNF772,0,0.0,1.0,0.0
ENSG00000197993,KEL,0,0.0,1.0,0.0
ENSG00000197980,LEKR1,0,0.0,1.0,0.0
ENSG00000197978,GOLGA6L9,0,0.0,1.0,0.0
ENSG00000197977,ELOVL2,0,0.0,1.0,0.0
ENSG00000197965,MPZL1,0,0.0,1.0,0.0
ENSG00000197951,ZNF71,0,0.0,1.0,0.0
ENSG00000197935,ZNF311,0,0.0,1.0,0.0
ENSG00000197934,CYYR1-AS1,0,0.0,1.0,0.0
ENSG00000197933,ZNF823,0,0.0,1.0,0.0
ENSG00000197930,ERO1A,0,0.0,1.0,0.0
ENSG00000197927,NBEAP2,0,0.0,1.0,0.0
ENSG00000197921,HES5,0,0.0,1.0,0.0
ENSG00000197912,SPG7,0,0.0,1.0,0.0
ENSG00000197903,H2BC12,0,0.0,1.0,0.0
ENSG00000197892,KIF13B,0,0.0,1.0,0.0
ENSG00000197885,NKIRAS1,0,0.0,1.0,0.0
ENSG00000197872,CYRIA,0,0.0,1.0,0.0
ENSG00000197863,ZNF790,0,0.0,1.0,0.0
ENSG00000197858,GPAA1,0,0.0,1.0,0.0
ENSG00000197841,ZNF181,0,0.0,1.0,0.0
ENSG00000197818,SLC9A8,0,0.0,1.0,0.0
ENSG00000197816,CCDC180,0,0.0,1.0,0.0
ENSG00000197982,C1orf122,0,0.0,1.0,0.0
ENSG00000198001,IRAK4,0,0.0,1.0,0.0
ENSG00000197782,ZNF780A,0,0.0,1.0,0.0
ENSG00000198053,SIRPA,0,0.0,1.0,0.0
ENSG00000198369,SPRED2,0,0.0,1.0,0.0
ENSG00000198363,ASPH,0,0.0,1.0,0.0
ENSG00000198355,PIM3,0,0.0,1.0,0.0
ENSG00000198342,ZNF442,0,0.0,1.0,0.0
ENSG00000198324,PHETA1,0,0.0,1.0,0.0
ENSG00000198315,ZKSCAN8,0,0.0,1.0,0.0
ENSG00000198270,TMEM116,0,0.0,1.0,0.0
ENSG00000198265,HELZ,0,0.0,1.0,0.0
ENSG00000198221,AFDN-DT,0,0.0,1.0,0.0
ENSG00000198198,SZT2,0,0.0,1.0,0.0
ENSG00000198189,HSD17B11,0,0.0,1.0,0.0
ENSG00000198185,ZNF334,0,0.0,1.0,0.0
ENSG00000198182,ZNF607,0,0.0,1.0,0.0
ENSG00000198171,DDRGK1,0,0.0,1.0,0.0
ENSG00000198168,SVIP,0,0.0,1.0,0.0
ENSG00000198160,MIER1,0,0.0,1.0,0.0
ENSG00000198155,ZNF876P,0,0.0,1.0,0.0
ENSG00000198089,SFI1,0,0.0,1.0,0.0
ENSG00000198088,NUP62CL,0,0.0,1.0,0.0
ENSG00000198075,SULT1C4,0,0.0,1.0,0.0
ENSG00000198060,MARCHF5,0,0.0,1.0,0.0
ENSG00000197808,ZNF461,0,0.0,1.0,0.0
ENSG00000197779,ZNF81,0,0.0,1.0,0.0
ENSG00000198393,ZNF26,0,0.0,1.0,0.0
ENSG00000197496,SLC2A10,0,0.0,1.0,0.0
ENSG00000197479,PCDHB11,0,0.0,1.0,0.0
ENSG00000197448,GSTK1,0,0.0,1.0,0.0
ENSG00000197429,IPP,0,0.0,1.0,0.0
ENSG00000197410,DCHS2,0,0.0,1.0,0.0
ENSG00000197409,H3C4,0,0.0,1.0,0.0
ENSG00000197405,C5AR1,0,0.0,1.0,0.0
ENSG00000197386,HTT,0,0.0,1.0,0.0
ENSG00000197375,SLC22A5,0,0.0,1.0,0.0
ENSG00000197363,ZNF517,0,0.0,1.0,0.0
ENSG00000197343,ZNF655,0,0.0,1.0,0.0
ENSG00000197332,ZNF833P,0,0.0,1.0,0.0
ENSG00000197324,LRP10,0,0.0,1.0,0.0
ENSG00000197323,TRIM33,0,0.0,1.0,0.0
ENSG00000197301,HMGA2-AS1,0,0.0,1.0,0.0
ENSG00000197296,FITM2,0,0.0,1.0,0.0
ENSG00000197261,C6orf141,0,0.0,1.0,0.0
ENSG00000197226,TBC1D9B,0,0.0,1.0,0.0
ENSG00000197223,C1D,0,0.0,1.0,0.0
ENSG00000197183,NOL4L,0,0.0,1.0,0.0
ENSG00000197162,ZNF785,0,0.0,1.0,0.0
ENSG00000197150,ABCB8,0,0.0,1.0,0.0
ENSG00000197483,ZNF628,0,0.0,1.0,0.0
ENSG00000197497,ZNF665,0,0.0,1.0,0.0
ENSG00000197776,KLHDC1,0,0.0,1.0,0.0
ENSG00000197530,MIB2,0,0.0,1.0,0.0
ENSG00000197763,TXNRD3,0,0.0,1.0,0.0
ENSG00000197753,LHFPL5,0,0.0,1.0,0.0
ENSG00000197746,PSAP,0,0.0,1.0,0.0
ENSG00000197724,PHF2,0,0.0,1.0,0.0
ENSG00000197712,FAM114A1,0,0.0,1.0,0.0
ENSG00000197702,PARVA,0,0.0,1.0,0.0
ENSG00000197653,DNAH10,0,0.0,1.0,0.0
ENSG00000197647,ZNF433,0,0.0,1.0,0.0
ENSG00000197635,DPP4,0,0.0,1.0,0.0
ENSG00000197622,CDC42SE1,0,0.0,1.0,0.0
ENSG00000197619,ZNF615,0,0.0,1.0,0.0
ENSG00000197608,ZNF841,0,0.0,1.0,0.0
ENSG00000197580,BCO2,0,0.0,1.0,0.0
ENSG00000197568,ANKRD13C-DT,0,0.0,1.0,0.0
ENSG00000197566,ZNF624,0,0.0,1.0,0.0
ENSG00000197562,RAB40C,0,0.0,1.0,0.0
ENSG00000197558,SSPOP,0,0.0,1.0,0.0
ENSG00000197557,IFT70A,0,0.0,1.0,0.0
ENSG00000197555,SIPA1L1,0,0.0,1.0,0.0
ENSG00000197548,ATG7,0,0.0,1.0,0.0
ENSG00000197535,MYO5A,0,0.0,1.0,0.0
ENSG00000198382,UVRAG,0,0.0,1.0,0.0
ENSG00000198399,ITSN2,0,0.0,1.0,0.0
ENSG00000203993,ARRDC1-AS1,0,0.0,1.0,0.0
ENSG00000203321,CARNMT1-AS1,0,0.0,1.0,0.0
ENSG00000202198,7SK,0,0.0,1.0,0.0
ENSG00000201098,RNY1,0,0.0,1.0,0.0
ENSG00000200795,RNU4-1,0,0.0,1.0,0.0
ENSG00000198960,ARMCX6,0,0.0,1.0,0.0
ENSG00000198951,NAGA,0,0.0,1.0,0.0
ENSG00000198948,MFAP3L,0,0.0,1.0,0.0
ENSG00000198945,L3MBTL3,0,0.0,1.0,0.0
ENSG00000198939,ZFP2,0,0.0,1.0,0.0
ENSG00000198937,CCDC167,0,0.0,1.0,0.0
ENSG00000198934,MAGEE1,0,0.0,1.0,0.0
ENSG00000198932,GPRASP1,0,0.0,1.0,0.0
ENSG00000198925,ATG9A,0,0.0,1.0,0.0
ENSG00000198924,DCLRE1A,0,0.0,1.0,0.0
ENSG00000198920,KIAA0753,0,0.0,1.0,0.0
ENSG00000198919,DZIP3,0,0.0,1.0,0.0
ENSG00000198909,MAP3K3,0,0.0,1.0,0.0
ENSG00000198908,GPRASP3,0,0.0,1.0,0.0
ENSG00000198876,DCAF12,0,0.0,1.0,0.0
ENSG00000198865,CCDC152,0,0.0,1.0,0.0
ENSG00000198863,RUNDC1,0,0.0,1.0,0.0
ENSG00000198862,LTN1,0,0.0,1.0,0.0
ENSG00000202538,RNU4-2,0,0.0,1.0,0.0
ENSG00000203325,ENSG00000203325,0,0.0,1.0,0.0
ENSG00000198846,TOX,0,0.0,1.0,0.0
ENSG00000203499,IQANK1,0,0.0,1.0,0.0
ENSG00000203952,CCDC160,0,0.0,1.0,0.0
ENSG00000203950,RTL8A,0,0.0,1.0,0.0
ENSG00000203943,SAMD13,0,0.0,1.0,0.0
ENSG00000203880,PCMTD2,0,0.0,1.0,0.0
ENSG00000203879,GDI1,0,0.0,1.0,0.0
ENSG00000203876,ADD3-AS1,0,0.0,1.0,0.0
ENSG00000203872,C6orf163,0,0.0,1.0,0.0
ENSG00000203867,RBM20,0,0.0,1.0,0.0
ENSG00000203865,ATP1A1-AS1,0,0.0,1.0,0.0
ENSG00000203814,H2BC18,0,0.0,1.0,0.0
ENSG00000203809,LIN28B-AS1,0,0.0,1.0,0.0
ENSG00000203799,CCDC162P,0,0.0,1.0,0.0
ENSG00000203791,EEF1AKMT2,0,0.0,1.0,0.0
ENSG00000203780,FANK1,0,0.0,1.0,0.0
ENSG00000203778,FAM229B,0,0.0,1.0,0.0
ENSG00000203734,ECT2L,0,0.0,1.0,0.0
ENSG00000203709,MIR29B2CHG,0,0.0,1.0,0.0
ENSG00000203705,TATDN3,0,0.0,1.0,0.0
ENSG00000203666,EFCAB2,0,0.0,1.0,0.0
ENSG00000203650,LINC01285,0,0.0,1.0,0.0
ENSG00000203546,ENSG00000203546,0,0.0,1.0,0.0
ENSG00000198853,RUSC2,0,0.0,1.0,0.0
ENSG00000198838,RYR3,0,0.0,1.0,0.0
ENSG00000198420,TCAF1,0,0.0,1.0,0.0
ENSG00000198673,TAFA2,0,0.0,1.0,0.0
ENSG00000198642,KLHL9,0,0.0,1.0,0.0
ENSG00000198625,MDM4,0,0.0,1.0,0.0
ENSG00000198612,COPS8,0,0.0,1.0,0.0
ENSG00000198604,BAZ1A,0,0.0,1.0,0.0
ENSG00000198590,APRG1,0,0.0,1.0,0.0
ENSG00000198585,NUDT16,0,0.0,1.0,0.0
ENSG00000198580,ENSG00000198580,0,0.0,1.0,0.0
ENSG00000198561,CTNND1,0,0.0,1.0,0.0
ENSG00000198556,ZNF789,0,0.0,1.0,0.0
ENSG00000198553,KCNRG,0,0.0,1.0,0.0
ENSG00000198551,ZNF627,0,0.0,1.0,0.0
ENSG00000198547,C20orf203,0,0.0,1.0,0.0
ENSG00000198521,ZNF43,0,0.0,1.0,0.0
ENSG00000198482,ZNF808,0,0.0,1.0,0.0
ENSG00000198478,SH3BGRL2,0,0.0,1.0,0.0
ENSG00000198466,ZNF587,0,0.0,1.0,0.0
ENSG00000198455,ZXDB,0,0.0,1.0,0.0
ENSG00000198453,ZNF568,0,0.0,1.0,0.0
ENSG00000198440,ZNF583,0,0.0,1.0,0.0
ENSG00000198435,NRARP,0,0.0,1.0,0.0
ENSG00000198429,ZNF69,0,0.0,1.0,0.0
ENSG00000198663,C6orf89,0,0.0,1.0,0.0
ENSG00000198677,SKIC3,0,0.0,1.0,0.0
ENSG00000198833,UBE2J1,0,0.0,1.0,0.0
ENSG00000198689,SLC9A6,0,0.0,1.0,0.0
ENSG00000198824,CHAMP1,0,0.0,1.0,0.0
ENSG00000198822,GRM3,0,0.0,1.0,0.0
ENSG00000198821,CD247,0,0.0,1.0,0.0
ENSG00000198818,SFT2D1,0,0.0,1.0,0.0
ENSG00000198816,ZNF358,0,0.0,1.0,0.0
ENSG00000198815,FOXJ3,0,0.0,1.0,0.0
ENSG00000198814,GK,0,0.0,1.0,0.0
ENSG00000198796,ALPK2,0,0.0,1.0,0.0
ENSG00000198792,TMEM184B,0,0.0,1.0,0.0
ENSG00000198774,RASSF9,0,0.0,1.0,0.0
ENSG00000198756,COLGALT2,0,0.0,1.0,0.0
ENSG00000198752,CDC42BPB,0,0.0,1.0,0.0
ENSG00000198740,ZNF652,0,0.0,1.0,0.0
ENSG00000198739,LRRTM3,0,0.0,1.0,0.0
ENSG00000198729,PPP1R14C,0,0.0,1.0,0.0
ENSG00000198722,UNC13B,0,0.0,1.0,0.0
ENSG00000198721,ECI2,0,0.0,1.0,0.0
ENSG00000198719,DLL1,0,0.0,1.0,0.0
ENSG00000198718,TOGARAM1,0,0.0,1.0,0.0
ENSG00000198700,IPO9,0,0.0,1.0,0.0
ENSG00000198690,FAN1,0,0.0,1.0,0.0
ENSG00000182318,ZSCAN22,0,0.0,1.0,0.0
ENSG00000182253,SYNM,0,0.0,1.0,0.0
ENSG00000219545,UMAD1,0,0.0,1.0,0.0
ENSG00000169379,ARL13B,0,0.0,1.0,0.0
ENSG00000169330,MINAR1,0,0.0,1.0,0.0
ENSG00000169255,B3GALNT1,0,0.0,1.0,0.0
ENSG00000169231,THBS3,0,0.0,1.0,0.0
ENSG00000169228,RAB24,0,0.0,1.0,0.0
ENSG00000169221,TBC1D10B,0,0.0,1.0,0.0
ENSG00000169193,CCDC126,0,0.0,1.0,0.0
ENSG00000169189,NSMCE1,0,0.0,1.0,0.0
ENSG00000169169,CPT1C,0,0.0,1.0,0.0
ENSG00000169155,ZBTB43,0,0.0,1.0,0.0
ENSG00000169129,AFAP1L2,0,0.0,1.0,0.0
ENSG00000169126,ODAD2,0,0.0,1.0,0.0
ENSG00000169122,FAM110B,0,0.0,1.0,0.0
ENSG00000169118,CSNK1G1,0,0.0,1.0,0.0
ENSG00000169064,ZBBX,0,0.0,1.0,0.0
ENSG00000169057,MECP2,0,0.0,1.0,0.0
ENSG00000169047,IRS1,0,0.0,1.0,0.0
ENSG00000169019,COMMD8,0,0.0,1.0,0.0
ENSG00000169016,E2F6,0,0.0,1.0,0.0
ENSG00000168994,PXDC1,0,0.0,1.0,0.0
ENSG00000168958,MFF,0,0.0,1.0,0.0
ENSG00000168944,CEP120,0,0.0,1.0,0.0
ENSG00000169372,CRADD,0,0.0,1.0,0.0
ENSG00000169446,MMGT1,0,0.0,1.0,0.0
ENSG00000168918,INPP5D,0,0.0,1.0,0.0
ENSG00000169515,CCDC8,0,0.0,1.0,0.0
ENSG00000169991,IFFO2,0,0.0,1.0,0.0
ENSG00000169989,TIGD4,0,0.0,1.0,0.0
ENSG00000169964,TMEM42,0,0.0,1.0,0.0
ENSG00000169957,ZNF768,0,0.0,1.0,0.0
ENSG00000169955,ZNF747,0,0.0,1.0,0.0
ENSG00000169951,ZNF764,0,0.0,1.0,0.0
ENSG00000169926,KLF13,0,0.0,1.0,0.0
ENSG00000169914,OTUD3,0,0.0,1.0,0.0
ENSG00000169826,CSGALNACT2,0,0.0,1.0,0.0
ENSG00000169814,BTD,0,0.0,1.0,0.0
ENSG00000169777,TAS2R1,0,0.0,1.0,0.0
ENSG00000169762,TAPT1,0,0.0,1.0,0.0
ENSG00000169756,LIMS1,0,0.0,1.0,0.0
ENSG00000169752,NRG4,0,0.0,1.0,0.0
ENSG00000169740,ZNF32,0,0.0,1.0,0.0
ENSG00000169738,DCXR,0,0.0,1.0,0.0
ENSG00000169733,RFNG,0,0.0,1.0,0.0
ENSG00000169660,HEXD,0,0.0,1.0,0.0
ENSG00000169635,HIC2,0,0.0,1.0,0.0
ENSG00000169609,C15orf40,0,0.0,1.0,0.0
ENSG00000169599,NFU1,0,0.0,1.0,0.0
ENSG00000168936,TMEM129,0,0.0,1.0,0.0
ENSG00000168904,LRRC28,0,0.0,1.0,0.0
ENSG00000170043,TRAPPC1,0,0.0,1.0,0.0
ENSG00000168412,MTNR1A,0,0.0,1.0,0.0
ENSG00000168386,FILIP1L,0,0.0,1.0,0.0
ENSG00000168385,SEPTIN2,0,0.0,1.0,0.0
ENSG00000168356,SCN11A,0,0.0,1.0,0.0
ENSG00000168309,FAM107A,0,0.0,1.0,0.0
ENSG00000168303,MPLKIP,0,0.0,1.0,0.0
ENSG00000168301,KCTD6,0,0.0,1.0,0.0
ENSG00000168297,PXK,0,0.0,1.0,0.0
ENSG00000168283,BMI1,0,0.0,1.0,0.0
ENSG00000168280,KIF5C,0,0.0,1.0,0.0
ENSG00000168264,IRF2BP2,0,0.0,1.0,0.0
ENSG00000168246,UBTD2,0,0.0,1.0,0.0
ENSG00000168228,ZCCHC4,0,0.0,1.0,0.0
ENSG00000168216,LMBRD1,0,0.0,1.0,0.0
ENSG00000168175,MAPK1IP1L,0,0.0,1.0,0.0
ENSG00000168159,RNF187,0,0.0,1.0,0.0
ENSG00000168152,THAP9,0,0.0,1.0,0.0
ENSG00000168140,VASN,0,0.0,1.0,0.0
ENSG00000168118,RAB4A,0,0.0,1.0,0.0
ENSG00000168116,KIAA1586,0,0.0,1.0,0.0
ENSG00000168077,SCARA3,0,0.0,1.0,0.0
ENSG00000168067,MAP4K2,0,0.0,1.0,0.0
ENSG00000168397,ATG4B,0,0.0,1.0,0.0
ENSG00000168421,RHOH,0,0.0,1.0,0.0
ENSG00000168887,C2orf68,0,0.0,1.0,0.0
ENSG00000168434,COG7,0,0.0,1.0,0.0
ENSG00000168852,TPTE2P5,0,0.0,1.0,0.0
ENSG00000168826,ZBTB49,0,0.0,1.0,0.0
ENSG00000168818,STX18,0,0.0,1.0,0.0
ENSG00000168807,SNTB2,0,0.0,1.0,0.0
ENSG00000168803,MAPDA,0,0.0,1.0,0.0
ENSG00000168795,ZBTB5,0,0.0,1.0,0.0
ENSG00000168785,TSPAN5,0,0.0,1.0,0.0
ENSG00000168781,PPIP5K1,0,0.0,1.0,0.0
ENSG00000168778,TCTN2,0,0.0,1.0,0.0
ENSG00000168765,GSTM4,0,0.0,1.0,0.0
ENSG00000168763,CNNM3,0,0.0,1.0,0.0
ENSG00000168734,PKIG,0,0.0,1.0,0.0
ENSG00000168710,AHCYL1,0,0.0,1.0,0.0
ENSG00000168679,SLC16A4,0,0.0,1.0,0.0
ENSG00000168661,ZNF30,0,0.0,1.0,0.0
ENSG00000168591,TMUB2,0,0.0,1.0,0.0
ENSG00000168575,SLC20A2,0,0.0,1.0,0.0
ENSG00000168556,ING2,0,0.0,1.0,0.0
ENSG00000168538,TRAPPC11,0,0.0,1.0,0.0
ENSG00000168476,REEP4,0,0.0,1.0,0.0
ENSG00000168438,CDC40,0,0.0,1.0,0.0
ENSG00000169992,NLGN2,0,0.0,1.0,0.0
ENSG00000170049,KCNAB3,0,0.0,1.0,0.0
ENSG00000168026,TTC21A,0,0.0,1.0,0.0
ENSG00000171621,SPSB1,0,0.0,1.0,0.0
ENSG00000171603,CLSTN1,0,0.0,1.0,0.0
ENSG00000171595,DNAI2,0,0.0,1.0,0.0
ENSG00000171503,ETFDH,0,0.0,1.0,0.0
ENSG00000171502,COL24A1,0,0.0,1.0,0.0
ENSG00000171492,LRRC8D,0,0.0,1.0,0.0
ENSG00000171475,WIPF2,0,0.0,1.0,0.0
ENSG00000171467,ZNF318,0,0.0,1.0,0.0
ENSG00000171448,ZBTB26,0,0.0,1.0,0.0
ENSG00000171368,TPPP,0,0.0,1.0,0.0
ENSG00000171365,CLCN5,0,0.0,1.0,0.0
ENSG00000171302,CANT1,0,0.0,1.0,0.0
ENSG00000171298,GAA,0,0.0,1.0,0.0
ENSG00000171295,ZNF440,0,0.0,1.0,0.0
ENSG00000171291,ZNF439,0,0.0,1.0,0.0
ENSG00000171208,NETO2,0,0.0,1.0,0.0
ENSG00000171206,TRIM8,0,0.0,1.0,0.0
ENSG00000171161,ZNF672,0,0.0,1.0,0.0
ENSG00000171160,MORN4,0,0.0,1.0,0.0
ENSG00000171155,C1GALT1C1,0,0.0,1.0,0.0
ENSG00000171150,SOCS5,0,0.0,1.0,0.0
ENSG00000171130,ATP6V0E2,0,0.0,1.0,0.0
ENSG00000171617,ENC1,0,0.0,1.0,0.0
ENSG00000171634,BPTF,0,0.0,1.0,0.0
ENSG00000171103,TRMT61B,0,0.0,1.0,0.0
ENSG00000171680,PLEKHG5,0,0.0,1.0,0.0
ENSG00000172081,MOB3A,0,0.0,1.0,0.0
ENSG00000172059,KLF11,0,0.0,1.0,0.0
ENSG00000172037,LAMB2,0,0.0,1.0,0.0
ENSG00000172014,ANKRD20A4P,0,0.0,1.0,0.0
ENSG00000172006,ZNF554,0,0.0,1.0,0.0
ENSG00000171956,FOXB1,0,0.0,1.0,0.0
ENSG00000171953,ATPAF2,0,0.0,1.0,0.0
ENSG00000171951,SCG2,0,0.0,1.0,0.0
ENSG00000171943,SRGAP2C,0,0.0,1.0,0.0
ENSG00000171862,PTEN,0,0.0,1.0,0.0
ENSG00000171853,TRAPPC12,0,0.0,1.0,0.0
ENSG00000171827,ZNF570,0,0.0,1.0,0.0
ENSG00000171823,FBXL14,0,0.0,1.0,0.0
ENSG00000171817,ZNF540,0,0.0,1.0,0.0
ENSG00000171798,KNDC1,0,0.0,1.0,0.0
ENSG00000171792,RHNO1,0,0.0,1.0,0.0
ENSG00000171786,NHLH1,0,0.0,1.0,0.0
ENSG00000171766,GATM,0,0.0,1.0,0.0
ENSG00000171757,LRRC34,0,0.0,1.0,0.0
ENSG00000171723,GPHN,0,0.0,1.0,0.0
ENSG00000171703,TCEA2,0,0.0,1.0,0.0
ENSG00000171109,MFN1,0,0.0,1.0,0.0
ENSG00000171100,MTM1,0,0.0,1.0,0.0
ENSG00000170085,SIMC1,0,0.0,1.0,0.0
ENSG00000170500,LONRF2,0,0.0,1.0,0.0
ENSG00000170469,SPATA24,0,0.0,1.0,0.0
ENSG00000170464,DNAJC18,0,0.0,1.0,0.0
ENSG00000170417,TMEM182,0,0.0,1.0,0.0
ENSG00000170412,GPRC5C,0,0.0,1.0,0.0
ENSG00000170385,SLC30A1,0,0.0,1.0,0.0
ENSG00000170365,SMAD1,0,0.0,1.0,0.0
ENSG00000170345,FOS,0,0.0,1.0,0.0
ENSG00000170324,FRMPD2,0,0.0,1.0,0.0
ENSG00000170310,STX8,0,0.0,1.0,0.0
ENSG00000170296,GABARAP,0,0.0,1.0,0.0
ENSG00000170289,CNGB3,0,0.0,1.0,0.0
ENSG00000170271,FAXDC2,0,0.0,1.0,0.0
ENSG00000170270,GON7,0,0.0,1.0,0.0
ENSG00000170266,GLB1,0,0.0,1.0,0.0
ENSG00000170248,PDCD6IP,0,0.0,1.0,0.0
ENSG00000170222,ADPRM,0,0.0,1.0,0.0
ENSG00000170191,NANP,0,0.0,1.0,0.0
ENSG00000170185,USP38,0,0.0,1.0,0.0
ENSG00000170175,CHRNB1,0,0.0,1.0,0.0
ENSG00000170144,HNRNPA3,0,0.0,1.0,0.0
ENSG00000170142,UBE2E1,0,0.0,1.0,0.0
ENSG00000170471,RALGAPB,0,0.0,1.0,0.0
ENSG00000170537,TMC7,0,0.0,1.0,0.0
ENSG00000171045,TSNARE1,0,0.0,1.0,0.0
ENSG00000170581,STAT2,0,0.0,1.0,0.0
ENSG00000170989,S1PR1,0,0.0,1.0,0.0
ENSG00000170954,ZNF415,0,0.0,1.0,0.0
ENSG00000170949,ZNF160,0,0.0,1.0,0.0
ENSG00000170946,DNAJC24,0,0.0,1.0,0.0
ENSG00000170917,NUDT6,0,0.0,1.0,0.0
ENSG00000170903,MSANTD4,0,0.0,1.0,0.0
ENSG00000170893,TRH,0,0.0,1.0,0.0
ENSG00000170892,TSEN34,0,0.0,1.0,0.0
ENSG00000170881,RNF139,0,0.0,1.0,0.0
ENSG00000170876,TMEM43,0,0.0,1.0,0.0
ENSG00000170873,MTSS1,0,0.0,1.0,0.0
ENSG00000170852,KBTBD2,0,0.0,1.0,0.0
ENSG00000170846,MRFAP1L2,0,0.0,1.0,0.0
ENSG00000170743,SYT9,0,0.0,1.0,0.0
ENSG00000170677,SOCS6,0,0.0,1.0,0.0
ENSG00000170653,ATF7,0,0.0,1.0,0.0
ENSG00000170632,ARMC10,0,0.0,1.0,0.0
ENSG00000170631,ZNF16,0,0.0,1.0,0.0
ENSG00000170629,DPY19L2P2,0,0.0,1.0,0.0
ENSG00000170619,COMMD5,0,0.0,1.0,0.0
ENSG00000170584,NUDCD2,0,0.0,1.0,0.0
ENSG00000168036,CTNNB1,0,0.0,1.0,0.0
ENSG00000168014,C2CD3,0,0.0,1.0,0.0
ENSG00000172113,NME6,0,0.0,1.0,0.0
ENSG00000166169,POLL,0,0.0,1.0,0.0
ENSG00000166135,HIF1AN,0,0.0,1.0,0.0
ENSG00000166128,RAB8B,0,0.0,1.0,0.0
ENSG00000166106,ADAMTS15,0,0.0,1.0,0.0
ENSG00000166068,SPRED1,0,0.0,1.0,0.0
ENSG00000166033,HTRA1,0,0.0,1.0,0.0
ENSG00000166025,AMOTL1,0,0.0,1.0,0.0
ENSG00000166024,R3HCC1L,0,0.0,1.0,0.0
ENSG00000165949,IFI27,0,0.0,1.0,0.0
ENSG00000165948,IFI27L1,0,0.0,1.0,0.0
ENSG00000165923,AGBL2,0,0.0,1.0,0.0
ENSG00000165915,SLC39A13,0,0.0,1.0,0.0
ENSG00000165891,E2F7,0,0.0,1.0,0.0
ENSG00000165861,ZFYVE1,0,0.0,1.0,0.0
ENSG00000165806,CASP7,0,0.0,1.0,0.0
ENSG00000165804,ZNF219,0,0.0,1.0,0.0
ENSG00000165801,ARHGEF40,0,0.0,1.0,0.0
ENSG00000165795,NDRG2,0,0.0,1.0,0.0
ENSG00000165782,PIP4P1,0,0.0,1.0,0.0
ENSG00000165775,FUNDC2,0,0.0,1.0,0.0
ENSG00000165757,JCAD,0,0.0,1.0,0.0
ENSG00000165752,STK32C,0,0.0,1.0,0.0
ENSG00000166140,ZFYVE19,0,0.0,1.0,0.0
ENSG00000166171,DPCD,0,0.0,1.0,0.0
ENSG00000165699,TSC1,0,0.0,1.0,0.0
ENSG00000166173,LARP6,0,0.0,1.0,0.0
ENSG00000166352,IFTAP,0,0.0,1.0,0.0
ENSG00000166348,USP54,0,0.0,1.0,0.0
ENSG00000166343,MSS51,0,0.0,1.0,0.0
ENSG00000166341,DCHS1,0,0.0,1.0,0.0
ENSG00000166333,ILK,0,0.0,1.0,0.0
ENSG00000166323,C11orf65,0,0.0,1.0,0.0
ENSG00000166321,NUDT13,0,0.0,1.0,0.0
ENSG00000166313,APBB1,0,0.0,1.0,0.0
ENSG00000166295,ANAPC16,0,0.0,1.0,0.0
ENSG00000166278,C2,0,0.0,1.0,0.0
ENSG00000166275,BORCS7,0,0.0,1.0,0.0
ENSG00000166272,WBP1L,0,0.0,1.0,0.0
ENSG00000166268,MYRFL,0,0.0,1.0,0.0
ENSG00000166266,CUL5,0,0.0,1.0,0.0
ENSG00000166262,FAM227B,0,0.0,1.0,0.0
ENSG00000166260,COX11,0,0.0,1.0,0.0
ENSG00000166233,ARIH1,0,0.0,1.0,0.0
ENSG00000166225,FRS2,0,0.0,1.0,0.0
ENSG00000166224,SGPL1,0,0.0,1.0,0.0
ENSG00000166199,ALKBH3,0,0.0,1.0,0.0
ENSG00000166192,SENP8,0,0.0,1.0,0.0
ENSG00000165714,BORCS5,0,0.0,1.0,0.0
ENSG00000165695,AK8,0,0.0,1.0,0.0
ENSG00000166402,TUB,0,0.0,1.0,0.0
ENSG00000165338,HECTD2,0,0.0,1.0,0.0
ENSG00000165323,FAT3,0,0.0,1.0,0.0
ENSG00000165322,ARHGAP12,0,0.0,1.0,0.0
ENSG00000165288,BRWD3,0,0.0,1.0,0.0
ENSG00000165282,PIGO,0,0.0,1.0,0.0
ENSG00000165275,TRMT10B,0,0.0,1.0,0.0
ENSG00000165259,HDX,0,0.0,1.0,0.0
ENSG00000165244,ZNF367,0,0.0,1.0,0.0
ENSG00000165240,ATP7A,0,0.0,1.0,0.0
ENSG00000165238,WNK2,0,0.0,1.0,0.0
ENSG00000165233,CARD19,0,0.0,1.0,0.0
ENSG00000165219,GAPVD1,0,0.0,1.0,0.0
ENSG00000165197,VEGFD,0,0.0,1.0,0.0
ENSG00000165195,PIGA,0,0.0,1.0,0.0
ENSG00000165181,SHOC1,0,0.0,1.0,0.0
ENSG00000165171,METTL27,0,0.0,1.0,0.0
ENSG00000165169,DYNLT3,0,0.0,1.0,0.0
ENSG00000165156,ZHX1,0,0.0,1.0,0.0
ENSG00000165124,SVEP1,0,0.0,1.0,0.0
ENSG00000165121,ENSG00000165121,0,0.0,1.0,0.0
ENSG00000165097,KDM1B,0,0.0,1.0,0.0
ENSG00000165046,LETM2,0,0.0,1.0,0.0
ENSG00000165325,DEUP1,0,0.0,1.0,0.0
ENSG00000165355,FBXO33,0,0.0,1.0,0.0
ENSG00000165669,FAM204A,0,0.0,1.0,0.0
ENSG00000165359,INTS6L,0,0.0,1.0,0.0
ENSG00000165660,ABRAXAS2,0,0.0,1.0,0.0
ENSG00000165633,VSTM4,0,0.0,1.0,0.0
ENSG00000165632,TAF3,0,0.0,1.0,0.0
ENSG00000165630,PRPF18,0,0.0,1.0,0.0
ENSG00000165591,FAAH2,0,0.0,1.0,0.0
ENSG00000165572,KBTBD6,0,0.0,1.0,0.0
ENSG00000165568,AKR1E2,0,0.0,1.0,0.0
ENSG00000165555,NOXRED1,0,0.0,1.0,0.0
ENSG00000165525,NEMF,0,0.0,1.0,0.0
ENSG00000165521,EML5,0,0.0,1.0,0.0
ENSG00000165516,KLHDC2,0,0.0,1.0,0.0
ENSG00000165487,MICU2,0,0.0,1.0,0.0
ENSG00000165476,REEP3,0,0.0,1.0,0.0
ENSG00000165475,CRYL1,0,0.0,1.0,0.0
ENSG00000165458,INPPL1,0,0.0,1.0,0.0
ENSG00000165449,SLC16A9,0,0.0,1.0,0.0
ENSG00000165443,PHYHIPL,0,0.0,1.0,0.0
ENSG00000165424,ZCCHC24,0,0.0,1.0,0.0
ENSG00000165410,CFL2,0,0.0,1.0,0.0
ENSG00000165409,TSHR,0,0.0,1.0,0.0
ENSG00000165406,MARCHF8,0,0.0,1.0,0.0
ENSG00000166398,GARRE1,0,0.0,1.0,0.0
ENSG00000166436,TRIM66,0,0.0,1.0,0.0
ENSG00000168010,ATG16L2,0,0.0,1.0,0.0
ENSG00000167554,ZNF610,0,0.0,1.0,0.0
ENSG00000167535,CACNB3,0,0.0,1.0,0.0
ENSG00000167528,ZNF641,0,0.0,1.0,0.0
ENSG00000167525,PROCA1,0,0.0,1.0,0.0
ENSG00000167523,SPATA33,0,0.0,1.0,0.0
ENSG00000167522,ANKRD11,0,0.0,1.0,0.0
ENSG00000167487,KLHL26,0,0.0,1.0,0.0
ENSG00000167380,ZNF226,0,0.0,1.0,0.0
ENSG00000167377,ZNF23,0,0.0,1.0,0.0
ENSG00000167363,FN3K,0,0.0,1.0,0.0
ENSG00000167333,TRIM68,0,0.0,1.0,0.0
ENSG00000167280,ENGASE,0,0.0,1.0,0.0
ENSG00000167257,RNF214,0,0.0,1.0,0.0
ENSG00000167244,IGF2,0,0.0,1.0,0.0
ENSG00000167220,HDHD2,0,0.0,1.0,0.0
ENSG00000167202,TBC1D2B,0,0.0,1.0,0.0
ENSG00000167196,FBXO22,0,0.0,1.0,0.0
ENSG00000167186,COQ7,0,0.0,1.0,0.0
ENSG00000167182,SP2,0,0.0,1.0,0.0
ENSG00000167113,COQ4,0,0.0,1.0,0.0
ENSG00000167110,GOLGA2,0,0.0,1.0,0.0
ENSG00000167107,ACSF2,0,0.0,1.0,0.0
ENSG00000167543,TP53I13,0,0.0,1.0,0.0
ENSG00000167555,ZNF528,0,0.0,1.0,0.0
ENSG00000167103,PIP5KL1,0,0.0,1.0,0.0
ENSG00000167565,SERTAD3,0,0.0,1.0,0.0
ENSG00000168000,BSCL2,0,0.0,1.0,0.0
ENSG00000167987,VPS37C,0,0.0,1.0,0.0
ENSG00000167978,SRRM2,0,0.0,1.0,0.0
ENSG00000167972,ABCA3,0,0.0,1.0,0.0
ENSG00000167971,CASKIN1,0,0.0,1.0,0.0
ENSG00000167930,FAM234A,0,0.0,1.0,0.0
ENSG00000167920,KRT10-AS1,0,0.0,1.0,0.0
ENSG00000167778,SPRYD3,0,0.0,1.0,0.0
ENSG00000167740,CYB5D2,0,0.0,1.0,0.0
ENSG00000167723,TRPV3,0,0.0,1.0,0.0
ENSG00000167720,SRR,0,0.0,1.0,0.0
ENSG00000167699,GLOD4,0,0.0,1.0,0.0
ENSG00000167695,TLCD3A,0,0.0,1.0,0.0
ENSG00000167685,ZNF444,0,0.0,1.0,0.0
ENSG00000167680,SEMA6B,0,0.0,1.0,0.0
ENSG00000167671,UBXN6,0,0.0,1.0,0.0
ENSG00000167637,ZNF283,0,0.0,1.0,0.0
ENSG00000167632,TRAPPC9,0,0.0,1.0,0.0
ENSG00000167614,TTYH1,0,0.0,1.0,0.0
ENSG00000167595,PROSER3,0,0.0,1.0,0.0
ENSG00000167578,RAB4B,0,0.0,1.0,0.0
ENSG00000167106,EEIG1,0,0.0,1.0,0.0
ENSG00000167100,SAMD14,0,0.0,1.0,0.0
ENSG00000166439,RNF169,0,0.0,1.0,0.0
ENSG00000166780,BMERB1,0,0.0,1.0,0.0
ENSG00000166750,SLFN5,0,0.0,1.0,0.0
ENSG00000166747,AP1G1,0,0.0,1.0,0.0
ENSG00000166741,NNMT,0,0.0,1.0,0.0
ENSG00000166734,GOLM2,0,0.0,1.0,0.0
ENSG00000166710,B2M,0,0.0,1.0,0.0
ENSG00000166707,ZCCHC18,0,0.0,1.0,0.0
ENSG00000166704,ZNF606,0,0.0,1.0,0.0
ENSG00000166689,PLEKHA7,0,0.0,1.0,0.0
ENSG00000166685,COG1,0,0.0,1.0,0.0
ENSG00000166682,TMPRSS5,0,0.0,1.0,0.0
ENSG00000166676,TVP23A,0,0.0,1.0,0.0
ENSG00000166596,CFAP52,0,0.0,1.0,0.0
ENSG00000166579,NDEL1,0,0.0,1.0,0.0
ENSG00000166578,IQCD,0,0.0,1.0,0.0
ENSG00000166548,TK2,0,0.0,1.0,0.0
ENSG00000166532,RIMKLB,0,0.0,1.0,0.0
ENSG00000166507,NDST2,0,0.0,1.0,0.0
ENSG00000166479,TMX3,0,0.0,1.0,0.0
ENSG00000166455,C16orf46,0,0.0,1.0,0.0
ENSG00000166452,AKIP1,0,0.0,1.0,0.0
ENSG00000166444,DENND2B,0,0.0,1.0,0.0
ENSG00000166762,CATSPER2,0,0.0,1.0,0.0
ENSG00000166783,MARF1,0,0.0,1.0,0.0
ENSG00000167081,PBX3,0,0.0,1.0,0.0
ENSG00000166821,PEX11A,0,0.0,1.0,0.0
ENSG00000167074,TEF,0,0.0,1.0,0.0
ENSG00000167065,DUSP18,0,0.0,1.0,0.0
ENSG00000166997,CNPY4,0,0.0,1.0,0.0
ENSG00000166987,MBD6,0,0.0,1.0,0.0
ENSG00000166974,MAPRE2,0,0.0,1.0,0.0
ENSG00000166971,AKTIP,0,0.0,1.0,0.0
ENSG00000166965,RCCD1,0,0.0,1.0,0.0
ENSG00000166963,MAP1A,0,0.0,1.0,0.0
ENSG00000166946,CCNDBP1,0,0.0,1.0,0.0
ENSG00000166925,TSC22D4,0,0.0,1.0,0.0
ENSG00000166924,NYAP1,0,0.0,1.0,0.0
ENSG00000166923,GREM1,0,0.0,1.0,0.0
ENSG00000166922,SCG5,0,0.0,1.0,0.0
ENSG00000166912,MTMR10,0,0.0,1.0,0.0
ENSG00000166896,ATP23,0,0.0,1.0,0.0
ENSG00000166887,VPS39,0,0.0,1.0,0.0
ENSG00000166860,ZBTB39,0,0.0,1.0,0.0
ENSG00000166847,DCTN5,0,0.0,1.0,0.0
ENSG00000166840,GLYATL1,0,0.0,1.0,0.0
ENSG00000166839,ANKDD1A,0,0.0,1.0,0.0
ENSG00000166822,TMEM170A,0,0.0,1.0,0.0
ENSG00000172086,KRCC1,0,0.0,1.0,0.0
ENSG00000172159,FRMD3,0,0.0,1.0,0.0
ENSG00000182247,UBE2E2,0,0.0,1.0,0.0
ENSG00000178922,HYI,0,0.0,1.0,0.0
ENSG00000178904,DPY19L3,0,0.0,1.0,0.0
ENSG00000178852,EFCAB13,0,0.0,1.0,0.0
ENSG00000178802,MPI,0,0.0,1.0,0.0
ENSG00000178761,FAM219B,0,0.0,1.0,0.0
ENSG00000178700,DHFR2,0,0.0,1.0,0.0
ENSG00000178695,KCTD12,0,0.0,1.0,0.0
ENSG00000178694,NSUN3,0,0.0,1.0,0.0
ENSG00000178691,SUZ12,0,0.0,1.0,0.0
ENSG00000178607,ERN1,0,0.0,1.0,0.0
ENSG00000178585,CTNNBIP1,0,0.0,1.0,0.0
ENSG00000178567,EPM2AIP1,0,0.0,1.0,0.0
ENSG00000178538,CA8,0,0.0,1.0,0.0
ENSG00000178531,CTXN1,0,0.0,1.0,0.0
ENSG00000178502,KLHL11,0,0.0,1.0,0.0
ENSG00000178498,DTX3,0,0.0,1.0,0.0
ENSG00000178467,P4HTM,0,0.0,1.0,0.0
ENSG00000178449,COX14,0,0.0,1.0,0.0
ENSG00000178445,GLDC,0,0.0,1.0,0.0
ENSG00000178440,TIMM23B-AGAP6,0,0.0,1.0,0.0
ENSG00000178386,ZNF223,0,0.0,1.0,0.0
ENSG00000178385,PLEKHM3,0,0.0,1.0,0.0
ENSG00000178917,ZNF852,0,0.0,1.0,0.0
ENSG00000178996,SNX18,0,0.0,1.0,0.0
ENSG00000178229,ZNF543,0,0.0,1.0,0.0
ENSG00000179008,C14orf39,0,0.0,1.0,0.0
ENSG00000179454,KLHL28,0,0.0,1.0,0.0
ENSG00000179406,LINC00174,0,0.0,1.0,0.0
ENSG00000179399,GPC5,0,0.0,1.0,0.0
ENSG00000179397,CATSPERE,0,0.0,1.0,0.0
ENSG00000179364,PACS2,0,0.0,1.0,0.0
ENSG00000179335,CLK3,0,0.0,1.0,0.0
ENSG00000179314,WSCD1,0,0.0,1.0,0.0
ENSG00000179262,RAD23A,0,0.0,1.0,0.0
ENSG00000179242,CDH4,0,0.0,1.0,0.0
ENSG00000179240,GVQW3,0,0.0,1.0,0.0
ENSG00000179222,MAGED1,0,0.0,1.0,0.0
ENSG00000179195,ZNF664,0,0.0,1.0,0.0
ENSG00000179163,FUCA1,0,0.0,1.0,0.0
ENSG00000179152,TCAIM,0,0.0,1.0,0.0
ENSG00000179134,SAMD4B,0,0.0,1.0,0.0
ENSG00000179133,C10orf67,0,0.0,1.0,0.0
ENSG00000179094,PER1,0,0.0,1.0,0.0
ENSG00000179088,C12orf42,0,0.0,1.0,0.0
ENSG00000179085,DPM3,0,0.0,1.0,0.0
ENSG00000179029,TMEM107,0,0.0,1.0,0.0
ENSG00000179021,C3orf38,0,0.0,1.0,0.0
ENSG00000178301,AQP11,0,0.0,1.0,0.0
ENSG00000178222,RNF212,0,0.0,1.0,0.0
ENSG00000179476,DORIP1,0,0.0,1.0,0.0
ENSG00000177683,THAP5,0,0.0,1.0,0.0
ENSG00000177646,ACAD9,0,0.0,1.0,0.0
ENSG00000177606,JUN,0,0.0,1.0,0.0
ENSG00000177599,ZNF491,0,0.0,1.0,0.0
ENSG00000177595,PIDD1,0,0.0,1.0,0.0
ENSG00000177576,C18orf32,0,0.0,1.0,0.0
ENSG00000177570,SAMD12,0,0.0,1.0,0.0
ENSG00000177565,TBL1XR1,0,0.0,1.0,0.0
ENSG00000177485,ZBTB33,0,0.0,1.0,0.0
ENSG00000177483,RBM44,0,0.0,1.0,0.0
ENSG00000177427,MIEF2,0,0.0,1.0,0.0
ENSG00000177369,FLJ40194,0,0.0,1.0,0.0
ENSG00000177337,DLGAP1-AS1,0,0.0,1.0,0.0
ENSG00000177119,ANO6,0,0.0,1.0,0.0
ENSG00000177082,WDR73,0,0.0,1.0,0.0
ENSG00000177076,ACER2,0,0.0,1.0,0.0
ENSG00000177045,SIX5,0,0.0,1.0,0.0
ENSG00000177042,TMEM80,0,0.0,1.0,0.0
ENSG00000177034,MTX3,0,0.0,1.0,0.0
ENSG00000177000,MTHFR,0,0.0,1.0,0.0
ENSG00000176927,EFCAB5,0,0.0,1.0,0.0
ENSG00000176912,TYMSOS,0,0.0,1.0,0.0
ENSG00000177666,PNPLA2,0,0.0,1.0,0.0
ENSG00000177688,SUMO4,0,0.0,1.0,0.0
ENSG00000178202,POGLUT3,0,0.0,1.0,0.0
ENSG00000177697,CD151,0,0.0,1.0,0.0
ENSG00000178188,SH2B1,0,0.0,1.0,0.0
ENSG00000178187,ZNF454,0,0.0,1.0,0.0
ENSG00000178149,DALRD3,0,0.0,1.0,0.0
ENSG00000178104,PDE4DIP,0,0.0,1.0,0.0
ENSG00000178078,STAP2,0,0.0,1.0,0.0
ENSG00000178075,GRAMD1C,0,0.0,1.0,0.0
ENSG00000178057,NDUFAF3,0,0.0,1.0,0.0
ENSG00000178053,MLF1,0,0.0,1.0,0.0
ENSG00000178031,ADAMTSL1,0,0.0,1.0,0.0
ENSG00000177990,DPY19L2,0,0.0,1.0,0.0
ENSG00000177981,ASB8,0,0.0,1.0,0.0
ENSG00000177943,MAMDC4,0,0.0,1.0,0.0
ENSG00000177932,ZNF354C,0,0.0,1.0,0.0
ENSG00000177917,ARL6IP6,0,0.0,1.0,0.0
ENSG00000177873,ZNF619,0,0.0,1.0,0.0
ENSG00000177868,SVBP,0,0.0,1.0,0.0
ENSG00000177842,ZNF620,0,0.0,1.0,0.0
ENSG00000177822,TENM3-AS1,0,0.0,1.0,0.0
ENSG00000177752,YIPF7,0,0.0,1.0,0.0
ENSG00000177738,ANXA2R-OT1,0,0.0,1.0,0.0
ENSG00000177728,TMEM94,0,0.0,1.0,0.0
ENSG00000179456,ZBTB18,0,0.0,1.0,0.0
ENSG00000179523,EIF3J-DT,0,0.0,1.0,0.0
ENSG00000176903,PNMA1,0,0.0,1.0,0.0
ENSG00000181638,ZFP41,0,0.0,1.0,0.0
ENSG00000181555,SETD2,0,0.0,1.0,0.0
ENSG00000181523,SGSH,0,0.0,1.0,0.0
ENSG00000181513,ACBD4,0,0.0,1.0,0.0
ENSG00000181481,RNF135,0,0.0,1.0,0.0
ENSG00000181458,TMEM45A,0,0.0,1.0,0.0
ENSG00000181450,ZNF678,0,0.0,1.0,0.0
ENSG00000181449,SOX2,0,0.0,1.0,0.0
ENSG00000181409,AATK,0,0.0,1.0,0.0
ENSG00000181404,WASHC1,0,0.0,1.0,0.0
ENSG00000181396,OGFOD3,0,0.0,1.0,0.0
ENSG00000181322,NME9,0,0.0,1.0,0.0
ENSG00000181315,ZNF322,0,0.0,1.0,0.0
ENSG00000181264,TLCD5,0,0.0,1.0,0.0
ENSG00000181220,ZNF746,0,0.0,1.0,0.0
ENSG00000181104,F2R,0,0.0,1.0,0.0
ENSG00000181090,EHMT1,0,0.0,1.0,0.0
ENSG00000181085,MAPK15,0,0.0,1.0,0.0
ENSG00000181045,SLC26A11,0,0.0,1.0,0.0
ENSG00000181035,SLC25A42,0,0.0,1.0,0.0
ENSG00000181031,RPH3AL,0,0.0,1.0,0.0
ENSG00000181004,BBS12,0,0.0,1.0,0.0
ENSG00000181619,GPR135,0,0.0,1.0,0.0
ENSG00000181666,ZNF875,0,0.0,1.0,0.0
ENSG00000180979,LRRC57,0,0.0,1.0,0.0
ENSG00000181704,YIPF6,0,0.0,1.0,0.0
ENSG00000182240,BACE2,0,0.0,1.0,0.0
ENSG00000182218,HHIPL1,0,0.0,1.0,0.0
ENSG00000182208,MOB2,0,0.0,1.0,0.0
ENSG00000182195,LDOC1,0,0.0,1.0,0.0
ENSG00000182165,TP53TG1,0,0.0,1.0,0.0
ENSG00000182158,CREB3L2,0,0.0,1.0,0.0
ENSG00000182150,ERCC6L2,0,0.0,1.0,0.0
ENSG00000182134,TDRKH,0,0.0,1.0,0.0
ENSG00000182118,FAM89A,0,0.0,1.0,0.0
ENSG00000182093,GET1,0,0.0,1.0,0.0
ENSG00000182054,IDH2,0,0.0,1.0,0.0
ENSG00000182013,PNMA8A,0,0.0,1.0,0.0
ENSG00000181982,CCDC149,0,0.0,1.0,0.0
ENSG00000181929,PRKAG1,0,0.0,1.0,0.0
ENSG00000181904,C5orf24,0,0.0,1.0,0.0
ENSG00000181894,ZNF329,0,0.0,1.0,0.0
ENSG00000181873,IBA57,0,0.0,1.0,0.0
ENSG00000181827,RFX7,0,0.0,1.0,0.0
ENSG00000181798,LINC00471,0,0.0,1.0,0.0
ENSG00000181751,MACIR,0,0.0,1.0,0.0
ENSG00000181744,DIPK2A,0,0.0,1.0,0.0
ENSG00000180998,GPR137C,0,0.0,1.0,0.0
ENSG00000180917,CMTR2,0,0.0,1.0,0.0
ENSG00000179526,SHARPIN,0,0.0,1.0,0.0
ENSG00000180336,MEIOC,0,0.0,1.0,0.0
ENSG00000180233,ZNRF2,0,0.0,1.0,0.0
ENSG00000180228,PRKRA,0,0.0,1.0,0.0
ENSG00000180155,LYNX1,0,0.0,1.0,0.0
ENSG00000180104,EXOC3,0,0.0,1.0,0.0
ENSG00000180098,TRNAU1AP,0,0.0,1.0,0.0
ENSG00000180096,SEPTIN1,0,0.0,1.0,0.0
ENSG00000180035,ZNF48,0,0.0,1.0,0.0
ENSG00000180011,PTGR3,0,0.0,1.0,0.0
ENSG00000179988,PSTK,0,0.0,1.0,0.0
ENSG00000179965,ZNF771,0,0.0,1.0,0.0
ENSG00000179954,SSC5D,0,0.0,1.0,0.0
ENSG00000179943,FIZ1,0,0.0,1.0,0.0
ENSG00000179941,BBS10,0,0.0,1.0,0.0
ENSG00000179912,R3HDM2,0,0.0,1.0,0.0
ENSG00000179909,ZNF154,0,0.0,1.0,0.0
ENSG00000179818,PCBP1-AS1,0,0.0,1.0,0.0
ENSG00000179743,SPEN-AS1,0,0.0,1.0,0.0
ENSG00000179715,PCED1B,0,0.0,1.0,0.0
ENSG00000179604,CDC42EP4,0,0.0,1.0,0.0
ENSG00000179588,ZFPM1,0,0.0,1.0,0.0
ENSG00000179542,SLITRK4,0,0.0,1.0,0.0
ENSG00000180257,ZNF816,0,0.0,1.0,0.0
ENSG00000180340,FZD2,0,0.0,1.0,0.0
ENSG00000180914,OXTR,0,0.0,1.0,0.0
ENSG00000180346,TIGD2,0,0.0,1.0,0.0
ENSG00000180902,D2HGDH,0,0.0,1.0,0.0
ENSG00000180900,SCRIB,0,0.0,1.0,0.0
ENSG00000180884,ZNF792,0,0.0,1.0,0.0
ENSG00000180881,CAPS2,0,0.0,1.0,0.0
ENSG00000180875,GREM2,0,0.0,1.0,0.0
ENSG00000180867,PDIA3P1,0,0.0,1.0,0.0
ENSG00000180855,ZNF443,0,0.0,1.0,0.0
ENSG00000180822,PSMG4,0,0.0,1.0,0.0
ENSG00000180776,ZDHHC20,0,0.0,1.0,0.0
ENSG00000180769,WDFY3-AS2,0,0.0,1.0,0.0
ENSG00000180667,YOD1,0,0.0,1.0,0.0
ENSG00000180626,ZNF594,0,0.0,1.0,0.0
ENSG00000180596,H2BC4,0,0.0,1.0,0.0
ENSG00000180543,TSPYL5,0,0.0,1.0,0.0
ENSG00000180537,RNF182,0,0.0,1.0,0.0
ENSG00000180488,MIGA1,0,0.0,1.0,0.0
ENSG00000180479,ZNF571,0,0.0,1.0,0.0
ENSG00000180447,GAS1,0,0.0,1.0,0.0
ENSG00000180425,C11orf71,0,0.0,1.0,0.0
ENSG00000180376,CCDC66,0,0.0,1.0,0.0
ENSG00000180370,PAK2,0,0.0,1.0,0.0
ENSG00000176907,TCIM,0,0.0,1.0,0.0
ENSG00000176894,PXMP2,0,0.0,1.0,0.0
ENSG00000172171,TEFM,0,0.0,1.0,0.0
ENSG00000174007,CEP19,0,0.0,1.0,0.0
ENSG00000173947,CIMAP3,0,0.0,1.0,0.0
ENSG00000173914,RBM4B,0,0.0,1.0,0.0
ENSG00000173889,PHC3,0,0.0,1.0,0.0
ENSG00000173875,ZNF791,0,0.0,1.0,0.0
ENSG00000173846,PLK3,0,0.0,1.0,0.0
ENSG00000173838,MARCHF10,0,0.0,1.0,0.0
ENSG00000173818,ENDOV,0,0.0,1.0,0.0
ENSG00000173744,AGFG1,0,0.0,1.0,0.0
ENSG00000173681,BCLAF3,0,0.0,1.0,0.0
ENSG00000173614,NMNAT1,0,0.0,1.0,0.0
ENSG00000173611,SCAI,0,0.0,1.0,0.0
ENSG00000173598,NUDT4,0,0.0,1.0,0.0
ENSG00000173588,CEP83,0,0.0,1.0,0.0
ENSG00000173567,ADGRF3,0,0.0,1.0,0.0
ENSG00000173559,NABP1,0,0.0,1.0,0.0
ENSG00000173542,MOB1B,0,0.0,1.0,0.0
ENSG00000173535,TNFRSF10C,0,0.0,1.0,0.0
ENSG00000173480,ZNF417,0,0.0,1.0,0.0
ENSG00000173452,TMEM196,0,0.0,1.0,0.0
ENSG00000173451,THAP2,0,0.0,1.0,0.0
ENSG00000173442,EHBP1L1,0,0.0,1.0,0.0
ENSG00000173960,UBXN2A,0,0.0,1.0,0.0
ENSG00000174010,KLHL15,0,0.0,1.0,0.0
ENSG00000173349,SFT2D3,0,0.0,1.0,0.0
ENSG00000174032,SLC25A30,0,0.0,1.0,0.0
ENSG00000174516,PELI3,0,0.0,1.0,0.0
ENSG00000174498,IGDCC3,0,0.0,1.0,0.0
ENSG00000174485,DENND4A,0,0.0,1.0,0.0
ENSG00000174483,BBS1,0,0.0,1.0,0.0
ENSG00000174473,GALNTL6,0,0.0,1.0,0.0
ENSG00000174456,C12orf76,0,0.0,1.0,0.0
ENSG00000174453,VWC2L,0,0.0,1.0,0.0
ENSG00000174446,SNAPC5,0,0.0,1.0,0.0
ENSG00000174405,LIG4,0,0.0,1.0,0.0
ENSG00000174327,SLC16A13,0,0.0,1.0,0.0
ENSG00000174307,PHLDA3,0,0.0,1.0,0.0
ENSG00000174306,ZHX3,0,0.0,1.0,0.0
ENSG00000174282,ZBTB4,0,0.0,1.0,0.0
ENSG00000174238,PITPNA,0,0.0,1.0,0.0
ENSG00000174233,ADCY6,0,0.0,1.0,0.0
ENSG00000174227,PIGG,0,0.0,1.0,0.0
ENSG00000174165,ZDHHC24,0,0.0,1.0,0.0
ENSG00000174151,CYB561D1,0,0.0,1.0,0.0
ENSG00000174137,FAM53A,0,0.0,1.0,0.0
ENSG00000174136,RGMB,0,0.0,1.0,0.0
ENSG00000174106,LEMD3,0,0.0,1.0,0.0
ENSG00000173421,IHO1,0,0.0,1.0,0.0
ENSG00000173276,ZBTB21,0,0.0,1.0,0.0
ENSG00000174586,ZNF497,0,0.0,1.0,0.0
ENSG00000172731,LRRC20,0,0.0,1.0,0.0
ENSG00000172663,TMEM134,0,0.0,1.0,0.0
ENSG00000172650,AGAP5,0,0.0,1.0,0.0
ENSG00000172594,SMPDL3A,0,0.0,1.0,0.0
ENSG00000172572,PDE3A,0,0.0,1.0,0.0
ENSG00000172476,RAB40A,0,0.0,1.0,0.0
ENSG00000172469,MANEA,0,0.0,1.0,0.0
ENSG00000172466,ZNF24,0,0.0,1.0,0.0
ENSG00000172432,GTPBP2,0,0.0,1.0,0.0
ENSG00000172426,RSPH9,0,0.0,1.0,0.0
ENSG00000172409,CLP1,0,0.0,1.0,0.0
ENSG00000172380,GNG12,0,0.0,1.0,0.0
ENSG00000172375,C2CD2L,0,0.0,1.0,0.0
ENSG00000172361,CFAP53,0,0.0,1.0,0.0
ENSG00000172354,GNB2,0,0.0,1.0,0.0
ENSG00000172339,ALG14,0,0.0,1.0,0.0
ENSG00000172331,BPGM,0,0.0,1.0,0.0
ENSG00000172273,HINFP,0,0.0,1.0,0.0
ENSG00000172239,PAIP1,0,0.0,1.0,0.0
ENSG00000172201,ID4,0,0.0,1.0,0.0
ENSG00000172183,ISG20,0,0.0,1.0,0.0
ENSG00000172175,MALT1,0,0.0,1.0,0.0
ENSG00000172671,ZFAND4,0,0.0,1.0,0.0
ENSG00000172732,MUS81,0,0.0,1.0,0.0
ENSG00000173275,ZNF449,0,0.0,1.0,0.0
ENSG00000172748,ZNF596,0,0.0,1.0,0.0
ENSG00000173272,MZT2A,0,0.0,1.0,0.0
ENSG00000173221,GLRX,0,0.0,1.0,0.0
ENSG00000173214,MFSD4B,0,0.0,1.0,0.0
ENSG00000173208,ABCD2,0,0.0,1.0,0.0
ENSG00000173171,MTX1,0,0.0,1.0,0.0
ENSG00000173166,RAPH1,0,0.0,1.0,0.0
ENSG00000173124,ACSM6,0,0.0,1.0,0.0
ENSG00000173064,HECTD4,0,0.0,1.0,0.0
ENSG00000173011,TADA2B,0,0.0,1.0,0.0
ENSG00000172992,DCAKD,0,0.0,1.0,0.0
ENSG00000172954,LCLAT1,0,0.0,1.0,0.0
ENSG00000172943,PHF8,0,0.0,1.0,0.0
ENSG00000172939,OXSR1,0,0.0,1.0,0.0
ENSG00000172932,ANKRD13D,0,0.0,1.0,0.0
ENSG00000172890,NADSYN1,0,0.0,1.0,0.0
ENSG00000172888,ZNF621,0,0.0,1.0,0.0
ENSG00000172869,DMXL1,0,0.0,1.0,0.0
ENSG00000172845,SP3,0,0.0,1.0,0.0
ENSG00000172831,CES2,0,0.0,1.0,0.0
ENSG00000172817,CYP7B1,0,0.0,1.0,0.0
ENSG00000172766,NAA16,0,0.0,1.0,0.0
ENSG00000174579,MSL2,0,0.0,1.0,0.0
ENSG00000174606,ANGEL2,0,0.0,1.0,0.0
ENSG00000176868,ENSG00000176868,0,0.0,1.0,0.0
ENSG00000176222,ZNF404,0,0.0,1.0,0.0
ENSG00000176171,BNIP3,0,0.0,1.0,0.0
ENSG00000176142,TMEM39A,0,0.0,1.0,0.0
ENSG00000176108,CHMP6,0,0.0,1.0,0.0
ENSG00000176102,CSTF3,0,0.0,1.0,0.0
ENSG00000176055,MBLAC2,0,0.0,1.0,0.0
ENSG00000176049,JAKMIP2,0,0.0,1.0,0.0
ENSG00000176040,TMPRSS7,0,0.0,1.0,0.0
ENSG00000176022,B3GALT6,0,0.0,1.0,0.0
ENSG00000176018,LYSMD3,0,0.0,1.0,0.0
ENSG00000175970,UNC119B,0,0.0,1.0,0.0
ENSG00000175938,ORAI3,0,0.0,1.0,0.0
ENSG00000175928,LRRN1,0,0.0,1.0,0.0
ENSG00000175906,ARL4D,0,0.0,1.0,0.0
ENSG00000175899,A2M,0,0.0,1.0,0.0
ENSG00000175895,PLEKHF2,0,0.0,1.0,0.0
ENSG00000175868,CALCB,0,0.0,1.0,0.0
ENSG00000175854,SWI5,0,0.0,1.0,0.0
ENSG00000175826,CTDNEP1,0,0.0,1.0,0.0
ENSG00000175782,SLC35E3,0,0.0,1.0,0.0
ENSG00000175773,ZBTB44-DT,0,0.0,1.0,0.0
ENSG00000175711,B3GNTL1,0,0.0,1.0,0.0
ENSG00000176209,SMIM19,0,0.0,1.0,0.0
ENSG00000176225,RTTN,0,0.0,1.0,0.0
ENSG00000175691,ZNF77,0,0.0,1.0,0.0
ENSG00000176261,ZBTB8OS,0,0.0,1.0,0.0
ENSG00000176853,FAM91A1,0,0.0,1.0,0.0
ENSG00000176845,METRNL,0,0.0,1.0,0.0
ENSG00000176809,LRRC37A3,0,0.0,1.0,0.0
ENSG00000176788,BASP1,0,0.0,1.0,0.0
ENSG00000176783,RUFY1,0,0.0,1.0,0.0
ENSG00000176749,CDK5R1,0,0.0,1.0,0.0
ENSG00000176731,RBIS,0,0.0,1.0,0.0
ENSG00000176700,SCAND2P,0,0.0,1.0,0.0
ENSG00000176623,RMDN1,0,0.0,1.0,0.0
ENSG00000176597,B3GNT5,0,0.0,1.0,0.0
ENSG00000176595,KBTBD11,0,0.0,1.0,0.0
ENSG00000176542,USF3,0,0.0,1.0,0.0
ENSG00000176533,GNG7,0,0.0,1.0,0.0
ENSG00000176531,PHLDB3,0,0.0,1.0,0.0
ENSG00000176473,WDR25,0,0.0,1.0,0.0
ENSG00000176410,DNAJC30,0,0.0,1.0,0.0
ENSG00000176401,EID2B,0,0.0,1.0,0.0
ENSG00000176399,DMRTA1,0,0.0,1.0,0.0
ENSG00000176393,RNPEP,0,0.0,1.0,0.0
ENSG00000176293,ZNF135,0,0.0,1.0,0.0
ENSG00000176273,SLC35G1,0,0.0,1.0,0.0
ENSG00000175697,GPR156,0,0.0,1.0,0.0
ENSG00000175600,SUGCT,0,0.0,1.0,0.0
ENSG00000174652,ZNF266,0,0.0,1.0,0.0
ENSG00000175182,FAM131A,0,0.0,1.0,0.0
ENSG00000175170,FAM182B,0,0.0,1.0,0.0
ENSG00000175155,YPEL2,0,0.0,1.0,0.0
ENSG00000175115,PACS1,0,0.0,1.0,0.0
ENSG00000175106,TVP23C,0,0.0,1.0,0.0
ENSG00000175087,PDIK1L,0,0.0,1.0,0.0
ENSG00000175066,GK5,0,0.0,1.0,0.0
ENSG00000175054,ATR,0,0.0,1.0,0.0
ENSG00000174996,KLC2,0,0.0,1.0,0.0
ENSG00000174989,FBXW8,0,0.0,1.0,0.0
ENSG00000174944,P2RY14,0,0.0,1.0,0.0
ENSG00000174928,C3orf33,0,0.0,1.0,0.0
ENSG00000174891,RSRC1,0,0.0,1.0,0.0
ENSG00000174871,CNIH2,0,0.0,1.0,0.0
ENSG00000174842,GLMN,0,0.0,1.0,0.0
ENSG00000174839,DENND6A,0,0.0,1.0,0.0
ENSG00000174804,FZD4,0,0.0,1.0,0.0
ENSG00000174796,THAP6,0,0.0,1.0,0.0
ENSG00000174776,WDR49,0,0.0,1.0,0.0
ENSG00000174720,LARP7,0,0.0,1.0,0.0
ENSG00000174705,SH3PXD2B,0,0.0,1.0,0.0
ENSG00000174684,B4GAT1,0,0.0,1.0,0.0
ENSG00000175175,PPM1E,0,0.0,1.0,0.0
ENSG00000175203,DCTN2,0,0.0,1.0,0.0
ENSG00000175595,ERCC4,0,0.0,1.0,0.0
ENSG00000175215,CTDSP2,0,0.0,1.0,0.0
ENSG00000175581,MRPL48,0,0.0,1.0,0.0
ENSG00000175575,PAAF1,0,0.0,1.0,0.0
ENSG00000175567,UCP2,0,0.0,1.0,0.0
ENSG00000175548,ALG10B,0,0.0,1.0,0.0
ENSG00000175497,DPP10,0,0.0,1.0,0.0
ENSG00000175471,MCTP1,0,0.0,1.0,0.0
ENSG00000175470,PPP2R2D,0,0.0,1.0,0.0
ENSG00000175426,PCSK1,0,0.0,1.0,0.0
ENSG00000175416,CLTB,0,0.0,1.0,0.0
ENSG00000175414,ARL10,0,0.0,1.0,0.0
ENSG00000175395,ZNF25,0,0.0,1.0,0.0
ENSG00000175387,SMAD2,0,0.0,1.0,0.0
ENSG00000175356,SCUBE2,0,0.0,1.0,0.0
ENSG00000175348,TMEM9B,0,0.0,1.0,0.0
ENSG00000175344,CHRNA7,0,0.0,1.0,0.0
ENSG00000175309,PHYKPL,0,0.0,1.0,0.0
ENSG00000175279,CENPS,0,0.0,1.0,0.0
ENSG00000175274,TP53I11,0,0.0,1.0,0.0
ENSG00000175265,GOLGA8A,0,0.0,1.0,0.0
ENSG00000175224,ATG13,0,0.0,1.0,0.0
ENSG00000175221,MED16,0,0.0,1.0,0.0
ENSG00000219481,NBPF1,0,0.0,1.0,0.0
ENSG00000220205,VAMP2,0,0.0,1.0,0.0
ENSG00000165006,UBAP1,0,0.0,1.0,0.0
ENSG00000269026,ENSG00000269026,0,0.0,1.0,0.0
ENSG00000268895,A1BG-AS1,0,0.0,1.0,0.0
ENSG00000268889,LIM2-AS1,0,0.0,1.0,0.0
ENSG00000268870,ENSG00000268870,0,0.0,1.0,0.0
ENSG00000268797,ENSG00000268797,0,0.0,1.0,0.0
ENSG00000268575,ENSG00000268575,0,0.0,1.0,0.0
ENSG00000268533,ENSG00000268533,0,0.0,1.0,0.0
ENSG00000268516,ZNF8-DT,0,0.0,1.0,0.0
ENSG00000268471,MIR4453HG,0,0.0,1.0,0.0
ENSG00000268364,ENSG00000268364,0,0.0,1.0,0.0
ENSG00000268350,FAM156A,0,0.0,1.0,0.0
ENSG00000268182,SMIM17,0,0.0,1.0,0.0
ENSG00000268163,ENSG00000268163,0,0.0,1.0,0.0
ENSG00000268043,NBPF12,0,0.0,1.0,0.0
ENSG00000268006,PTOV1-AS1,0,0.0,1.0,0.0
ENSG00000267924,ENSG00000267924,0,0.0,1.0,0.0
ENSG00000267909,CCDC177,0,0.0,1.0,0.0
ENSG00000267871,ZNF460-AS1,0,0.0,1.0,0.0
ENSG00000267858,MZF1-AS1,0,0.0,1.0,0.0
ENSG00000267767,LINC01801,0,0.0,1.0,0.0
ENSG00000267765,ENSG00000267765,0,0.0,1.0,0.0
ENSG00000267751,BSG-AS1,0,0.0,1.0,0.0
ENSG00000269019,HOMER3-AS1,0,0.0,1.0,0.0
ENSG00000269043,ENSG00000269043,0,0.0,1.0,0.0
ENSG00000267711,ENSG00000267711,0,0.0,1.0,0.0
ENSG00000269069,ENSG00000269069,0,0.0,1.0,0.0
ENSG00000269994,LINC02893,0,0.0,1.0,0.0
ENSG00000269973,ENSG00000269973,0,0.0,1.0,0.0
ENSG00000269964,MEI4,0,0.0,1.0,0.0
ENSG00000269934,ENSG00000269934,0,0.0,1.0,0.0
ENSG00000269929,MIRLET7A1HG,0,0.0,1.0,0.0
ENSG00000269891,ARHGAP19-SLIT1,0,0.0,1.0,0.0
ENSG00000269825,ENSG00000269825,0,0.0,1.0,0.0
ENSG00000269806,BICRA-AS1,0,0.0,1.0,0.0
ENSG00000269793,ZIM2-AS1,0,0.0,1.0,0.0
ENSG00000269755,ENSG00000269755,0,0.0,1.0,0.0
ENSG00000269749,ENSG00000269749,0,0.0,1.0,0.0
ENSG00000269743,SLC25A53,0,0.0,1.0,0.0
ENSG00000269713,NBPF9,0,0.0,1.0,0.0
ENSG00000269696,ZNF470-DT,0,0.0,1.0,0.0
ENSG00000269556,TMEM185A,0,0.0,1.0,0.0
ENSG00000269476,ENSG00000269476,0,0.0,1.0,0.0
ENSG00000269439,PGLS-DT,0,0.0,1.0,0.0
ENSG00000269386,RAB11B-AS1,0,0.0,1.0,0.0
ENSG00000269292,ENSG00000269292,0,0.0,1.0,0.0
ENSG00000269237,ENSG00000269237,0,0.0,1.0,0.0
ENSG00000269110,ENSG00000269110,0,0.0,1.0,0.0
ENSG00000267723,ENSG00000267723,0,0.0,1.0,0.0
ENSG00000267710,EDDM13,0,0.0,1.0,0.0
ENSG00000270019,ENSG00000270019,0,0.0,1.0,0.0
ENSG00000267080,ASB16-AS1,0,0.0,1.0,0.0
ENSG00000267047,ENSG00000267047,0,0.0,1.0,0.0
ENSG00000267028,TCF4-AS1,0,0.0,1.0,0.0
ENSG00000267023,LRRC37A16P,0,0.0,1.0,0.0
ENSG00000267022,ENSG00000267022,0,0.0,1.0,0.0
ENSG00000266962,HSD17B1-AS1,0,0.0,1.0,0.0
ENSG00000266931,ENSG00000266931,0,0.0,1.0,0.0
ENSG00000266904,LINC00663,0,0.0,1.0,0.0
ENSG00000266744,ENSG00000266744,0,0.0,1.0,0.0
ENSG00000266714,MYO15B,0,0.0,1.0,0.0
ENSG00000266667,ENSG00000266667,0,0.0,1.0,0.0
ENSG00000266573,ENSG00000266573,0,0.0,1.0,0.0
ENSG00000266338,NBPF15,0,0.0,1.0,0.0
ENSG00000266302,ENSG00000266302,0,0.0,1.0,0.0
ENSG00000266268,ENSG00000266268,0,0.0,1.0,0.0
ENSG00000266258,LINC01909,0,0.0,1.0,0.0
ENSG00000266256,LINC00908,0,0.0,1.0,0.0
ENSG00000266202,ENSG00000266202,0,0.0,1.0,0.0
ENSG00000266173,STRADA,0,0.0,1.0,0.0
ENSG00000266086,ENSG00000266086,0,0.0,1.0,0.0
ENSG00000266076,ENSG00000266076,0,0.0,1.0,0.0
ENSG00000266053,NDUFV2-AS1,0,0.0,1.0,0.0
ENSG00000267057,LINC01905,0,0.0,1.0,0.0
ENSG00000267098,ENSG00000267098,0,0.0,1.0,0.0
ENSG00000267699,ENSG00000267699,0,0.0,1.0,0.0
ENSG00000267102,ENSG00000267102,0,0.0,1.0,0.0
ENSG00000267680,ZNF224,0,0.0,1.0,0.0
ENSG00000267659,LINC01482,0,0.0,1.0,0.0
ENSG00000267561,ENSG00000267561,0,0.0,1.0,0.0
ENSG00000267500,ZNF887P,0,0.0,1.0,0.0
ENSG00000267476,ENSG00000267476,0,0.0,1.0,0.0
ENSG00000267390,KDSR-DT,0,0.0,1.0,0.0
ENSG00000267348,GEMIN7-AS1,0,0.0,1.0,0.0
ENSG00000267322,SNHG22,0,0.0,1.0,0.0
ENSG00000267321,SNHG30,0,0.0,1.0,0.0
ENSG00000267318,ENSG00000267318,0,0.0,1.0,0.0
ENSG00000267284,ENSG00000267284,0,0.0,1.0,0.0
ENSG00000267278,MAP3K14-AS1,0,0.0,1.0,0.0
ENSG00000267270,PARD6G-AS1,0,0.0,1.0,0.0
ENSG00000267248,ENSG00000267248,0,0.0,1.0,0.0
ENSG00000267191,ZNF45-AS1,0,0.0,1.0,0.0
ENSG00000267179,ENSG00000267179,0,0.0,1.0,0.0
ENSG00000267175,ENSG00000267175,0,0.0,1.0,0.0
ENSG00000267173,ENSG00000267173,0,0.0,1.0,0.0
ENSG00000267169,ADGRL1-AS1,0,0.0,1.0,0.0
ENSG00000267127,ENSG00000267127,0,0.0,1.0,0.0
ENSG00000267106,ZNF561-AS1,0,0.0,1.0,0.0
ENSG00000270011,ZNF559-ZNF177,0,0.0,1.0,0.0
ENSG00000270049,ATP6V0D1-DT,0,0.0,1.0,0.0
ENSG00000266028,SRGAP2,0,0.0,1.0,0.0
ENSG00000273247,RAB33B-AS1,0,0.0,1.0,0.0
ENSG00000273184,ENSG00000273184,0,0.0,1.0,0.0
ENSG00000273136,NBPF26,0,0.0,1.0,0.0
ENSG00000273118,ENSG00000273118,0,0.0,1.0,0.0
ENSG00000273079,GRIN2B,0,0.0,1.0,0.0
ENSG00000273032,DGCR5,0,0.0,1.0,0.0
ENSG00000273015,LINC00938,0,0.0,1.0,0.0
ENSG00000272994,C2orf49-DT,0,0.0,1.0,0.0
ENSG00000272980,ENSG00000272980,0,0.0,1.0,0.0
ENSG00000272977,ENSG00000272977,0,0.0,1.0,0.0
ENSG00000272970,ENSG00000272970,0,0.0,1.0,0.0
ENSG00000272968,RBAK-RBAKDN,0,0.0,1.0,0.0
ENSG00000272916,ENSG00000272916,0,0.0,1.0,0.0
ENSG00000272894,MIOS-DT,0,0.0,1.0,0.0
ENSG00000272888,CHASERR,0,0.0,1.0,0.0
ENSG00000272886,DCP1A,0,0.0,1.0,0.0
ENSG00000272870,SAP30-DT,0,0.0,1.0,0.0
ENSG00000272840,ENSG00000272840,0,0.0,1.0,0.0
ENSG00000272831,ENSG00000272831,0,0.0,1.0,0.0
ENSG00000272822,ENSG00000272822,0,0.0,1.0,0.0
ENSG00000272779,BMS1P20,0,0.0,1.0,0.0
ENSG00000272772,ENSG00000272772,0,0.0,1.0,0.0
ENSG00000273217,ENSG00000273217,0,0.0,1.0,0.0
ENSG00000273269,ENSG00000273269,0,0.0,1.0,0.0
ENSG00000272686,WASL-DT,0,0.0,1.0,0.0
ENSG00000273274,ZBTB8B,0,0.0,1.0,0.0
ENSG00000274259,SYNGAP1-AS1,0,0.0,1.0,0.0
ENSG00000274211,SOCS7,0,0.0,1.0,0.0
ENSG00000274180,NATD1,0,0.0,1.0,0.0
ENSG00000274015,ENSG00000274015,0,0.0,1.0,0.0
ENSG00000273983,H3C8,0,0.0,1.0,0.0
ENSG00000273828,ENSG00000273828,0,0.0,1.0,0.0
ENSG00000273820,USP27X,0,0.0,1.0,0.0
ENSG00000273802,H2BC8,0,0.0,1.0,0.0
ENSG00000273784,ENSG00000273784,0,0.0,1.0,0.0
ENSG00000273763,ENSG00000273763,0,0.0,1.0,0.0
ENSG00000273749,CYFIP1,0,0.0,1.0,0.0
ENSG00000273734,ENSG00000273734,0,0.0,1.0,0.0
ENSG00000273711,ENSG00000273711,0,0.0,1.0,0.0
ENSG00000273674,ENSG00000273674,0,0.0,1.0,0.0
ENSG00000273559,CWC25,0,0.0,1.0,0.0
ENSG00000273507,ENSG00000273507,0,0.0,1.0,0.0
ENSG00000273398,ENSG00000273398,0,0.0,1.0,0.0
ENSG00000273373,ENSG00000273373,0,0.0,1.0,0.0
ENSG00000273345,ENSG00000273345,0,0.0,1.0,0.0
ENSG00000273344,PAXIP1-DT,0,0.0,1.0,0.0
ENSG00000273329,ENSG00000273329,0,0.0,1.0,0.0
ENSG00000272758,WDR5B-DT,0,0.0,1.0,0.0
ENSG00000272677,HNRNPD-DT,0,0.0,1.0,0.0
ENSG00000270050,ENSG00000270050,0,0.0,1.0,0.0
ENSG00000271425,NBPF10,0,0.0,1.0,0.0
ENSG00000271335,CCNY-AS1,0,0.0,1.0,0.0
ENSG00000271270,TMCC1-DT,0,0.0,1.0,0.0
ENSG00000271254,ENSG00000271254,0,0.0,1.0,0.0
ENSG00000271092,TLCD4-RWDD3,0,0.0,1.0,0.0
ENSG00000270953,ENSG00000270953,0,0.0,1.0,0.0
ENSG00000270871,ENSG00000270871,0,0.0,1.0,0.0
ENSG00000270820,USP34-DT,0,0.0,1.0,0.0
ENSG00000270804,UBE2CP5,0,0.0,1.0,0.0
ENSG00000270800,RPS10-NUDT3,0,0.0,1.0,0.0
ENSG00000270792,ENSG00000270792,0,0.0,1.0,0.0
ENSG00000270641,TSIX,0,0.0,1.0,0.0
ENSG00000270629,NBPF14,0,0.0,1.0,0.0
ENSG00000270574,ENSG00000270574,0,0.0,1.0,0.0
ENSG00000270571,TACR1-AS1,0,0.0,1.0,0.0
ENSG00000270441,LAMB2P1,0,0.0,1.0,0.0
ENSG00000270344,POC1B-AS1,0,0.0,1.0,0.0
ENSG00000270231,NBPF8,0,0.0,1.0,0.0
ENSG00000270149,ENSG00000270149,0,0.0,1.0,0.0
ENSG00000270106,TSNAX-DISC1,0,0.0,1.0,0.0
ENSG00000270099,ENSG00000270099,0,0.0,1.0,0.0
ENSG00000270071,ENSG00000270071,0,0.0,1.0,0.0
ENSG00000271383,NBPF19,0,0.0,1.0,0.0
ENSG00000271533,ENSG00000271533,0,0.0,1.0,0.0
ENSG00000272674,PCDHB16,0,0.0,1.0,0.0
ENSG00000271538,LINC02427,0,0.0,1.0,0.0
ENSG00000272657,ENSG00000272657,0,0.0,1.0,0.0
ENSG00000272647,ENSG00000272647,0,0.0,1.0,0.0
ENSG00000272599,ENSG00000272599,0,0.0,1.0,0.0
ENSG00000272562,H3-3A-DT,0,0.0,1.0,0.0
ENSG00000272391,POM121C,0,0.0,1.0,0.0
ENSG00000272368,ENSG00000272368,0,0.0,1.0,0.0
ENSG00000272325,NUDT3,0,0.0,1.0,0.0
ENSG00000272305,ENSG00000272305,0,0.0,1.0,0.0
ENSG00000272297,ENSG00000272297,0,0.0,1.0,0.0
ENSG00000272274,ARGLU1-DT,0,0.0,1.0,0.0
ENSG00000272154,ENSG00000272154,0,0.0,1.0,0.0
ENSG00000272145,NFYC-AS1,0,0.0,1.0,0.0
ENSG00000272108,ENSG00000272108,0,0.0,1.0,0.0
ENSG00000272047,GTF2H5,0,0.0,1.0,0.0
ENSG00000271913,TAGAP-AS1,0,0.0,1.0,0.0
ENSG00000271904,ENSG00000271904,0,0.0,1.0,0.0
ENSG00000271848,SYNPO2L-AS1,0,0.0,1.0,0.0
ENSG00000271826,PLS3-AS1,0,0.0,1.0,0.0
ENSG00000271816,BMS1P4,0,0.0,1.0,0.0
ENSG00000271774,ENSG00000271774,0,0.0,1.0,0.0
ENSG00000271727,ENSG00000271727,0,0.0,1.0,0.0
ENSG00000266049,ENSG00000266049,0,0.0,1.0,0.0
ENSG00000265987,ENSG00000265987,0,0.0,1.0,0.0
ENSG00000274441,ENSG00000274441,0,0.0,1.0,0.0
ENSG00000259431,THTPA,0,0.0,1.0,0.0
ENSG00000259407,ENSG00000259407,0,0.0,1.0,0.0
ENSG00000259404,EFL1P1,0,0.0,1.0,0.0
ENSG00000259399,TGIF2-RAB5IF,0,0.0,1.0,0.0
ENSG00000259367,AKAP13-AS1,0,0.0,1.0,0.0
ENSG00000259349,APPBP2-DT,0,0.0,1.0,0.0
ENSG00000259345,ENSG00000259345,0,0.0,1.0,0.0
ENSG00000259332,ST20-MTHFS,0,0.0,1.0,0.0
ENSG00000259316,ENSG00000259316,0,0.0,1.0,0.0
ENSG00000259315,ACTG1P17,0,0.0,1.0,0.0
ENSG00000259291,ZNF710-AS1,0,0.0,1.0,0.0
ENSG00000259274,ENSG00000259274,0,0.0,1.0,0.0
ENSG00000259248,USP3-AS1,0,0.0,1.0,0.0
ENSG00000259240,MIR4713HG,0,0.0,1.0,0.0
ENSG00000259209,ENSG00000259209,0,0.0,1.0,0.0
ENSG00000259138,ENSG00000259138,0,0.0,1.0,0.0
ENSG00000259129,LINC00648,0,0.0,1.0,0.0
ENSG00000259124,ENSG00000259124,0,0.0,1.0,0.0
ENSG00000259116,HSPA2-AS1,0,0.0,1.0,0.0
ENSG00000259103,ENSG00000259103,0,0.0,1.0,0.0
ENSG00000259053,ENSG00000259053,0,0.0,1.0,0.0
ENSG00000259052,ENSG00000259052,0,0.0,1.0,0.0
ENSG00000259429,UBE2Q2P2,0,0.0,1.0,0.0
ENSG00000259437,ENSG00000259437,0,0.0,1.0,0.0
ENSG00000259040,BLOC1S5-TXNDC5,0,0.0,1.0,0.0
ENSG00000259439,LINC01833,0,0.0,1.0,0.0
ENSG00000259755,LRRK1-AS1,0,0.0,1.0,0.0
ENSG00000259736,CRTC3-AS1,0,0.0,1.0,0.0
ENSG00000259719,LINC02284,0,0.0,1.0,0.0
ENSG00000259678,ENSG00000259678,0,0.0,1.0,0.0
ENSG00000259673,IQCH-AS1,0,0.0,1.0,0.0
ENSG00000259664,ENSG00000259664,0,0.0,1.0,0.0
ENSG00000259658,UBE2Q2P13,0,0.0,1.0,0.0
ENSG00000259628,ENSG00000259628,0,0.0,1.0,0.0
ENSG00000259595,CTDSPL2-DT,0,0.0,1.0,0.0
ENSG00000259589,ENSG00000259589,0,0.0,1.0,0.0
ENSG00000259564,ENSG00000259564,0,0.0,1.0,0.0
ENSG00000259546,ENSG00000259546,0,0.0,1.0,0.0
ENSG00000259543,ENSG00000259543,0,0.0,1.0,0.0
ENSG00000259539,ENSG00000259539,0,0.0,1.0,0.0
ENSG00000259520,SLC28A2-AS1,0,0.0,1.0,0.0
ENSG00000259495,ARNT2-DT,0,0.0,1.0,0.0
ENSG00000259494,MRPL46,0,0.0,1.0,0.0
ENSG00000259488,DUT-AS1,0,0.0,1.0,0.0
ENSG00000259485,LINC02253,0,0.0,1.0,0.0
ENSG00000259481,ENSG00000259481,0,0.0,1.0,0.0
ENSG00000259475,SYNM-AS1,0,0.0,1.0,0.0
ENSG00000259049,ENSG00000259049,0,0.0,1.0,0.0
ENSG00000259024,TVP23C-CDRT4,0,0.0,1.0,0.0
ENSG00000259805,ENSG00000259805,0,0.0,1.0,0.0
ENSG00000258584,FAM181A-AS1,0,0.0,1.0,0.0
ENSG00000258545,RHOXF1-AS1,0,0.0,1.0,0.0
ENSG00000258539,ENSG00000258539,0,0.0,1.0,0.0
ENSG00000258525,ENSG00000258525,0,0.0,1.0,0.0
ENSG00000258520,ENSG00000258520,0,0.0,1.0,0.0
ENSG00000258484,SPESP1,0,0.0,1.0,0.0
ENSG00000258465,ENSG00000258465,0,0.0,1.0,0.0
ENSG00000258458,OXA1L-DT,0,0.0,1.0,0.0
ENSG00000258457,AJUBA-DT,0,0.0,1.0,0.0
ENSG00000258441,LINC00641,0,0.0,1.0,0.0
ENSG00000258343,SNRPF-DT,0,0.0,1.0,0.0
ENSG00000258315,BACC1,0,0.0,1.0,0.0
ENSG00000258302,ENSG00000258302,0,0.0,1.0,0.0
ENSG00000258289,CHURC1,0,0.0,1.0,0.0
ENSG00000258216,ENSG00000258216,0,0.0,1.0,0.0
ENSG00000258102,MAP1LC3B2,0,0.0,1.0,0.0
ENSG00000258092,ENSG00000258092,0,0.0,1.0,0.0
ENSG00000258086,GPR84-AS1,0,0.0,1.0,0.0
ENSG00000258081,ENSG00000258081,0,0.0,1.0,0.0
ENSG00000258017,TUBA1B-AS1,0,0.0,1.0,0.0
ENSG00000257935,LHX5-AS1,0,0.0,1.0,0.0
ENSG00000257809,MYL6B-AS1,0,0.0,1.0,0.0
ENSG00000258569,VASH1-DT,0,0.0,1.0,0.0
ENSG00000258592,LINC03059,0,0.0,1.0,0.0
ENSG00000259001,ENSG00000259001,0,0.0,1.0,0.0
ENSG00000258636,LRFN5-DT,0,0.0,1.0,0.0
ENSG00000258986,TMEM179,0,0.0,1.0,0.0
ENSG00000258984,UBE2F-SCLY,0,0.0,1.0,0.0
ENSG00000258982,YY1-DT,0,0.0,1.0,0.0
ENSG00000258964,ENSG00000258964,0,0.0,1.0,0.0
ENSG00000258959,ENSG00000258959,0,0.0,1.0,0.0
ENSG00000258892,ENSG00000258892,0,0.0,1.0,0.0
ENSG00000258891,ENSG00000258891,0,0.0,1.0,0.0
ENSG00000258890,CEP95,0,0.0,1.0,0.0
ENSG00000258864,ENSG00000258864,0,0.0,1.0,0.0
ENSG00000258824,ENSG00000258824,0,0.0,1.0,0.0
ENSG00000258776,ENSG00000258776,0,0.0,1.0,0.0
ENSG00000258744,ENSG00000258744,0,0.0,1.0,0.0
ENSG00000258732,ENSG00000258732,0,0.0,1.0,0.0
ENSG00000258727,AP1G2-AS1,0,0.0,1.0,0.0
ENSG00000258725,PRC1-AS1,0,0.0,1.0,0.0
ENSG00000258704,SRP54-AS1,0,0.0,1.0,0.0
ENSG00000258695,ENSG00000258695,0,0.0,1.0,0.0
ENSG00000258670,ENSG00000258670,0,0.0,1.0,0.0
ENSG00000258667,ENSG00000258667,0,0.0,1.0,0.0
ENSG00000258653,ENSG00000258653,0,0.0,1.0,0.0
ENSG00000258643,BCL2L2-PABPN1,0,0.0,1.0,0.0
ENSG00000259802,MARCHF6-DT,0,0.0,1.0,0.0
ENSG00000259845,HERC2P10,0,0.0,1.0,0.0
ENSG00000265943,ENSG00000265943,0,0.0,1.0,0.0
ENSG00000263956,NBPF11,0,0.0,1.0,0.0
ENSG00000263766,KPNB1-DT,0,0.0,1.0,0.0
ENSG00000263753,LINC00667,0,0.0,1.0,0.0
ENSG00000263657,ENSG00000263657,0,0.0,1.0,0.0
ENSG00000263603,ENSG00000263603,0,0.0,1.0,0.0
ENSG00000263551,ENSG00000263551,0,0.0,1.0,0.0
ENSG00000263465,SRSF8,0,0.0,1.0,0.0
ENSG00000263316,ENSG00000263316,0,0.0,1.0,0.0
ENSG00000263307,RSL1D1-DT,0,0.0,1.0,0.0
ENSG00000263072,ZNF213-AS1,0,0.0,1.0,0.0
ENSG00000263002,ZNF234,0,0.0,1.0,0.0
ENSG00000263001,GTF2I,0,0.0,1.0,0.0
ENSG00000262879,ENSG00000262879,0,0.0,1.0,0.0
ENSG00000262633,ENSG00000262633,0,0.0,1.0,0.0
ENSG00000262619,LINC00621,0,0.0,1.0,0.0
ENSG00000262223,LINC03048,0,0.0,1.0,0.0
ENSG00000262155,LINC02175,0,0.0,1.0,0.0
ENSG00000261879,ZNF594-DT,0,0.0,1.0,0.0
ENSG00000261801,LOXL1-AS1,0,0.0,1.0,0.0
ENSG00000261799,ENSG00000261799,0,0.0,1.0,0.0
ENSG00000261777,DDX19A-DT,0,0.0,1.0,0.0
ENSG00000261744,ZFPM1-AS1,0,0.0,1.0,0.0
ENSG00000263818,RDM1P5,0,0.0,1.0,0.0
ENSG00000263990,ENSG00000263990,0,0.0,1.0,0.0
ENSG00000261570,AGK-DT,0,0.0,1.0,0.0
ENSG00000264015,ENSG00000264015,0,0.0,1.0,0.0
ENSG00000265817,FSBP,0,0.0,1.0,0.0
ENSG00000265808,SEC22B,0,0.0,1.0,0.0
ENSG00000265751,GREB1L-AS1,0,0.0,1.0,0.0
ENSG00000265643,ENSG00000265643,0,0.0,1.0,0.0
ENSG00000265590,CFAP298-TCP10L,0,0.0,1.0,0.0
ENSG00000265491,RNF115,0,0.0,1.0,0.0
ENSG00000265334,ENSG00000265334,0,0.0,1.0,0.0
ENSG00000265148,TSPOAP1-AS1,0,0.0,1.0,0.0
ENSG00000264668,ENSG00000264668,0,0.0,1.0,0.0
ENSG00000264660,ENSG00000264660,0,0.0,1.0,0.0
ENSG00000264538,SUZ12P1,0,0.0,1.0,0.0
ENSG00000264522,OTUD7B,0,0.0,1.0,0.0
ENSG00000264449,ENSG00000264449,0,0.0,1.0,0.0
ENSG00000264364,DYNLL2,0,0.0,1.0,0.0
ENSG00000264345,LINC01894,0,0.0,1.0,0.0
ENSG00000264343,NOTCH2NLA,0,0.0,1.0,0.0
ENSG00000264324,ENSG00000264324,0,0.0,1.0,0.0
ENSG00000264278,ZNF236-DT,0,0.0,1.0,0.0
ENSG00000264247,ZNF407-AS1,0,0.0,1.0,0.0
ENSG00000264151,ENSG00000264151,0,0.0,1.0,0.0
ENSG00000264031,ABHD15-AS1,0,0.0,1.0,0.0
ENSG00000261669,ENSG00000261669,0,0.0,1.0,0.0
ENSG00000261553,ENSG00000261553,0,0.0,1.0,0.0
ENSG00000259867,DYNLRB2-AS1,0,0.0,1.0,0.0
ENSG00000260570,ENSG00000260570,0,0.0,1.0,0.0
ENSG00000260456,C16orf95,0,0.0,1.0,0.0
ENSG00000260455,NBAT1,0,0.0,1.0,0.0
ENSG00000260392,ENSG00000260392,0,0.0,1.0,0.0
ENSG00000260349,ENSG00000260349,0,0.0,1.0,0.0
ENSG00000260296,ENSG00000260296,0,0.0,1.0,0.0
ENSG00000260267,ENSG00000260267,0,0.0,1.0,0.0
ENSG00000260232,PWRN4,0,0.0,1.0,0.0
ENSG00000260230,FRRS1L,0,0.0,1.0,0.0
ENSG00000260192,LINC02240,0,0.0,1.0,0.0
ENSG00000260167,ENSG00000260167,0,0.0,1.0,0.0
ENSG00000260111,ENSG00000260111,0,0.0,1.0,0.0
ENSG00000260083,MIR762HG,0,0.0,1.0,0.0
ENSG00000260071,ENSG00000260071,0,0.0,1.0,0.0
ENSG00000260032,NORAD,0,0.0,1.0,0.0
ENSG00000260017,ENSG00000260017,0,0.0,1.0,0.0
ENSG00000260007,ENSG00000260007,0,0.0,1.0,0.0
ENSG00000259992,ENSG00000259992,0,0.0,1.0,0.0
ENSG00000259972,ENSG00000259972,0,0.0,1.0,0.0
ENSG00000259925,ENSG00000259925,0,0.0,1.0,0.0
ENSG00000259905,PWRN1,0,0.0,1.0,0.0
ENSG00000259891,ENSG00000259891,0,0.0,1.0,0.0
ENSG00000260536,ENSG00000260536,0,0.0,1.0,0.0
ENSG00000260630,SNAI3-AS1,0,0.0,1.0,0.0
ENSG00000261502,ENSG00000261502,0,0.0,1.0,0.0
ENSG00000260664,ENSG00000260664,0,0.0,1.0,0.0
ENSG00000261474,ENSG00000261474,0,0.0,1.0,0.0
ENSG00000261423,TMEM202-AS1,0,0.0,1.0,0.0
ENSG00000261404,PSMD7-DT,0,0.0,1.0,0.0
ENSG00000261390,MAFTRR,0,0.0,1.0,0.0
ENSG00000261386,ENSG00000261386,0,0.0,1.0,0.0
ENSG00000261326,LINC01355,0,0.0,1.0,0.0
ENSG00000261308,FIGNL2,0,0.0,1.0,0.0
ENSG00000261286,ATP2C2-AS1,0,0.0,1.0,0.0
ENSG00000261221,ZNF865,0,0.0,1.0,0.0
ENSG00000261136,ENSG00000261136,0,0.0,1.0,0.0
ENSG00000261098,ENSG00000261098,0,0.0,1.0,0.0
ENSG00000261063,ENSG00000261063,0,0.0,1.0,0.0
ENSG00000260927,ENSG00000260927,0,0.0,1.0,0.0
ENSG00000260922,ENSG00000260922,0,0.0,1.0,0.0
ENSG00000260920,ENSG00000260920,0,0.0,1.0,0.0
ENSG00000260917,ENSG00000260917,0,0.0,1.0,0.0
ENSG00000260916,CCPG1,0,0.0,1.0,0.0
ENSG00000260912,ENSG00000260912,0,0.0,1.0,0.0
ENSG00000260853,NFATC2IP-AS1,0,0.0,1.0,0.0
ENSG00000260804,LINC01963,0,0.0,1.0,0.0
ENSG00000260729,ENSG00000260729,0,0.0,1.0,0.0
ENSG00000274322,ENSG00000274322,0,0.0,1.0,0.0
ENSG00000274602,PI4KAP1,0,0.0,1.0,0.0
ENSG00000257759,ENSG00000257759,0,0.0,1.0,0.0
ENSG00000289127,ENSG00000289127,0,0.0,1.0,0.0
ENSG00000289100,ENSG00000289100,0,0.0,1.0,0.0
ENSG00000289069,ENSG00000289069,0,0.0,1.0,0.0
ENSG00000289047,ENSG00000289047,0,0.0,1.0,0.0
ENSG00000288973,ENSG00000288973,0,0.0,1.0,0.0
ENSG00000288898,ENSG00000288898,0,0.0,1.0,0.0
ENSG00000288765,ENSG00000288765,0,0.0,1.0,0.0
ENSG00000288723,ENSG00000288723,0,0.0,1.0,0.0
ENSG00000288721,ENSG00000288721,0,0.0,1.0,0.0
ENSG00000288701,PRRC2B,0,0.0,1.0,0.0
ENSG00000288700,ENSG00000288700,0,0.0,1.0,0.0
ENSG00000288684,ENSG00000288684,0,0.0,1.0,0.0
ENSG00000288670,ENSG00000288670,0,0.0,1.0,0.0
ENSG00000288659,ENSG00000288659,0,0.0,1.0,0.0
ENSG00000288643,ENSG00000288643,0,0.0,1.0,0.0
ENSG00000288637,ENSG00000288637,0,0.0,1.0,0.0
ENSG00000288605,ENSG00000288605,0,0.0,1.0,0.0
ENSG00000288602,C8orf44-SGK3,0,0.0,1.0,0.0
ENSG00000288587,ENSG00000288587,0,0.0,1.0,0.0
ENSG00000288583,ENSG00000288583,0,0.0,1.0,0.0
ENSG00000288526,ENSG00000288526,0,0.0,1.0,0.0
ENSG00000288271,ENSG00000288271,0,0.0,1.0,0.0
ENSG00000289108,ENSG00000289108,0,0.0,1.0,0.0
ENSG00000289156,PPP3R1-AS1,0,0.0,1.0,0.0
ENSG00000288075,ENSG00000288075,0,0.0,1.0,0.0
ENSG00000289168,ENSG00000289168,0,0.0,1.0,0.0
ENSG00000289985,ENSG00000289985,0,0.0,1.0,0.0
ENSG00000289956,ENSG00000289956,0,0.0,1.0,0.0
ENSG00000289911,ENSG00000289911,0,0.0,1.0,0.0
ENSG00000289899,ENSG00000289899,0,0.0,1.0,0.0
ENSG00000289873,ENSG00000289873,0,0.0,1.0,0.0
ENSG00000289860,ENSG00000289860,0,0.0,1.0,0.0
ENSG00000289788,ENSG00000289788,0,0.0,1.0,0.0
ENSG00000289728,ENSG00000289728,0,0.0,1.0,0.0
ENSG00000289727,ENSG00000289727,0,0.0,1.0,0.0
ENSG00000289716,XNDC1N-ZNF705EP-ALG1L9P,0,0.0,1.0,0.0
ENSG00000289586,ENSG00000289586,0,0.0,1.0,0.0
ENSG00000289564,ENSG00000289564,0,0.0,1.0,0.0
ENSG00000289516,ENSG00000289516,0,0.0,1.0,0.0
ENSG00000289469,ENSG00000289469,0,0.0,1.0,0.0
ENSG00000289405,ENSG00000289405,0,0.0,1.0,0.0
ENSG00000289357,ENSG00000289357,0,0.0,1.0,0.0
ENSG00000289349,ENSG00000289349,0,0.0,1.0,0.0
ENSG00000289346,ENSG00000289346,0,0.0,1.0,0.0
ENSG00000289268,ENSG00000289268,0,0.0,1.0,0.0
ENSG00000289228,HECTD2-AS1,0,0.0,1.0,0.0
ENSG00000289212,ENSG00000289212,0,0.0,1.0,0.0
ENSG00000288085,ENSG00000288085,0,0.0,1.0,0.0
ENSG00000288061,ENSG00000288061,0,0.0,1.0,0.0
ENSG00000290046,ENSG00000290046,0,0.0,1.0,0.0
ENSG00000287555,ENSG00000287555,0,0.0,1.0,0.0
ENSG00000287431,RENO1,0,0.0,1.0,0.0
ENSG00000287406,ENSG00000287406,0,0.0,1.0,0.0
ENSG00000287351,ENSG00000287351,0,0.0,1.0,0.0
ENSG00000287348,ENSG00000287348,0,0.0,1.0,0.0
ENSG00000287330,ENSG00000287330,0,0.0,1.0,0.0
ENSG00000287306,ENSG00000287306,0,0.0,1.0,0.0
ENSG00000287299,ENSG00000287299,0,0.0,1.0,0.0
ENSG00000287290,ENSG00000287290,0,0.0,1.0,0.0
ENSG00000287275,ENSG00000287275,0,0.0,1.0,0.0
ENSG00000287232,ENSG00000287232,0,0.0,1.0,0.0
ENSG00000287231,ENSG00000287231,0,0.0,1.0,0.0
ENSG00000287180,ENSG00000287180,0,0.0,1.0,0.0
ENSG00000287176,ENSG00000287176,0,0.0,1.0,0.0
ENSG00000287151,LINC03124,0,0.0,1.0,0.0
ENSG00000287129,ENSG00000287129,0,0.0,1.0,0.0
ENSG00000287127,ENSG00000287127,0,0.0,1.0,0.0
ENSG00000287100,ENSG00000287100,0,0.0,1.0,0.0
ENSG00000287045,ENSG00000287045,0,0.0,1.0,0.0
ENSG00000287044,ENSG00000287044,0,0.0,1.0,0.0
ENSG00000287020,ENSG00000287020,0,0.0,1.0,0.0
ENSG00000286980,ENSG00000286980,0,0.0,1.0,0.0
ENSG00000287451,ENSG00000287451,0,0.0,1.0,0.0
ENSG00000287562,ENSG00000287562,0,0.0,1.0,0.0
ENSG00000288060,ENSG00000288060,0,0.0,1.0,0.0
ENSG00000287621,ENSG00000287621,0,0.0,1.0,0.0
ENSG00000288044,ENSG00000288044,0,0.0,1.0,0.0
ENSG00000288036,ENSG00000288036,0,0.0,1.0,0.0
ENSG00000288025,ENSG00000288025,0,0.0,1.0,0.0
ENSG00000288021,ENSG00000288021,0,0.0,1.0,0.0
ENSG00000288018,ENSG00000288018,0,0.0,1.0,0.0
ENSG00000288013,ENSG00000288013,0,0.0,1.0,0.0
ENSG00000288000,ENSG00000288000,0,0.0,1.0,0.0
ENSG00000287999,ENSG00000287999,0,0.0,1.0,0.0
ENSG00000287976,ENSG00000287976,0,0.0,1.0,0.0
ENSG00000287966,LARRPM,0,0.0,1.0,0.0
ENSG00000287949,ENSG00000287949,0,0.0,1.0,0.0
ENSG00000287918,ENSG00000287918,0,0.0,1.0,0.0
ENSG00000287908,ENSG00000287908,0,0.0,1.0,0.0
ENSG00000287856,ENSG00000287856,0,0.0,1.0,0.0
ENSG00000287837,ENSG00000287837,0,0.0,1.0,0.0
ENSG00000287811,ENSG00000287811,0,0.0,1.0,0.0
ENSG00000287778,ENSG00000287778,0,0.0,1.0,0.0
ENSG00000287759,ENSG00000287759,0,0.0,1.0,0.0
ENSG00000287725,ENSG00000287725,0,0.0,1.0,0.0
ENSG00000287704,ENSG00000287704,0,0.0,1.0,0.0
ENSG00000287625,ENSG00000287625,0,0.0,1.0,0.0
ENSG00000289986,ENSG00000289986,0,0.0,1.0,0.0
ENSG00000290073,ENSG00000290073,0,0.0,1.0,0.0
ENSG00000286924,ENSG00000286924,0,0.0,1.0,0.0
ENSG00000291129,PPIEL,0,0.0,1.0,0.0
ENSG00000291118,ZNF767P,0,0.0,1.0,0.0
ENSG00000291110,TRIM16L,0,0.0,1.0,0.0
ENSG00000291107,ENSG00000291107,0,0.0,1.0,0.0
ENSG00000291106,SNHG33,0,0.0,1.0,0.0
ENSG00000291104,BTN2A3P,0,0.0,1.0,0.0
ENSG00000291101,ENSG00000291101,0,0.0,1.0,0.0
ENSG00000291100,ENSG00000291100,0,0.0,1.0,0.0
ENSG00000291097,HLA-L,0,0.0,1.0,0.0
ENSG00000291094,ENSG00000291094,0,0.0,1.0,0.0
ENSG00000291092,PMS2P3,0,0.0,1.0,0.0
ENSG00000291091,ENSG00000291091,0,0.0,1.0,0.0
ENSG00000291082,HERC2P9,0,0.0,1.0,0.0
ENSG00000291079,SDHAP3,0,0.0,1.0,0.0
ENSG00000291078,ENSG00000291078,0,0.0,1.0,0.0
ENSG00000291075,FRG1HP,0,0.0,1.0,0.0
ENSG00000291074,CCDC144NL,0,0.0,1.0,0.0
ENSG00000291072,ENSG00000291072,0,0.0,1.0,0.0
ENSG00000291069,BMS1P1,0,0.0,1.0,0.0
ENSG00000291067,ENSG00000291067,0,0.0,1.0,0.0
ENSG00000291066,ENSG00000291066,0,0.0,1.0,0.0
ENSG00000291064,ENSG00000291064,0,0.0,1.0,0.0
ENSG00000291120,ENSG00000291120,0,0.0,1.0,0.0
ENSG00000291134,ENSG00000291134,0,0.0,1.0,0.0
ENSG00000291062,ENSG00000291062,0,0.0,1.0,0.0
ENSG00000291136,RABGEF1P1,0,0.0,1.0,0.0
ENSG00000291272,ENSG00000291272,0,0.0,1.0,0.0
ENSG00000291237,SOD2,0,0.0,1.0,0.0
ENSG00000291223,FAM86DP,0,0.0,1.0,0.0
ENSG00000291207,ENSG00000291207,0,0.0,1.0,0.0
ENSG00000291202,ENSG00000291202,0,0.0,1.0,0.0
ENSG00000291201,ENSG00000291201,0,0.0,1.0,0.0
ENSG00000291187,REXO6P,0,0.0,1.0,0.0
ENSG00000291185,ENSG00000291185,0,0.0,1.0,0.0
ENSG00000291178,ENSG00000291178,0,0.0,1.0,0.0
ENSG00000291177,ZNF56P,0,0.0,1.0,0.0
ENSG00000291175,ENSG00000291175,0,0.0,1.0,0.0
ENSG00000291174,FAUP4,0,0.0,1.0,0.0
ENSG00000291170,ENSG00000291170,0,0.0,1.0,0.0
ENSG00000291159,ENSG00000291159,0,0.0,1.0,0.0
ENSG00000291158,LINC00869,0,0.0,1.0,0.0
ENSG00000291153,STAG3L4,0,0.0,1.0,0.0
ENSG00000291145,ENSG00000291145,0,0.0,1.0,0.0
ENSG00000291143,ENSG00000291143,0,0.0,1.0,0.0
ENSG00000291140,AMZ2P1,0,0.0,1.0,0.0
ENSG00000291139,DPY19L2P2,0,0.0,1.0,0.0
ENSG00000291137,GBA1LP,0,0.0,1.0,0.0
ENSG00000291063,ENSG00000291063,0,0.0,1.0,0.0
ENSG00000291061,ENSG00000291061,0,0.0,1.0,0.0
ENSG00000290146,ENSG00000290146,0,0.0,1.0,0.0
ENSG00000290832,ENSG00000290832,0,0.0,1.0,0.0
ENSG00000290782,CFL1P1,0,0.0,1.0,0.0
ENSG00000290770,MFSD14CP,0,0.0,1.0,0.0
ENSG00000290763,SDHAP1,0,0.0,1.0,0.0
ENSG00000290762,ENSG00000290762,0,0.0,1.0,0.0
ENSG00000290737,ENSG00000290737,0,0.0,1.0,0.0
ENSG00000290706,FAM238C,0,0.0,1.0,0.0
ENSG00000290682,ENSG00000290682,0,0.0,1.0,0.0
ENSG00000290576,ENSG00000290576,0,0.0,1.0,0.0
ENSG00000290571,ENSG00000290571,0,0.0,1.0,0.0
ENSG00000290548,ENSG00000290548,0,0.0,1.0,0.0
ENSG00000290531,TSPAN11-AS1,0,0.0,1.0,0.0
ENSG00000290496,LINC03003,0,0.0,1.0,0.0
ENSG00000290476,SUGT1P3,0,0.0,1.0,0.0
ENSG00000290474,ENSG00000290474,0,0.0,1.0,0.0
ENSG00000290466,ENSG00000290466,0,0.0,1.0,0.0
ENSG00000290464,ENSG00000290464,0,0.0,1.0,0.0
ENSG00000290457,ENSG00000290457,0,0.0,1.0,0.0
ENSG00000290450,ENSG00000290450,0,0.0,1.0,0.0
ENSG00000290425,PI4KAP1,0,0.0,1.0,0.0
ENSG00000290382,ZNF876P,0,0.0,1.0,0.0
ENSG00000290292,HOMEZ,0,0.0,1.0,0.0
ENSG00000290792,ENSG00000290792,0,0.0,1.0,0.0
ENSG00000290835,ENSG00000290835,0,0.0,1.0,0.0
ENSG00000291055,ENSG00000291055,0,0.0,1.0,0.0
ENSG00000290842,CROCCP3,0,0.0,1.0,0.0
ENSG00000291054,ENSG00000291054,0,0.0,1.0,0.0
ENSG00000291049,FAM86B3P,0,0.0,1.0,0.0
ENSG00000291042,ENSG00000291042,0,0.0,1.0,0.0
ENSG00000291035,RRP7BP,0,0.0,1.0,0.0
ENSG00000291010,MRPS31P5,0,0.0,1.0,0.0
ENSG00000291006,ENSG00000291006,0,0.0,1.0,0.0
ENSG00000290993,ENSG00000290993,0,0.0,1.0,0.0
ENSG00000290989,SEPTIN7P13,0,0.0,1.0,0.0
ENSG00000290948,ENSG00000290948,0,0.0,1.0,0.0
ENSG00000290945,ENSG00000290945,0,0.0,1.0,0.0
ENSG00000290928,ENSG00000290928,0,0.0,1.0,0.0
ENSG00000290926,LINC03006,0,0.0,1.0,0.0
ENSG00000290924,ENSG00000290924,0,0.0,1.0,0.0
ENSG00000290923,PGM5P2,0,0.0,1.0,0.0
ENSG00000290921,ENSG00000290921,0,0.0,1.0,0.0
ENSG00000290919,UBBP4,0,0.0,1.0,0.0
ENSG00000290875,ENSG00000290875,0,0.0,1.0,0.0
ENSG00000290870,ENSG00000290870,0,0.0,1.0,0.0
ENSG00000290864,BIRC6-AS2,0,0.0,1.0,0.0
ENSG00000290860,CCT6P3,0,0.0,1.0,0.0
ENSG00000290854,ENSG00000290854,0,0.0,1.0,0.0
ENSG00000286973,ENSG00000286973,0,0.0,1.0,0.0
ENSG00000286895,ENSG00000286895,0,0.0,1.0,0.0
ENSG00000274605,PCCA-DT,0,0.0,1.0,0.0
ENSG00000281706,LINC01012,0,0.0,1.0,0.0
ENSG00000281406,BLACAT1,0,0.0,1.0,0.0
ENSG00000281207,SLFNL1-AS1,0,0.0,1.0,0.0
ENSG00000281128,PTENP1-AS,0,0.0,1.0,0.0
ENSG00000281091,LL0XNC01-250H12.3,0,0.0,1.0,0.0
ENSG00000281039,ENSG00000281039,0,0.0,1.0,0.0
ENSG00000280893,ENSG00000280893,0,0.0,1.0,0.0
ENSG00000280832,GSEC,0,0.0,1.0,0.0
ENSG00000280789,PAGR1,0,0.0,1.0,0.0
ENSG00000280778,ENSG00000280778,0,0.0,1.0,0.0
ENSG00000280594,BTG3-AS1,0,0.0,1.0,0.0
ENSG00000280571,ENSG00000280571,0,0.0,1.0,0.0
ENSG00000280561,ENSG00000280561,0,0.0,1.0,0.0
ENSG00000280441,ENSG00000280441,0,0.0,1.0,0.0
ENSG00000280291,ENSG00000280291,0,0.0,1.0,0.0
ENSG00000280069,ENSG00000280069,0,0.0,1.0,0.0
ENSG00000280048,ENSG00000280048,0,0.0,1.0,0.0
ENSG00000279983,ENSG00000279983,0,0.0,1.0,0.0
ENSG00000279968,CCDC28A-AS1,0,0.0,1.0,0.0
ENSG00000279838,ENSG00000279838,0,0.0,1.0,0.0
ENSG00000279821,ENSG00000279821,0,0.0,1.0,0.0
ENSG00000279726,ENSG00000279726,0,0.0,1.0,0.0
ENSG00000281593,ENSG00000281593,0,0.0,1.0,0.0
ENSG00000281991,TMEM265,0,0.0,1.0,0.0
ENSG00000279317,ENSG00000279317,0,0.0,1.0,0.0
ENSG00000282278,ENSG00000282278,0,0.0,1.0,0.0
ENSG00000283913,ENSG00000283913,0,0.0,1.0,0.0
ENSG00000283900,TPTEP2-CSNK1E,0,0.0,1.0,0.0
ENSG00000283696,ENSG00000283696,0,0.0,1.0,0.0
ENSG00000283692,ENSG00000283692,0,0.0,1.0,0.0
ENSG00000283580,ENSG00000283580,0,0.0,1.0,0.0
ENSG00000283491,ENSG00000283491,0,0.0,1.0,0.0
ENSG00000283480,ENSG00000283480,0,0.0,1.0,0.0
ENSG00000283426,SMBD1P,0,0.0,1.0,0.0
ENSG00000283380,ENSG00000283380,0,0.0,1.0,0.0
ENSG00000283352,ENSG00000283352,0,0.0,1.0,0.0
ENSG00000283321,ENSG00000283321,0,0.0,1.0,0.0
ENSG00000283240,ENSG00000283240,0,0.0,1.0,0.0
ENSG00000283208,ENSG00000283208,0,0.0,1.0,0.0
ENSG00000283201,ENSG00000283201,0,0.0,1.0,0.0
ENSG00000283141,LINC02666,0,0.0,1.0,0.0
ENSG00000283103,ENSG00000283103,0,0.0,1.0,0.0
ENSG00000283098,ENSG00000283098,0,0.0,1.0,0.0
ENSG00000282961,PRNCR1,0,0.0,1.0,0.0
ENSG00000282917,ENSG00000282917,0,0.0,1.0,0.0
ENSG00000282890,MIR548BAHG,0,0.0,1.0,0.0
ENSG00000282826,FRG1CP,0,0.0,1.0,0.0
ENSG00000279598,ENSG00000279598,0,0.0,1.0,0.0
ENSG00000279277,ENSG00000279277,0,0.0,1.0,0.0
ENSG00000283945,REXO6P,0,0.0,1.0,0.0
ENSG00000277075,H2AC8,0,0.0,1.0,0.0
ENSG00000276728,ENSG00000276728,0,0.0,1.0,0.0
ENSG00000276293,PIP4K2B,0,0.0,1.0,0.0
ENSG00000276291,FRG1HP,0,0.0,1.0,0.0
ENSG00000276234,TADA2A,0,0.0,1.0,0.0
ENSG00000276023,DUSP14,0,0.0,1.0,0.0
ENSG00000275835,TUBGCP5,0,0.0,1.0,0.0
ENSG00000275734,ENSG00000275734,0,0.0,1.0,0.0
ENSG00000275714,H3C1,0,0.0,1.0,0.0
ENSG00000275674,ENSG00000275674,0,0.0,1.0,0.0
ENSG00000275379,H3C11,0,0.0,1.0,0.0
ENSG00000275294,ENSG00000275294,0,0.0,1.0,0.0
ENSG00000275131,PDE4DIPP2,0,0.0,1.0,0.0
ENSG00000275120,ZSCAN2-AS1,0,0.0,1.0,0.0
ENSG00000275119,ENSG00000275119,0,0.0,1.0,0.0
ENSG00000275111,ZNF2,0,0.0,1.0,0.0
ENSG00000275066,SYNRG,0,0.0,1.0,0.0
ENSG00000275052,PPP4R3B,0,0.0,1.0,0.0
ENSG00000274925,ZKSCAN2-DT,0,0.0,1.0,0.0
ENSG00000274847,MAFIP,0,0.0,1.0,0.0
ENSG00000274840,BALR6,0,0.0,1.0,0.0
ENSG00000274810,NPHP3-ACAD11,0,0.0,1.0,0.0
ENSG00000276975,HYDIN2,0,0.0,1.0,0.0
ENSG00000277157,H4C4,0,0.0,1.0,0.0
ENSG00000279207,ENSG00000279207,0,0.0,1.0,0.0
ENSG00000277215,SPANXA2-OT1,0,0.0,1.0,0.0
ENSG00000279170,TSTD3,0,0.0,1.0,0.0
ENSG00000279159,ENSG00000279159,0,0.0,1.0,0.0
ENSG00000279088,ENSG00000279088,0,0.0,1.0,0.0
ENSG00000278962,ENSG00000278962,0,0.0,1.0,0.0
ENSG00000278905,ENSG00000278905,0,0.0,1.0,0.0
ENSG00000278768,BACE1-AS,0,0.0,1.0,0.0
ENSG00000278730,ENSG00000278730,0,0.0,1.0,0.0
ENSG00000278705,H4C2,0,0.0,1.0,0.0
ENSG00000278540,ACACA,0,0.0,1.0,0.0
ENSG00000278318,ZNF229,0,0.0,1.0,0.0
ENSG00000278311,GGNBP2,0,0.0,1.0,0.0
ENSG00000278202,GOLGA6L9-AS1,0,0.0,1.0,0.0
ENSG00000278023,RDM1,0,0.0,1.0,0.0
ENSG00000277855,ENSG00000277855,0,0.0,1.0,0.0
ENSG00000277775,H3C7,0,0.0,1.0,0.0
ENSG00000277639,CHD9NB,0,0.0,1.0,0.0
ENSG00000277611,ENSG00000277611,0,0.0,1.0,0.0
ENSG00000277586,NEFL,0,0.0,1.0,0.0
ENSG00000277443,MARCKS,0,0.0,1.0,0.0
ENSG00000277363,SRCIN1,0,0.0,1.0,0.0
ENSG00000277258,PCGF2,0,0.0,1.0,0.0
ENSG00000283930,PLD5P1,0,0.0,1.0,0.0
ENSG00000284052,ENSG00000284052,0,0.0,1.0,0.0
ENSG00000286875,ENSG00000286875,0,0.0,1.0,0.0
ENSG00000286221,ENSG00000286221,0,0.0,1.0,0.0
ENSG00000286185,ENSG00000286185,0,0.0,1.0,0.0
ENSG00000286163,ENSG00000286163,0,0.0,1.0,0.0
ENSG00000286145,ENSG00000286145,0,0.0,1.0,0.0
ENSG00000286129,ENSG00000286129,0,0.0,1.0,0.0
ENSG00000286074,ENSG00000286074,0,0.0,1.0,0.0
ENSG00000286072,ENSG00000286072,0,0.0,1.0,0.0
ENSG00000286019,NOTCH2NLB,0,0.0,1.0,0.0
ENSG00000286001,ENSG00000286001,0,0.0,1.0,0.0
ENSG00000285982,ENSG00000285982,0,0.0,1.0,0.0
ENSG00000285967,NIPBL-DT,0,0.0,1.0,0.0
ENSG00000285953,ENSG00000285953,0,0.0,1.0,0.0
ENSG00000285942,ENSG00000285942,0,0.0,1.0,0.0
ENSG00000285932,ENSG00000285932,0,0.0,1.0,0.0
ENSG00000285877,ENSG00000285877,0,0.0,1.0,0.0
ENSG00000285868,ENSG00000285868,0,0.0,1.0,0.0
ENSG00000285859,ENSG00000285859,0,0.0,1.0,0.0
ENSG00000285851,ENSG00000285851,0,0.0,1.0,0.0
ENSG00000285827,ENSG00000285827,0,0.0,1.0,0.0
ENSG00000285804,ENSG00000285804,0,0.0,1.0,0.0
ENSG00000285796,ENSG00000285796,0,0.0,1.0,0.0
ENSG00000285774,SAMD4A-AS1,0,0.0,1.0,0.0
ENSG00000286219,NOTCH2NLC,0,0.0,1.0,0.0
ENSG00000286277,ENSG00000286277,0,0.0,1.0,0.0
ENSG00000285741,ENSG00000285741,0,0.0,1.0,0.0
ENSG00000286328,ENSG00000286328,0,0.0,1.0,0.0
ENSG00000286846,ENSG00000286846,0,0.0,1.0,0.0
ENSG00000286828,ENSG00000286828,0,0.0,1.0,0.0
ENSG00000286825,ENSG00000286825,0,0.0,1.0,0.0
ENSG00000286803,ENSG00000286803,0,0.0,1.0,0.0
ENSG00000286787,ENSG00000286787,0,0.0,1.0,0.0
ENSG00000286786,ENSG00000286786,0,0.0,1.0,0.0
ENSG00000286753,ENSG00000286753,0,0.0,1.0,0.0
ENSG00000286739,ENSG00000286739,0,0.0,1.0,0.0
ENSG00000286736,ENSG00000286736,0,0.0,1.0,0.0
ENSG00000286721,ENSG00000286721,0,0.0,1.0,0.0
ENSG00000286707,ENSG00000286707,0,0.0,1.0,0.0
ENSG00000286693,ENSG00000286693,0,0.0,1.0,0.0
ENSG00000286681,ENSG00000286681,0,0.0,1.0,0.0
ENSG00000286652,ENSG00000286652,0,0.0,1.0,0.0
ENSG00000286608,ENSG00000286608,0,0.0,1.0,0.0
ENSG00000286533,ENSG00000286533,0,0.0,1.0,0.0
ENSG00000286503,ENSG00000286503,0,0.0,1.0,0.0
ENSG00000286480,ENSG00000286480,0,0.0,1.0,0.0
ENSG00000286416,ENSG00000286416,0,0.0,1.0,0.0
ENSG00000286362,ENSG00000286362,0,0.0,1.0,0.0
ENSG00000286339,ENSG00000286339,0,0.0,1.0,0.0
ENSG00000285755,ENSG00000285755,0,0.0,1.0,0.0
ENSG00000285737,LINC02680,0,0.0,1.0,0.0
ENSG00000284116,ENSG00000284116,0,0.0,1.0,0.0
ENSG00000285367,ENSG00000285367,0,0.0,1.0,0.0
ENSG00000285280,RGS2-AS1,0,0.0,1.0,0.0
ENSG00000285220,ENSG00000285220,0,0.0,1.0,0.0
ENSG00000285219,HULC,0,0.0,1.0,0.0
ENSG00000285216,ENSG00000285216,0,0.0,1.0,0.0
ENSG00000285184,ENSG00000285184,0,0.0,1.0,0.0
ENSG00000285155,ENSG00000285155,0,0.0,1.0,0.0
ENSG00000285130,ENSG00000285130,0,0.0,1.0,0.0
ENSG00000285095,ENSG00000285095,0,0.0,1.0,0.0
ENSG00000285090,ENSG00000285090,0,0.0,1.0,0.0
ENSG00000285080,ENSG00000285080,0,0.0,1.0,0.0
ENSG00000285053,ENSG00000285053,0,0.0,1.0,0.0
ENSG00000285016,ENSG00000285016,0,0.0,1.0,0.0
ENSG00000285000,ENSG00000285000,0,0.0,1.0,0.0
ENSG00000284966,ENSG00000284966,0,0.0,1.0,0.0
ENSG00000284879,NCAL1,0,0.0,1.0,0.0
ENSG00000284697,ENSG00000284697,0,0.0,1.0,0.0
ENSG00000284634,ENSG00000284634,0,0.0,1.0,0.0
ENSG00000284523,ENSG00000284523,0,0.0,1.0,0.0
ENSG00000284512,ENSG00000284512,0,0.0,1.0,0.0
ENSG00000284461,ENSG00000284461,0,0.0,1.0,0.0
ENSG00000284418,LINC03142,0,0.0,1.0,0.0
ENSG00000285329,ENSG00000285329,0,0.0,1.0,0.0
ENSG00000285382,ENSG00000285382,0,0.0,1.0,0.0
ENSG00000285731,ENSG00000285731,0,0.0,1.0,0.0
ENSG00000285407,ENSG00000285407,0,0.0,1.0,0.0
ENSG00000285730,ENSG00000285730,0,0.0,1.0,0.0
ENSG00000285728,ENSG00000285728,0,0.0,1.0,0.0
ENSG00000285713,ENSG00000285713,0,0.0,1.0,0.0
ENSG00000285708,ENSG00000285708,0,0.0,1.0,0.0
ENSG00000285696,ENSG00000285696,0,0.0,1.0,0.0
ENSG00000285693,ENSG00000285693,0,0.0,1.0,0.0
ENSG00000285692,ENSG00000285692,0,0.0,1.0,0.0
ENSG00000285679,ENSG00000285679,0,0.0,1.0,0.0
ENSG00000285669,ENSG00000285669,0,0.0,1.0,0.0
ENSG00000285667,ENSG00000285667,0,0.0,1.0,0.0
ENSG00000285664,ENSG00000285664,0,0.0,1.0,0.0
ENSG00000285658,ENSG00000285658,0,0.0,1.0,0.0
ENSG00000285595,ENSG00000285595,0,0.0,1.0,0.0
ENSG00000285585,ENSG00000285585,0,0.0,1.0,0.0
ENSG00000285582,ENSG00000285582,0,0.0,1.0,0.0
ENSG00000285579,ENSG00000285579,0,0.0,1.0,0.0
ENSG00000285558,ENSG00000285558,0,0.0,1.0,0.0
ENSG00000285542,ENSG00000285542,0,0.0,1.0,0.0
ENSG00000285534,ENSG00000285534,0,0.0,1.0,0.0
ENSG00000285471,ENSG00000285471,0,0.0,1.0,0.0
ENSG00000285467,DHRS4L1,0,0.0,1.0,0.0
ENSG00000257800,FNBP1P1,0,0.0,1.0,0.0
ENSG00000257735,ENSG00000257735,0,0.0,1.0,0.0
ENSG00000220785,MTMR9LP,0,0.0,1.0,0.0
ENSG00000234323,LINC01505,0,0.0,1.0,0.0
ENSG00000234281,LANCL1-AS1,0,0.0,1.0,0.0
ENSG00000234207,LINC03116,0,0.0,1.0,0.0
ENSG00000234199,LINC01191,0,0.0,1.0,0.0
ENSG00000234127,TRIM26,0,0.0,1.0,0.0
ENSG00000234026,ENSG00000234026,0,0.0,1.0,0.0
ENSG00000233985,LINC01681,0,0.0,1.0,0.0
ENSG00000233967,ENSG00000233967,0,0.0,1.0,0.0
ENSG00000233928,ENSG00000233928,0,0.0,1.0,0.0
ENSG00000233912,ENSG00000233912,0,0.0,1.0,0.0
ENSG00000233860,SHROOM3-AS1,0,0.0,1.0,0.0
ENSG00000233783,ENSG00000233783,0,0.0,1.0,0.0
ENSG00000233757,ZNF892,0,0.0,1.0,0.0
ENSG00000233654,NEMP2-DT,0,0.0,1.0,0.0
ENSG00000233635,ENSG00000233635,0,0.0,1.0,0.0
ENSG00000233621,LITATS1,0,0.0,1.0,0.0
ENSG00000233593,LINC02609,0,0.0,1.0,0.0
ENSG00000233559,LINC00513,0,0.0,1.0,0.0
ENSG00000233527,ZNF529-AS1,0,0.0,1.0,0.0
ENSG00000233452,STXBP5-AS1,0,0.0,1.0,0.0
ENSG00000233420,ENSG00000233420,0,0.0,1.0,0.0
ENSG00000233369,GTF2IP4,0,0.0,1.0,0.0
ENSG00000234284,ZNF879,0,0.0,1.0,0.0
ENSG00000234350,ERICH2-DT,0,0.0,1.0,0.0
ENSG00000233246,PHC2-AS1,0,0.0,1.0,0.0
ENSG00000234352,ENSG00000234352,0,0.0,1.0,0.0
ENSG00000234997,LINC02966,0,0.0,1.0,0.0
ENSG00000234948,LINC01524,0,0.0,1.0,0.0
ENSG00000234915,ENSG00000234915,0,0.0,1.0,0.0
ENSG00000234911,TEX21P,0,0.0,1.0,0.0
ENSG00000234828,IQCM,0,0.0,1.0,0.0
ENSG00000234772,LINC00412,0,0.0,1.0,0.0
ENSG00000234753,FOXP4-AS1,0,0.0,1.0,0.0
ENSG00000234719,NPIPB2,0,0.0,1.0,0.0
ENSG00000234705,HMGA1P4,0,0.0,1.0,0.0
ENSG00000234690,EPCAM-DT,0,0.0,1.0,0.0
ENSG00000234684,SDCBP2-AS1,0,0.0,1.0,0.0
ENSG00000234663,LINC01934,0,0.0,1.0,0.0
ENSG00000234616,JRK,0,0.0,1.0,0.0
ENSG00000234584,ENSG00000234584,0,0.0,1.0,0.0
ENSG00000234500,ENSG00000234500,0,0.0,1.0,0.0
ENSG00000234494,SP2-AS1,0,0.0,1.0,0.0
ENSG00000234492,RPL34-DT,0,0.0,1.0,0.0
ENSG00000234444,ZNF736,0,0.0,1.0,0.0
ENSG00000234423,LINC01250,0,0.0,1.0,0.0
ENSG00000234420,ZNF37BP,0,0.0,1.0,0.0
ENSG00000234405,ENSG00000234405,0,0.0,1.0,0.0
ENSG00000233367,ENSG00000233367,0,0.0,1.0,0.0
ENSG00000233184,DPH5-DT,0,0.0,1.0,0.0
ENSG00000235079,ZRANB2-AS1,0,0.0,1.0,0.0
ENSG00000231738,TSPAN19,0,0.0,1.0,0.0
ENSG00000231672,DIRC3,0,0.0,1.0,0.0
ENSG00000231662,ENSG00000231662,0,0.0,1.0,0.0
ENSG00000231584,FAHD2CP,0,0.0,1.0,0.0
ENSG00000231563,ENSG00000231563,0,0.0,1.0,0.0
ENSG00000231533,ENSG00000231533,0,0.0,1.0,0.0
ENSG00000231527,FAM27C,0,0.0,1.0,0.0
ENSG00000231424,FMO1-AS1,0,0.0,1.0,0.0
ENSG00000231401,ENSG00000231401,0,0.0,1.0,0.0
ENSG00000231365,WARS2-AS1,0,0.0,1.0,0.0
ENSG00000231290,APCDD1L-DT,0,0.0,1.0,0.0
ENSG00000231259,ANAPC1P2,0,0.0,1.0,0.0
ENSG00000231113,LINC02976,0,0.0,1.0,0.0
ENSG00000231107,LINC01508,0,0.0,1.0,0.0
ENSG00000231104,ENSG00000231104,0,0.0,1.0,0.0
ENSG00000231064,THBS3-AS1,0,0.0,1.0,0.0
ENSG00000230960,ENSG00000230960,0,0.0,1.0,0.0
ENSG00000230876,LINC00486,0,0.0,1.0,0.0
ENSG00000230863,ENSG00000230863,0,0.0,1.0,0.0
ENSG00000230782,ENSG00000230782,0,0.0,1.0,0.0
ENSG00000230612,ENSG00000230612,0,0.0,1.0,0.0
ENSG00000230587,LINC02580,0,0.0,1.0,0.0
ENSG00000231731,ENSG00000231731,0,0.0,1.0,0.0
ENSG00000231806,PCAT7,0,0.0,1.0,0.0
ENSG00000233073,GRM3-AS1,0,0.0,1.0,0.0
ENSG00000231863,ENSG00000231863,0,0.0,1.0,0.0
ENSG00000233006,MIR3936HG,0,0.0,1.0,0.0
ENSG00000232859,LYRM9,0,0.0,1.0,0.0
ENSG00000232828,ENSG00000232828,0,0.0,1.0,0.0
ENSG00000232754,ENSG00000232754,0,0.0,1.0,0.0
ENSG00000232732,ENSG00000232732,0,0.0,1.0,0.0
ENSG00000232729,GTF2I-AS1,0,0.0,1.0,0.0
ENSG00000232712,KIZ-AS1,0,0.0,1.0,0.0
ENSG00000232692,ENSG00000232692,0,0.0,1.0,0.0
ENSG00000232656,IDI2-AS1,0,0.0,1.0,0.0
ENSG00000232648,ING2-DT,0,0.0,1.0,0.0
ENSG00000232160,RAP2C-AS1,0,0.0,1.0,0.0
ENSG00000232119,MCTS1,0,0.0,1.0,0.0
ENSG00000232046,LINC01798,0,0.0,1.0,0.0
ENSG00000232044,SILC1,0,0.0,1.0,0.0
ENSG00000232040,SCAND3,0,0.0,1.0,0.0
ENSG00000232021,LEF1-AS1,0,0.0,1.0,0.0
ENSG00000232006,ENSG00000232006,0,0.0,1.0,0.0
ENSG00000231999,LRRC8C-DT,0,0.0,1.0,0.0
ENSG00000231969,MMADHC-DT,0,0.0,1.0,0.0
ENSG00000231952,DPY19L1P2,0,0.0,1.0,0.0
ENSG00000231925,TAPBP,0,0.0,1.0,0.0
ENSG00000235007,ENSG00000235007,0,0.0,1.0,0.0
ENSG00000235100,ENSG00000235100,0,0.0,1.0,0.0
ENSG00000230532,ENSG00000230532,0,0.0,1.0,0.0
ENSG00000238217,LINC01877,0,0.0,1.0,0.0
ENSG00000238198,LRIG2-DT,0,0.0,1.0,0.0
ENSG00000238197,PAXBP1-AS1,0,0.0,1.0,0.0
ENSG00000238184,CD81-AS1,0,0.0,1.0,0.0
ENSG00000238141,BRWD1-AS1,0,0.0,1.0,0.0
ENSG00000238133,MAP3K20-AS1,0,0.0,1.0,0.0
ENSG00000238105,GOLGA2P5,0,0.0,1.0,0.0
ENSG00000238083,LRRC37A2,0,0.0,1.0,0.0
ENSG00000238058,CAMSAP1-DT,0,0.0,1.0,0.0
ENSG00000238045,MVP-DT,0,0.0,1.0,0.0
ENSG00000237978,KCNMB2-AS1,0,0.0,1.0,0.0
ENSG00000237975,ENSG00000237975,0,0.0,1.0,0.0
ENSG00000237945,LINC00649,0,0.0,1.0,0.0
ENSG00000237819,CDK6-AS1,0,0.0,1.0,0.0
ENSG00000237765,FAM200B,0,0.0,1.0,0.0
ENSG00000237651,C2orf74,0,0.0,1.0,0.0
ENSG00000237638,LINC02245,0,0.0,1.0,0.0
ENSG00000237491,LINC01409,0,0.0,1.0,0.0
ENSG00000237489,C10orf143,0,0.0,1.0,0.0
ENSG00000237441,RGL2,0,0.0,1.0,0.0
ENSG00000237440,ZNF737,0,0.0,1.0,0.0
ENSG00000237248,LINC00987,0,0.0,1.0,0.0
ENSG00000238207,ENSG00000238207,0,0.0,1.0,0.0
ENSG00000238221,ENSG00000238221,0,0.0,1.0,0.0
ENSG00000237149,ZNF503-AS2,0,0.0,1.0,0.0
ENSG00000238230,LINC00391,0,0.0,1.0,0.0
ENSG00000240021,TEX35,0,0.0,1.0,0.0
ENSG00000239959,ENPP7P2,0,0.0,1.0,0.0
ENSG00000239887,C1orf226,0,0.0,1.0,0.0
ENSG00000239828,CCDC54-AS1,0,0.0,1.0,0.0
ENSG00000239827,SUGT1P3,0,0.0,1.0,0.0
ENSG00000239801,ENSG00000239801,0,0.0,1.0,0.0
ENSG00000239791,ENSG00000239791,0,0.0,1.0,0.0
ENSG00000239779,WBP1,0,0.0,1.0,0.0
ENSG00000239763,RPL21P118,0,0.0,1.0,0.0
ENSG00000239704,CDRT4,0,0.0,1.0,0.0
ENSG00000239653,PSMD6-AS2,0,0.0,1.0,0.0
ENSG00000239605,STPG4,0,0.0,1.0,0.0
ENSG00000239569,KMT2E-AS1,0,0.0,1.0,0.0
ENSG00000239523,MYLK-AS1,0,0.0,1.0,0.0
ENSG00000239521,CASTOR3P,0,0.0,1.0,0.0
ENSG00000239462,ENSG00000239462,0,0.0,1.0,0.0
ENSG00000239407,ENSG00000239407,0,0.0,1.0,0.0
ENSG00000239305,RNF103,0,0.0,1.0,0.0
ENSG00000239265,ENSG00000239265,0,0.0,1.0,0.0
ENSG00000239213,NCK1-DT,0,0.0,1.0,0.0
ENSG00000238287,EXO5-DT,0,0.0,1.0,0.0
ENSG00000237188,ENSG00000237188,0,0.0,1.0,0.0
ENSG00000237128,LINC02652,0,0.0,1.0,0.0
ENSG00000235106,BRD3OS,0,0.0,1.0,0.0
ENSG00000235903,CPB2-AS1,0,0.0,1.0,0.0
ENSG00000235890,TSPEAR-AS1,0,0.0,1.0,0.0
ENSG00000235888,LINC02940,0,0.0,1.0,0.0
ENSG00000235885,LINC01828,0,0.0,1.0,0.0
ENSG00000235872,ENSG00000235872,0,0.0,1.0,0.0
ENSG00000235863,B3GALT4,0,0.0,1.0,0.0
ENSG00000235731,LINC02250,0,0.0,1.0,0.0
ENSG00000235726,ENSG00000235726,0,0.0,1.0,0.0
ENSG00000235724,PSMD14-DT,0,0.0,1.0,0.0
ENSG00000235706,DICER1-AS1,0,0.0,1.0,0.0
ENSG00000235545,DOCK7-DT,0,0.0,1.0,0.0
ENSG00000235530,TMEM11-DT,0,0.0,1.0,0.0
ENSG00000235513,L3MBTL2-AS1,0,0.0,1.0,0.0
ENSG00000235501,CNN3-DT,0,0.0,1.0,0.0
ENSG00000235481,UBE2R2-AS1,0,0.0,1.0,0.0
ENSG00000235453,SMIM27,0,0.0,1.0,0.0
ENSG00000235450,ENSG00000235450,0,0.0,1.0,0.0
ENSG00000235437,LINC01278,0,0.0,1.0,0.0
ENSG00000235298,HNRNPK-AS1,0,0.0,1.0,0.0
ENSG00000235194,PPP1R3E,0,0.0,1.0,0.0
ENSG00000235189,ENSG00000235189,0,0.0,1.0,0.0
ENSG00000235109,ZSCAN31,0,0.0,1.0,0.0
ENSG00000235902,ENSG00000235902,0,0.0,1.0,0.0
ENSG00000235978,ENSG00000235978,0,0.0,1.0,0.0
ENSG00000237037,NDUFA6-DT,0,0.0,1.0,0.0
ENSG00000236088,COX10-DT,0,0.0,1.0,0.0
ENSG00000237004,ZNRF2P1,0,0.0,1.0,0.0
ENSG00000236986,ENSG00000236986,0,0.0,1.0,0.0
ENSG00000236869,ZKSCAN7-AS1,0,0.0,1.0,0.0
ENSG00000236810,ELOA-AS1,0,0.0,1.0,0.0
ENSG00000236796,ENSG00000236796,0,0.0,1.0,0.0
ENSG00000236756,DNAJC9-AS1,0,0.0,1.0,0.0
ENSG00000236559,BCL2L1-AS1,0,0.0,1.0,0.0
ENSG00000236548,RNF217-AS1,0,0.0,1.0,0.0
ENSG00000236498,ENSG00000236498,0,0.0,1.0,0.0
ENSG00000236449,ENSG00000236449,0,0.0,1.0,0.0
ENSG00000236432,MFF-DT,0,0.0,1.0,0.0
ENSG00000236383,CCDC200,0,0.0,1.0,0.0
ENSG00000236303,LINC02646,0,0.0,1.0,0.0
ENSG00000236287,ZBED5,0,0.0,1.0,0.0
ENSG00000236256,DIAPH2-AS1,0,0.0,1.0,0.0
ENSG00000236255,ENSG00000236255,0,0.0,1.0,0.0
ENSG00000236212,ENSG00000236212,0,0.0,1.0,0.0
ENSG00000236204,LINC01376,0,0.0,1.0,0.0
ENSG00000236200,KDM4A-AS1,0,0.0,1.0,0.0
ENSG00000236197,PPP1R9A-AS1,0,0.0,1.0,0.0
ENSG00000236104,ZBTB22,0,0.0,1.0,0.0
ENSG00000230561,CCDC192,0,0.0,1.0,0.0
ENSG00000230490,ENSG00000230490,0,0.0,1.0,0.0
ENSG00000240038,AMY2B,0,0.0,1.0,0.0
ENSG00000225733,FGD5-AS1,0,0.0,1.0,0.0
ENSG00000225663,MCRIP1,0,0.0,1.0,0.0
ENSG00000225548,LINC01980,0,0.0,1.0,0.0
ENSG00000225526,MKRN2OS,0,0.0,1.0,0.0
ENSG00000225506,CYP4A22-AS1,0,0.0,1.0,0.0
ENSG00000225484,NUTM2B-AS1,0,0.0,1.0,0.0
ENSG00000225472,NFIB-AS1,0,0.0,1.0,0.0
ENSG00000225434,LINC01504,0,0.0,1.0,0.0
ENSG00000225420,EIF2AK3-AS1,0,0.0,1.0,0.0
ENSG00000225377,NRSN2-AS1,0,0.0,1.0,0.0
ENSG00000225339,SMIM29-AS1,0,0.0,1.0,0.0
ENSG00000225313,ENSG00000225313,0,0.0,1.0,0.0
ENSG00000225292,LINC02935,0,0.0,1.0,0.0
ENSG00000225206,MIR137HG,0,0.0,1.0,0.0
ENSG00000225156,ENSG00000225156,0,0.0,1.0,0.0
ENSG00000225138,SLC9A3-AS1,0,0.0,1.0,0.0
ENSG00000224934,GOT1-DT,0,0.0,1.0,0.0
ENSG00000224914,LINC00863,0,0.0,1.0,0.0
ENSG00000224897,POT1-AS1,0,0.0,1.0,0.0
ENSG00000224843,LINC00240,0,0.0,1.0,0.0
ENSG00000224812,TMEM72-AS1,0,0.0,1.0,0.0
ENSG00000224789,ENSG00000224789,0,0.0,1.0,0.0
ENSG00000225727,ENSG00000225727,0,0.0,1.0,0.0
ENSG00000225783,MIAT,0,0.0,1.0,0.0
ENSG00000224738,ENSG00000224738,0,0.0,1.0,0.0
ENSG00000225791,TRAM2-AS1,0,0.0,1.0,0.0
ENSG00000226465,ENSG00000226465,0,0.0,1.0,0.0
ENSG00000226453,LINC02542,0,0.0,1.0,0.0
ENSG00000226330,PPP1R15B-AS1,0,0.0,1.0,0.0
ENSG00000226320,LINC01811,0,0.0,1.0,0.0
ENSG00000226314,ZKSCAN8P1,0,0.0,1.0,0.0
ENSG00000226310,ENSG00000226310,0,0.0,1.0,0.0
ENSG00000226266,ENSG00000226266,0,0.0,1.0,0.0
ENSG00000226232,NPIPB14P,0,0.0,1.0,0.0
ENSG00000226210,WASH8P,0,0.0,1.0,0.0
ENSG00000226200,SGMS1-AS1,0,0.0,1.0,0.0
ENSG00000226174,TEX22,0,0.0,1.0,0.0
ENSG00000226137,BAIAP2-DT,0,0.0,1.0,0.0
ENSG00000226067,LINC00623,0,0.0,1.0,0.0
ENSG00000225973,PIGBOS1,0,0.0,1.0,0.0
ENSG00000225937,PCA3,0,0.0,1.0,0.0
ENSG00000225885,ENSG00000225885,0,0.0,1.0,0.0
ENSG00000225855,RUSC1-AS1,0,0.0,1.0,0.0
ENSG00000225849,MKRN7P,0,0.0,1.0,0.0
ENSG00000225830,ERCC6,0,0.0,1.0,0.0
ENSG00000225828,FAM229A,0,0.0,1.0,0.0
ENSG00000225793,TMEM30A-DT,0,0.0,1.0,0.0
ENSG00000224746,ENSG00000224746,0,0.0,1.0,0.0
ENSG00000224660,SH3BP5-AS1,0,0.0,1.0,0.0
ENSG00000226476,LINC01748,0,0.0,1.0,0.0
ENSG00000223547,ZNF844,0,0.0,1.0,0.0
ENSG00000223509,WHAMMP1,0,0.0,1.0,0.0
ENSG00000223508,RPL23AP53,0,0.0,1.0,0.0
ENSG00000223501,VPS52,0,0.0,1.0,0.0
ENSG00000223482,NUTM2A-AS1,0,0.0,1.0,0.0
ENSG00000222011,FAM185A,0,0.0,1.0,0.0
ENSG00000222009,BTBD19,0,0.0,1.0,0.0
ENSG00000222005,LINC01118,0,0.0,1.0,0.0
ENSG00000221994,ZNF630,0,0.0,1.0,0.0
ENSG00000221988,PPT2,0,0.0,1.0,0.0
ENSG00000221978,CCNL2,0,0.0,1.0,0.0
ENSG00000221947,XKR9,0,0.0,1.0,0.0
ENSG00000221944,TIGD1,0,0.0,1.0,0.0
ENSG00000221923,ZNF880,0,0.0,1.0,0.0
ENSG00000221914,PPP2R2A,0,0.0,1.0,0.0
ENSG00000221909,FAM200A,0,0.0,1.0,0.0
ENSG00000221886,FAM200C,0,0.0,1.0,0.0
ENSG00000221823,PPP3R1,0,0.0,1.0,0.0
ENSG00000221818,EBF2,0,0.0,1.0,0.0
ENSG00000221817,PPP3CB-AS1,0,0.0,1.0,0.0
ENSG00000220848,RPS18P9,0,0.0,1.0,0.0
ENSG00000220804,LINC01881,0,0.0,1.0,0.0
ENSG00000223546,LINC00630,0,0.0,1.0,0.0
ENSG00000223646,LINC03076,0,0.0,1.0,0.0
ENSG00000224658,ENSG00000224658,0,0.0,1.0,0.0
ENSG00000223653,BCL10-AS1,0,0.0,1.0,0.0
ENSG00000224616,RTCA-AS1,0,0.0,1.0,0.0
ENSG00000224596,ZMIZ1-AS1,0,0.0,1.0,0.0
ENSG00000224531,SMIM13,0,0.0,1.0,0.0
ENSG00000224505,HEXIM2-AS1,0,0.0,1.0,0.0
ENSG00000224470,ATXN1L,0,0.0,1.0,0.0
ENSG00000224243,SOX1-OT,0,0.0,1.0,0.0
ENSG00000224218,ENSG00000224218,0,0.0,1.0,0.0
ENSG00000224186,PITX1-AS1,0,0.0,1.0,0.0
ENSG00000224184,MIR3681HG,0,0.0,1.0,0.0
ENSG00000224165,DNAJC27-AS1,0,0.0,1.0,0.0
ENSG00000224128,LINC01248,0,0.0,1.0,0.0
ENSG00000223960,CHROMR,0,0.0,1.0,0.0
ENSG00000223959,AFG3L1P,0,0.0,1.0,0.0
ENSG00000223891,OSER1-DT,0,0.0,1.0,0.0
ENSG00000223883,LINC01707,0,0.0,1.0,0.0
ENSG00000223797,ENSG00000223797,0,0.0,1.0,0.0
ENSG00000223768,LINC00205,0,0.0,1.0,0.0
ENSG00000223732,ENSG00000223732,0,0.0,1.0,0.0
ENSG00000223727,ENSG00000223727,0,0.0,1.0,0.0
ENSG00000223725,MYOSLID-AS1,0,0.0,1.0,0.0
ENSG00000223704,ENSG00000223704,0,0.0,1.0,0.0
ENSG00000226471,ENSG00000226471,0,0.0,1.0,0.0
ENSG00000226479,TMEM185B,0,0.0,1.0,0.0
ENSG00000230487,PSMG3-AS1,0,0.0,1.0,0.0
ENSG00000229327,EPC1-AS1,0,0.0,1.0,0.0
ENSG00000229267,SNHG31,0,0.0,1.0,0.0
ENSG00000229151,ENSG00000229151,0,0.0,1.0,0.0
ENSG00000229124,VIM-AS1,0,0.0,1.0,0.0
ENSG00000229109,FRMD3-AS1,0,0.0,1.0,0.0
ENSG00000229036,VDAC1P8,0,0.0,1.0,0.0
ENSG00000229017,LINC01277,0,0.0,1.0,0.0
ENSG00000228878,SEPTIN7-DT,0,0.0,1.0,0.0
ENSG00000228857,ACTR3-AS1,0,0.0,1.0,0.0
ENSG00000228835,ENSG00000228835,0,0.0,1.0,0.0
ENSG00000228824,MIR4500HG,0,0.0,1.0,0.0
ENSG00000228801,PCMTD1-DT,0,0.0,1.0,0.0
ENSG00000228794,LINC01128,0,0.0,1.0,0.0
ENSG00000228793,ENSG00000228793,0,0.0,1.0,0.0
ENSG00000228782,MRPL45P2,0,0.0,1.0,0.0
ENSG00000228775,WEE2-AS1,0,0.0,1.0,0.0
ENSG00000228727,SAPCD1,0,0.0,1.0,0.0
ENSG00000228697,ENSG00000228697,0,0.0,1.0,0.0
ENSG00000228696,ARL17B,0,0.0,1.0,0.0
ENSG00000228570,NUTM2E,0,0.0,1.0,0.0
ENSG00000228566,ENSG00000228566,0,0.0,1.0,0.0
ENSG00000228506,PNISR-AS1,0,0.0,1.0,0.0
ENSG00000229321,ENSG00000229321,0,0.0,1.0,0.0
ENSG00000229337,ENSG00000229337,0,0.0,1.0,0.0
ENSG00000228395,ENSG00000228395,0,0.0,1.0,0.0
ENSG00000229358,DPY19L1P1,0,0.0,1.0,0.0
ENSG00000230424,EMC1-AS1,0,0.0,1.0,0.0
ENSG00000230417,LINC00595,0,0.0,1.0,0.0
ENSG00000230323,LINC00159,0,0.0,1.0,0.0
ENSG00000230317,LINC01284,0,0.0,1.0,0.0
ENSG00000230316,FEZF1-AS1,0,0.0,1.0,0.0
ENSG00000230286,ENSG00000230286,0,0.0,1.0,0.0
ENSG00000230185,HSDL2-AS1,0,0.0,1.0,0.0
ENSG00000230091,TMEM254-AS1,0,0.0,1.0,0.0
ENSG00000230084,ZBTB47-AS1,0,0.0,1.0,0.0
ENSG00000230074,ENSG00000230074,0,0.0,1.0,0.0
ENSG00000230021,ENSG00000230021,0,0.0,1.0,0.0
ENSG00000230010,ENSG00000230010,0,0.0,1.0,0.0
ENSG00000229981,LINC01435,0,0.0,1.0,0.0
ENSG00000229852,KHDC1-AS1,0,0.0,1.0,0.0
ENSG00000229839,ENSG00000229839,0,0.0,1.0,0.0
ENSG00000229739,PDC-AS1,0,0.0,1.0,0.0
ENSG00000229727,ENSG00000229727,0,0.0,1.0,0.0
ENSG00000229656,ITGB1-DT,0,0.0,1.0,0.0
ENSG00000229647,MYOSLID,0,0.0,1.0,0.0
ENSG00000229618,ENSG00000229618,0,0.0,1.0,0.0
ENSG00000229531,RABGAP1L-AS1,0,0.0,1.0,0.0
ENSG00000228486,C2orf92,0,0.0,1.0,0.0
ENSG00000228274,TOMM22-DT,0,0.0,1.0,0.0
ENSG00000226530,ENSG00000226530,0,0.0,1.0,0.0
ENSG00000227355,ENSG00000227355,0,0.0,1.0,0.0
ENSG00000227279,CDH2-AS1,0,0.0,1.0,0.0
ENSG00000227240,ENSG00000227240,0,0.0,1.0,0.0
ENSG00000227227,ENSG00000227227,0,0.0,1.0,0.0
ENSG00000227165,WDR11-DT,0,0.0,1.0,0.0
ENSG00000227124,ZNF717,0,0.0,1.0,0.0
ENSG00000227082,LINC02798,0,0.0,1.0,0.0
ENSG00000227036,LINC00511,0,0.0,1.0,0.0
ENSG00000227028,SLC8A1-AS1,0,0.0,1.0,0.0
ENSG00000227014,FKBP14-AS1,0,0.0,1.0,0.0
ENSG00000226833,PPP1CB-DT,0,0.0,1.0,0.0
ENSG00000226828,LINC02774,0,0.0,1.0,0.0
ENSG00000226803,ZNF451-AS1,0,0.0,1.0,0.0
ENSG00000226752,CUTALP,0,0.0,1.0,0.0
ENSG00000226711,FAM66C,0,0.0,1.0,0.0
ENSG00000226702,MIR217HG,0,0.0,1.0,0.0
ENSG00000226696,LENG8-AS1,0,0.0,1.0,0.0
ENSG00000226688,ENTPD1-AS1,0,0.0,1.0,0.0
ENSG00000226648,PLCG1-AS1,0,0.0,1.0,0.0
ENSG00000226647,ENSG00000226647,0,0.0,1.0,0.0
ENSG00000226605,ENSG00000226605,0,0.0,1.0,0.0
ENSG00000226571,ENSG00000226571,0,0.0,1.0,0.0
ENSG00000227354,RBM26-AS1,0,0.0,1.0,0.0
ENSG00000227388,ENSG00000227388,0,0.0,1.0,0.0
ENSG00000228223,HCG11,0,0.0,1.0,0.0
ENSG00000227400,ENSG00000227400,0,0.0,1.0,0.0
ENSG00000228219,NPM1P30,0,0.0,1.0,0.0
ENSG00000228063,LYPLAL1-DT,0,0.0,1.0,0.0
ENSG00000228061,ELP4-AS1,0,0.0,1.0,0.0
ENSG00000228010,ENSG00000228010,0,0.0,1.0,0.0
ENSG00000227953,LINC01341,0,0.0,1.0,0.0
ENSG00000227945,PTPRK-AS1,0,0.0,1.0,0.0
ENSG00000227906,SNAP25-AS1,0,0.0,1.0,0.0
ENSG00000227888,FAM66A,0,0.0,1.0,0.0
ENSG00000227885,ENSG00000227885,0,0.0,1.0,0.0
ENSG00000227855,DPY19L2P3,0,0.0,1.0,0.0
ENSG00000227803,ENSG00000227803,0,0.0,1.0,0.0
ENSG00000227775,ENSG00000227775,0,0.0,1.0,0.0
ENSG00000227769,ENSG00000227769,0,0.0,1.0,0.0
ENSG00000227740,LINC02803,0,0.0,1.0,0.0
ENSG00000227722,ENSG00000227722,0,0.0,1.0,0.0
ENSG00000227704,ENSG00000227704,0,0.0,1.0,0.0
ENSG00000227640,SOX21-AS1,0,0.0,1.0,0.0
ENSG00000227627,ENSG00000227627,0,0.0,1.0,0.0
ENSG00000227543,SPAG5-AS1,0,0.0,1.0,0.0
ENSG00000227517,LINC01483,0,0.0,1.0,0.0
ENSG00000227456,LINC00310,0,0.0,1.0,0.0
ENSG00000240024,SNHG33,0,0.0,1.0,0.0
ENSG00000240053,LY6G5B,0,0.0,1.0,0.0
ENSG00000257698,GIHCG,0,0.0,1.0,0.0
ENSG00000253582,OXR1-AS1,0,0.0,1.0,0.0
ENSG00000253535,ADAM7-AS1,0,0.0,1.0,0.0
ENSG00000253392,ENSG00000253392,0,0.0,1.0,0.0
ENSG00000253352,TUG1,0,0.0,1.0,0.0
ENSG00000253347,ENSG00000253347,0,0.0,1.0,0.0
ENSG00000253320,MAILR,0,0.0,1.0,0.0
ENSG00000253305,PCDHGB6,0,0.0,1.0,0.0
ENSG00000253300,ENSG00000253300,0,0.0,1.0,0.0
ENSG00000253276,CCDC71L,0,0.0,1.0,0.0
ENSG00000253197,ENSG00000253197,0,0.0,1.0,0.0
ENSG00000253194,ENSG00000253194,0,0.0,1.0,0.0
ENSG00000253159,PCDHGA12,0,0.0,1.0,0.0
ENSG00000253133,GPAT4-AS1,0,0.0,1.0,0.0
ENSG00000251675,ENSG00000251675,0,0.0,1.0,0.0
ENSG00000251652,ENSG00000251652,0,0.0,1.0,0.0
ENSG00000251629,LINC02241,0,0.0,1.0,0.0
ENSG00000251595,ABCA11P,0,0.0,1.0,0.0
ENSG00000251577,TACR3-AS1,0,0.0,1.0,0.0
ENSG00000251513,LIX1-AS1,0,0.0,1.0,0.0
ENSG00000251381,LINC00958,0,0.0,1.0,0.0
ENSG00000251364,SYT9-AS1,0,0.0,1.0,0.0
ENSG00000251363,LINC02315,0,0.0,1.0,0.0
ENSG00000253553,ENSG00000253553,0,0.0,1.0,0.0
ENSG00000253618,GRPEL2-AS1,0,0.0,1.0,0.0
ENSG00000251323,LINC02728,0,0.0,1.0,0.0
ENSG00000253641,LINC03022,0,0.0,1.0,0.0
ENSG00000254459,ENSG00000254459,0,0.0,1.0,0.0
ENSG00000254420,ENSG00000254420,0,0.0,1.0,0.0
ENSG00000254394,ENSG00000254394,0,0.0,1.0,0.0
ENSG00000254377,MIR124-2HG,0,0.0,1.0,0.0
ENSG00000254266,PKIA-AS1,0,0.0,1.0,0.0
ENSG00000254226,LINC01933,0,0.0,1.0,0.0
ENSG00000254166,CASC19,0,0.0,1.0,0.0
ENSG00000254138,ENSG00000254138,0,0.0,1.0,0.0
ENSG00000254122,PCDHGB7,0,0.0,1.0,0.0
ENSG00000253978,TENM2-AS1,0,0.0,1.0,0.0
ENSG00000253948,VPS13B-DT,0,0.0,1.0,0.0
ENSG00000253893,FAM85B,0,0.0,1.0,0.0
ENSG00000253873,PCDHGA11,0,0.0,1.0,0.0
ENSG00000253853,ENSG00000253853,0,0.0,1.0,0.0
ENSG00000253796,ENSG00000253796,0,0.0,1.0,0.0
ENSG00000253773,CFAP418-AS1,0,0.0,1.0,0.0
ENSG00000253771,TPTE2P1,0,0.0,1.0,0.0
ENSG00000253738,OTUD6B-AS1,0,0.0,1.0,0.0
ENSG00000253719,ATXN7L3B,0,0.0,1.0,0.0
ENSG00000253710,ALG11,0,0.0,1.0,0.0
ENSG00000253704,VIRMA-DT,0,0.0,1.0,0.0
ENSG00000251349,MSANTD3-TMEFF1,0,0.0,1.0,0.0
ENSG00000251322,SHANK3,0,0.0,1.0,0.0
ENSG00000254470,AP5B1,0,0.0,1.0,0.0
ENSG00000250616,YPEL3-DT,0,0.0,1.0,0.0
ENSG00000250571,GLI4,0,0.0,1.0,0.0
ENSG00000250565,ATP6V1E2,0,0.0,1.0,0.0
ENSG00000250510,GPR162,0,0.0,1.0,0.0
ENSG00000250421,ENSG00000250421,0,0.0,1.0,0.0
ENSG00000250371,ENSG00000250371,0,0.0,1.0,0.0
ENSG00000250354,ENSG00000250354,0,0.0,1.0,0.0
ENSG00000250349,ENSG00000250349,0,0.0,1.0,0.0
ENSG00000250312,ZNF718,0,0.0,1.0,0.0
ENSG00000250305,TRMT9B,0,0.0,1.0,0.0
ENSG00000250303,LINC02762,0,0.0,1.0,0.0
ENSG00000250302,LINC01618,0,0.0,1.0,0.0
ENSG00000250299,MRPS31P4,0,0.0,1.0,0.0
ENSG00000250241,PCDH10-DT,0,0.0,1.0,0.0
ENSG00000250166,C2CD5-AS1,0,0.0,1.0,0.0
ENSG00000250159,PKD2L2-DT,0,0.0,1.0,0.0
ENSG00000250120,PCDHA10,0,0.0,1.0,0.0
ENSG00000250075,ENSG00000250075,0,0.0,1.0,0.0
ENSG00000250067,YJEFN3,0,0.0,1.0,0.0
ENSG00000250062,MAPK10-AS1,0,0.0,1.0,0.0
ENSG00000249870,ENSG00000249870,0,0.0,1.0,0.0
ENSG00000249846,LINC02021,0,0.0,1.0,0.0
ENSG00000250608,NUDT16-DT,0,0.0,1.0,0.0
ENSG00000250643,ENSG00000250643,0,0.0,1.0,0.0
ENSG00000251307,CCNO-DT,0,0.0,1.0,0.0
ENSG00000250682,LINC00491,0,0.0,1.0,0.0
ENSG00000251279,SMIM15-AS1,0,0.0,1.0,0.0
ENSG00000251247,ZNF345,0,0.0,1.0,0.0
ENSG00000251201,TMED7-TICAM2,0,0.0,1.0,0.0
ENSG00000251199,ENSG00000251199,0,0.0,1.0,0.0
ENSG00000251192,ZNF674,0,0.0,1.0,0.0
ENSG00000251165,F11-AS1,0,0.0,1.0,0.0
ENSG00000251152,ENSG00000251152,0,0.0,1.0,0.0
ENSG00000251141,MRPS30-DT,0,0.0,1.0,0.0
ENSG00000251138,LINC02882,0,0.0,1.0,0.0
ENSG00000251079,BMS1P2,0,0.0,1.0,0.0
ENSG00000251072,LMNB1-DT,0,0.0,1.0,0.0
ENSG00000251034,ENSG00000251034,0,0.0,1.0,0.0
ENSG00000251031,ENSG00000251031,0,0.0,1.0,0.0
ENSG00000250959,GLUD1P3,0,0.0,1.0,0.0
ENSG00000250938,MAD2L1-DT,0,0.0,1.0,0.0
ENSG00000250917,ENSG00000250917,0,0.0,1.0,0.0
ENSG00000250910,MAP9-AS1,0,0.0,1.0,0.0
ENSG00000250906,ENSG00000250906,0,0.0,1.0,0.0
ENSG00000250842,ENSG00000250842,0,0.0,1.0,0.0
ENSG00000250764,ENSG00000250764,0,0.0,1.0,0.0
ENSG00000250686,ENSG00000250686,0,0.0,1.0,0.0
ENSG00000254469,XNDC1N,0,0.0,1.0,0.0
ENSG00000254532,ARL14EP-DT,0,0.0,1.0,0.0
ENSG00000249773,ENSG00000249773,0,0.0,1.0,0.0
ENSG00000256742,KDM2B-DT,0,0.0,1.0,0.0
ENSG00000256683,ZNF350,0,0.0,1.0,0.0
ENSG00000256673,ENSG00000256673,0,0.0,1.0,0.0
ENSG00000256667,KLRA1P,0,0.0,1.0,0.0
ENSG00000256594,ENSG00000256594,0,0.0,1.0,0.0
ENSG00000256591,ENSG00000256591,0,0.0,1.0,0.0
ENSG00000256566,ENSG00000256566,0,0.0,1.0,0.0
ENSG00000256538,ENSG00000256538,0,0.0,1.0,0.0
ENSG00000256436,TAS2R31,0,0.0,1.0,0.0
ENSG00000256294,ZNF225,0,0.0,1.0,0.0
ENSG00000256287,ENSG00000256287,0,0.0,1.0,0.0
ENSG00000256235,SMIM3,0,0.0,1.0,0.0
ENSG00000256188,TAS2R30,0,0.0,1.0,0.0
ENSG00000256150,ENSG00000256150,0,0.0,1.0,0.0
ENSG00000256087,ZNF432,0,0.0,1.0,0.0
ENSG00000255910,ENSG00000255910,0,0.0,1.0,0.0
ENSG00000255886,ENSG00000255886,0,0.0,1.0,0.0
ENSG00000255872,ENSG00000255872,0,0.0,1.0,0.0
ENSG00000255857,PXN-AS1,0,0.0,1.0,0.0
ENSG00000255837,TAS2R20,0,0.0,1.0,0.0
ENSG00000255769,GOLGA2P10,0,0.0,1.0,0.0
ENSG00000255723,ENSG00000255723,0,0.0,1.0,0.0
ENSG00000256717,LINC02698,0,0.0,1.0,0.0
ENSG00000256797,KLRF2,0,0.0,1.0,0.0
ENSG00000255663,ENSG00000255663,0,0.0,1.0,0.0
ENSG00000256806,C17orf100,0,0.0,1.0,0.0
ENSG00000257636,G2E3-AS1,0,0.0,1.0,0.0
ENSG00000257594,GALNT4,0,0.0,1.0,0.0
ENSG00000257545,ENSG00000257545,0,0.0,1.0,0.0
ENSG00000257526,ENSG00000257526,0,0.0,1.0,0.0
ENSG00000257489,ENSG00000257489,0,0.0,1.0,0.0
ENSG00000257443,LRIG3-DT,0,0.0,1.0,0.0
ENSG00000257365,FNTB,0,0.0,1.0,0.0
ENSG00000257342,OS9-AS1,0,0.0,1.0,0.0
ENSG00000257335,MGAM,0,0.0,1.0,0.0
ENSG00000257315,ZBED6,0,0.0,1.0,0.0
ENSG00000257303,CNPY2-AS1,0,0.0,1.0,0.0
ENSG00000257285,PRMT5-DT,0,0.0,1.0,0.0
ENSG00000257267,ZNF271P,0,0.0,1.0,0.0
ENSG00000257252,ENSG00000257252,0,0.0,1.0,0.0
ENSG00000257218,GATC,0,0.0,1.0,0.0
ENSG00000257191,ENSG00000257191,0,0.0,1.0,0.0
ENSG00000257167,TMPO-AS1,0,0.0,1.0,0.0
ENSG00000257103,LSM14A,0,0.0,1.0,0.0
ENSG00000257093,DENND11,0,0.0,1.0,0.0
ENSG00000257027,ENSG00000257027,0,0.0,1.0,0.0
ENSG00000256947,ENSG00000256947,0,0.0,1.0,0.0
ENSG00000255670,ENSG00000255670,0,0.0,1.0,0.0
ENSG00000255639,ENSG00000255639,0,0.0,1.0,0.0
ENSG00000254535,PABPC4L,0,0.0,1.0,0.0
ENSG00000254996,ANKHD1-EIF4EBP3,0,0.0,1.0,0.0
ENSG00000254929,ENSG00000254929,0,0.0,1.0,0.0
ENSG00000254907,ENSG00000254907,0,0.0,1.0,0.0
ENSG00000254901,BORCS8,0,0.0,1.0,0.0
ENSG00000254876,SUGT1P4-STRA6LP,0,0.0,1.0,0.0
ENSG00000254860,TMEM9B-AS1,0,0.0,1.0,0.0
ENSG00000254806,SYS1-DBNDD2,0,0.0,1.0,0.0
ENSG00000254787,ENSG00000254787,0,0.0,1.0,0.0
ENSG00000254733,ENSG00000254733,0,0.0,1.0,0.0
ENSG00000254732,ENSG00000254732,0,0.0,1.0,0.0
ENSG00000254726,MEX3A,0,0.0,1.0,0.0
ENSG00000254706,ENSG00000254706,0,0.0,1.0,0.0
ENSG00000254692,ENSG00000254692,0,0.0,1.0,0.0
ENSG00000254689,LINC02235,0,0.0,1.0,0.0
ENSG00000254635,WAC-AS1,0,0.0,1.0,0.0
ENSG00000254633,STRA6LP,0,0.0,1.0,0.0
ENSG00000254604,ENSG00000254604,0,0.0,1.0,0.0
ENSG00000254602,MIR130AHG,0,0.0,1.0,0.0
ENSG00000254585,MAGEL2,0,0.0,1.0,0.0
ENSG00000254553,ENSG00000254553,0,0.0,1.0,0.0
ENSG00000254538,ENSG00000254538,0,0.0,1.0,0.0
ENSG00000254536,ENSG00000254536,0,0.0,1.0,0.0
ENSG00000254995,STX16-NPEPL1,0,0.0,1.0,0.0
ENSG00000255028,ENSG00000255028,0,0.0,1.0,0.0
ENSG00000255571,MIR9-3HG,0,0.0,1.0,0.0
ENSG00000255036,SUGT1P4-STRA6LP-CCDC180,0,0.0,1.0,0.0
ENSG00000255529,POLR2M,0,0.0,1.0,0.0
ENSG00000255503,LINC02951,0,0.0,1.0,0.0
ENSG00000255476,ENSG00000255476,0,0.0,1.0,0.0
ENSG00000255468,B4GAT1-DT,0,0.0,1.0,0.0
ENSG00000255458,SMIM14-DT,0,0.0,1.0,0.0
ENSG00000255435,TTC36-AS1,0,0.0,1.0,0.0
ENSG00000255423,EBLN2,0,0.0,1.0,0.0
ENSG00000255339,ENSG00000255339,0,0.0,1.0,0.0
ENSG00000255330,ENSG00000255330,0,0.0,1.0,0.0
ENSG00000255292,ENSG00000255292,0,0.0,1.0,0.0
ENSG00000255284,GATD1-DT,0,0.0,1.0,0.0
ENSG00000255245,FXYD6-FXYD2,0,0.0,1.0,0.0
ENSG00000255240,GLYATL1-AS1,0,0.0,1.0,0.0
ENSG00000255234,CCDC90B-AS1,0,0.0,1.0,0.0
ENSG00000255159,DENND2B-AS1,0,0.0,1.0,0.0
ENSG00000255145,ENSG00000255145,0,0.0,1.0,0.0
ENSG00000255139,ENSG00000255139,0,0.0,1.0,0.0
ENSG00000255135,EMSY-DT,0,0.0,1.0,0.0
ENSG00000255132,ENSG00000255132,0,0.0,1.0,0.0
ENSG00000255094,ENSG00000255094,0,0.0,1.0,0.0
ENSG00000255052,FAM66D,0,0.0,1.0,0.0
ENSG00000249781,LINC02112,0,0.0,1.0,0.0
ENSG00000249738,IL12B-AS1,0,0.0,1.0,0.0
ENSG00000240057,NEPRO-AS1,0,0.0,1.0,0.0
ENSG00000243701,DUBR,0,0.0,1.0,0.0
ENSG00000243660,ZNF487,0,0.0,1.0,0.0
ENSG00000243646,IL10RB,0,0.0,1.0,0.0
ENSG00000243554,CCZ1P1,0,0.0,1.0,0.0
ENSG00000243449,NICOL1,0,0.0,1.0,0.0
ENSG00000243422,RPL23AP49,0,0.0,1.0,0.0
ENSG00000243414,TICAM2,0,0.0,1.0,0.0
ENSG00000243410,PSMD6-AS1,0,0.0,1.0,0.0
ENSG00000243389,ENSG00000243389,0,0.0,1.0,0.0
ENSG00000243364,EFNA4,0,0.0,1.0,0.0
ENSG00000243335,KCTD7,0,0.0,1.0,0.0
ENSG00000243317,STMP1,0,0.0,1.0,0.0
ENSG00000243279,PRAF2,0,0.0,1.0,0.0
ENSG00000243273,ENSG00000243273,0,0.0,1.0,0.0
ENSG00000243244,STON1,0,0.0,1.0,0.0
ENSG00000243156,MICAL3,0,0.0,1.0,0.0
ENSG00000243155,ENSG00000243155,0,0.0,1.0,0.0
ENSG00000243147,MRPL33,0,0.0,1.0,0.0
ENSG00000243144,LINC02932,0,0.0,1.0,0.0
ENSG00000243069,ARHGEF26-AS1,0,0.0,1.0,0.0
ENSG00000243024,ENSG00000243024,0,0.0,1.0,0.0
ENSG00000242797,GLYCTK-AS1,0,0.0,1.0,0.0
ENSG00000243667,DNAAF10,0,0.0,1.0,0.0
ENSG00000243708,PLA2G4B,0,0.0,1.0,0.0
ENSG00000242732,RTL5,0,0.0,1.0,0.0
ENSG00000243710,CFAP57,0,0.0,1.0,0.0
ENSG00000245384,CXXC4-AS1,0,0.0,1.0,0.0
ENSG00000245275,SAP30L-AS1,0,0.0,1.0,0.0
ENSG00000245248,USP2-AS1,0,0.0,1.0,0.0
ENSG00000244968,LIFR-AS1,0,0.0,1.0,0.0
ENSG00000244879,GABPB1-AS1,0,0.0,1.0,0.0
ENSG00000244754,N4BP2L2,0,0.0,1.0,0.0
ENSG00000244701,ENSG00000244701,0,0.0,1.0,0.0
ENSG00000244625,MIATNB,0,0.0,1.0,0.0
ENSG00000244607,CCDC13,0,0.0,1.0,0.0
ENSG00000244513,EOGT-DT,0,0.0,1.0,0.0
ENSG00000244486,SCARF2,0,0.0,1.0,0.0
ENSG00000244265,SIAH2-AS1,0,0.0,1.0,0.0
ENSG00000244187,TMEM141,0,0.0,1.0,0.0
ENSG00000244055,ENSG00000244055,0,0.0,1.0,0.0
ENSG00000244026,FAM86DP,0,0.0,1.0,0.0
ENSG00000243978,RTL9,0,0.0,1.0,0.0
ENSG00000243970,PPIEL,0,0.0,1.0,0.0
ENSG00000243944,ENSG00000243944,0,0.0,1.0,0.0
ENSG00000243943,ZNF512,0,0.0,1.0,0.0
ENSG00000243789,JMJD7,0,0.0,1.0,0.0
ENSG00000243749,TMEM35B,0,0.0,1.0,0.0
ENSG00000242779,ZNF702P,0,0.0,1.0,0.0
ENSG00000242622,GSK3B-DT,0,0.0,1.0,0.0
ENSG00000245526,MIR9-2HG,0,0.0,1.0,0.0
ENSG00000241316,SUCLG2-DT,0,0.0,1.0,0.0
ENSG00000241170,RPL31P46,0,0.0,1.0,0.0
ENSG00000241163,LINC00877,0,0.0,1.0,0.0
ENSG00000241127,YAE1,0,0.0,1.0,0.0
ENSG00000241073,MFSD14A-AS1,0,0.0,1.0,0.0
ENSG00000241058,NSUN6,0,0.0,1.0,0.0
ENSG00000240891,PLCXD2,0,0.0,1.0,0.0
ENSG00000240875,ENSG00000240875,0,0.0,1.0,0.0
ENSG00000240771,ARHGEF25,0,0.0,1.0,0.0
ENSG00000240694,PNMA2,0,0.0,1.0,0.0
ENSG00000240682,ISY1,0,0.0,1.0,0.0
ENSG00000240661,BTNL12P,0,0.0,1.0,0.0
ENSG00000240571,ENSG00000240571,0,0.0,1.0,0.0
ENSG00000240553,ENSG00000240553,0,0.0,1.0,0.0
ENSG00000240499,ENSG00000240499,0,0.0,1.0,0.0
ENSG00000240401,ENSG00000240401,0,0.0,1.0,0.0
ENSG00000240344,PPIL3,0,0.0,1.0,0.0
ENSG00000240291,CACNB2-AS1,0,0.0,1.0,0.0
ENSG00000240230,COX19,0,0.0,1.0,0.0
ENSG00000240184,PCDHGC3,0,0.0,1.0,0.0
ENSG00000240175,MAGI1-AS1,0,0.0,1.0,0.0
ENSG00000240137,ERICH6-AS1,0,0.0,1.0,0.0
ENSG00000241219,LOLI1,0,0.0,1.0,0.0
ENSG00000241359,SYNPR-AS1,0,0.0,1.0,0.0
ENSG00000242616,GNG10,0,0.0,1.0,0.0
ENSG00000241399,CD302,0,0.0,1.0,0.0
ENSG00000242593,ENSG00000242593,0,0.0,1.0,0.0
ENSG00000242540,ENSG00000242540,0,0.0,1.0,0.0
ENSG00000242516,LINC00960,0,0.0,1.0,0.0
ENSG00000242498,ARPIN,0,0.0,1.0,0.0
ENSG00000242428,CFAP20DC-AS1,0,0.0,1.0,0.0
ENSG00000242338,BMS1P4,0,0.0,1.0,0.0
ENSG00000242290,ZBTB20-AS5,0,0.0,1.0,0.0
ENSG00000242265,PEG10,0,0.0,1.0,0.0
ENSG00000242259,C22orf39,0,0.0,1.0,0.0
ENSG00000242247,ARFGAP3,0,0.0,1.0,0.0
ENSG00000242242,NECTIN3-AS1,0,0.0,1.0,0.0
ENSG00000242193,CRYZL2P,0,0.0,1.0,0.0
ENSG00000242110,AMACR,0,0.0,1.0,0.0
ENSG00000242086,MUC20-OT1,0,0.0,1.0,0.0
ENSG00000242082,SLC5A4-AS1,0,0.0,1.0,0.0
ENSG00000242028,HYPK,0,0.0,1.0,0.0
ENSG00000241973,PI4KA,0,0.0,1.0,0.0
ENSG00000241852,C8orf58,0,0.0,1.0,0.0
ENSG00000241644,INMT,0,0.0,1.0,0.0
ENSG00000241472,PTPRG-AS1,0,0.0,1.0,0.0
ENSG00000241404,EGFL8,0,0.0,1.0,0.0
ENSG00000245498,MSANTD2-AS1,0,0.0,1.0,0.0
ENSG00000245552,LNCRNA-IUR,0,0.0,1.0,0.0
ENSG00000249715,FER1L5,0,0.0,1.0,0.0
ENSG00000249207,ENSG00000249207,0,0.0,1.0,0.0
ENSG00000249141,ENSG00000249141,0,0.0,1.0,0.0
ENSG00000249115,HAUS5,0,0.0,1.0,0.0
ENSG00000249084,ENSG00000249084,0,0.0,1.0,0.0
ENSG00000249042,FAM151B-DT,0,0.0,1.0,0.0
ENSG00000248898,PELO-AS1,0,0.0,1.0,0.0
ENSG00000248863,ENSG00000248863,0,0.0,1.0,0.0
ENSG00000248858,FLJ46284,0,0.0,1.0,0.0
ENSG00000248774,ENSG00000248774,0,0.0,1.0,0.0
ENSG00000248752,ENSG00000248752,0,0.0,1.0,0.0
ENSG00000248740,LINC02428,0,0.0,1.0,0.0
ENSG00000248671,ENSG00000248671,0,0.0,1.0,0.0
ENSG00000248643,RBM14-RBM4,0,0.0,1.0,0.0
ENSG00000248587,GDNF-AS1,0,0.0,1.0,0.0
ENSG00000248538,PPP1R3B-DT,0,0.0,1.0,0.0
ENSG00000248508,SRP14-DT,0,0.0,1.0,0.0
ENSG00000248483,POU5F2,0,0.0,1.0,0.0
ENSG00000248445,SEMA6A-AS1,0,0.0,1.0,0.0
ENSG00000248367,ENSG00000248367,0,0.0,1.0,0.0
ENSG00000248360,LINC00504,0,0.0,1.0,0.0
ENSG00000248323,LUCAT1,0,0.0,1.0,0.0
ENSG00000248309,MEF2C-AS1,0,0.0,1.0,0.0
ENSG00000249203,ENSG00000249203,0,0.0,1.0,0.0
ENSG00000249209,ENSG00000249209,0,0.0,1.0,0.0
ENSG00000248278,SUMO2P17,0,0.0,1.0,0.0
ENSG00000249240,ENSG00000249240,0,0.0,1.0,0.0
ENSG00000249709,ZNF564,0,0.0,1.0,0.0
ENSG00000249693,SPMAP2L,0,0.0,1.0,0.0
ENSG00000249673,NOP14-AS1,0,0.0,1.0,0.0
ENSG00000249637,ANKHD1-DT,0,0.0,1.0,0.0
ENSG00000249592,PCGF3-AS1,0,0.0,1.0,0.0
ENSG00000249550,LINC01234,0,0.0,1.0,0.0
ENSG00000249526,ENSG00000249526,0,0.0,1.0,0.0
ENSG00000249494,DMXL1-DT,0,0.0,1.0,0.0
ENSG00000249492,ENSG00000249492,0,0.0,1.0,0.0
ENSG00000249476,ENSG00000249476,0,0.0,1.0,0.0
ENSG00000249459,ZNF286B,0,0.0,1.0,0.0
ENSG00000249456,ENSG00000249456,0,0.0,1.0,0.0
ENSG00000249421,ADAMTS19-AS1,0,0.0,1.0,0.0
ENSG00000249413,ENSG00000249413,0,0.0,1.0,0.0
ENSG00000249348,UGDH-AS1,0,0.0,1.0,0.0
ENSG00000249328,ENSG00000249328,0,0.0,1.0,0.0
ENSG00000249319,ENSG00000249319,0,0.0,1.0,0.0
ENSG00000249258,ENSG00000249258,0,0.0,1.0,0.0
ENSG00000249252,C1QTNF7-AS1,0,0.0,1.0,0.0
ENSG00000249249,TICAM2-AS1,0,0.0,1.0,0.0
ENSG00000249242,TMEM150C,0,0.0,1.0,0.0
ENSG00000248300,LINC02360,0,0.0,1.0,0.0
ENSG00000248124,RRN3P1,0,0.0,1.0,0.0
ENSG00000245556,SCAMP1-AS1,0,0.0,1.0,0.0
ENSG00000246922,UBAP1L,0,0.0,1.0,0.0
ENSG00000246859,STARD4-AS1,0,0.0,1.0,0.0
ENSG00000246705,H2AJ,0,0.0,1.0,0.0
ENSG00000246695,RASSF8-AS1,0,0.0,1.0,0.0
ENSG00000246596,SIMC1P1,0,0.0,1.0,0.0
ENSG00000246560,UBE2D3-AS1,0,0.0,1.0,0.0
ENSG00000246523,FZD4-DT,0,0.0,1.0,0.0
ENSG00000246379,GNAO1-DT,0,0.0,1.0,0.0
ENSG00000246263,UBR5-DT,0,0.0,1.0,0.0
ENSG00000246250,ENSG00000246250,0,0.0,1.0,0.0
ENSG00000246228,CASC8,0,0.0,1.0,0.0
ENSG00000246214,RETREG1-AS1,0,0.0,1.0,0.0
ENSG00000246203,ENSG00000246203,0,0.0,1.0,0.0
ENSG00000246174,KCTD21-AS1,0,0.0,1.0,0.0
ENSG00000245937,SLC12A2-DT,0,0.0,1.0,0.0
ENSG00000245904,BTG1-DT,0,0.0,1.0,0.0
ENSG00000245864,MEF2C-AS2,0,0.0,1.0,0.0
ENSG00000245857,GS1-24F4.2,0,0.0,1.0,0.0
ENSG00000245849,RAD51-AS1,0,0.0,1.0,0.0
ENSG00000245750,DRAIC,0,0.0,1.0,0.0
ENSG00000245694,CRNDE,0,0.0,1.0,0.0
ENSG00000245680,ZNF585B,0,0.0,1.0,0.0
ENSG00000246889,CTTN-DT,0,0.0,1.0,0.0
ENSG00000246982,BRPF3-AS1,0,0.0,1.0,0.0
ENSG00000248103,ENSG00000248103,0,0.0,1.0,0.0
ENSG00000247081,BAALC-AS1,0,0.0,1.0,0.0
ENSG00000248092,NNT-AS1,0,0.0,1.0,0.0
ENSG00000248079,DPH6-DT,0,0.0,1.0,0.0
ENSG00000248019,FAM13A-AS1,0,0.0,1.0,0.0
ENSG00000247925,ENSG00000247925,0,0.0,1.0,0.0
ENSG00000247877,FAM174A-DT,0,0.0,1.0,0.0
ENSG00000247853,CHD4-AS1,0,0.0,1.0,0.0
ENSG00000247708,STX18-AS1,0,0.0,1.0,0.0
ENSG00000247679,ENSG00000247679,0,0.0,1.0,0.0
ENSG00000247675,LRP4-AS1,0,0.0,1.0,0.0
ENSG00000247595,MISFA,0,0.0,1.0,0.0
ENSG00000247572,CKMT2-AS1,0,0.0,1.0,0.0
ENSG00000247400,DNAJC3-DT,0,0.0,1.0,0.0
ENSG00000247271,ZBED5-AS1,0,0.0,1.0,0.0
ENSG00000247240,UBL7-DT,0,0.0,1.0,0.0
ENSG00000247228,ENSG00000247228,0,0.0,1.0,0.0
ENSG00000247199,FBXO38-DT,0,0.0,1.0,0.0
ENSG00000247157,LINC01252,0,0.0,1.0,0.0
ENSG00000247151,CSTF3-DT,0,0.0,1.0,0.0
ENSG00000247137,ANKRD42-DT,0,0.0,1.0,0.0
ENSG00000247121,ENSG00000247121,0,0.0,1.0,0.0
ENSG00000247092,SNHG10,0,0.0,1.0,0.0
ENSG00000165030,NFIL3,0,0.0,1.0,0.0
ENSG00000164978,NUDT2,0,0.0,1.0,0.0
ENSG00000000457,SCYL3,0,0.0,1.0,0.0
ENSG00000109536,FRG1,0,0.0,1.0,0.0
ENSG00000109332,UBE2D3,0,0.0,1.0,0.0
ENSG00000109320,NFKB1,0,0.0,1.0,0.0
ENSG00000109270,LAMTOR3,0,0.0,1.0,0.0
ENSG00000109220,CHIC2,0,0.0,1.0,0.0
ENSG00000109189,USP46,0,0.0,1.0,0.0
ENSG00000109171,SLAIN2,0,0.0,1.0,0.0
ENSG00000109103,UNC119,0,0.0,1.0,0.0
ENSG00000109099,PMP22,0,0.0,1.0,0.0
ENSG00000109083,IFT20,0,0.0,1.0,0.0
ENSG00000109079,TNFAIP1,0,0.0,1.0,0.0
ENSG00000109016,DHRS7B,0,0.0,1.0,0.0
ENSG00000108984,MAP2K6,0,0.0,1.0,0.0
ENSG00000108960,MMD,0,0.0,1.0,0.0
ENSG00000108953,YWHAE,0,0.0,1.0,0.0
ENSG00000108947,EFNB3,0,0.0,1.0,0.0
ENSG00000108946,PRKAR1A,0,0.0,1.0,0.0
ENSG00000108861,DUSP3,0,0.0,1.0,0.0
ENSG00000108854,SMURF2,0,0.0,1.0,0.0
ENSG00000108840,HDAC5,0,0.0,1.0,0.0
ENSG00000108819,PPP1R9B,0,0.0,1.0,0.0
ENSG00000108799,EZH1,0,0.0,1.0,0.0
ENSG00000109445,ZNF330,0,0.0,1.0,0.0
ENSG00000109572,CLCN3,0,0.0,1.0,0.0
ENSG00000108669,CYTH1,0,0.0,1.0,0.0
ENSG00000109576,AADAT,0,0.0,1.0,0.0
ENSG00000110321,EIF4G2,0,0.0,1.0,0.0
ENSG00000110315,RNF141,0,0.0,1.0,0.0
ENSG00000110274,CEP164,0,0.0,1.0,0.0
ENSG00000110171,TRIM3,0,0.0,1.0,0.0
ENSG00000110108,TMEM109,0,0.0,1.0,0.0
ENSG00000110075,PPP6R3,0,0.0,1.0,0.0
ENSG00000110057,UNC93B1,0,0.0,1.0,0.0
ENSG00000110031,LPXN,0,0.0,1.0,0.0
ENSG00000110013,SIAE,0,0.0,1.0,0.0
ENSG00000110011,DNAJC4,0,0.0,1.0,0.0
ENSG00000110002,VWA5A,0,0.0,1.0,0.0
ENSG00000109927,TECTA,0,0.0,1.0,0.0
ENSG00000109920,FNBP4,0,0.0,1.0,0.0
ENSG00000109881,CCDC34,0,0.0,1.0,0.0
ENSG00000109787,KLF3,0,0.0,1.0,0.0
ENSG00000109775,UFSP2,0,0.0,1.0,0.0
ENSG00000109771,LRP2BP,0,0.0,1.0,0.0
ENSG00000109738,GLRB,0,0.0,1.0,0.0
ENSG00000109689,STIM2,0,0.0,1.0,0.0
ENSG00000109670,FBXW7,0,0.0,1.0,0.0
ENSG00000109618,SEPSECS,0,0.0,1.0,0.0
ENSG00000108797,CNTNAP1,0,0.0,1.0,0.0
ENSG00000108666,C17orf75,0,0.0,1.0,0.0
ENSG00000110330,BIRC2,0,0.0,1.0,0.0
ENSG00000108175,ZMIZ1,0,0.0,1.0,0.0
ENSG00000108061,SHOC2,0,0.0,1.0,0.0
ENSG00000108039,XPNPEP1,0,0.0,1.0,0.0
ENSG00000108001,EBF3,0,0.0,1.0,0.0
ENSG00000107968,MAP3K8,0,0.0,1.0,0.0
ENSG00000107960,STN1,0,0.0,1.0,0.0
ENSG00000107959,PITRM1,0,0.0,1.0,0.0
ENSG00000107957,SH3PXD2A,0,0.0,1.0,0.0
ENSG00000107954,NEURL1,0,0.0,1.0,0.0
ENSG00000107897,ACBD5,0,0.0,1.0,0.0
ENSG00000107882,SUFU,0,0.0,1.0,0.0
ENSG00000107874,CUEDC2,0,0.0,1.0,0.0
ENSG00000107864,CPEB3,0,0.0,1.0,0.0
ENSG00000107862,GBF1,0,0.0,1.0,0.0
ENSG00000107854,TNKS2,0,0.0,1.0,0.0
ENSG00000107829,FBXW4,0,0.0,1.0,0.0
ENSG00000107819,SFXN3,0,0.0,1.0,0.0
ENSG00000107758,PPP3CB,0,0.0,1.0,0.0
ENSG00000107745,MICU1,0,0.0,1.0,0.0
ENSG00000107742,SPOCK2,0,0.0,1.0,0.0
ENSG00000107736,CDH23,0,0.0,1.0,0.0
ENSG00000107679,PLEKHA1,0,0.0,1.0,0.0
ENSG00000108100,CCNY,0,0.0,1.0,0.0
ENSG00000108187,PBLD,0,0.0,1.0,0.0
ENSG00000108654,DDX5,0,0.0,1.0,0.0
ENSG00000108219,TSPAN14,0,0.0,1.0,0.0
ENSG00000108641,B9D1,0,0.0,1.0,0.0
ENSG00000108599,AKAP10,0,0.0,1.0,0.0
ENSG00000108590,MED31,0,0.0,1.0,0.0
ENSG00000108587,GOSR1,0,0.0,1.0,0.0
ENSG00000108582,CPD,0,0.0,1.0,0.0
ENSG00000108559,NUP88,0,0.0,1.0,0.0
ENSG00000108556,CHRNE,0,0.0,1.0,0.0
ENSG00000108515,ENO3,0,0.0,1.0,0.0
ENSG00000108510,MED13,0,0.0,1.0,0.0
ENSG00000108509,CAMTA2,0,0.0,1.0,0.0
ENSG00000108506,INTS2,0,0.0,1.0,0.0
ENSG00000108474,PIGL,0,0.0,1.0,0.0
ENSG00000108465,CDK5RAP3,0,0.0,1.0,0.0
ENSG00000108443,RPS6KB1,0,0.0,1.0,0.0
ENSG00000108423,TUBD1,0,0.0,1.0,0.0
ENSG00000108406,DHX40,0,0.0,1.0,0.0
ENSG00000108389,MTMR4,0,0.0,1.0,0.0
ENSG00000108384,RAD51C,0,0.0,1.0,0.0
ENSG00000108379,WNT3,0,0.0,1.0,0.0
ENSG00000108370,RGS9,0,0.0,1.0,0.0
ENSG00000108352,RAPGEFL1,0,0.0,1.0,0.0
ENSG00000110328,GALNT18,0,0.0,1.0,0.0
ENSG00000110422,HIPK3,0,0.0,1.0,0.0
ENSG00000107625,DDX50,0,0.0,1.0,0.0
ENSG00000112367,FIG4,0,0.0,1.0,0.0
ENSG00000112335,SNX3,0,0.0,1.0,0.0
ENSG00000112333,NR2E1,0,0.0,1.0,0.0
ENSG00000112305,SMAP1,0,0.0,1.0,0.0
ENSG00000112294,ALDH5A1,0,0.0,1.0,0.0
ENSG00000112282,MED23,0,0.0,1.0,0.0
ENSG00000112280,COL9A1,0,0.0,1.0,0.0
ENSG00000112245,PTP4A1,0,0.0,1.0,0.0
ENSG00000112210,RAB23,0,0.0,1.0,0.0
ENSG00000112183,RBM24,0,0.0,1.0,0.0
ENSG00000112167,SAYSD1,0,0.0,1.0,0.0
ENSG00000112144,CILK1,0,0.0,1.0,0.0
ENSG00000112139,MDGA1,0,0.0,1.0,0.0
ENSG00000112079,STK38,0,0.0,1.0,0.0
ENSG00000112078,KCTD20,0,0.0,1.0,0.0
ENSG00000112062,MAPK14,0,0.0,1.0,0.0
ENSG00000112033,PPARD,0,0.0,1.0,0.0
ENSG00000111911,HINT3,0,0.0,1.0,0.0
ENSG00000111907,TPD52L1,0,0.0,1.0,0.0
ENSG00000111897,SERINC1,0,0.0,1.0,0.0
ENSG00000111885,MAN1A1,0,0.0,1.0,0.0
ENSG00000111880,RNGTT,0,0.0,1.0,0.0
ENSG00000112357,PEX7,0,0.0,1.0,0.0
ENSG00000112394,SLC16A10,0,0.0,1.0,0.0
ENSG00000111877,MCM9,0,0.0,1.0,0.0
ENSG00000112406,HECA,0,0.0,1.0,0.0
ENSG00000113108,APBB3,0,0.0,1.0,0.0
ENSG00000113068,PFDN1,0,0.0,1.0,0.0
ENSG00000112992,NNT,0,0.0,1.0,0.0
ENSG00000112893,MAN2A1,0,0.0,1.0,0.0
ENSG00000112874,NUDT12,0,0.0,1.0,0.0
ENSG00000112773,TENT5A,0,0.0,1.0,0.0
ENSG00000112769,LAMA4,0,0.0,1.0,0.0
ENSG00000112763,BTN2A1,0,0.0,1.0,0.0
ENSG00000112701,SENP6,0,0.0,1.0,0.0
ENSG00000112697,TMEM30A,0,0.0,1.0,0.0
ENSG00000112679,DUSP22,0,0.0,1.0,0.0
ENSG00000112667,DNPH1,0,0.0,1.0,0.0
ENSG00000112659,CUL9,0,0.0,1.0,0.0
ENSG00000112640,PPP2R5D,0,0.0,1.0,0.0
ENSG00000112624,BICRAL,0,0.0,1.0,0.0
ENSG00000112599,GUCA1B,0,0.0,1.0,0.0
ENSG00000112592,TBP,0,0.0,1.0,0.0
ENSG00000112576,CCND3,0,0.0,1.0,0.0
ENSG00000112511,PHF1,0,0.0,1.0,0.0
ENSG00000112419,PHACTR2,0,0.0,1.0,0.0
ENSG00000112414,ADGRG6,0,0.0,1.0,0.0
ENSG00000111879,FAM184A,0,0.0,1.0,0.0
ENSG00000111859,NEDD9,0,0.0,1.0,0.0
ENSG00000110427,KIAA1549L,0,0.0,1.0,0.0
ENSG00000111237,VPS29,0,0.0,1.0,0.0
ENSG00000111218,PRMT8,0,0.0,1.0,0.0
ENSG00000111215,PRR4,0,0.0,1.0,0.0
ENSG00000111011,RSRC2,0,0.0,1.0,0.0
ENSG00000110987,BCL7A,0,0.0,1.0,0.0
ENSG00000110925,CSRNP2,0,0.0,1.0,0.0
ENSG00000110921,MVK,0,0.0,1.0,0.0
ENSG00000110871,COQ5,0,0.0,1.0,0.0
ENSG00000110851,PRDM4,0,0.0,1.0,0.0
ENSG00000110844,PRPF40B,0,0.0,1.0,0.0
ENSG00000110841,PPFIBP1,0,0.0,1.0,0.0
ENSG00000110811,P3H3,0,0.0,1.0,0.0
ENSG00000110801,PSMD9,0,0.0,1.0,0.0
ENSG00000110721,CHKA,0,0.0,1.0,0.0
ENSG00000110711,AIP,0,0.0,1.0,0.0
ENSG00000110697,PITPNM1,0,0.0,1.0,0.0
ENSG00000110497,AMBRA1,0,0.0,1.0,0.0
ENSG00000110492,MDK,0,0.0,1.0,0.0
ENSG00000110455,ACCS,0,0.0,1.0,0.0
ENSG00000110436,SLC1A2,0,0.0,1.0,0.0
ENSG00000110435,PDHX,0,0.0,1.0,0.0
ENSG00000110429,FBXO3,0,0.0,1.0,0.0
ENSG00000111224,PARP11,0,0.0,1.0,0.0
ENSG00000111254,AKAP3,0,0.0,1.0,0.0
ENSG00000111843,TMEM14C,0,0.0,1.0,0.0
ENSG00000111269,CREBL2,0,0.0,1.0,0.0
ENSG00000111801,BTN3A3,0,0.0,1.0,0.0
ENSG00000111790,FGFR1OP2,0,0.0,1.0,0.0
ENSG00000111788,DDX12B,0,0.0,1.0,0.0
ENSG00000111785,RIC8B,0,0.0,1.0,0.0
ENSG00000111731,C2CD5,0,0.0,1.0,0.0
ENSG00000111729,CLEC4A,0,0.0,1.0,0.0
ENSG00000111727,HCFC2,0,0.0,1.0,0.0
ENSG00000111711,GOLT1B,0,0.0,1.0,0.0
ENSG00000111676,ATN1,0,0.0,1.0,0.0
ENSG00000111666,CHPT1,0,0.0,1.0,0.0
ENSG00000111664,GNB3,0,0.0,1.0,0.0
ENSG00000111653,ING4,0,0.0,1.0,0.0
ENSG00000111647,BLTP3B,0,0.0,1.0,0.0
ENSG00000111605,CPSF6,0,0.0,1.0,0.0
ENSG00000111540,RAB5B,0,0.0,1.0,0.0
ENSG00000111530,CAND1,0,0.0,1.0,0.0
ENSG00000111490,TBC1D30,0,0.0,1.0,0.0
ENSG00000111481,COPZ1,0,0.0,1.0,0.0
ENSG00000111450,STX2,0,0.0,1.0,0.0
ENSG00000111325,OGFOD2,0,0.0,1.0,0.0
ENSG00000111271,ACAD10,0,0.0,1.0,0.0
ENSG00000107672,NSMCE4A,0,0.0,1.0,0.0
ENSG00000107566,ERLIN1,0,0.0,1.0,0.0
ENSG00000113209,PCDHB5,0,0.0,1.0,0.0
ENSG00000103994,ZNF106,0,0.0,1.0,0.0
ENSG00000103888,CEMIP,0,0.0,1.0,0.0
ENSG00000103876,FAH,0,0.0,1.0,0.0
ENSG00000103852,TTC23,0,0.0,1.0,0.0
ENSG00000103811,CTSH,0,0.0,1.0,0.0
ENSG00000103769,RAB11A,0,0.0,1.0,0.0
ENSG00000103742,IGDCC4,0,0.0,1.0,0.0
ENSG00000103710,RASL12,0,0.0,1.0,0.0
ENSG00000103707,MTFMT,0,0.0,1.0,0.0
ENSG00000103671,TRIP4,0,0.0,1.0,0.0
ENSG00000103657,HERC1,0,0.0,1.0,0.0
ENSG00000103653,CSK,0,0.0,1.0,0.0
ENSG00000103642,LACTB,0,0.0,1.0,0.0
ENSG00000103591,AAGAB,0,0.0,1.0,0.0
ENSG00000103540,CCP110,0,0.0,1.0,0.0
ENSG00000103534,TMC5,0,0.0,1.0,0.0
ENSG00000103528,SYT17,0,0.0,1.0,0.0
ENSG00000103494,RPGRIP1L,0,0.0,1.0,0.0
ENSG00000103489,XYLT1,0,0.0,1.0,0.0
ENSG00000103479,RBL2,0,0.0,1.0,0.0
ENSG00000103381,CPPED1,0,0.0,1.0,0.0
ENSG00000103365,GGA2,0,0.0,1.0,0.0
ENSG00000103978,TMEM87A,0,0.0,1.0,0.0
ENSG00000104044,OCA2,0,0.0,1.0,0.0
ENSG00000103343,ZNF174,0,0.0,1.0,0.0
ENSG00000104047,DTWD1,0,0.0,1.0,0.0
ENSG00000104671,DCTN6,0,0.0,1.0,0.0
ENSG00000104442,ARMC1,0,0.0,1.0,0.0
ENSG00000104435,STMN2,0,0.0,1.0,0.0
ENSG00000104432,IL7,0,0.0,1.0,0.0
ENSG00000104427,ZC2HC1A,0,0.0,1.0,0.0
ENSG00000104419,NDRG1,0,0.0,1.0,0.0
ENSG00000104408,EIF3E,0,0.0,1.0,0.0
ENSG00000104388,RAB2A,0,0.0,1.0,0.0
ENSG00000104368,PLAT,0,0.0,1.0,0.0
ENSG00000104365,IKBKB,0,0.0,1.0,0.0
ENSG00000104343,UBE2W,0,0.0,1.0,0.0
ENSG00000104331,BPNT2,0,0.0,1.0,0.0
ENSG00000104299,INTS9,0,0.0,1.0,0.0
ENSG00000104267,CA2,0,0.0,1.0,0.0
ENSG00000104231,ZFAND1,0,0.0,1.0,0.0
ENSG00000104219,ZDHHC2,0,0.0,1.0,0.0
ENSG00000104218,CSPP1,0,0.0,1.0,0.0
ENSG00000104164,BLOC1S6,0,0.0,1.0,0.0
ENSG00000104133,SPG11,0,0.0,1.0,0.0
ENSG00000104129,DNAJC17,0,0.0,1.0,0.0
ENSG00000104081,BMF,0,0.0,1.0,0.0
ENSG00000103351,CLUAP1,0,0.0,1.0,0.0
ENSG00000103260,METRN,0,0.0,1.0,0.0
ENSG00000104695,PPP2CB,0,0.0,1.0,0.0
ENSG00000102738,MRPS31,0,0.0,1.0,0.0
ENSG00000102678,FGF9,0,0.0,1.0,0.0
ENSG00000102595,UGGT2,0,0.0,1.0,0.0
ENSG00000102572,STK24,0,0.0,1.0,0.0
ENSG00000102554,KLF5,0,0.0,1.0,0.0
ENSG00000102543,CDADC1,0,0.0,1.0,0.0
ENSG00000102531,FNDC3A,0,0.0,1.0,0.0
ENSG00000102524,TNFSF13B,0,0.0,1.0,0.0
ENSG00000102452,NALCN,0,0.0,1.0,0.0
ENSG00000102409,BEX4,0,0.0,1.0,0.0
ENSG00000102401,ARMCX3,0,0.0,1.0,0.0
ENSG00000102385,DRP2,0,0.0,1.0,0.0
ENSG00000102383,ZDHHC15,0,0.0,1.0,0.0
ENSG00000102362,SYTL4,0,0.0,1.0,0.0
ENSG00000102349,KLF8,0,0.0,1.0,0.0
ENSG00000102312,PORCN,0,0.0,1.0,0.0
ENSG00000102309,PIN4,0,0.0,1.0,0.0
ENSG00000102302,FGD1,0,0.0,1.0,0.0
ENSG00000102287,GABRE,0,0.0,1.0,0.0
ENSG00000102226,USP11,0,0.0,1.0,0.0
ENSG00000102218,RP2,0,0.0,1.0,0.0
ENSG00000102189,EEA1,0,0.0,1.0,0.0
ENSG00000102710,SUPT20H,0,0.0,1.0,0.0
ENSG00000102743,SLC25A15,0,0.0,1.0,0.0
ENSG00000103248,MTHFSD,0,0.0,1.0,0.0
ENSG00000102763,VWA8,0,0.0,1.0,0.0
ENSG00000103245,CIAO3,0,0.0,1.0,0.0
ENSG00000103199,ZNF500,0,0.0,1.0,0.0
ENSG00000103197,TSC2,0,0.0,1.0,0.0
ENSG00000103187,COTL1,0,0.0,1.0,0.0
ENSG00000103160,HSDL1,0,0.0,1.0,0.0
ENSG00000103154,NECAB2,0,0.0,1.0,0.0
ENSG00000103145,HCFC1R1,0,0.0,1.0,0.0
ENSG00000103121,CMC2,0,0.0,1.0,0.0
ENSG00000103066,PLA2G15,0,0.0,1.0,0.0
ENSG00000103061,SLC7A6OS,0,0.0,1.0,0.0
ENSG00000103051,COG4,0,0.0,1.0,0.0
ENSG00000103034,NDRG4,0,0.0,1.0,0.0
ENSG00000103021,CFAP263,0,0.0,1.0,0.0
ENSG00000102984,ZNF821,0,0.0,1.0,0.0
ENSG00000102931,ARL2BP,0,0.0,1.0,0.0
ENSG00000102908,NFAT5,0,0.0,1.0,0.0
ENSG00000102897,LYRM1,0,0.0,1.0,0.0
ENSG00000102882,MAPK3,0,0.0,1.0,0.0
ENSG00000102870,ZNF629,0,0.0,1.0,0.0
ENSG00000102805,CLN5,0,0.0,1.0,0.0
ENSG00000102796,DHRS12,0,0.0,1.0,0.0
ENSG00000104679,R3HCC1,0,0.0,1.0,0.0
ENSG00000104723,TUSC3,0,0.0,1.0,0.0
ENSG00000107560,RAB11FIP2,0,0.0,1.0,0.0
ENSG00000106689,LHX2,0,0.0,1.0,0.0
ENSG00000106665,CLIP2,0,0.0,1.0,0.0
ENSG00000106638,TBL2,0,0.0,1.0,0.0
ENSG00000106628,POLD2,0,0.0,1.0,0.0
ENSG00000106608,URGCP,0,0.0,1.0,0.0
ENSG00000106603,COA1,0,0.0,1.0,0.0
ENSG00000106546,AHR,0,0.0,1.0,0.0
ENSG00000106537,TSPAN13,0,0.0,1.0,0.0
ENSG00000106536,POU6F2,0,0.0,1.0,0.0
ENSG00000106477,CEP41,0,0.0,1.0,0.0
ENSG00000106459,NRF1,0,0.0,1.0,0.0
ENSG00000106443,PHF14,0,0.0,1.0,0.0
ENSG00000106415,GLCCI1,0,0.0,1.0,0.0
ENSG00000106367,AP1S1,0,0.0,1.0,0.0
ENSG00000106346,USP42,0,0.0,1.0,0.0
ENSG00000106330,MOSPD3,0,0.0,1.0,0.0
ENSG00000106211,HSPB1,0,0.0,1.0,0.0
ENSG00000106153,CHCHD2,0,0.0,1.0,0.0
ENSG00000106144,CASP2,0,0.0,1.0,0.0
ENSG00000106100,NOD1,0,0.0,1.0,0.0
ENSG00000106086,PLEKHA8,0,0.0,1.0,0.0
ENSG00000106070,GRB10,0,0.0,1.0,0.0
ENSG00000106686,SPATA6L,0,0.0,1.0,0.0
ENSG00000106692,FKTN,0,0.0,1.0,0.0
ENSG00000106025,TSPAN12,0,0.0,1.0,0.0
ENSG00000106733,NMRK1,0,0.0,1.0,0.0
ENSG00000107551,RASSF4,0,0.0,1.0,0.0
ENSG00000107537,PHYH,0,0.0,1.0,0.0
ENSG00000107372,ZFAND5,0,0.0,1.0,0.0
ENSG00000107371,EXOSC3,0,0.0,1.0,0.0
ENSG00000107341,UBE2R2,0,0.0,1.0,0.0
ENSG00000107331,ABCA2,0,0.0,1.0,0.0
ENSG00000107282,APBA1,0,0.0,1.0,0.0
ENSG00000107281,NPDC1,0,0.0,1.0,0.0
ENSG00000107185,RGP1,0,0.0,1.0,0.0
ENSG00000107175,CREB3,0,0.0,1.0,0.0
ENSG00000107140,TESK1,0,0.0,1.0,0.0
ENSG00000107104,KANK1,0,0.0,1.0,0.0
ENSG00000107036,RIC1,0,0.0,1.0,0.0
ENSG00000107021,TBC1D13,0,0.0,1.0,0.0
ENSG00000107020,PLGRKT,0,0.0,1.0,0.0
ENSG00000106992,AK1,0,0.0,1.0,0.0
ENSG00000106976,DNM1,0,0.0,1.0,0.0
ENSG00000106868,SUSD1,0,0.0,1.0,0.0
ENSG00000106853,PTGR1,0,0.0,1.0,0.0
ENSG00000106823,ECM2,0,0.0,1.0,0.0
ENSG00000106771,TMEM245,0,0.0,1.0,0.0
ENSG00000106049,HIBADH,0,0.0,1.0,0.0
ENSG00000106009,BRAT1,0,0.0,1.0,0.0
ENSG00000104894,CD37,0,0.0,1.0,0.0
ENSG00000105483,CARD8,0,0.0,1.0,0.0
ENSG00000105429,MEGF8,0,0.0,1.0,0.0
ENSG00000105355,PLIN3,0,0.0,1.0,0.0
ENSG00000105329,TGFB1,0,0.0,1.0,0.0
ENSG00000105327,BBC3,0,0.0,1.0,0.0
ENSG00000105290,APLP1,0,0.0,1.0,0.0
ENSG00000105278,ZFR2,0,0.0,1.0,0.0
ENSG00000105270,CLIP3,0,0.0,1.0,0.0
ENSG00000105245,NUMBL,0,0.0,1.0,0.0
ENSG00000105227,PRX,0,0.0,1.0,0.0
ENSG00000105223,PLD3,0,0.0,1.0,0.0
ENSG00000105204,DYRK1B,0,0.0,1.0,0.0
ENSG00000105176,URI1,0,0.0,1.0,0.0
ENSG00000105136,ZNF419,0,0.0,1.0,0.0
ENSG00000105072,C19orf44,0,0.0,1.0,0.0
ENSG00000105053,VRK3,0,0.0,1.0,0.0
ENSG00000104983,CCDC61,0,0.0,1.0,0.0
ENSG00000104973,MED25,0,0.0,1.0,0.0
ENSG00000104967,NOVA2,0,0.0,1.0,0.0
ENSG00000104960,PTOV1,0,0.0,1.0,0.0
ENSG00000104957,YJU2B,0,0.0,1.0,0.0
ENSG00000104936,DMPK,0,0.0,1.0,0.0
ENSG00000105443,CYTH2,0,0.0,1.0,0.0
ENSG00000105497,ZNF175,0,0.0,1.0,0.0
ENSG00000105983,LMBR1,0,0.0,1.0,0.0
ENSG00000105552,BCAT2,0,0.0,1.0,0.0
ENSG00000105982,RNF32,0,0.0,1.0,0.0
ENSG00000105953,OGDH,0,0.0,1.0,0.0
ENSG00000105948,IFT56,0,0.0,1.0,0.0
ENSG00000105928,GSDME,0,0.0,1.0,0.0
ENSG00000105879,CBLL1,0,0.0,1.0,0.0
ENSG00000105875,WDR91,0,0.0,1.0,0.0
ENSG00000105866,SP4,0,0.0,1.0,0.0
ENSG00000105865,DUS4L,0,0.0,1.0,0.0
ENSG00000105856,HBP1,0,0.0,1.0,0.0
ENSG00000105793,GTPBP10,0,0.0,1.0,0.0
ENSG00000105792,CFAP69,0,0.0,1.0,0.0
ENSG00000105784,RUNDC3B,0,0.0,1.0,0.0
ENSG00000105778,AVL9,0,0.0,1.0,0.0
ENSG00000105771,SMG9,0,0.0,1.0,0.0
ENSG00000105767,CADM4,0,0.0,1.0,0.0
ENSG00000105708,ZNF14,0,0.0,1.0,0.0
ENSG00000105662,CRTC1,0,0.0,1.0,0.0
ENSG00000105655,ISYNA1,0,0.0,1.0,0.0
ENSG00000105642,KCNN1,0,0.0,1.0,0.0
ENSG00000105639,JAK3,0,0.0,1.0,0.0
ENSG00000105559,PLEKHA4,0,0.0,1.0,0.0
ENSG00000113205,PCDHB3,0,0.0,1.0,0.0
ENSG00000113231,PDE8B,0,0.0,1.0,0.0
ENSG00000102158,MAGT1,0,0.0,1.0,0.0
ENSG00000120328,PCDHB12,0,0.0,1.0,0.0
ENSG00000120324,PCDHB10,0,0.0,1.0,0.0
ENSG00000120306,CYSTM1,0,0.0,1.0,0.0
ENSG00000120262,CCDC170,0,0.0,1.0,0.0
ENSG00000120256,LRP11,0,0.0,1.0,0.0
ENSG00000120162,MOB3B,0,0.0,1.0,0.0
ENSG00000120129,DUSP1,0,0.0,1.0,0.0
ENSG00000120088,CRHR1,0,0.0,1.0,0.0
ENSG00000120071,KANSL1,0,0.0,1.0,0.0
ENSG00000120049,KCNIP2,0,0.0,1.0,0.0
ENSG00000120029,ARMH3,0,0.0,1.0,0.0
ENSG00000120008,WDR11,0,0.0,1.0,0.0
ENSG00000119977,TCTN3,0,0.0,1.0,0.0
ENSG00000119965,C10orf88,0,0.0,1.0,0.0
ENSG00000119943,PYROXD2,0,0.0,1.0,0.0
ENSG00000119906,SLF2,0,0.0,1.0,0.0
ENSG00000119900,OGFRL1,0,0.0,1.0,0.0
ENSG00000119878,CRIPT,0,0.0,1.0,0.0
ENSG00000119865,CNRIP1,0,0.0,1.0,0.0
ENSG00000119862,LGALSL,0,0.0,1.0,0.0
ENSG00000119844,AFTPH,0,0.0,1.0,0.0
ENSG00000119820,YIPF4,0,0.0,1.0,0.0
ENSG00000120327,PCDHB14,0,0.0,1.0,0.0
ENSG00000120333,MRPS14,0,0.0,1.0,0.0
ENSG00000119778,ATAD2B,0,0.0,1.0,0.0
ENSG00000120341,SEC16B,0,0.0,1.0,0.0
ENSG00000120915,EPHX2,0,0.0,1.0,0.0
ENSG00000120913,PDLIM2,0,0.0,1.0,0.0
ENSG00000120899,PTK2B,0,0.0,1.0,0.0
ENSG00000120896,SORBS3,0,0.0,1.0,0.0
ENSG00000120885,CLU,0,0.0,1.0,0.0
ENSG00000120875,DUSP4,0,0.0,1.0,0.0
ENSG00000120832,MTERF2,0,0.0,1.0,0.0
ENSG00000120820,GLT8D2,0,0.0,1.0,0.0
ENSG00000120805,ARL1,0,0.0,1.0,0.0
ENSG00000120733,KDM3B,0,0.0,1.0,0.0
ENSG00000120699,EXOSC8,0,0.0,1.0,0.0
ENSG00000120697,ALG5,0,0.0,1.0,0.0
ENSG00000120690,ELF1,0,0.0,1.0,0.0
ENSG00000120688,WBP4,0,0.0,1.0,0.0
ENSG00000120675,DNAJC15,0,0.0,1.0,0.0
ENSG00000120658,ENOX1,0,0.0,1.0,0.0
ENSG00000120645,IQSEC3,0,0.0,1.0,0.0
ENSG00000120509,PDZD11,0,0.0,1.0,0.0
ENSG00000120458,MSANTD2,0,0.0,1.0,0.0
ENSG00000120451,SNX19,0,0.0,1.0,0.0
ENSG00000120370,GORAB,0,0.0,1.0,0.0
ENSG00000119801,YPEL5,0,0.0,1.0,0.0
ENSG00000119760,SUPT7L,0,0.0,1.0,0.0
ENSG00000121274,TENT4B,0,0.0,1.0,0.0
ENSG00000119328,ABITRAM,0,0.0,1.0,0.0
ENSG00000119280,C1orf198,0,0.0,1.0,0.0
ENSG00000119231,SENP5,0,0.0,1.0,0.0
ENSG00000119227,PIGZ,0,0.0,1.0,0.0
ENSG00000119185,ITGB1BP1,0,0.0,1.0,0.0
ENSG00000119048,UBE2B,0,0.0,1.0,0.0
ENSG00000119042,SATB2,0,0.0,1.0,0.0
ENSG00000119041,GTF3C3,0,0.0,1.0,0.0
ENSG00000119013,NDUFB3,0,0.0,1.0,0.0
ENSG00000118961,LDAH,0,0.0,1.0,0.0
ENSG00000118960,HS1BP3,0,0.0,1.0,0.0
ENSG00000118855,MFSD1,0,0.0,1.0,0.0
ENSG00000118849,RARRES1,0,0.0,1.0,0.0
ENSG00000118816,CCNI,0,0.0,1.0,0.0
ENSG00000118762,PKD2,0,0.0,1.0,0.0
ENSG00000118689,FOXO3,0,0.0,1.0,0.0
ENSG00000118655,DCLRE1B,0,0.0,1.0,0.0
ENSG00000118620,ZNF430,0,0.0,1.0,0.0
ENSG00000118579,MED28,0,0.0,1.0,0.0
ENSG00000118557,PMFBP1,0,0.0,1.0,0.0
ENSG00000118518,RNF146,0,0.0,1.0,0.0
ENSG00000118508,RAB32,0,0.0,1.0,0.0
ENSG00000119321,FKBP15,0,0.0,1.0,0.0
ENSG00000119333,DYNC2I2,0,0.0,1.0,0.0
ENSG00000119729,RHOQ,0,0.0,1.0,0.0
ENSG00000119392,GLE1,0,0.0,1.0,0.0
ENSG00000119725,ZNF410,0,0.0,1.0,0.0
ENSG00000119723,COQ6,0,0.0,1.0,0.0
ENSG00000119720,NRDE2,0,0.0,1.0,0.0
ENSG00000119711,ALDH6A1,0,0.0,1.0,0.0
ENSG00000119707,RBM25,0,0.0,1.0,0.0
ENSG00000119703,ZC2HC1C,0,0.0,1.0,0.0
ENSG00000119688,ABCD4,0,0.0,1.0,0.0
ENSG00000119686,FLVCR2,0,0.0,1.0,0.0
ENSG00000119684,MLH3,0,0.0,1.0,0.0
ENSG00000119661,DNAL1,0,0.0,1.0,0.0
ENSG00000119640,ACYP1,0,0.0,1.0,0.0
ENSG00000119638,NEK9,0,0.0,1.0,0.0
ENSG00000119596,YLPM1,0,0.0,1.0,0.0
ENSG00000119574,ZBTB45,0,0.0,1.0,0.0
ENSG00000119547,ONECUT2,0,0.0,1.0,0.0
ENSG00000119522,DENND1A,0,0.0,1.0,0.0
ENSG00000119514,GALNT12,0,0.0,1.0,0.0
ENSG00000119471,HSDL2,0,0.0,1.0,0.0
ENSG00000119414,PPP6C,0,0.0,1.0,0.0
ENSG00000119401,TRIM32,0,0.0,1.0,0.0
ENSG00000119396,RAB14,0,0.0,1.0,0.0
ENSG00000120925,RNF170,0,0.0,1.0,0.0
ENSG00000121281,ADCY7,0,0.0,1.0,0.0
ENSG00000118503,TNFAIP3,0,0.0,1.0,0.0
ENSG00000123570,RAB9B,0,0.0,1.0,0.0
ENSG00000123453,SARDH,0,0.0,1.0,0.0
ENSG00000123444,KBTBD4,0,0.0,1.0,0.0
ENSG00000123415,SMUG1,0,0.0,1.0,0.0
ENSG00000123411,IKZF4,0,0.0,1.0,0.0
ENSG00000123374,CDK2,0,0.0,1.0,0.0
ENSG00000123360,PDE1B,0,0.0,1.0,0.0
ENSG00000123352,SPATS2,0,0.0,1.0,0.0
ENSG00000123297,TSFM,0,0.0,1.0,0.0
ENSG00000123200,ZC3H13,0,0.0,1.0,0.0
ENSG00000123178,SPRYD7,0,0.0,1.0,0.0
ENSG00000123154,WDR83,0,0.0,1.0,0.0
ENSG00000123124,WWP1,0,0.0,1.0,0.0
ENSG00000123106,CCDC91,0,0.0,1.0,0.0
ENSG00000123096,SSPN,0,0.0,1.0,0.0
ENSG00000123091,RNF11,0,0.0,1.0,0.0
ENSG00000122986,HVCN1,0,0.0,1.0,0.0
ENSG00000122912,SLC25A16,0,0.0,1.0,0.0
ENSG00000122870,BICC1,0,0.0,1.0,0.0
ENSG00000122863,CHST3,0,0.0,1.0,0.0
ENSG00000122778,KIAA1549,0,0.0,1.0,0.0
ENSG00000122756,CNTFR,0,0.0,1.0,0.0
ENSG00000123472,ATPAF1,0,0.0,1.0,0.0
ENSG00000123575,FAM199X,0,0.0,1.0,0.0
ENSG00000122696,SLC25A51,0,0.0,1.0,0.0
ENSG00000123607,TTC21B,0,0.0,1.0,0.0
ENSG00000124587,PEX6,0,0.0,1.0,0.0
ENSG00000124549,BTN2A3P,0,0.0,1.0,0.0
ENSG00000124523,SIRT5,0,0.0,1.0,0.0
ENSG00000124508,BTN2A2,0,0.0,1.0,0.0
ENSG00000124380,SNRNP27,0,0.0,1.0,0.0
ENSG00000124370,MCEE,0,0.0,1.0,0.0
ENSG00000124357,NAGK,0,0.0,1.0,0.0
ENSG00000124243,BCAS4,0,0.0,1.0,0.0
ENSG00000124224,PPP4R1L,0,0.0,1.0,0.0
ENSG00000124222,STX16,0,0.0,1.0,0.0
ENSG00000124212,PTGIS,0,0.0,1.0,0.0
ENSG00000124209,RAB22A,0,0.0,1.0,0.0
ENSG00000124191,TOX2,0,0.0,1.0,0.0
ENSG00000124164,VAPB,0,0.0,1.0,0.0
ENSG00000124151,NCOA3,0,0.0,1.0,0.0
ENSG00000124104,SNX21,0,0.0,1.0,0.0
ENSG00000124098,FAM210B,0,0.0,1.0,0.0
ENSG00000124074,ENKD1,0,0.0,1.0,0.0
ENSG00000123933,MXD4,0,0.0,1.0,0.0
ENSG00000123815,COQ8B,0,0.0,1.0,0.0
ENSG00000123728,RAP2C,0,0.0,1.0,0.0
ENSG00000122707,RECK,0,0.0,1.0,0.0
ENSG00000122694,GLIPR2,0,0.0,1.0,0.0
ENSG00000121350,PYROXD1,0,0.0,1.0,0.0
ENSG00000122033,MTIF3,0,0.0,1.0,0.0
ENSG00000121989,ACVR2A,0,0.0,1.0,0.0
ENSG00000121940,CLCC1,0,0.0,1.0,0.0
ENSG00000121903,ZSCAN20,0,0.0,1.0,0.0
ENSG00000121892,PDS5A,0,0.0,1.0,0.0
ENSG00000121879,PIK3CA,0,0.0,1.0,0.0
ENSG00000121851,POLR3GL,0,0.0,1.0,0.0
ENSG00000121775,TMEM39B,0,0.0,1.0,0.0
ENSG00000121774,KHDRBS1,0,0.0,1.0,0.0
ENSG00000121753,ADGRB2,0,0.0,1.0,0.0
ENSG00000121749,TBC1D15,0,0.0,1.0,0.0
ENSG00000121741,ZMYM2,0,0.0,1.0,0.0
ENSG00000121691,CAT,0,0.0,1.0,0.0
ENSG00000121680,PEX16,0,0.0,1.0,0.0
ENSG00000121671,CRY2,0,0.0,1.0,0.0
ENSG00000121486,TRMT1L,0,0.0,1.0,0.0
ENSG00000121481,RNF2,0,0.0,1.0,0.0
ENSG00000121417,ZNF211,0,0.0,1.0,0.0
ENSG00000121413,ZSCAN18,0,0.0,1.0,0.0
ENSG00000121406,ZNF549,0,0.0,1.0,0.0
ENSG00000121390,PSPC1,0,0.0,1.0,0.0
ENSG00000121380,BCL2L14,0,0.0,1.0,0.0
ENSG00000122012,SV2C,0,0.0,1.0,0.0
ENSG00000122042,UBL3,0,0.0,1.0,0.0
ENSG00000122678,POLM,0,0.0,1.0,0.0
ENSG00000122068,FYTTD1,0,0.0,1.0,0.0
ENSG00000122674,CCZ1,0,0.0,1.0,0.0
ENSG00000122644,ARL4A,0,0.0,1.0,0.0
ENSG00000122643,NT5C3A,0,0.0,1.0,0.0
ENSG00000122642,FKBP9,0,0.0,1.0,0.0
ENSG00000122584,NXPH1,0,0.0,1.0,0.0
ENSG00000122550,KLHL7,0,0.0,1.0,0.0
ENSG00000122545,SEPTIN7,0,0.0,1.0,0.0
ENSG00000122515,ZMIZ2,0,0.0,1.0,0.0
ENSG00000122512,PMS2,0,0.0,1.0,0.0
ENSG00000122490,SLC66A2,0,0.0,1.0,0.0
ENSG00000122482,ZNF644,0,0.0,1.0,0.0
ENSG00000122481,RWDD3,0,0.0,1.0,0.0
ENSG00000122477,LRRC39,0,0.0,1.0,0.0
ENSG00000122435,TRMT13,0,0.0,1.0,0.0
ENSG00000122390,NAA60,0,0.0,1.0,0.0
ENSG00000122335,SERAC1,0,0.0,1.0,0.0
ENSG00000122257,RBBP6,0,0.0,1.0,0.0
ENSG00000122218,COPA,0,0.0,1.0,0.0
ENSG00000122203,KIAA1191,0,0.0,1.0,0.0
ENSG00000122126,OCRL,0,0.0,1.0,0.0
ENSG00000122085,MTERF4,0,0.0,1.0,0.0
ENSG00000118507,AKAP7,0,0.0,1.0,0.0
ENSG00000118492,ADGB,0,0.0,1.0,0.0
ENSG00000113240,CLK4,0,0.0,1.0,0.0
ENSG00000115274,INO80B,0,0.0,1.0,0.0
ENSG00000115257,PCSK4,0,0.0,1.0,0.0
ENSG00000115204,MPV17,0,0.0,1.0,0.0
ENSG00000115145,STAM2,0,0.0,1.0,0.0
ENSG00000115137,DNAJC27,0,0.0,1.0,0.0
ENSG00000115091,ACTR3,0,0.0,1.0,0.0
ENSG00000115073,ACTR1B,0,0.0,1.0,0.0
ENSG00000115042,FAHD2A,0,0.0,1.0,0.0
ENSG00000115041,KCNIP3,0,0.0,1.0,0.0
ENSG00000114999,TTL,0,0.0,1.0,0.0
ENSG00000114988,LMAN2L,0,0.0,1.0,0.0
ENSG00000114982,KANSL3,0,0.0,1.0,0.0
ENSG00000114978,MOB1A,0,0.0,1.0,0.0
ENSG00000114948,ADAM23,0,0.0,1.0,0.0
ENSG00000114904,NEK4,0,0.0,1.0,0.0
ENSG00000114859,CLCN2,0,0.0,1.0,0.0
ENSG00000114853,ZBTB47,0,0.0,1.0,0.0
ENSG00000114841,DNAH1,0,0.0,1.0,0.0
ENSG00000114796,KLHL24,0,0.0,1.0,0.0
ENSG00000114790,ARHGEF26,0,0.0,1.0,0.0
ENSG00000114745,GORASP1,0,0.0,1.0,0.0
ENSG00000114742,WDR48,0,0.0,1.0,0.0
ENSG00000115266,APC2,0,0.0,1.0,0.0
ENSG00000115282,TTC31,0,0.0,1.0,0.0
ENSG00000114698,PLSCR4,0,0.0,1.0,0.0
ENSG00000115295,CLIP4,0,0.0,1.0,0.0
ENSG00000115760,BIRC6,0,0.0,1.0,0.0
ENSG00000115750,TAF1B,0,0.0,1.0,0.0
ENSG00000115661,STK16,0,0.0,1.0,0.0
ENSG00000115594,IL1R1,0,0.0,1.0,0.0
ENSG00000115561,CHMP3,0,0.0,1.0,0.0
ENSG00000115548,KDM3A,0,0.0,1.0,0.0
ENSG00000115525,ST3GAL5,0,0.0,1.0,0.0
ENSG00000115504,EHBP1,0,0.0,1.0,0.0
ENSG00000115486,GGCX,0,0.0,1.0,0.0
ENSG00000115474,KCNJ13,0,0.0,1.0,0.0
ENSG00000115459,ELMOD3,0,0.0,1.0,0.0
ENSG00000115446,UNC50,0,0.0,1.0,0.0
ENSG00000115421,PAPOLG,0,0.0,1.0,0.0
ENSG00000115414,FN1,0,0.0,1.0,0.0
ENSG00000115380,EFEMP1,0,0.0,1.0,0.0
ENSG00000115365,LANCL1,0,0.0,1.0,0.0
ENSG00000115355,CCDC88A,0,0.0,1.0,0.0
ENSG00000115325,DOK1,0,0.0,1.0,0.0
ENSG00000115318,LOXL3,0,0.0,1.0,0.0
ENSG00000115317,HTRA2,0,0.0,1.0,0.0
ENSG00000115310,RTN4,0,0.0,1.0,0.0
ENSG00000114735,HEMK1,0,0.0,1.0,0.0
ENSG00000114654,EFCC1,0,0.0,1.0,0.0
ENSG00000115896,PLCL1,0,0.0,1.0,0.0
ENSG00000113966,ARL6,0,0.0,1.0,0.0
ENSG00000113838,TBCCD1,0,0.0,1.0,0.0
ENSG00000113811,SELENOK,0,0.0,1.0,0.0
ENSG00000113790,EHHADH,0,0.0,1.0,0.0
ENSG00000113761,ZNF346,0,0.0,1.0,0.0
ENSG00000113734,BNIP1,0,0.0,1.0,0.0
ENSG00000113721,PDGFRB,0,0.0,1.0,0.0
ENSG00000113712,CSNK1A1,0,0.0,1.0,0.0
ENSG00000113658,SMAD5,0,0.0,1.0,0.0
ENSG00000113649,TCERG1,0,0.0,1.0,0.0
ENSG00000113648,MACROH2A1,0,0.0,1.0,0.0
ENSG00000113621,TXNDC15,0,0.0,1.0,0.0
ENSG00000113597,TRAPPC13,0,0.0,1.0,0.0
ENSG00000113595,TRIM23,0,0.0,1.0,0.0
ENSG00000113594,LIFR,0,0.0,1.0,0.0
ENSG00000113593,PPWD1,0,0.0,1.0,0.0
ENSG00000113583,C5orf15,0,0.0,1.0,0.0
ENSG00000113558,SKP1,0,0.0,1.0,0.0
ENSG00000113360,DROSHA,0,0.0,1.0,0.0
ENSG00000113318,MSH3,0,0.0,1.0,0.0
ENSG00000113300,CNOT6,0,0.0,1.0,0.0
ENSG00000113296,THBS4,0,0.0,1.0,0.0
ENSG00000113851,CRBN,0,0.0,1.0,0.0
ENSG00000114021,NIT2,0,0.0,1.0,0.0
ENSG00000114646,CSPG5,0,0.0,1.0,0.0
ENSG00000114026,OGG1,0,0.0,1.0,0.0
ENSG00000114544,SLC41A3,0,0.0,1.0,0.0
ENSG00000114520,SNX4,0,0.0,1.0,0.0
ENSG00000114480,GBE1,0,0.0,1.0,0.0
ENSG00000114450,GNB4,0,0.0,1.0,0.0
ENSG00000114423,CBLB,0,0.0,1.0,0.0
ENSG00000114405,CEP15,0,0.0,1.0,0.0
ENSG00000114388,NPRL2,0,0.0,1.0,0.0
ENSG00000114354,TFG,0,0.0,1.0,0.0
ENSG00000114353,GNAI2,0,0.0,1.0,0.0
ENSG00000114331,ACAP2,0,0.0,1.0,0.0
ENSG00000114316,USP4,0,0.0,1.0,0.0
ENSG00000114315,HES1,0,0.0,1.0,0.0
ENSG00000114302,PRKAR2A,0,0.0,1.0,0.0
ENSG00000114268,PFKFB4,0,0.0,1.0,0.0
ENSG00000114166,KAT2B,0,0.0,1.0,0.0
ENSG00000114126,TFDP2,0,0.0,1.0,0.0
ENSG00000114120,SLC25A36,0,0.0,1.0,0.0
ENSG00000114115,RBP1,0,0.0,1.0,0.0
ENSG00000114098,ARMC8,0,0.0,1.0,0.0
ENSG00000114062,UBE3A,0,0.0,1.0,0.0
ENSG00000114054,PCCB,0,0.0,1.0,0.0
ENSG00000115839,RAB3GAP1,0,0.0,1.0,0.0
ENSG00000115902,SLC1A4,0,0.0,1.0,0.0
ENSG00000118473,SGIP1,0,0.0,1.0,0.0
ENSG00000117569,PTBP2,0,0.0,1.0,0.0
ENSG00000117533,VAMP4,0,0.0,1.0,0.0
ENSG00000117528,ABCD3,0,0.0,1.0,0.0
ENSG00000117525,F3,0,0.0,1.0,0.0
ENSG00000117479,SLC19A2,0,0.0,1.0,0.0
ENSG00000117477,CCDC181,0,0.0,1.0,0.0
ENSG00000117475,BLZF1,0,0.0,1.0,0.0
ENSG00000117425,PTCH2,0,0.0,1.0,0.0
ENSG00000117419,ERI3,0,0.0,1.0,0.0
ENSG00000117385,P3H1,0,0.0,1.0,0.0
ENSG00000117305,HMGCL,0,0.0,1.0,0.0
ENSG00000117262,GPR89A,0,0.0,1.0,0.0
ENSG00000117242,PINK1-AS,0,0.0,1.0,0.0
ENSG00000117151,CTBS,0,0.0,1.0,0.0
ENSG00000117143,UAP1,0,0.0,1.0,0.0
ENSG00000117139,KDM5B,0,0.0,1.0,0.0
ENSG00000117122,MFAP2,0,0.0,1.0,0.0
ENSG00000117114,ADGRL2,0,0.0,1.0,0.0
ENSG00000117016,RIMS3,0,0.0,1.0,0.0
ENSG00000117010,ZNF684,0,0.0,1.0,0.0
ENSG00000117000,RLF,0,0.0,1.0,0.0
ENSG00000116990,MYCL,0,0.0,1.0,0.0
ENSG00000117543,DPH5,0,0.0,1.0,0.0
ENSG00000117616,RSRP1,0,0.0,1.0,0.0
ENSG00000116977,LGALS8,0,0.0,1.0,0.0
ENSG00000117620,SLC35A3,0,0.0,1.0,0.0
ENSG00000118454,ANKRD13C,0,0.0,1.0,0.0
ENSG00000118418,HMGN3,0,0.0,1.0,0.0
ENSG00000118369,USP35,0,0.0,1.0,0.0
ENSG00000118298,CA14,0,0.0,1.0,0.0
ENSG00000118292,C1orf54,0,0.0,1.0,0.0
ENSG00000118260,CREB1,0,0.0,1.0,0.0
ENSG00000118257,NRP2,0,0.0,1.0,0.0
ENSG00000118197,DDX59,0,0.0,1.0,0.0
ENSG00000118096,IFT46,0,0.0,1.0,0.0
ENSG00000118058,KMT2A,0,0.0,1.0,0.0
ENSG00000117906,RCN2,0,0.0,1.0,0.0
ENSG00000117868,ESYT2,0,0.0,1.0,0.0
ENSG00000117859,OSBPL9,0,0.0,1.0,0.0
ENSG00000117758,STX12,0,0.0,1.0,0.0
ENSG00000117713,ARID1A,0,0.0,1.0,0.0
ENSG00000117707,PROX1,0,0.0,1.0,0.0
ENSG00000117697,NSL1,0,0.0,1.0,0.0
ENSG00000117691,NENF,0,0.0,1.0,0.0
ENSG00000117640,MTFR1L,0,0.0,1.0,0.0
ENSG00000117632,STMN1,0,0.0,1.0,0.0
ENSG00000117625,RCOR3,0,0.0,1.0,0.0
ENSG00000116984,MTR,0,0.0,1.0,0.0
ENSG00000116906,GNPAT,0,0.0,1.0,0.0
ENSG00000115904,SOS1,0,0.0,1.0,0.0
ENSG00000116473,RAP1A,0,0.0,1.0,0.0
ENSG00000116350,SRSF4,0,0.0,1.0,0.0
ENSG00000116337,AMPD2,0,0.0,1.0,0.0
ENSG00000116299,ELAPOR1,0,0.0,1.0,0.0
ENSG00000116266,STXBP3,0,0.0,1.0,0.0
ENSG00000116213,WRAP73,0,0.0,1.0,0.0
ENSG00000116209,TMEM59,0,0.0,1.0,0.0
ENSG00000116205,TCEANC2,0,0.0,1.0,0.0
ENSG00000116199,FAM20B,0,0.0,1.0,0.0
ENSG00000116198,CEP104,0,0.0,1.0,0.0
ENSG00000116194,ANGPTL1,0,0.0,1.0,0.0
ENSG00000116183,PAPPA2,0,0.0,1.0,0.0
ENSG00000116157,GPX7,0,0.0,1.0,0.0
ENSG00000116151,MORN1,0,0.0,1.0,0.0
ENSG00000116141,MARK1,0,0.0,1.0,0.0
ENSG00000116127,ALMS1,0,0.0,1.0,0.0
ENSG00000116095,PLEKHA3,0,0.0,1.0,0.0
ENSG00000116044,NFE2L2,0,0.0,1.0,0.0
ENSG00000116001,TIA1,0,0.0,1.0,0.0
ENSG00000115998,C2orf42,0,0.0,1.0,0.0
ENSG00000115977,AAK1,0,0.0,1.0,0.0
ENSG00000115947,ORC4,0,0.0,1.0,0.0
ENSG00000116406,EDEM3,0,0.0,1.0,0.0
ENSG00000116514,RNF19B,0,0.0,1.0,0.0
ENSG00000116885,OSCP1,0,0.0,1.0,0.0
ENSG00000116539,ASH1L,0,0.0,1.0,0.0
ENSG00000116871,MAP7D1,0,0.0,1.0,0.0
ENSG00000116863,ADPRS,0,0.0,1.0,0.0
ENSG00000116857,TMEM9,0,0.0,1.0,0.0
ENSG00000116815,CD58,0,0.0,1.0,0.0
ENSG00000116809,ZBTB17,0,0.0,1.0,0.0
ENSG00000116793,PHTF1,0,0.0,1.0,0.0
ENSG00000116791,CRYZ,0,0.0,1.0,0.0
ENSG00000116786,PLEKHM2,0,0.0,1.0,0.0
ENSG00000116754,SRSF11,0,0.0,1.0,0.0
ENSG00000116747,RO60,0,0.0,1.0,0.0
ENSG00000116731,PRDM2,0,0.0,1.0,0.0
ENSG00000116717,GADD45A,0,0.0,1.0,0.0
ENSG00000116711,PLA2G4A,0,0.0,1.0,0.0
ENSG00000116704,SLC35D1,0,0.0,1.0,0.0
ENSG00000116685,KIAA2013,0,0.0,1.0,0.0
ENSG00000116675,DNAJC6,0,0.0,1.0,0.0
ENSG00000116668,SWT1,0,0.0,1.0,0.0
ENSG00000116667,C1orf21,0,0.0,1.0,0.0
ENSG00000116604,MEF2D,0,0.0,1.0,0.0
ENSG00000116580,GON4L,0,0.0,1.0,0.0
ENSG00000116560,SFPQ,0,0.0,1.0,0.0
ENSG00000102181,CD99L2,0,0.0,1.0,0.0
ENSG00000102125,TAFAZZIN,0,0.0,1.0,0.0
ENSG00000124635,H2BC11,0,0.0,1.0,0.0
ENSG00000065135,GNAI3,0,0.0,1.0,0.0
ENSG00000064999,ANKS1A,0,0.0,1.0,0.0
ENSG00000064989,CALCRL,0,0.0,1.0,0.0
ENSG00000064687,ABCA7,0,0.0,1.0,0.0
ENSG00000064655,EYA2,0,0.0,1.0,0.0
ENSG00000064547,LPAR2,0,0.0,1.0,0.0
ENSG00000064313,TAF2,0,0.0,1.0,0.0
ENSG00000064225,ST3GAL6,0,0.0,1.0,0.0
ENSG00000064218,DMRT3,0,0.0,1.0,0.0
ENSG00000064199,SPA17,0,0.0,1.0,0.0
ENSG00000063854,HAGH,0,0.0,1.0,0.0
ENSG00000063660,GPC1,0,0.0,1.0,0.0
ENSG00000063601,MTMR1,0,0.0,1.0,0.0
ENSG00000063587,ZNF275,0,0.0,1.0,0.0
ENSG00000063438,AHRR,0,0.0,1.0,0.0
ENSG00000062725,APPBP2,0,0.0,1.0,0.0
ENSG00000062598,ELMO2,0,0.0,1.0,0.0
ENSG00000062370,ZNF112,0,0.0,1.0,0.0
ENSG00000061676,NCKAP1,0,0.0,1.0,0.0
ENSG00000060762,MPC1,0,0.0,1.0,0.0
ENSG00000060709,RIMBP2,0,0.0,1.0,0.0
ENSG00000060642,PIGV,0,0.0,1.0,0.0
ENSG00000065029,ZNF76,0,0.0,1.0,0.0
ENSG00000065308,TRAM2,0,0.0,1.0,0.0
ENSG00000059915,PSD,0,0.0,1.0,0.0
ENSG00000065357,DGKA,0,0.0,1.0,0.0
ENSG00000066923,STAG3,0,0.0,1.0,0.0
ENSG00000066855,MTFR1,0,0.0,1.0,0.0
ENSG00000066739,ATG2B,0,0.0,1.0,0.0
ENSG00000066697,MSANTD3,0,0.0,1.0,0.0
ENSG00000066557,LRRC40,0,0.0,1.0,0.0
ENSG00000066468,FGFR2,0,0.0,1.0,0.0
ENSG00000066455,GOLGA5,0,0.0,1.0,0.0
ENSG00000066427,ATXN3,0,0.0,1.0,0.0
ENSG00000066136,NFYC,0,0.0,1.0,0.0
ENSG00000066032,CTNNA2,0,0.0,1.0,0.0
ENSG00000065970,FOXJ2,0,0.0,1.0,0.0
ENSG00000065883,CDK13,0,0.0,1.0,0.0
ENSG00000065809,FAM107B,0,0.0,1.0,0.0
ENSG00000065802,ASB1,0,0.0,1.0,0.0
ENSG00000065665,SEC61A2,0,0.0,1.0,0.0
ENSG00000065613,SLK,0,0.0,1.0,0.0
ENSG00000065609,SNAP91,0,0.0,1.0,0.0
ENSG00000065559,MAP2K4,0,0.0,1.0,0.0
ENSG00000065526,SPEN,0,0.0,1.0,0.0
ENSG00000065491,TBC1D22B,0,0.0,1.0,0.0
ENSG00000065413,ANKRD44,0,0.0,1.0,0.0
ENSG00000060237,WNK1,0,0.0,1.0,0.0
ENSG00000059728,MXD1,0,0.0,1.0,0.0
ENSG00000067082,KLF6,0,0.0,1.0,0.0
ENSG00000054267,ARID4B,0,0.0,1.0,0.0
ENSG00000054116,TRAPPC3,0,0.0,1.0,0.0
ENSG00000053918,KCNQ1,0,0.0,1.0,0.0
ENSG00000053747,LAMA3,0,0.0,1.0,0.0
ENSG00000053524,MCF2L2,0,0.0,1.0,0.0
ENSG00000053371,AKR7A2,0,0.0,1.0,0.0
ENSG00000052126,PLEKHA5,0,0.0,1.0,0.0
ENSG00000051009,FHIP1B,0,0.0,1.0,0.0
ENSG00000050393,MCUR1,0,0.0,1.0,0.0
ENSG00000050165,DKK3,0,0.0,1.0,0.0
ENSG00000050130,JKAMP,0,0.0,1.0,0.0
ENSG00000050030,NEXMIF,0,0.0,1.0,0.0
ENSG00000049883,PTCD2,0,0.0,1.0,0.0
ENSG00000049860,HEXB,0,0.0,1.0,0.0
ENSG00000049769,PPP1R3F,0,0.0,1.0,0.0
ENSG00000049618,ARID1B,0,0.0,1.0,0.0
ENSG00000049449,RCN1,0,0.0,1.0,0.0
ENSG00000049246,PER3,0,0.0,1.0,0.0
ENSG00000049245,VAMP3,0,0.0,1.0,0.0
ENSG00000049239,H6PD,0,0.0,1.0,0.0
ENSG00000049167,ERCC8,0,0.0,1.0,0.0
ENSG00000049130,KITLG,0,0.0,1.0,0.0
ENSG00000054148,PHPT1,0,0.0,1.0,0.0
ENSG00000054277,OPN3,0,0.0,1.0,0.0
ENSG00000059588,TARBP1,0,0.0,1.0,0.0
ENSG00000054967,RELT,0,0.0,1.0,0.0
ENSG00000059377,TBXAS1,0,0.0,1.0,0.0
ENSG00000059122,FLYWCH1,0,0.0,1.0,0.0
ENSG00000058866,DGKG,0,0.0,1.0,0.0
ENSG00000058673,ZC3H11A,0,0.0,1.0,0.0
ENSG00000058668,ATP2B4,0,0.0,1.0,0.0
ENSG00000058272,PPP1R12A,0,0.0,1.0,0.0
ENSG00000058056,USP13,0,0.0,1.0,0.0
ENSG00000057704,TMCC3,0,0.0,1.0,0.0
ENSG00000057252,SOAT1,0,0.0,1.0,0.0
ENSG00000057019,DCBLD2,0,0.0,1.0,0.0
ENSG00000056586,RC3H2,0,0.0,1.0,0.0
ENSG00000056558,TRAF1,0,0.0,1.0,0.0
ENSG00000056277,ZNF280C,0,0.0,1.0,0.0
ENSG00000056097,ZFR,0,0.0,1.0,0.0
ENSG00000056050,HPF1,0,0.0,1.0,0.0
ENSG00000055813,CCDC85A,0,0.0,1.0,0.0
ENSG00000055211,GINM1,0,0.0,1.0,0.0
ENSG00000055163,CYFIP2,0,0.0,1.0,0.0
ENSG00000055147,FAM114A2,0,0.0,1.0,0.0
ENSG00000055118,KCNH2,0,0.0,1.0,0.0
ENSG00000054983,GALC,0,0.0,1.0,0.0
ENSG00000066926,FECH,0,0.0,1.0,0.0
ENSG00000067182,TNFRSF1A,0,0.0,1.0,0.0
ENSG00000048991,R3HDM1,0,0.0,1.0,0.0
ENSG00000073584,SMARCE1,0,0.0,1.0,0.0
ENSG00000073417,PDE8A,0,0.0,1.0,0.0
ENSG00000073050,XRCC1,0,0.0,1.0,0.0
ENSG00000072958,AP1M1,0,0.0,1.0,0.0
ENSG00000072840,EVC,0,0.0,1.0,0.0
ENSG00000072778,ACADVL,0,0.0,1.0,0.0
ENSG00000072736,NFATC3,0,0.0,1.0,0.0
ENSG00000072682,P4HA2,0,0.0,1.0,0.0
ENSG00000072609,CHFR,0,0.0,1.0,0.0
ENSG00000072422,RHOBTB1,0,0.0,1.0,0.0
ENSG00000072415,PALS1,0,0.0,1.0,0.0
ENSG00000072364,AFF4,0,0.0,1.0,0.0
ENSG00000072210,ALDH3A2,0,0.0,1.0,0.0
ENSG00000072201,LNX1,0,0.0,1.0,0.0
ENSG00000072163,LIMS2,0,0.0,1.0,0.0
ENSG00000072135,PTPN18,0,0.0,1.0,0.0
ENSG00000072133,RPS6KA6,0,0.0,1.0,0.0
ENSG00000072062,PRKACA,0,0.0,1.0,0.0
ENSG00000071967,CYBRD1,0,0.0,1.0,0.0
ENSG00000071889,FAM3A,0,0.0,1.0,0.0
ENSG00000071553,ATP6AP1,0,0.0,1.0,0.0
ENSG00000071537,SEL1L,0,0.0,1.0,0.0
ENSG00000073464,CLCN4,0,0.0,1.0,0.0
ENSG00000073605,GSDMB,0,0.0,1.0,0.0
ENSG00000071073,MGAT4A,0,0.0,1.0,0.0
ENSG00000073670,ADAM11,0,0.0,1.0,0.0
ENSG00000075651,PLD1,0,0.0,1.0,0.0
ENSG00000075420,FNDC3B,0,0.0,1.0,0.0
ENSG00000075413,MARK3,0,0.0,1.0,0.0
ENSG00000075407,ZNF37A,0,0.0,1.0,0.0
ENSG00000075399,VPS9D1,0,0.0,1.0,0.0
ENSG00000075303,SLC25A40,0,0.0,1.0,0.0
ENSG00000075234,TTC38,0,0.0,1.0,0.0
ENSG00000075089,ACTR6,0,0.0,1.0,0.0
ENSG00000074935,TUBE1,0,0.0,1.0,0.0
ENSG00000074855,ANO8,0,0.0,1.0,0.0
ENSG00000074755,ZZEF1,0,0.0,1.0,0.0
ENSG00000074696,HACD3,0,0.0,1.0,0.0
ENSG00000074621,SLC24A1,0,0.0,1.0,0.0
ENSG00000074603,DPP8,0,0.0,1.0,0.0
ENSG00000074527,NTN4,0,0.0,1.0,0.0
ENSG00000074319,TSG101,0,0.0,1.0,0.0
ENSG00000074266,EED,0,0.0,1.0,0.0
ENSG00000074219,TEAD2,0,0.0,1.0,0.0
ENSG00000074201,CLNS1A,0,0.0,1.0,0.0
ENSG00000074181,NOTCH3,0,0.0,1.0,0.0
ENSG00000073969,NSF,0,0.0,1.0,0.0
ENSG00000071242,RPS6KA2,0,0.0,1.0,0.0
ENSG00000071054,MAP4K4,0,0.0,1.0,0.0
ENSG00000067365,METTL22,0,0.0,1.0,0.0
ENSG00000069020,MAST4,0,0.0,1.0,0.0
ENSG00000068912,ERLEC1,0,0.0,1.0,0.0
ENSG00000068903,SIRT2,0,0.0,1.0,0.0
ENSG00000068781,STON1-GTF2A1L,0,0.0,1.0,0.0
ENSG00000068745,IP6K2,0,0.0,1.0,0.0
ENSG00000068724,TTC7A,0,0.0,1.0,0.0
ENSG00000068650,ATP11A,0,0.0,1.0,0.0
ENSG00000068615,REEP1,0,0.0,1.0,0.0
ENSG00000068394,GPKOW,0,0.0,1.0,0.0
ENSG00000068383,INPP5A,0,0.0,1.0,0.0
ENSG00000068354,TBC1D25,0,0.0,1.0,0.0
ENSG00000068137,PLEKHH3,0,0.0,1.0,0.0
ENSG00000068097,HEATR6,0,0.0,1.0,0.0
ENSG00000068028,RASSF1,0,0.0,1.0,0.0
ENSG00000068024,HDAC4,0,0.0,1.0,0.0
ENSG00000067992,PDK3,0,0.0,1.0,0.0
ENSG00000067955,CBFB,0,0.0,1.0,0.0
ENSG00000067900,ROCK1,0,0.0,1.0,0.0
ENSG00000067836,ROGDI,0,0.0,1.0,0.0
ENSG00000067798,NAV3,0,0.0,1.0,0.0
ENSG00000067445,TRO,0,0.0,1.0,0.0
ENSG00000067369,TP53BP1,0,0.0,1.0,0.0
ENSG00000068971,PPP2R5B,0,0.0,1.0,0.0
ENSG00000069329,VPS35,0,0.0,1.0,0.0
ENSG00000070882,OSBPL3,0,0.0,1.0,0.0
ENSG00000069424,KCNAB2,0,0.0,1.0,0.0
ENSG00000070831,CDC42,0,0.0,1.0,0.0
ENSG00000070808,CAMK2A,0,0.0,1.0,0.0
ENSG00000070778,PTPN21,0,0.0,1.0,0.0
ENSG00000070761,CFAP20,0,0.0,1.0,0.0
ENSG00000070540,WIPI1,0,0.0,1.0,0.0
ENSG00000070501,POLB,0,0.0,1.0,0.0
ENSG00000070476,ZXDC,0,0.0,1.0,0.0
ENSG00000070444,MNT,0,0.0,1.0,0.0
ENSG00000070367,EXOC5,0,0.0,1.0,0.0
ENSG00000070366,SMG6,0,0.0,1.0,0.0
ENSG00000070269,TMEM260,0,0.0,1.0,0.0
ENSG00000070182,SPTB,0,0.0,1.0,0.0
ENSG00000070159,PTPN3,0,0.0,1.0,0.0
ENSG00000070087,PFN2,0,0.0,1.0,0.0
ENSG00000070081,NUCB2,0,0.0,1.0,0.0
ENSG00000070061,ELP1,0,0.0,1.0,0.0
ENSG00000070018,LRP6,0,0.0,1.0,0.0
ENSG00000069974,RAB27A,0,0.0,1.0,0.0
ENSG00000069943,PIGB,0,0.0,1.0,0.0
ENSG00000069535,MAOB,0,0.0,1.0,0.0
ENSG00000069431,ABCC9,0,0.0,1.0,0.0
ENSG00000049089,COL9A2,0,0.0,1.0,0.0
ENSG00000048707,VPS13D,0,0.0,1.0,0.0
ENSG00000075884,ARHGAP15,0,0.0,1.0,0.0
ENSG00000009830,POMT2,0,0.0,1.0,0.0
ENSG00000009724,MASP2,0,0.0,1.0,0.0
ENSG00000009335,UBE3C,0,0.0,1.0,0.0
ENSG00000008952,SEC62,0,0.0,1.0,0.0
ENSG00000008869,HEATR5B,0,0.0,1.0,0.0
ENSG00000008853,RHOBTB2,0,0.0,1.0,0.0
ENSG00000008838,MED24,0,0.0,1.0,0.0
ENSG00000008735,MAPK8IP2,0,0.0,1.0,0.0
ENSG00000008710,PKD1,0,0.0,1.0,0.0
ENSG00000008405,CRY1,0,0.0,1.0,0.0
ENSG00000008382,MPND,0,0.0,1.0,0.0
ENSG00000008256,CYTH3,0,0.0,1.0,0.0
ENSG00000008226,DLEC1,0,0.0,1.0,0.0
ENSG00000007968,E2F2,0,0.0,1.0,0.0
ENSG00000007866,TEAD3,0,0.0,1.0,0.0
ENSG00000007545,CRAMP1,0,0.0,1.0,0.0
ENSG00000007541,PIGQ,0,0.0,1.0,0.0
ENSG00000007516,BAIAP3,0,0.0,1.0,0.0
ENSG00000007402,CACNA2D2,0,0.0,1.0,0.0
ENSG00000007392,LUC7L,0,0.0,1.0,0.0
ENSG00000007384,RHBDF1,0,0.0,1.0,0.0
ENSG00000007341,ST7L,0,0.0,1.0,0.0
ENSG00000009780,FAM76A,0,0.0,1.0,0.0
ENSG00000010072,SPRTN,0,0.0,1.0,0.0
ENSG00000007174,DNAH9,0,0.0,1.0,0.0
ENSG00000010219,DYRK4,0,0.0,1.0,0.0
ENSG00000012983,MAP4K5,0,0.0,1.0,0.0
ENSG00000012963,UBR7,0,0.0,1.0,0.0
ENSG00000012822,CALCOCO1,0,0.0,1.0,0.0
ENSG00000012174,MBTPS2,0,0.0,1.0,0.0
ENSG00000012171,SEMA3B,0,0.0,1.0,0.0
ENSG00000012061,ERCC1,0,0.0,1.0,0.0
ENSG00000011454,RABGAP1,0,0.0,1.0,0.0
ENSG00000011451,WIZ,0,0.0,1.0,0.0
ENSG00000011295,TTC19,0,0.0,1.0,0.0
ENSG00000011275,RNF216,0,0.0,1.0,0.0
ENSG00000011243,AKAP8L,0,0.0,1.0,0.0
ENSG00000011143,MKS1,0,0.0,1.0,0.0
ENSG00000011028,MRC2,0,0.0,1.0,0.0
ENSG00000011021,CLCN6,0,0.0,1.0,0.0
ENSG00000010626,LRRC23,0,0.0,1.0,0.0
ENSG00000010404,IDS,0,0.0,1.0,0.0
ENSG00000010361,FUZ,0,0.0,1.0,0.0
ENSG00000010322,NISCH,0,0.0,1.0,0.0
ENSG00000010318,PHF7,0,0.0,1.0,0.0
ENSG00000010295,IFFO1,0,0.0,1.0,0.0
ENSG00000010270,STARD3NL,0,0.0,1.0,0.0
ENSG00000007255,TRAPPC6A,0,0.0,1.0,0.0
ENSG00000007129,CEACAM21,0,0.0,1.0,0.0
ENSG00000013364,MVP,0,0.0,1.0,0.0
ENSG00000005302,MSL3,0,0.0,1.0,0.0
ENSG00000005238,ATOSB,0,0.0,1.0,0.0
ENSG00000005206,SPPL2B,0,0.0,1.0,0.0
ENSG00000005187,ACSM3,0,0.0,1.0,0.0
ENSG00000005075,POLR2J,0,0.0,1.0,0.0
ENSG00000005059,MCUB,0,0.0,1.0,0.0
ENSG00000004975,DVL2,0,0.0,1.0,0.0
ENSG00000004777,ARHGAP33,0,0.0,1.0,0.0
ENSG00000004766,VPS50,0,0.0,1.0,0.0
ENSG00000004534,RBM6,0,0.0,1.0,0.0
ENSG00000004139,SARM1,0,0.0,1.0,0.0
ENSG00000004059,ARF5,0,0.0,1.0,0.0
ENSG00000003756,RBM5,0,0.0,1.0,0.0
ENSG00000003436,TFPI,0,0.0,1.0,0.0
ENSG00000003393,ALS2,0,0.0,1.0,0.0
ENSG00000002330,BAD,0,0.0,1.0,0.0
ENSG00000002016,RAD52,0,0.0,1.0,0.0
ENSG00000001631,KRIT1,0,0.0,1.0,0.0
ENSG00000001629,ANKIB1,0,0.0,1.0,0.0
ENSG00000001561,ENPP4,0,0.0,1.0,0.0
ENSG00000001461,NIPAL3,0,0.0,1.0,0.0
ENSG00000001460,STPG1,0,0.0,1.0,0.0
ENSG00000005249,PRKAR2B,0,0.0,1.0,0.0
ENSG00000005379,TSPOAP1,0,0.0,1.0,0.0
ENSG00000007047,MARK4,0,0.0,1.0,0.0
ENSG00000005436,GCFC2,0,0.0,1.0,0.0
ENSG00000006837,CDKL3,0,0.0,1.0,0.0
ENSG00000006757,PNPLA4,0,0.0,1.0,0.0
ENSG00000006715,VPS41,0,0.0,1.0,0.0
ENSG00000006704,GTF2IRD1,0,0.0,1.0,0.0
ENSG00000006607,FARP2,0,0.0,1.0,0.0
ENSG00000006576,PHTF2,0,0.0,1.0,0.0
ENSG00000006459,KDM7A,0,0.0,1.0,0.0
ENSG00000006283,CACNA1G,0,0.0,1.0,0.0
ENSG00000006282,SPATA20,0,0.0,1.0,0.0
ENSG00000006210,CX3CL1,0,0.0,1.0,0.0
ENSG00000006062,MAP3K14,0,0.0,1.0,0.0
ENSG00000006042,TMEM98,0,0.0,1.0,0.0
ENSG00000006025,OSBPL7,0,0.0,1.0,0.0
ENSG00000005961,ITGA2B,0,0.0,1.0,0.0
ENSG00000005893,LAMP2,0,0.0,1.0,0.0
ENSG00000005889,ZFX,0,0.0,1.0,0.0
ENSG00000005882,PDK2,0,0.0,1.0,0.0
ENSG00000005812,FBXL3,0,0.0,1.0,0.0
ENSG00000005486,RHBDD2,0,0.0,1.0,0.0
ENSG00000005471,ABCB4,0,0.0,1.0,0.0
ENSG00000005448,WDR54,0,0.0,1.0,0.0
ENSG00000013288,MAN2B2,0,0.0,1.0,0.0
ENSG00000013374,NUB1,0,0.0,1.0,0.0
ENSG00000048649,RSF1,0,0.0,1.0,0.0
ENSG00000040199,PHLPP2,0,0.0,1.0,0.0
ENSG00000039139,DNAH5,0,0.0,1.0,0.0
ENSG00000038532,CLEC16A,0,0.0,1.0,0.0
ENSG00000038382,TRIO,0,0.0,1.0,0.0
ENSG00000038295,TLL1,0,0.0,1.0,0.0
ENSG00000038219,BOD1L1,0,0.0,1.0,0.0
ENSG00000038210,PI4K2B,0,0.0,1.0,0.0
ENSG00000037757,MRI1,0,0.0,1.0,0.0
ENSG00000037637,FBXO42,0,0.0,1.0,0.0
ENSG00000037241,RPL26L1,0,0.0,1.0,0.0
ENSG00000037042,TUBG2,0,0.0,1.0,0.0
ENSG00000036549,ZZZ3,0,0.0,1.0,0.0
ENSG00000036530,CYP46A1,0,0.0,1.0,0.0
ENSG00000036257,CUL3,0,0.0,1.0,0.0
ENSG00000036054,TBC1D23,0,0.0,1.0,0.0
ENSG00000035862,TIMP2,0,0.0,1.0,0.0
ENSG00000035681,NSMAF,0,0.0,1.0,0.0
ENSG00000035115,SH3YL1,0,0.0,1.0,0.0
ENSG00000034713,GABARAPL2,0,0.0,1.0,0.0
ENSG00000034693,PEX3,0,0.0,1.0,0.0
ENSG00000034533,ASTE1,0,0.0,1.0,0.0
ENSG00000034510,TMSB10,0,0.0,1.0,0.0
ENSG00000039523,RIPOR1,0,0.0,1.0,0.0
ENSG00000040608,RTN4R,0,0.0,1.0,0.0
ENSG00000033627,ATP6V0A1,0,0.0,1.0,0.0
ENSG00000041988,THAP3,0,0.0,1.0,0.0
ENSG00000048471,SNX29,0,0.0,1.0,0.0
ENSG00000048052,HDAC9,0,0.0,1.0,0.0
ENSG00000047932,GOPC,0,0.0,1.0,0.0
ENSG00000047648,ARHGAP6,0,0.0,1.0,0.0
ENSG00000047644,WWC3,0,0.0,1.0,0.0
ENSG00000047634,SCML1,0,0.0,1.0,0.0
ENSG00000047621,FERRY3,0,0.0,1.0,0.0
ENSG00000047579,DTNBP1,0,0.0,1.0,0.0
ENSG00000047578,KATNIP,0,0.0,1.0,0.0
ENSG00000047457,CP,0,0.0,1.0,0.0
ENSG00000047365,ARAP2,0,0.0,1.0,0.0
ENSG00000047188,YTHDC2,0,0.0,1.0,0.0
ENSG00000047056,WDR37,0,0.0,1.0,0.0
ENSG00000046647,GEMIN8,0,0.0,1.0,0.0
ENSG00000044459,CNTLN,0,0.0,1.0,0.0
ENSG00000044446,PHKA2,0,0.0,1.0,0.0
ENSG00000044090,CUL7,0,0.0,1.0,0.0
ENSG00000043514,TRIT1,0,0.0,1.0,0.0
ENSG00000042980,ADAM28,0,0.0,1.0,0.0
ENSG00000042445,RETSAT,0,0.0,1.0,0.0
ENSG00000042429,MED17,0,0.0,1.0,0.0
ENSG00000034239,CLXN,0,0.0,1.0,0.0
ENSG00000033170,FUT8,0,0.0,1.0,0.0
ENSG00000013375,PGM3,0,0.0,1.0,0.0
ENSG00000021355,SERPINB1,0,0.0,1.0,0.0
ENSG00000020922,MRE11,0,0.0,1.0,0.0
ENSG00000020426,MNAT1,0,0.0,1.0,0.0
ENSG00000020256,ZFP64,0,0.0,1.0,0.0
ENSG00000020181,ADGRA2,0,0.0,1.0,0.0
ENSG00000019995,ZRANB1,0,0.0,1.0,0.0
ENSG00000019549,SNAI2,0,0.0,1.0,0.0
ENSG00000019144,PHLDB1,0,0.0,1.0,0.0
ENSG00000018869,ZNF582,0,0.0,1.0,0.0
ENSG00000018408,WWTR1,0,0.0,1.0,0.0
ENSG00000017260,ATP2C1,0,0.0,1.0,0.0
ENSG00000016864,GLT8D1,0,0.0,1.0,0.0
ENSG00000015592,STMN4,0,0.0,1.0,0.0
ENSG00000015171,ZMYND11,0,0.0,1.0,0.0
ENSG00000015133,CCDC88C,0,0.0,1.0,0.0
ENSG00000014919,COX15,0,0.0,1.0,0.0
ENSG00000014914,MTMR11,0,0.0,1.0,0.0
ENSG00000014824,SLC30A9,0,0.0,1.0,0.0
ENSG00000013563,DNASE1L1,0,0.0,1.0,0.0
ENSG00000013561,RNF14,0,0.0,1.0,0.0
ENSG00000013441,CLK1,0,0.0,1.0,0.0
ENSG00000013392,RWDD2A,0,0.0,1.0,0.0
ENSG00000021300,PLEKHB1,0,0.0,1.0,0.0
ENSG00000021574,SPAST,0,0.0,1.0,0.0
ENSG00000033122,LRRC7,0,0.0,1.0,0.0
ENSG00000021762,OSBPL5,0,0.0,1.0,0.0
ENSG00000031003,FAM13B,0,0.0,1.0,0.0
ENSG00000029364,SLC39A9,0,0.0,1.0,0.0
ENSG00000028528,SNX1,0,0.0,1.0,0.0
ENSG00000028203,VEZT,0,0.0,1.0,0.0
ENSG00000027697,IFNGR1,0,0.0,1.0,0.0
ENSG00000026950,BTN3A1,0,0.0,1.0,0.0
ENSG00000026297,RNASET2,0,0.0,1.0,0.0
ENSG00000026103,FAS,0,0.0,1.0,0.0
ENSG00000025156,HSF2,0,0.0,1.0,0.0
ENSG00000025039,RRAGD,0,0.0,1.0,0.0
ENSG00000024862,CCDC28A,0,0.0,1.0,0.0
ENSG00000024048,UBR2,0,0.0,1.0,0.0
ENSG00000023892,DEF6,0,0.0,1.0,0.0
ENSG00000023608,SNAPC1,0,0.0,1.0,0.0
ENSG00000023516,AKAP11,0,0.0,1.0,0.0
ENSG00000023318,ERP44,0,0.0,1.0,0.0
ENSG00000023287,RB1CC1,0,0.0,1.0,0.0
ENSG00000023041,ZDHHC6,0,0.0,1.0,0.0
ENSG00000022976,ZNF839,0,0.0,1.0,0.0
ENSG00000022277,RTF2,0,0.0,1.0,0.0
ENSG00000021826,CPS1,0,0.0,1.0,0.0
ENSG00000075790,BCAP29,0,0.0,1.0,0.0
ENSG00000075975,MKRN2,0,0.0,1.0,0.0
ENSG00000102081,FMR1,0,0.0,1.0,0.0
ENSG00000100142,POLR2F,0,0.0,1.0,0.0
ENSG00000100124,ANKRD54,0,0.0,1.0,0.0
ENSG00000100106,TRIOBP,0,0.0,1.0,0.0
ENSG00000100099,HPS4,0,0.0,1.0,0.0
ENSG00000100083,GGA1,0,0.0,1.0,0.0
ENSG00000100077,GRK3,0,0.0,1.0,0.0
ENSG00000100058,CRYBB2P1,0,0.0,1.0,0.0
ENSG00000100036,SLC35E4,0,0.0,1.0,0.0
ENSG00000100030,MAPK1,0,0.0,1.0,0.0
ENSG00000100014,SPECC1L,0,0.0,1.0,0.0
ENSG00000100003,SEC14L2,0,0.0,1.0,0.0
ENSG00000099999,RNF215,0,0.0,1.0,0.0
ENSG00000099992,TBC1D10A,0,0.0,1.0,0.0
ENSG00000099991,CABIN1,0,0.0,1.0,0.0
ENSG00000099968,BCL2L13,0,0.0,1.0,0.0
ENSG00000099956,SMARCB1,0,0.0,1.0,0.0
ENSG00000099949,LZTR1,0,0.0,1.0,0.0
ENSG00000099940,SNAP29,0,0.0,1.0,0.0
ENSG00000099917,MED15,0,0.0,1.0,0.0
ENSG00000099910,KLHL22,0,0.0,1.0,0.0
ENSG00000099904,ZDHHC8,0,0.0,1.0,0.0
ENSG00000099889,ARVCF,0,0.0,1.0,0.0
ENSG00000100139,MICALL1,0,0.0,1.0,0.0
ENSG00000100151,PICK1,0,0.0,1.0,0.0
ENSG00000099797,TECR,0,0.0,1.0,0.0
ENSG00000100196,KDELR3,0,0.0,1.0,0.0
ENSG00000100324,TAB1,0,0.0,1.0,0.0
ENSG00000100321,SYNGR1,0,0.0,1.0,0.0
ENSG00000100320,RBFOX2,0,0.0,1.0,0.0
ENSG00000100319,ZMAT5,0,0.0,1.0,0.0
ENSG00000100307,CBX7,0,0.0,1.0,0.0
ENSG00000100299,ARSA,0,0.0,1.0,0.0
ENSG00000100294,MCAT,0,0.0,1.0,0.0
ENSG00000100288,CHKB,0,0.0,1.0,0.0
ENSG00000100281,HMGXB4,0,0.0,1.0,0.0
ENSG00000100271,TTLL1,0,0.0,1.0,0.0
ENSG00000100258,LMF2,0,0.0,1.0,0.0
ENSG00000100246,DNAL4,0,0.0,1.0,0.0
ENSG00000100243,CYB5R3,0,0.0,1.0,0.0
ENSG00000100242,SUN2,0,0.0,1.0,0.0
ENSG00000100241,SBF1,0,0.0,1.0,0.0
ENSG00000100228,RAB36,0,0.0,1.0,0.0
ENSG00000100227,POLDIP3,0,0.0,1.0,0.0
ENSG00000100225,FBXO7,0,0.0,1.0,0.0
ENSG00000100221,JOSD1,0,0.0,1.0,0.0
ENSG00000100218,RSPH14,0,0.0,1.0,0.0
ENSG00000100211,CBY1,0,0.0,1.0,0.0
ENSG00000099864,PALM,0,0.0,1.0,0.0
ENSG00000099785,MARCHF2,0,0.0,1.0,0.0
ENSG00000100354,TNRC6B,0,0.0,1.0,0.0
ENSG00000095539,SEMA4G,0,0.0,1.0,0.0
ENSG00000095321,CRAT,0,0.0,1.0,0.0
ENSG00000095209,TMEM38B,0,0.0,1.0,0.0
ENSG00000094975,SUCO,0,0.0,1.0,0.0
ENSG00000094916,CBX5,0,0.0,1.0,0.0
ENSG00000094914,AAAS,0,0.0,1.0,0.0
ENSG00000094880,CDC23,0,0.0,1.0,0.0
ENSG00000094631,HDAC6,0,0.0,1.0,0.0
ENSG00000093183,SEC22C,0,0.0,1.0,0.0
ENSG00000093167,LRRFIP2,0,0.0,1.0,0.0
ENSG00000093010,COMT,0,0.0,1.0,0.0
ENSG00000092969,TGFB2,0,0.0,1.0,0.0
ENSG00000092964,DPYSL2,0,0.0,1.0,0.0
ENSG00000092931,MFSD11,0,0.0,1.0,0.0
ENSG00000092871,RFFL,0,0.0,1.0,0.0
ENSG00000092850,TEKT2,0,0.0,1.0,0.0
ENSG00000092470,WDR76,0,0.0,1.0,0.0
ENSG00000092330,TINF2,0,0.0,1.0,0.0
ENSG00000092203,TOX4,0,0.0,1.0,0.0
ENSG00000092108,SCFD1,0,0.0,1.0,0.0
ENSG00000092096,SLC22A17,0,0.0,1.0,0.0
ENSG00000092036,HAUS4,0,0.0,1.0,0.0
ENSG00000095370,SH2D3C,0,0.0,1.0,0.0
ENSG00000095574,IKZF5,0,0.0,1.0,0.0
ENSG00000099625,CBARP,0,0.0,1.0,0.0
ENSG00000095739,BAMBI,0,0.0,1.0,0.0
ENSG00000099622,CIRBP,0,0.0,1.0,0.0
ENSG00000099617,EFNA2,0,0.0,1.0,0.0
ENSG00000099338,CATSPERG,0,0.0,1.0,0.0
ENSG00000099326,MZF1,0,0.0,1.0,0.0
ENSG00000099308,MAST3,0,0.0,1.0,0.0
ENSG00000099282,TSPAN15,0,0.0,1.0,0.0
ENSG00000099256,PRTFDC1,0,0.0,1.0,0.0
ENSG00000099246,RAB18,0,0.0,1.0,0.0
ENSG00000099219,ERMP1,0,0.0,1.0,0.0
ENSG00000099204,ABLIM1,0,0.0,1.0,0.0
ENSG00000099203,TMED1,0,0.0,1.0,0.0
ENSG00000099139,PCSK5,0,0.0,1.0,0.0
ENSG00000097096,SYDE2,0,0.0,1.0,0.0
ENSG00000097033,SH3GLB1,0,0.0,1.0,0.0
ENSG00000096968,JAK2,0,0.0,1.0,0.0
ENSG00000096654,ZNF184,0,0.0,1.0,0.0
ENSG00000096401,CDC5L,0,0.0,1.0,0.0
ENSG00000096092,TMEM14A,0,0.0,1.0,0.0
ENSG00000095951,HIVEP1,0,0.0,1.0,0.0
ENSG00000095794,CREM,0,0.0,1.0,0.0
ENSG00000095787,WAC,0,0.0,1.0,0.0
ENSG00000100346,CACNA1I,0,0.0,1.0,0.0
ENSG00000100359,SGSM3,0,0.0,1.0,0.0
ENSG00000091947,TMEM101,0,0.0,1.0,0.0
ENSG00000101542,CDH20,0,0.0,1.0,0.0
ENSG00000101460,MAP1LC3A,0,0.0,1.0,0.0
ENSG00000101440,ASIP,0,0.0,1.0,0.0
ENSG00000101439,CST3,0,0.0,1.0,0.0
ENSG00000101417,PXMP4,0,0.0,1.0,0.0
ENSG00000101413,RPRD1B,0,0.0,1.0,0.0
ENSG00000101400,SNTA1,0,0.0,1.0,0.0
ENSG00000101363,MANBAL,0,0.0,1.0,0.0
ENSG00000101353,MROH8,0,0.0,1.0,0.0
ENSG00000101349,PAK5,0,0.0,1.0,0.0
ENSG00000101337,TM9SF4,0,0.0,1.0,0.0
ENSG00000101290,CDS2,0,0.0,1.0,0.0
ENSG00000101265,RASSF2,0,0.0,1.0,0.0
ENSG00000101246,ARFRP1,0,0.0,1.0,0.0
ENSG00000101236,RNF24,0,0.0,1.0,0.0
ENSG00000101230,ISM1,0,0.0,1.0,0.0
ENSG00000101216,GMEB2,0,0.0,1.0,0.0
ENSG00000101198,NKAIN4,0,0.0,1.0,0.0
ENSG00000101190,TCFL5,0,0.0,1.0,0.0
ENSG00000101181,MTG2,0,0.0,1.0,0.0
ENSG00000101160,CTSZ,0,0.0,1.0,0.0
ENSG00000101158,NELFCD,0,0.0,1.0,0.0
ENSG00000101464,PIGU,0,0.0,1.0,0.0
ENSG00000101546,RBFA,0,0.0,1.0,0.0
ENSG00000101126,ADNP,0,0.0,1.0,0.0
ENSG00000101558,VAPA,0,0.0,1.0,0.0
ENSG00000102078,SLC25A14,0,0.0,1.0,0.0
ENSG00000102043,MTMR8,0,0.0,1.0,0.0
ENSG00000102038,SMARCA1,0,0.0,1.0,0.0
ENSG00000102034,ELF4,0,0.0,1.0,0.0
ENSG00000101997,CCDC22,0,0.0,1.0,0.0
ENSG00000101972,STAG2,0,0.0,1.0,0.0
ENSG00000101966,XIAP,0,0.0,1.0,0.0
ENSG00000101958,GLRA2,0,0.0,1.0,0.0
ENSG00000101940,WDR13,0,0.0,1.0,0.0
ENSG00000101901,ALG13,0,0.0,1.0,0.0
ENSG00000101882,NKAP,0,0.0,1.0,0.0
ENSG00000101868,POLA1,0,0.0,1.0,0.0
ENSG00000101856,PGRMC1,0,0.0,1.0,0.0
ENSG00000101846,STS,0,0.0,1.0,0.0
ENSG00000101844,ATG4A,0,0.0,1.0,0.0
ENSG00000101843,PSMD10,0,0.0,1.0,0.0
ENSG00000101825,MXRA5,0,0.0,1.0,0.0
ENSG00000101782,RIOK3,0,0.0,1.0,0.0
ENSG00000101751,POLI,0,0.0,1.0,0.0
ENSG00000101745,ANKRD12,0,0.0,1.0,0.0
ENSG00000101605,MYOM1,0,0.0,1.0,0.0
ENSG00000101152,DNAJC5,0,0.0,1.0,0.0
ENSG00000101096,NFATC2,0,0.0,1.0,0.0
ENSG00000100360,IFT27,0,0.0,1.0,0.0
ENSG00000100614,PPM1A,0,0.0,1.0,0.0
ENSG00000100600,LGMN,0,0.0,1.0,0.0
ENSG00000100580,TMED8,0,0.0,1.0,0.0
ENSG00000100577,GSTZ1,0,0.0,1.0,0.0
ENSG00000100564,PIGH,0,0.0,1.0,0.0
ENSG00000100532,CGRRF1,0,0.0,1.0,0.0
ENSG00000100523,DDHD1,0,0.0,1.0,0.0
ENSG00000100505,TRIM9,0,0.0,1.0,0.0
ENSG00000100490,CDKL1,0,0.0,1.0,0.0
ENSG00000100485,SOS2,0,0.0,1.0,0.0
ENSG00000100479,POLE2,0,0.0,1.0,0.0
ENSG00000100461,RBM23,0,0.0,1.0,0.0
ENSG00000100445,SDR39U1,0,0.0,1.0,0.0
ENSG00000100441,KHNYN,0,0.0,1.0,0.0
ENSG00000100433,KCNK10,0,0.0,1.0,0.0
ENSG00000100429,HDAC10,0,0.0,1.0,0.0
ENSG00000100425,BRD1,0,0.0,1.0,0.0
ENSG00000100422,CERK,0,0.0,1.0,0.0
ENSG00000100417,PMM1,0,0.0,1.0,0.0
ENSG00000100387,RBX1,0,0.0,1.0,0.0
ENSG00000100379,KCTD17,0,0.0,1.0,0.0
ENSG00000100376,FAM118A,0,0.0,1.0,0.0
ENSG00000100612,DHRS7,0,0.0,1.0,0.0
ENSG00000100647,SUSD6,0,0.0,1.0,0.0
ENSG00000101052,IFT52,0,0.0,1.0,0.0
ENSG00000100650,SRSF5,0,0.0,1.0,0.0
ENSG00000101049,SGK2,0,0.0,1.0,0.0
ENSG00000101019,UQCC1,0,0.0,1.0,0.0
ENSG00000101004,NINL,0,0.0,1.0,0.0
ENSG00000100994,PYGB,0,0.0,1.0,0.0
ENSG00000100991,TRPC4AP,0,0.0,1.0,0.0
ENSG00000100983,GSS,0,0.0,1.0,0.0
ENSG00000100982,PCIF1,0,0.0,1.0,0.0
ENSG00000100968,NFATC4,0,0.0,1.0,0.0
ENSG00000100934,SEC23A,0,0.0,1.0,0.0
ENSG00000100926,TM9SF1,0,0.0,1.0,0.0
ENSG00000100918,REC8,0,0.0,1.0,0.0
ENSG00000100916,BRMS1L,0,0.0,1.0,0.0
ENSG00000100908,EMC9,0,0.0,1.0,0.0
ENSG00000100842,EFS,0,0.0,1.0,0.0
ENSG00000100815,TRIP11,0,0.0,1.0,0.0
ENSG00000100802,C14orf93,0,0.0,1.0,0.0
ENSG00000100731,PCNX1,0,0.0,1.0,0.0
ENSG00000100722,ZC3H14,0,0.0,1.0,0.0
ENSG00000100711,ZFYVE21,0,0.0,1.0,0.0
ENSG00000100697,DICER1,0,0.0,1.0,0.0
ENSG00000100678,SLC8A3,0,0.0,1.0,0.0
ENSG00000092020,PPP2R3C,0,0.0,1.0,0.0
ENSG00000091879,ANGPT2,0,0.0,1.0,0.0
ENSG00000076067,RBMS2,0,0.0,1.0,0.0
ENSG00000081913,PHLPP1,0,0.0,1.0,0.0
ENSG00000081818,PCDHB4,0,0.0,1.0,0.0
ENSG00000081665,ZNF506,0,0.0,1.0,0.0
ENSG00000081386,ZNF510,0,0.0,1.0,0.0
ENSG00000081307,UBA5,0,0.0,1.0,0.0
ENSG00000081189,MEF2C,0,0.0,1.0,0.0
ENSG00000081177,EXD2,0,0.0,1.0,0.0
ENSG00000081148,IMPG2,0,0.0,1.0,0.0
ENSG00000081138,CDH7,0,0.0,1.0,0.0
ENSG00000081019,RSBN1,0,0.0,1.0,0.0
ENSG00000080947,CROCCP3,0,0.0,1.0,0.0
ENSG00000080845,DLGAP4,0,0.0,1.0,0.0
ENSG00000080839,RBL1,0,0.0,1.0,0.0
ENSG00000080822,CLDND1,0,0.0,1.0,0.0
ENSG00000080815,PSEN1,0,0.0,1.0,0.0
ENSG00000080802,CNOT4,0,0.0,1.0,0.0
ENSG00000080573,COL5A3,0,0.0,1.0,0.0
ENSG00000080561,MID2,0,0.0,1.0,0.0
ENSG00000080546,SESN1,0,0.0,1.0,0.0
ENSG00000080371,RAB21,0,0.0,1.0,0.0
ENSG00000080189,SLC35C2,0,0.0,1.0,0.0
ENSG00000079974,RABL2B,0,0.0,1.0,0.0
ENSG00000081870,IFT25,0,0.0,1.0,0.0
ENSG00000082014,SMARCD3,0,0.0,1.0,0.0
ENSG00000079435,LIPE,0,0.0,1.0,0.0
ENSG00000082068,WDR70,0,0.0,1.0,0.0
ENSG00000083807,SLC27A5,0,0.0,1.0,0.0
ENSG00000083799,CYLD,0,0.0,1.0,0.0
ENSG00000083750,RRAGB,0,0.0,1.0,0.0
ENSG00000083720,OXCT1,0,0.0,1.0,0.0
ENSG00000083642,PDS5B,0,0.0,1.0,0.0
ENSG00000083457,ITGAE,0,0.0,1.0,0.0
ENSG00000083312,TNPO1,0,0.0,1.0,0.0
ENSG00000083099,LYRM2,0,0.0,1.0,0.0
ENSG00000083097,DOP1A,0,0.0,1.0,0.0
ENSG00000082996,RNF13,0,0.0,1.0,0.0
ENSG00000082898,XPO1,0,0.0,1.0,0.0
ENSG00000082805,ERC1,0,0.0,1.0,0.0
ENSG00000082684,SEMA5B,0,0.0,1.0,0.0
ENSG00000082397,EPB41L3,0,0.0,1.0,0.0
ENSG00000082293,COL19A1,0,0.0,1.0,0.0
ENSG00000082269,FAM135A,0,0.0,1.0,0.0
ENSG00000082258,CCNT2,0,0.0,1.0,0.0
ENSG00000082213,C5orf22,0,0.0,1.0,0.0
ENSG00000082212,ME2,0,0.0,1.0,0.0
ENSG00000082196,C1QTNF3,0,0.0,1.0,0.0
ENSG00000082146,STRADB,0,0.0,1.0,0.0
ENSG00000079950,STX7,0,0.0,1.0,0.0
ENSG00000079432,CIC,0,0.0,1.0,0.0
ENSG00000083814,ZNF671,0,0.0,1.0,0.0
ENSG00000077721,UBE2A,0,0.0,1.0,0.0
ENSG00000077514,POLD3,0,0.0,1.0,0.0
ENSG00000077458,FAM76B,0,0.0,1.0,0.0
ENSG00000077454,LRCH4,0,0.0,1.0,0.0
ENSG00000077380,DYNC1I2,0,0.0,1.0,0.0
ENSG00000077327,SPAG6,0,0.0,1.0,0.0
ENSG00000077279,DCX,0,0.0,1.0,0.0
ENSG00000077274,CAPN6,0,0.0,1.0,0.0
ENSG00000077264,PAK3,0,0.0,1.0,0.0
ENSG00000077254,USP33,0,0.0,1.0,0.0
ENSG00000077157,PPP1R12B,0,0.0,1.0,0.0
ENSG00000077150,NFKB2,0,0.0,1.0,0.0
ENSG00000077147,TM9SF3,0,0.0,1.0,0.0
ENSG00000077092,RARB,0,0.0,1.0,0.0
ENSG00000077044,DGKD,0,0.0,1.0,0.0
ENSG00000076706,MCAM,0,0.0,1.0,0.0
ENSG00000076685,NT5C2,0,0.0,1.0,0.0
ENSG00000076641,PAG1,0,0.0,1.0,0.0
ENSG00000076555,ACACB,0,0.0,1.0,0.0
ENSG00000076513,ANKRD13A,0,0.0,1.0,0.0
ENSG00000076321,KLHL20,0,0.0,1.0,0.0
ENSG00000076258,FMO4,0,0.0,1.0,0.0
ENSG00000077585,GPR137B,0,0.0,1.0,0.0
ENSG00000078070,MCCC1,0,0.0,1.0,0.0
ENSG00000079387,SENP1,0,0.0,1.0,0.0
ENSG00000078098,FAP,0,0.0,1.0,0.0
ENSG00000079385,CEACAM1,0,0.0,1.0,0.0
ENSG00000079277,MKNK1,0,0.0,1.0,0.0
ENSG00000079257,LXN,0,0.0,1.0,0.0
ENSG00000079150,FKBP7,0,0.0,1.0,0.0
ENSG00000079134,THOC1,0,0.0,1.0,0.0
ENSG00000078967,UBE2D4,0,0.0,1.0,0.0
ENSG00000078900,TP73,0,0.0,1.0,0.0
ENSG00000078814,MYH7B,0,0.0,1.0,0.0
ENSG00000078804,TP53INP2,0,0.0,1.0,0.0
ENSG00000078795,PKD2L2,0,0.0,1.0,0.0
ENSG00000078747,ITCH,0,0.0,1.0,0.0
ENSG00000078699,CBFA2T2,0,0.0,1.0,0.0
ENSG00000078687,TNRC6C,0,0.0,1.0,0.0
ENSG00000078668,VDAC3,0,0.0,1.0,0.0
ENSG00000078487,ZCWPW1,0,0.0,1.0,0.0
ENSG00000078403,MLLT10,0,0.0,1.0,0.0
ENSG00000078369,GNB1,0,0.0,1.0,0.0
ENSG00000078319,PMS2P1,0,0.0,1.0,0.0
ENSG00000078246,TULP3,0,0.0,1.0,0.0
ENSG00000078142,PIK3C3,0,0.0,1.0,0.0
ENSG00000078124,ACER3,0,0.0,1.0,0.0
ENSG00000083812,ZNF324,0,0.0,1.0,0.0
ENSG00000083828,ZNF586,0,0.0,1.0,0.0
ENSG00000091664,SLC17A6,0,0.0,1.0,0.0
ENSG00000089818,NECAP1,0,0.0,1.0,0.0
ENSG00000089723,OTUB2,0,0.0,1.0,0.0
ENSG00000089682,RBM41,0,0.0,1.0,0.0
ENSG00000089505,CMTM1,0,0.0,1.0,0.0
ENSG00000089472,HEPH,0,0.0,1.0,0.0
ENSG00000089335,ZNF302,0,0.0,1.0,0.0
ENSG00000089116,LHX5,0,0.0,1.0,0.0
ENSG00000089091,DZANK1,0,0.0,1.0,0.0
ENSG00000089063,TMEM230,0,0.0,1.0,0.0
ENSG00000089053,ANAPC5,0,0.0,1.0,0.0
ENSG00000089050,RBBP9,0,0.0,1.0,0.0
ENSG00000088888,MAVS,0,0.0,1.0,0.0
ENSG00000088882,CPXM1,0,0.0,1.0,0.0
ENSG00000088881,EBF4,0,0.0,1.0,0.0
ENSG00000088876,ZNF343,0,0.0,1.0,0.0
ENSG00000088826,SMOX,0,0.0,1.0,0.0
ENSG00000088812,ATRN,0,0.0,1.0,0.0
ENSG00000088766,CRLS1,0,0.0,1.0,0.0
ENSG00000088756,ARHGAP28,0,0.0,1.0,0.0
ENSG00000088682,COQ9,0,0.0,1.0,0.0
ENSG00000088543,C3orf18,0,0.0,1.0,0.0
ENSG00000088451,TGDS,0,0.0,1.0,0.0
ENSG00000089775,ZBTB25,0,0.0,1.0,0.0
ENSG00000089876,DHX32,0,0.0,1.0,0.0
ENSG00000088356,PDRG1,0,0.0,1.0,0.0
ENSG00000089902,RCOR1,0,0.0,1.0,0.0
ENSG00000091622,PITPNM3,0,0.0,1.0,0.0
ENSG00000091592,NLRP1,0,0.0,1.0,0.0
ENSG00000091542,ALKBH5,0,0.0,1.0,0.0
ENSG00000091536,MYO15A,0,0.0,1.0,0.0
ENSG00000091436,MAP3K20,0,0.0,1.0,0.0
ENSG00000091136,LAMB1,0,0.0,1.0,0.0
ENSG00000091129,NRCAM,0,0.0,1.0,0.0
ENSG00000091039,OSBPL8,0,0.0,1.0,0.0
ENSG00000090989,EXOC1,0,0.0,1.0,0.0
ENSG00000090975,PITPNM2,0,0.0,1.0,0.0
ENSG00000090971,NAT14,0,0.0,1.0,0.0
ENSG00000090924,PLEKHG2,0,0.0,1.0,0.0
ENSG00000090905,TNRC6A,0,0.0,1.0,0.0
ENSG00000090863,GLG1,0,0.0,1.0,0.0
ENSG00000090776,EFNB1,0,0.0,1.0,0.0
ENSG00000090565,RAB11FIP3,0,0.0,1.0,0.0
ENSG00000090470,PDCD7,0,0.0,1.0,0.0
ENSG00000090238,YPEL3,0,0.0,1.0,0.0
ENSG00000090097,PCBP4,0,0.0,1.0,0.0
ENSG00000090006,LTBP4,0,0.0,1.0,0.0
ENSG00000089916,GPATCH2L,0,0.0,1.0,0.0
ENSG00000088367,EPB41L1,0,0.0,1.0,0.0
ENSG00000088340,FER1L4,0,0.0,1.0,0.0
ENSG00000083838,ZNF446,0,0.0,1.0,0.0
ENSG00000086544,ITPKC,0,0.0,1.0,0.0
ENSG00000086288,NME8,0,0.0,1.0,0.0
ENSG00000086065,CHMP5,0,0.0,1.0,0.0
ENSG00000086062,B4GALT1,0,0.0,1.0,0.0
ENSG00000085998,POMGNT1,0,0.0,1.0,0.0
ENSG00000085832,EPS15,0,0.0,1.0,0.0
ENSG00000085719,CPNE3,0,0.0,1.0,0.0
ENSG00000085644,ZNF213,0,0.0,1.0,0.0
ENSG00000085563,ABCB1,0,0.0,1.0,0.0
ENSG00000085514,PILRA,0,0.0,1.0,0.0
ENSG00000085491,SLC25A24,0,0.0,1.0,0.0
ENSG00000085433,WDR47,0,0.0,1.0,0.0
ENSG00000085117,CD82,0,0.0,1.0,0.0
ENSG00000085063,CD59,0,0.0,1.0,0.0
ENSG00000084764,MAPRE3,0,0.0,1.0,0.0
ENSG00000084693,AGBL5,0,0.0,1.0,0.0
ENSG00000084234,APLP2,0,0.0,1.0,0.0
ENSG00000084112,SSH1,0,0.0,1.0,0.0
ENSG00000084093,REST,0,0.0,1.0,0.0
ENSG00000084072,PPIE,0,0.0,1.0,0.0
ENSG00000084070,SMAP2,0,0.0,1.0,0.0
ENSG00000083844,ZNF264,0,0.0,1.0,0.0
ENSG00000086300,SNX10,0,0.0,1.0,0.0
ENSG00000086589,RBM22,0,0.0,1.0,0.0
ENSG00000088280,ASAP3,0,0.0,1.0,0.0
ENSG00000086619,ERO1B,0,0.0,1.0,0.0
ENSG00000088256,GNA11,0,0.0,1.0,0.0
ENSG00000088035,ALG6,0,0.0,1.0,0.0
ENSG00000087884,AAMDC,0,0.0,1.0,0.0
ENSG00000087502,ERGIC2,0,0.0,1.0,0.0
ENSG00000087495,PHACTR3,0,0.0,1.0,0.0
ENSG00000087448,KLHL42,0,0.0,1.0,0.0
ENSG00000087303,NID2,0,0.0,1.0,0.0
ENSG00000087301,TXNDC16,0,0.0,1.0,0.0
ENSG00000087274,ADD1,0,0.0,1.0,0.0
ENSG00000087245,MMP2,0,0.0,1.0,0.0
ENSG00000087116,ADAMTS2,0,0.0,1.0,0.0
ENSG00000087111,PIGS,0,0.0,1.0,0.0
ENSG00000087076,HSD17B14,0,0.0,1.0,0.0
ENSG00000087074,PPP1R15A,0,0.0,1.0,0.0
ENSG00000087008,ACOX3,0,0.0,1.0,0.0
ENSG00000086991,NOX4,0,0.0,1.0,0.0
ENSG00000086848,ALG9,0,0.0,1.0,0.0
ENSG00000086730,LAT2,0,0.0,1.0,0.0
ENSG00000086717,PPEF1,0,0.0,1.0,0.0
ENSG00000086696,HSD17B2,0,0.0,1.0,0.0
ENSG00000086666,ZFAND6,0,0.0,1.0,0.0
ENSG00000124613,ZNF391,0,0.0,1.0,0.0
ENSG00000124782,RREB1,0,0.0,1.0,0.0
ENSG00000164975,SNAPC3,0,0.0,1.0,0.0
ENSG00000152443,ZNF776,0,0.0,1.0,0.0
ENSG00000152433,ZNF547,0,0.0,1.0,0.0
ENSG00000152404,CWF19L2,0,0.0,1.0,0.0
ENSG00000152402,GUCY1A2,0,0.0,1.0,0.0
ENSG00000152382,TADA1,0,0.0,1.0,0.0
ENSG00000152380,FAM151B,0,0.0,1.0,0.0
ENSG00000152348,ATG10,0,0.0,1.0,0.0
ENSG00000152332,UHMK1,0,0.0,1.0,0.0
ENSG00000152291,TGOLN2,0,0.0,1.0,0.0
ENSG00000152256,PDK1,0,0.0,1.0,0.0
ENSG00000152229,PSTPIP2,0,0.0,1.0,0.0
ENSG00000152223,EPG5,0,0.0,1.0,0.0
ENSG00000152193,OBI1,0,0.0,1.0,0.0
ENSG00000152154,TMEM178A,0,0.0,1.0,0.0
ENSG00000152133,GPATCH11,0,0.0,1.0,0.0
ENSG00000152128,TMEM163,0,0.0,1.0,0.0
ENSG00000152117,SMPD4BP,0,0.0,1.0,0.0
ENSG00000152102,FAM168B,0,0.0,1.0,0.0
ENSG00000152082,MZT2B,0,0.0,1.0,0.0
ENSG00000151952,TMEM132D,0,0.0,1.0,0.0
ENSG00000151948,GLT1D1,0,0.0,1.0,0.0
ENSG00000151929,BAG3,0,0.0,1.0,0.0
ENSG00000152439,ZNF773,0,0.0,1.0,0.0
ENSG00000152457,DCLRE1C,0,0.0,1.0,0.0
ENSG00000151893,CACUL1,0,0.0,1.0,0.0
ENSG00000152464,RPP38,0,0.0,1.0,0.0
ENSG00000153071,DAB2,0,0.0,1.0,0.0
ENSG00000153066,TXNDC11,0,0.0,1.0,0.0
ENSG00000153006,SREK1IP1,0,0.0,1.0,0.0
ENSG00000152990,ADGRA3,0,0.0,1.0,0.0
ENSG00000152936,LMNTD1,0,0.0,1.0,0.0
ENSG00000152926,ZNF117,0,0.0,1.0,0.0
ENSG00000152904,GGPS1,0,0.0,1.0,0.0
ENSG00000152822,GRM1,0,0.0,1.0,0.0
ENSG00000152795,HNRNPDL,0,0.0,1.0,0.0
ENSG00000152778,IFIT5,0,0.0,1.0,0.0
ENSG00000152767,FARP1,0,0.0,1.0,0.0
ENSG00000152760,DYNLT5,0,0.0,1.0,0.0
ENSG00000152749,GPR180,0,0.0,1.0,0.0
ENSG00000152700,SAR1B,0,0.0,1.0,0.0
ENSG00000152683,SLC30A6,0,0.0,1.0,0.0
ENSG00000152558,TMEM123,0,0.0,1.0,0.0
ENSG00000152527,PLEKHH2,0,0.0,1.0,0.0
ENSG00000152520,PAN3,0,0.0,1.0,0.0
ENSG00000152503,TRIM36,0,0.0,1.0,0.0
ENSG00000152495,CAMK4,0,0.0,1.0,0.0
ENSG00000152465,NMT2,0,0.0,1.0,0.0
ENSG00000151923,TIAL1,0,0.0,1.0,0.0
ENSG00000151892,GFRA1,0,0.0,1.0,0.0
ENSG00000153113,CAST,0,0.0,1.0,0.0
ENSG00000151320,AKAP6,0,0.0,1.0,0.0
ENSG00000151287,TEX30,0,0.0,1.0,0.0
ENSG00000151276,MAGI1,0,0.0,1.0,0.0
ENSG00000151239,TWF1,0,0.0,1.0,0.0
ENSG00000151233,GXYLT1,0,0.0,1.0,0.0
ENSG00000151151,IPMK,0,0.0,1.0,0.0
ENSG00000151148,UBE3B,0,0.0,1.0,0.0
ENSG00000151136,ABTB3,0,0.0,1.0,0.0
ENSG00000151116,UEVLD,0,0.0,1.0,0.0
ENSG00000151093,OXSM,0,0.0,1.0,0.0
ENSG00000151092,NGLY1,0,0.0,1.0,0.0
ENSG00000151065,DCP1B,0,0.0,1.0,0.0
ENSG00000151062,CACNA2D4,0,0.0,1.0,0.0
ENSG00000150977,RILPL2,0,0.0,1.0,0.0
ENSG00000150967,ABCB9,0,0.0,1.0,0.0
ENSG00000150787,PTS,0,0.0,1.0,0.0
ENSG00000150756,ATPSCKMT,0,0.0,1.0,0.0
ENSG00000150722,PPP1R1C,0,0.0,1.0,0.0
ENSG00000150672,DLG2,0,0.0,1.0,0.0
ENSG00000150637,CD226,0,0.0,1.0,0.0
ENSG00000150627,WDR17,0,0.0,1.0,0.0
ENSG00000150551,LYPD1,0,0.0,1.0,0.0
ENSG00000151292,CSNK1G3,0,0.0,1.0,0.0
ENSG00000151327,FAM177A1,0,0.0,1.0,0.0
ENSG00000151881,TMEM267,0,0.0,1.0,0.0
ENSG00000151332,MBIP,0,0.0,1.0,0.0
ENSG00000151876,FBXO4,0,0.0,1.0,0.0
ENSG00000151778,SERP2,0,0.0,1.0,0.0
ENSG00000151773,CCDC122,0,0.0,1.0,0.0
ENSG00000151743,AMN1,0,0.0,1.0,0.0
ENSG00000151689,INPP1,0,0.0,1.0,0.0
ENSG00000151687,ANKAR,0,0.0,1.0,0.0
ENSG00000151665,PIGF,0,0.0,1.0,0.0
ENSG00000151640,DPYSL4,0,0.0,1.0,0.0
ENSG00000151612,ZNF827,0,0.0,1.0,0.0
ENSG00000151611,MMAA,0,0.0,1.0,0.0
ENSG00000151572,ANO4,0,0.0,1.0,0.0
ENSG00000151553,FHIP2A,0,0.0,1.0,0.0
ENSG00000151532,VTI1A,0,0.0,1.0,0.0
ENSG00000151502,VPS26B,0,0.0,1.0,0.0
ENSG00000151470,C4orf33,0,0.0,1.0,0.0
ENSG00000151468,CCDC3,0,0.0,1.0,0.0
ENSG00000151458,ANKRD50,0,0.0,1.0,0.0
ENSG00000151445,VIPAS39,0,0.0,1.0,0.0
ENSG00000151388,ADAMTS12,0,0.0,1.0,0.0
ENSG00000151353,TMEM18,0,0.0,1.0,0.0
ENSG00000151348,EXT2,0,0.0,1.0,0.0
ENSG00000153094,BCL2L11,0,0.0,1.0,0.0
ENSG00000153130,SCOC,0,0.0,1.0,0.0
ENSG00000150456,EEF1AKMT1,0,0.0,1.0,0.0
ENSG00000155749,FLACC1,0,0.0,1.0,0.0
ENSG00000155729,KCTD18,0,0.0,1.0,0.0
ENSG00000155666,KDM8,0,0.0,1.0,0.0
ENSG00000155636,RBM45,0,0.0,1.0,0.0
ENSG00000155621,C9orf85,0,0.0,1.0,0.0
ENSG00000155592,ZKSCAN2,0,0.0,1.0,0.0
ENSG00000155545,MIER3,0,0.0,1.0,0.0
ENSG00000155542,SETD9,0,0.0,1.0,0.0
ENSG00000155366,RHOC,0,0.0,1.0,0.0
ENSG00000155363,MOV10,0,0.0,1.0,0.0
ENSG00000155330,C16orf87,0,0.0,1.0,0.0
ENSG00000155313,USP25,0,0.0,1.0,0.0
ENSG00000155304,HSPA13,0,0.0,1.0,0.0
ENSG00000155287,SLC25A28,0,0.0,1.0,0.0
ENSG00000155256,ZFYVE27,0,0.0,1.0,0.0
ENSG00000155093,PTPRN2,0,0.0,1.0,0.0
ENSG00000155008,APOOL,0,0.0,1.0,0.0
ENSG00000154957,ZNF18,0,0.0,1.0,0.0
ENSG00000154917,RAB6B,0,0.0,1.0,0.0
ENSG00000154898,CCDC144CP,0,0.0,1.0,0.0
ENSG00000154889,MPPE1,0,0.0,1.0,0.0
ENSG00000154845,PPP4R1,0,0.0,1.0,0.0
ENSG00000155744,HYCC2,0,0.0,1.0,0.0
ENSG00000155816,FMN2,0,0.0,1.0,0.0
ENSG00000154781,CCDC174,0,0.0,1.0,0.0
ENSG00000155849,ELMO1,0,0.0,1.0,0.0
ENSG00000156345,CDK20,0,0.0,1.0,0.0
ENSG00000156298,TSPAN7,0,0.0,1.0,0.0
ENSG00000156253,RWDD2B,0,0.0,1.0,0.0
ENSG00000156239,HEMK2,0,0.0,1.0,0.0
ENSG00000156234,CXCL13,0,0.0,1.0,0.0
ENSG00000156232,WHAMM,0,0.0,1.0,0.0
ENSG00000156172,CFAP418,0,0.0,1.0,0.0
ENSG00000156170,NDUFAF6,0,0.0,1.0,0.0
ENSG00000156162,DPY19L4,0,0.0,1.0,0.0
ENSG00000156136,DCK,0,0.0,1.0,0.0
ENSG00000156050,FAM161B,0,0.0,1.0,0.0
ENSG00000156030,MIDEAS,0,0.0,1.0,0.0
ENSG00000156011,PSD3,0,0.0,1.0,0.0
ENSG00000155975,VPS37A,0,0.0,1.0,0.0
ENSG00000155966,AFF2,0,0.0,1.0,0.0
ENSG00000155959,VBP1,0,0.0,1.0,0.0
ENSG00000155893,PXYLP1,0,0.0,1.0,0.0
ENSG00000155875,SAXO1,0,0.0,1.0,0.0
ENSG00000155868,MED7,0,0.0,1.0,0.0
ENSG00000155858,LSM11,0,0.0,1.0,0.0
ENSG00000155850,SLC26A2,0,0.0,1.0,0.0
ENSG00000154822,PLCL2,0,0.0,1.0,0.0
ENSG00000154767,XPC,0,0.0,1.0,0.0
ENSG00000153132,CLGN,0,0.0,1.0,0.0
ENSG00000154001,PPP2R5E,0,0.0,1.0,0.0
ENSG00000153982,GDPD1,0,0.0,1.0,0.0
ENSG00000153936,HS2ST1,0,0.0,1.0,0.0
ENSG00000153933,DGKE,0,0.0,1.0,0.0
ENSG00000153914,SREK1,0,0.0,1.0,0.0
ENSG00000153896,ZNF599,0,0.0,1.0,0.0
ENSG00000153832,FBXO36,0,0.0,1.0,0.0
ENSG00000153827,TRIP12,0,0.0,1.0,0.0
ENSG00000153815,CMIP,0,0.0,1.0,0.0
ENSG00000153814,JAZF1,0,0.0,1.0,0.0
ENSG00000153790,SPMIP4,0,0.0,1.0,0.0
ENSG00000153721,CNKSR3,0,0.0,1.0,0.0
ENSG00000153714,LURAP1L,0,0.0,1.0,0.0
ENSG00000153574,RPIA,0,0.0,1.0,0.0
ENSG00000153363,LINC00467,0,0.0,1.0,0.0
ENSG00000153291,SLC25A27,0,0.0,1.0,0.0
ENSG00000153283,CD96,0,0.0,1.0,0.0
ENSG00000153253,SCN3A,0,0.0,1.0,0.0
ENSG00000153233,PTPRR,0,0.0,1.0,0.0
ENSG00000153214,TMEM87B,0,0.0,1.0,0.0
ENSG00000153208,MERTK,0,0.0,1.0,0.0
ENSG00000153207,AHCTF1,0,0.0,1.0,0.0
ENSG00000153993,SEMA3D,0,0.0,1.0,0.0
ENSG00000154027,AK5,0,0.0,1.0,0.0
ENSG00000154764,WNT7A,0,0.0,1.0,0.0
ENSG00000154040,CABYR,0,0.0,1.0,0.0
ENSG00000154743,TSEN2,0,0.0,1.0,0.0
ENSG00000154727,GABPA,0,0.0,1.0,0.0
ENSG00000154719,MRPL39,0,0.0,1.0,0.0
ENSG00000154654,NCAM2,0,0.0,1.0,0.0
ENSG00000154640,BTG3,0,0.0,1.0,0.0
ENSG00000154553,PDLIM3,0,0.0,1.0,0.0
ENSG00000154548,SRSF12,0,0.0,1.0,0.0
ENSG00000154447,SH3RF1,0,0.0,1.0,0.0
ENSG00000154380,ENAH,0,0.0,1.0,0.0
ENSG00000154358,OBSCN,0,0.0,1.0,0.0
ENSG00000154342,WNT3A,0,0.0,1.0,0.0
ENSG00000154328,NEIL2,0,0.0,1.0,0.0
ENSG00000154319,FAM167A,0,0.0,1.0,0.0
ENSG00000154265,ABCA5,0,0.0,1.0,0.0
ENSG00000154188,ANGPT1,0,0.0,1.0,0.0
ENSG00000154175,ABI3BP,0,0.0,1.0,0.0
ENSG00000154134,ROBO3,0,0.0,1.0,0.0
ENSG00000154127,UBASH3B,0,0.0,1.0,0.0
ENSG00000154114,TBCEL,0,0.0,1.0,0.0
ENSG00000154099,DNAAF1,0,0.0,1.0,0.0
ENSG00000154079,SDHAF4,0,0.0,1.0,0.0
ENSG00000150527,MIA2,0,0.0,1.0,0.0
ENSG00000150455,TIRAP,0,0.0,1.0,0.0
ENSG00000156381,ANKRD9,0,0.0,1.0,0.0
ENSG00000146426,TIAM2,0,0.0,1.0,0.0
ENSG00000146414,SHPRH,0,0.0,1.0,0.0
ENSG00000146373,RNF217,0,0.0,1.0,0.0
ENSG00000146352,CLVS2,0,0.0,1.0,0.0
ENSG00000146282,RARS2,0,0.0,1.0,0.0
ENSG00000146278,PNRC1,0,0.0,1.0,0.0
ENSG00000146267,FAXC,0,0.0,1.0,0.0
ENSG00000146250,PRSS35,0,0.0,1.0,0.0
ENSG00000146216,TTBK1,0,0.0,1.0,0.0
ENSG00000146151,HMGCLL1,0,0.0,1.0,0.0
ENSG00000146122,DAAM2,0,0.0,1.0,0.0
ENSG00000146112,PPP1R18,0,0.0,1.0,0.0
ENSG00000146090,RASGEF1C,0,0.0,1.0,0.0
ENSG00000146085,MMUT,0,0.0,1.0,0.0
ENSG00000146067,FAM193B,0,0.0,1.0,0.0
ENSG00000146063,TRIM41,0,0.0,1.0,0.0
ENSG00000146038,DCDC2,0,0.0,1.0,0.0
ENSG00000145996,CDKAL1,0,0.0,1.0,0.0
ENSG00000145979,TBC1D7,0,0.0,1.0,0.0
ENSG00000145975,FAM217A,0,0.0,1.0,0.0
ENSG00000145920,CPLX2,0,0.0,1.0,0.0
ENSG00000145901,TNIP1,0,0.0,1.0,0.0
ENSG00000146425,DYNLT1,0,0.0,1.0,0.0
ENSG00000146463,ZMYM4,0,0.0,1.0,0.0
ENSG00000145868,FBXO38,0,0.0,1.0,0.0
ENSG00000146540,CHLSN,0,0.0,1.0,0.0
ENSG00000147133,TAF1,0,0.0,1.0,0.0
ENSG00000147130,ZMYM3,0,0.0,1.0,0.0
ENSG00000147124,ZNF41,0,0.0,1.0,0.0
ENSG00000147121,KRBOX4,0,0.0,1.0,0.0
ENSG00000147118,ZNF182,0,0.0,1.0,0.0
ENSG00000147100,SLC16A2,0,0.0,1.0,0.0
ENSG00000147003,CLTRN,0,0.0,1.0,0.0
ENSG00000146963,LUC7L2,0,0.0,1.0,0.0
ENSG00000146950,SHROOM2,0,0.0,1.0,0.0
ENSG00000146910,CNPY1,0,0.0,1.0,0.0
ENSG00000146872,TLK2,0,0.0,1.0,0.0
ENSG00000146858,ZC3HAV1L,0,0.0,1.0,0.0
ENSG00000146856,AGBL3,0,0.0,1.0,0.0
ENSG00000146842,TMEM209,0,0.0,1.0,0.0
ENSG00000146729,NIPSNAP2,0,0.0,1.0,0.0
ENSG00000146707,POMZP3,0,0.0,1.0,0.0
ENSG00000146676,PURB,0,0.0,1.0,0.0
ENSG00000146648,EGFR,0,0.0,1.0,0.0
ENSG00000146592,CREB5,0,0.0,1.0,0.0
ENSG00000146576,INTS15,0,0.0,1.0,0.0
ENSG00000146574,CCZ1B,0,0.0,1.0,0.0
ENSG00000145882,PCYOX1L,0,0.0,1.0,0.0
ENSG00000145824,CXCL14,0,0.0,1.0,0.0
ENSG00000147162,OGT,0,0.0,1.0,0.0
ENSG00000145022,TCTA,0,0.0,1.0,0.0
ENSG00000145014,TMEM44,0,0.0,1.0,0.0
ENSG00000144909,OSBPL11,0,0.0,1.0,0.0
ENSG00000144847,IGSF11,0,0.0,1.0,0.0
ENSG00000144827,ABHD10,0,0.0,1.0,0.0
ENSG00000144824,PHLDB2,0,0.0,1.0,0.0
ENSG00000144810,COL8A1,0,0.0,1.0,0.0
ENSG00000144792,ZNF660,0,0.0,1.0,0.0
ENSG00000144747,TMF1,0,0.0,1.0,0.0
ENSG00000144744,UBA3,0,0.0,1.0,0.0
ENSG00000144730,IL17RD,0,0.0,1.0,0.0
ENSG00000144712,CAND2,0,0.0,1.0,0.0
ENSG00000144711,IQSEC1,0,0.0,1.0,0.0
ENSG00000144677,CTDSPL,0,0.0,1.0,0.0
ENSG00000144674,GOLGA4,0,0.0,1.0,0.0
ENSG00000144655,CSRNP1,0,0.0,1.0,0.0
ENSG00000144647,POMGNT2,0,0.0,1.0,0.0
ENSG00000144635,DYNC1LI1,0,0.0,1.0,0.0
ENSG00000144579,CTDSP1,0,0.0,1.0,0.0
ENSG00000144559,TAMM41,0,0.0,1.0,0.0
ENSG00000144535,DIS3L2,0,0.0,1.0,0.0
ENSG00000144524,COPS7B,0,0.0,1.0,0.0
ENSG00000145016,RUBCN,0,0.0,1.0,0.0
ENSG00000145029,NICN1,0,0.0,1.0,0.0
ENSG00000145781,COMMD10,0,0.0,1.0,0.0
ENSG00000145088,EAF2,0,0.0,1.0,0.0
ENSG00000145780,FEM1C,0,0.0,1.0,0.0
ENSG00000145740,SLC30A5,0,0.0,1.0,0.0
ENSG00000145725,PPIP5K2,0,0.0,1.0,0.0
ENSG00000145723,GIN1,0,0.0,1.0,0.0
ENSG00000145700,ANKRD31,0,0.0,1.0,0.0
ENSG00000145555,MYO10,0,0.0,1.0,0.0
ENSG00000145491,ROPN1L,0,0.0,1.0,0.0
ENSG00000145476,CYP4V2,0,0.0,1.0,0.0
ENSG00000145428,RNF175,0,0.0,1.0,0.0
ENSG00000145416,MARCHF1,0,0.0,1.0,0.0
ENSG00000145391,SETD7,0,0.0,1.0,0.0
ENSG00000145388,METTL14,0,0.0,1.0,0.0
ENSG00000145365,TIFA,0,0.0,1.0,0.0
ENSG00000145358,DDIT4L,0,0.0,1.0,0.0
ENSG00000145332,KLHL8,0,0.0,1.0,0.0
ENSG00000145331,TRMT10A,0,0.0,1.0,0.0
ENSG00000145246,ATP10D,0,0.0,1.0,0.0
ENSG00000145244,CORIN,0,0.0,1.0,0.0
ENSG00000145242,EPHA5,0,0.0,1.0,0.0
ENSG00000145216,FIP1L1,0,0.0,1.0,0.0
ENSG00000145214,DGKQ,0,0.0,1.0,0.0
ENSG00000147145,LPAR4,0,0.0,1.0,0.0
ENSG00000147174,GCNA,0,0.0,1.0,0.0
ENSG00000150433,TMEM218,0,0.0,1.0,0.0
ENSG00000149346,SLX4IP,0,0.0,1.0,0.0
ENSG00000149313,AASDHPPT,0,0.0,1.0,0.0
ENSG00000149289,ZC3H12C,0,0.0,1.0,0.0
ENSG00000149262,INTS4,0,0.0,1.0,0.0
ENSG00000149201,CCDC81,0,0.0,1.0,0.0
ENSG00000149196,HIKESHI,0,0.0,1.0,0.0
ENSG00000149182,ARFGAP2,0,0.0,1.0,0.0
ENSG00000149177,PTPRJ,0,0.0,1.0,0.0
ENSG00000149131,SERPING1,0,0.0,1.0,0.0
ENSG00000149090,PAMR1,0,0.0,1.0,0.0
ENSG00000149089,APIP,0,0.0,1.0,0.0
ENSG00000149084,HSD17B12,0,0.0,1.0,0.0
ENSG00000149050,ZNF214,0,0.0,1.0,0.0
ENSG00000149016,TUT1,0,0.0,1.0,0.0
ENSG00000148942,SLC5A12,0,0.0,1.0,0.0
ENSG00000148925,BTBD10,0,0.0,1.0,0.0
ENSG00000148842,CNNM2,0,0.0,1.0,0.0
ENSG00000148834,GSTO1,0,0.0,1.0,0.0
ENSG00000148832,PAOX,0,0.0,1.0,0.0
ENSG00000148824,MTG1,0,0.0,1.0,0.0
ENSG00000148814,LRRC27,0,0.0,1.0,0.0
ENSG00000148704,VAX1,0,0.0,1.0,0.0
ENSG00000149328,GLB1L2,0,0.0,1.0,0.0
ENSG00000149476,TKFC,0,0.0,1.0,0.0
ENSG00000148690,FRA10AC1,0,0.0,1.0,0.0
ENSG00000149483,TMEM138,0,0.0,1.0,0.0
ENSG00000150403,TMCO3,0,0.0,1.0,0.0
ENSG00000150054,MPP7,0,0.0,1.0,0.0
ENSG00000149948,HMGA2,0,0.0,1.0,0.0
ENSG00000149932,TMEM219,0,0.0,1.0,0.0
ENSG00000149929,HIRIP3,0,0.0,1.0,0.0
ENSG00000149926,TLCD3B,0,0.0,1.0,0.0
ENSG00000149809,TM7SF2,0,0.0,1.0,0.0
ENSG00000149743,TRPT1,0,0.0,1.0,0.0
ENSG00000149716,LTO1,0,0.0,1.0,0.0
ENSG00000149679,CABLES2,0,0.0,1.0,0.0
ENSG00000149639,MTCL2,0,0.0,1.0,0.0
ENSG00000149636,DSN1,0,0.0,1.0,0.0
ENSG00000149596,JPH2,0,0.0,1.0,0.0
ENSG00000149582,TMEM25,0,0.0,1.0,0.0
ENSG00000149577,SIDT2,0,0.0,1.0,0.0
ENSG00000149571,KIRREL3,0,0.0,1.0,0.0
ENSG00000149557,FEZ1,0,0.0,1.0,0.0
ENSG00000149548,CCDC15,0,0.0,1.0,0.0
ENSG00000149541,B3GAT3,0,0.0,1.0,0.0
ENSG00000149531,FRG1BP,0,0.0,1.0,0.0
ENSG00000149499,EML3,0,0.0,1.0,0.0
ENSG00000148700,ADD3,0,0.0,1.0,0.0
ENSG00000148672,GLUD1,0,0.0,1.0,0.0
ENSG00000147180,ZNF711,0,0.0,1.0,0.0
ENSG00000147854,UHRF2,0,0.0,1.0,0.0
ENSG00000147679,UTP23,0,0.0,1.0,0.0
ENSG00000147649,MTDH,0,0.0,1.0,0.0
ENSG00000147592,LACTB2,0,0.0,1.0,0.0
ENSG00000147586,MRPS28,0,0.0,1.0,0.0
ENSG00000147576,ADHFE1,0,0.0,1.0,0.0
ENSG00000147535,PLPP5,0,0.0,1.0,0.0
ENSG00000147526,TACC1,0,0.0,1.0,0.0
ENSG00000147509,RGS20,0,0.0,1.0,0.0
ENSG00000147488,ST18,0,0.0,1.0,0.0
ENSG00000147471,PLPBP,0,0.0,1.0,0.0
ENSG00000147454,SLC25A37,0,0.0,1.0,0.0
ENSG00000147437,GNRH1,0,0.0,1.0,0.0
ENSG00000147421,HMBOX1,0,0.0,1.0,0.0
ENSG00000147419,CCDC25,0,0.0,1.0,0.0
ENSG00000147400,CETN2,0,0.0,1.0,0.0
ENSG00000147394,ZNF185,0,0.0,1.0,0.0
ENSG00000147383,NSDHL,0,0.0,1.0,0.0
ENSG00000147364,FBXO25,0,0.0,1.0,0.0
ENSG00000147316,MCPH1,0,0.0,1.0,0.0
ENSG00000147255,IGSF1,0,0.0,1.0,0.0
ENSG00000147251,DOCK11,0,0.0,1.0,0.0
ENSG00000147853,AK3,0,0.0,1.0,0.0
ENSG00000147894,C9orf72,0,0.0,1.0,0.0
ENSG00000148634,HERC4,0,0.0,1.0,0.0
ENSG00000147905,ZCCHC7,0,0.0,1.0,0.0
ENSG00000148481,MINDY3,0,0.0,1.0,0.0
ENSG00000148450,MSRB2,0,0.0,1.0,0.0
ENSG00000148444,COMMD3,0,0.0,1.0,0.0
ENSG00000148429,USP6NL,0,0.0,1.0,0.0
ENSG00000148400,NOTCH1,0,0.0,1.0,0.0
ENSG00000148384,INPP5E,0,0.0,1.0,0.0
ENSG00000148358,GPR107,0,0.0,1.0,0.0
ENSG00000148341,SH3GLB2,0,0.0,1.0,0.0
ENSG00000148337,CIZ1,0,0.0,1.0,0.0
ENSG00000148225,WDR31,0,0.0,1.0,0.0
ENSG00000148218,ALAD,0,0.0,1.0,0.0
ENSG00000148180,GSN,0,0.0,1.0,0.0
ENSG00000148158,SNX30,0,0.0,1.0,0.0
ENSG00000148154,UGCG,0,0.0,1.0,0.0
ENSG00000148153,INIP,0,0.0,1.0,0.0
ENSG00000148143,ZNF462,0,0.0,1.0,0.0
ENSG00000148090,AUH,0,0.0,1.0,0.0
ENSG00000148053,NTRK2,0,0.0,1.0,0.0
ENSG00000148019,CEP78,0,0.0,1.0,0.0
ENSG00000147996,ZNG1E,0,0.0,1.0,0.0
ENSG00000147912,FBXO10,0,0.0,1.0,0.0
ENSG00000156374,PCGF6,0,0.0,1.0,0.0
ENSG00000156384,SFR1,0,0.0,1.0,0.0
ENSG00000144476,ACKR3,0,0.0,1.0,0.0
ENSG00000163520,FBLN2,0,0.0,1.0,0.0
ENSG00000163512,AZI2,0,0.0,1.0,0.0
ENSG00000163485,ADORA1,0,0.0,1.0,0.0
ENSG00000163482,STK36,0,0.0,1.0,0.0
ENSG00000163449,TMEM169,0,0.0,1.0,0.0
ENSG00000163440,PDCL2,0,0.0,1.0,0.0
ENSG00000163430,FSTL1,0,0.0,1.0,0.0
ENSG00000163412,EIF4E3,0,0.0,1.0,0.0
ENSG00000163382,NAXE,0,0.0,1.0,0.0
ENSG00000163374,YY1AP1,0,0.0,1.0,0.0
ENSG00000163349,HIPK1,0,0.0,1.0,0.0
ENSG00000163348,PYGO2,0,0.0,1.0,0.0
ENSG00000163346,PBXIP1,0,0.0,1.0,0.0
ENSG00000163344,PMVK,0,0.0,1.0,0.0
ENSG00000163328,GPR155,0,0.0,1.0,0.0
ENSG00000163322,ABRAXAS1,0,0.0,1.0,0.0
ENSG00000163320,CGGBP1,0,0.0,1.0,0.0
ENSG00000163312,HELQ,0,0.0,1.0,0.0
ENSG00000163288,GABRB1,0,0.0,1.0,0.0
ENSG00000163281,GNPDA2,0,0.0,1.0,0.0
ENSG00000163257,DCAF16,0,0.0,1.0,0.0
ENSG00000163249,CCNYL1,0,0.0,1.0,0.0
ENSG00000163517,HDAC11,0,0.0,1.0,0.0
ENSG00000163521,GLB1L,0,0.0,1.0,0.0
ENSG00000163214,DHX57,0,0.0,1.0,0.0
ENSG00000163527,STT3B,0,0.0,1.0,0.0
ENSG00000163705,FANCD2OS,0,0.0,1.0,0.0
ENSG00000163704,PRRT3,0,0.0,1.0,0.0
ENSG00000163703,CRELD1,0,0.0,1.0,0.0
ENSG00000163689,CFAP20DC,0,0.0,1.0,0.0
ENSG00000163686,ABHD6,0,0.0,1.0,0.0
ENSG00000163684,RPP14,0,0.0,1.0,0.0
ENSG00000163683,SMIM14,0,0.0,1.0,0.0
ENSG00000163660,CCNL1,0,0.0,1.0,0.0
ENSG00000163659,TIPARP,0,0.0,1.0,0.0
ENSG00000163644,PPM1K,0,0.0,1.0,0.0
ENSG00000163630,SYNPR,0,0.0,1.0,0.0
ENSG00000163626,COX18,0,0.0,1.0,0.0
ENSG00000163625,WDFY3,0,0.0,1.0,0.0
ENSG00000163611,SPICE1,0,0.0,1.0,0.0
ENSG00000163605,PPP4R2,0,0.0,1.0,0.0
ENSG00000163590,PPM1L,0,0.0,1.0,0.0
ENSG00000163577,EIF5A2,0,0.0,1.0,0.0
ENSG00000163576,EFHB,0,0.0,1.0,0.0
ENSG00000163568,AIM2,0,0.0,1.0,0.0
ENSG00000163541,SUCLG1,0,0.0,1.0,0.0
ENSG00000163539,CLASP2,0,0.0,1.0,0.0
ENSG00000163219,ARHGAP25,0,0.0,1.0,0.0
ENSG00000163162,RNF149,0,0.0,1.0,0.0
ENSG00000163738,MTHFD2L,0,0.0,1.0,0.0
ENSG00000162923,WDR26,0,0.0,1.0,0.0
ENSG00000162889,MAPKAPK2,0,0.0,1.0,0.0
ENSG00000162885,B3GALNT2,0,0.0,1.0,0.0
ENSG00000162882,HAAO,0,0.0,1.0,0.0
ENSG00000162877,PM20D1,0,0.0,1.0,0.0
ENSG00000162873,KLHDC8A,0,0.0,1.0,0.0
ENSG00000162869,PPP1R21,0,0.0,1.0,0.0
ENSG00000162836,ACP6,0,0.0,1.0,0.0
ENSG00000162817,C1orf115,0,0.0,1.0,0.0
ENSG00000162813,BPNT1,0,0.0,1.0,0.0
ENSG00000162783,IER5,0,0.0,1.0,0.0
ENSG00000162779,AXDND1,0,0.0,1.0,0.0
ENSG00000162745,OLFML2B,0,0.0,1.0,0.0
ENSG00000162736,NCSTN,0,0.0,1.0,0.0
ENSG00000162734,PEA15,0,0.0,1.0,0.0
ENSG00000162706,CADM3,0,0.0,1.0,0.0
ENSG00000162695,SLC30A7,0,0.0,1.0,0.0
ENSG00000162687,KCNT2,0,0.0,1.0,0.0
ENSG00000162664,ZNF326,0,0.0,1.0,0.0
ENSG00000162650,ATXN7L2,0,0.0,1.0,0.0
ENSG00000162642,C1orf52,0,0.0,1.0,0.0
ENSG00000162627,SNX7,0,0.0,1.0,0.0
ENSG00000162910,MRPL55,0,0.0,1.0,0.0
ENSG00000162927,PUS10,0,0.0,1.0,0.0
ENSG00000163155,LYSMD1,0,0.0,1.0,0.0
ENSG00000162928,PEX13,0,0.0,1.0,0.0
ENSG00000163145,C1QTNF7,0,0.0,1.0,0.0
ENSG00000163138,PACRGL,0,0.0,1.0,0.0
ENSG00000163132,MSX1,0,0.0,1.0,0.0
ENSG00000163126,ANKRD23,0,0.0,1.0,0.0
ENSG00000163125,RPRD2,0,0.0,1.0,0.0
ENSG00000163116,STPG2,0,0.0,1.0,0.0
ENSG00000163093,BBS5,0,0.0,1.0,0.0
ENSG00000163071,SPATA18,0,0.0,1.0,0.0
ENSG00000163069,SGCB,0,0.0,1.0,0.0
ENSG00000163046,ANKRD30BL,0,0.0,1.0,0.0
ENSG00000163041,H3-3A,0,0.0,1.0,0.0
ENSG00000163040,CCDC74A,0,0.0,1.0,0.0
ENSG00000163006,CCDC138,0,0.0,1.0,0.0
ENSG00000163001,CFAP36,0,0.0,1.0,0.0
ENSG00000162999,DUSP19,0,0.0,1.0,0.0
ENSG00000162989,KCNJ3,0,0.0,1.0,0.0
ENSG00000162981,LRATD1,0,0.0,1.0,0.0
ENSG00000162976,SLC66A3,0,0.0,1.0,0.0
ENSG00000162972,MAIP1,0,0.0,1.0,0.0
ENSG00000162971,TYW5,0,0.0,1.0,0.0
ENSG00000162959,MEMO1,0,0.0,1.0,0.0
ENSG00000163728,TTC14,0,0.0,1.0,0.0
ENSG00000163762,TM4SF18,0,0.0,1.0,0.0
ENSG00000162613,FUBP1,0,0.0,1.0,0.0
ENSG00000164574,GALNT10,0,0.0,1.0,0.0
ENSG00000164543,STK17A,0,0.0,1.0,0.0
ENSG00000164506,STXBP5,0,0.0,1.0,0.0
ENSG00000164494,PDSS2,0,0.0,1.0,0.0
ENSG00000164466,SFXN1,0,0.0,1.0,0.0
ENSG00000164442,CITED2,0,0.0,1.0,0.0
ENSG00000164440,TXLNB,0,0.0,1.0,0.0
ENSG00000164434,FABP7,0,0.0,1.0,0.0
ENSG00000164414,SLC35A1,0,0.0,1.0,0.0
ENSG00000164398,ACSL6,0,0.0,1.0,0.0
ENSG00000164385,LINC01600,0,0.0,1.0,0.0
ENSG00000164331,ANKRA2,0,0.0,1.0,0.0
ENSG00000164330,EBF1,0,0.0,1.0,0.0
ENSG00000164329,TENT2,0,0.0,1.0,0.0
ENSG00000164323,CFAP97,0,0.0,1.0,0.0
ENSG00000164309,CMYA5,0,0.0,1.0,0.0
ENSG00000164307,ERAP1,0,0.0,1.0,0.0
ENSG00000164300,SERINC5,0,0.0,1.0,0.0
ENSG00000164294,GPX8,0,0.0,1.0,0.0
ENSG00000164291,ARSK,0,0.0,1.0,0.0
ENSG00000164258,NDUFS4,0,0.0,1.0,0.0
ENSG00000164252,AGGF1,0,0.0,1.0,0.0
ENSG00000164548,TRA2A,0,0.0,1.0,0.0
ENSG00000164576,SAP30L,0,0.0,1.0,0.0
ENSG00000164219,PGGT1B,0,0.0,1.0,0.0
ENSG00000164597,COG5,0,0.0,1.0,0.0
ENSG00000164972,SPMIP6,0,0.0,1.0,0.0
ENSG00000164944,VIRMA,0,0.0,1.0,0.0
ENSG00000164941,INTS8,0,0.0,1.0,0.0
ENSG00000164932,CTHRC1,0,0.0,1.0,0.0
ENSG00000164898,FMC1,0,0.0,1.0,0.0
ENSG00000164879,CA3,0,0.0,1.0,0.0
ENSG00000164877,MICALL2,0,0.0,1.0,0.0
ENSG00000164841,TMEM74,0,0.0,1.0,0.0
ENSG00000164815,ORC5,0,0.0,1.0,0.0
ENSG00000164808,SPIDR,0,0.0,1.0,0.0
ENSG00000164758,MED30,0,0.0,1.0,0.0
ENSG00000164741,DLC1,0,0.0,1.0,0.0
ENSG00000164733,CTSB,0,0.0,1.0,0.0
ENSG00000164713,BRI3,0,0.0,1.0,0.0
ENSG00000164707,SLC13A4,0,0.0,1.0,0.0
ENSG00000164692,COL1A2,0,0.0,1.0,0.0
ENSG00000164651,SP8,0,0.0,1.0,0.0
ENSG00000164638,SLC29A4,0,0.0,1.0,0.0
ENSG00000164631,ZNF12,0,0.0,1.0,0.0
ENSG00000164619,BMPER,0,0.0,1.0,0.0
ENSG00000164610,RP9,0,0.0,1.0,0.0
ENSG00000164237,CMBL,0,0.0,1.0,0.0
ENSG00000164209,SLC25A46,0,0.0,1.0,0.0
ENSG00000163785,RYK,0,0.0,1.0,0.0
ENSG00000164008,C1orf50,0,0.0,1.0,0.0
ENSG00000163975,MELTF,0,0.0,1.0,0.0
ENSG00000163964,PIGX,0,0.0,1.0,0.0
ENSG00000163947,ARHGEF3,0,0.0,1.0,0.0
ENSG00000163945,UVSSA,0,0.0,1.0,0.0
ENSG00000163939,PBRM1,0,0.0,1.0,0.0
ENSG00000163933,RFT1,0,0.0,1.0,0.0
ENSG00000163915,IGF2BP2-AS1,0,0.0,1.0,0.0
ENSG00000163913,IFT122,0,0.0,1.0,0.0
ENSG00000163909,HEYL,0,0.0,1.0,0.0
ENSG00000163900,TMEM41A,0,0.0,1.0,0.0
ENSG00000163885,CFAP100,0,0.0,1.0,0.0
ENSG00000163879,DNALI1,0,0.0,1.0,0.0
ENSG00000163875,MEAF6,0,0.0,1.0,0.0
ENSG00000163870,TPRA1,0,0.0,1.0,0.0
ENSG00000163867,ZMYM6,0,0.0,1.0,0.0
ENSG00000163866,SMIM12,0,0.0,1.0,0.0
ENSG00000163864,NMNAT3,0,0.0,1.0,0.0
ENSG00000163818,LZTFL1,0,0.0,1.0,0.0
ENSG00000163806,SPDYA,0,0.0,1.0,0.0
ENSG00000163798,SLC4A1AP,0,0.0,1.0,0.0
ENSG00000163788,SNRK,0,0.0,1.0,0.0
ENSG00000164002,EXO5,0,0.0,1.0,0.0
ENSG00000164010,ERMAP,0,0.0,1.0,0.0
ENSG00000164197,RNF180,0,0.0,1.0,0.0
ENSG00000164011,ZNF691,0,0.0,1.0,0.0
ENSG00000164187,LMBRD2,0,0.0,1.0,0.0
ENSG00000164180,TMEM161B,0,0.0,1.0,0.0
ENSG00000164169,PRMT9,0,0.0,1.0,0.0
ENSG00000164162,ANAPC10,0,0.0,1.0,0.0
ENSG00000164144,ARFIP1,0,0.0,1.0,0.0
ENSG00000164123,SPMIP2,0,0.0,1.0,0.0
ENSG00000164117,FBXO8,0,0.0,1.0,0.0
ENSG00000164114,MAP9,0,0.0,1.0,0.0
ENSG00000164105,SAP30,0,0.0,1.0,0.0
ENSG00000164100,NDST3,0,0.0,1.0,0.0
ENSG00000164096,ARLN,0,0.0,1.0,0.0
ENSG00000164081,TEX264,0,0.0,1.0,0.0
ENSG00000164080,RAD54L2,0,0.0,1.0,0.0
ENSG00000164074,ABHD18,0,0.0,1.0,0.0
ENSG00000164073,MFSD8,0,0.0,1.0,0.0
ENSG00000164070,HSPA4L,0,0.0,1.0,0.0
ENSG00000164049,FBXW12,0,0.0,1.0,0.0
ENSG00000164039,BDH2,0,0.0,1.0,0.0
ENSG00000164038,SLC9B2,0,0.0,1.0,0.0
ENSG00000164037,SLC9B1,0,0.0,1.0,0.0
ENSG00000164031,DNAJB14,0,0.0,1.0,0.0
ENSG00000162616,DNAJB4,0,0.0,1.0,0.0
ENSG00000162604,TM2D1,0,0.0,1.0,0.0
ENSG00000156463,SH3RF2,0,0.0,1.0,0.0
ENSG00000158710,TAGLN2,0,0.0,1.0,0.0
ENSG00000158636,EMSY,0,0.0,1.0,0.0
ENSG00000158604,TMED4,0,0.0,1.0,0.0
ENSG00000158571,PFKFB1,0,0.0,1.0,0.0
ENSG00000158560,DYNC1I1,0,0.0,1.0,0.0
ENSG00000158555,GDPD5,0,0.0,1.0,0.0
ENSG00000158552,ZFAND2B,0,0.0,1.0,0.0
ENSG00000158458,NRG2,0,0.0,1.0,0.0
ENSG00000158427,TMSB15B,0,0.0,1.0,0.0
ENSG00000158423,RIBC1,0,0.0,1.0,0.0
ENSG00000158373,H2BC5,0,0.0,1.0,0.0
ENSG00000158352,SHROOM4,0,0.0,1.0,0.0
ENSG00000158301,GPRASP2,0,0.0,1.0,0.0
ENSG00000158296,SLC13A3,0,0.0,1.0,0.0
ENSG00000158292,GPR153,0,0.0,1.0,0.0
ENSG00000158290,CUL4B,0,0.0,1.0,0.0
ENSG00000158258,CLSTN2,0,0.0,1.0,0.0
ENSG00000158201,ABHD3,0,0.0,1.0,0.0
ENSG00000158195,WASF2,0,0.0,1.0,0.0
ENSG00000158186,MRAS,0,0.0,1.0,0.0
ENSG00000158169,FANCC,0,0.0,1.0,0.0
ENSG00000158161,EYA3,0,0.0,1.0,0.0
ENSG00000158691,ZSCAN12,0,0.0,1.0,0.0
ENSG00000158715,SLC45A3,0,0.0,1.0,0.0
ENSG00000158125,XDH,0,0.0,1.0,0.0
ENSG00000158792,SPATA2L,0,0.0,1.0,0.0
ENSG00000159388,BTG2,0,0.0,1.0,0.0
ENSG00000159348,CYB5R1,0,0.0,1.0,0.0
ENSG00000159335,PTMS,0,0.0,1.0,0.0
ENSG00000159256,MORC3,0,0.0,1.0,0.0
ENSG00000159239,ENSG00000159239,0,0.0,1.0,0.0
ENSG00000159214,CCDC24,0,0.0,1.0,0.0
ENSG00000159208,CIART,0,0.0,1.0,0.0
ENSG00000159200,RCAN1,0,0.0,1.0,0.0
ENSG00000159176,CSRP1,0,0.0,1.0,0.0
ENSG00000159147,DONSON,0,0.0,1.0,0.0
ENSG00000159140,SON,0,0.0,1.0,0.0
ENSG00000159128,IFNGR2,0,0.0,1.0,0.0
ENSG00000159110,IFNAR2,0,0.0,1.0,0.0
ENSG00000159086,PAXBP1,0,0.0,1.0,0.0
ENSG00000159082,SYNJ1,0,0.0,1.0,0.0
ENSG00000159023,EPB41,0,0.0,1.0,0.0
ENSG00000158987,RAPGEF6,0,0.0,1.0,0.0
ENSG00000158863,FHIP2B,0,0.0,1.0,0.0
ENSG00000158828,PINK1,0,0.0,1.0,0.0
ENSG00000158805,ZNF276,0,0.0,1.0,0.0
ENSG00000158793,NIT1,0,0.0,1.0,0.0
ENSG00000158158,CNNM4,0,0.0,1.0,0.0
ENSG00000158122,PRXL2C,0,0.0,1.0,0.0
ENSG00000159459,UBR1,0,0.0,1.0,0.0
ENSG00000157379,DHRS1,0,0.0,1.0,0.0
ENSG00000157259,GATAD1,0,0.0,1.0,0.0
ENSG00000157216,SSBP3,0,0.0,1.0,0.0
ENSG00000157181,ODR4,0,0.0,1.0,0.0
ENSG00000157168,NRG1,0,0.0,1.0,0.0
ENSG00000157107,FCHO2,0,0.0,1.0,0.0
ENSG00000157077,ZFYVE9,0,0.0,1.0,0.0
ENSG00000156976,EIF4A2,0,0.0,1.0,0.0
ENSG00000156958,GALK2,0,0.0,1.0,0.0
ENSG00000156931,VPS8,0,0.0,1.0,0.0
ENSG00000156928,MALSU1,0,0.0,1.0,0.0
ENSG00000156860,FBRS,0,0.0,1.0,0.0
ENSG00000156858,PRR14,0,0.0,1.0,0.0
ENSG00000156802,ATAD2,0,0.0,1.0,0.0
ENSG00000156795,NTAQ1,0,0.0,1.0,0.0
ENSG00000156689,GLYATL2,0,0.0,1.0,0.0
ENSG00000156687,UNC5D,0,0.0,1.0,0.0
ENSG00000156675,RAB11FIP1,0,0.0,1.0,0.0
ENSG00000156531,PHF6,0,0.0,1.0,0.0
ENSG00000156521,TYSND1,0,0.0,1.0,0.0
ENSG00000156509,FBXO43,0,0.0,1.0,0.0
ENSG00000156500,PABIR3,0,0.0,1.0,0.0
ENSG00000157353,FCSK,0,0.0,1.0,0.0
ENSG00000157399,ARSL,0,0.0,1.0,0.0
ENSG00000158092,NCK1,0,0.0,1.0,0.0
ENSG00000157426,AASDH,0,0.0,1.0,0.0
ENSG00000158079,PTPDC1,0,0.0,1.0,0.0
ENSG00000158062,UBXN11,0,0.0,1.0,0.0
ENSG00000158006,PAFAH2,0,0.0,1.0,0.0
ENSG00000157954,WIPI2,0,0.0,1.0,0.0
ENSG00000157927,RADIL,0,0.0,1.0,0.0
ENSG00000157881,PANK4,0,0.0,1.0,0.0
ENSG00000157856,DRC1,0,0.0,1.0,0.0
ENSG00000157837,SPPL3,0,0.0,1.0,0.0
ENSG00000157827,FMNL2,0,0.0,1.0,0.0
ENSG00000157823,AP3S2,0,0.0,1.0,0.0
ENSG00000157657,ZNF618,0,0.0,1.0,0.0
ENSG00000157637,SLC38A10,0,0.0,1.0,0.0
ENSG00000157625,TAB3,0,0.0,1.0,0.0
ENSG00000157617,C2CD2,0,0.0,1.0,0.0
ENSG00000157600,TMEM164,0,0.0,1.0,0.0
ENSG00000157578,LCA5L,0,0.0,1.0,0.0
ENSG00000157514,TSC22D3,0,0.0,1.0,0.0
ENSG00000157502,PWWP3B,0,0.0,1.0,0.0
ENSG00000157500,APPL1,0,0.0,1.0,0.0
ENSG00000157470,FAM81A,0,0.0,1.0,0.0
ENSG00000157450,RNF111,0,0.0,1.0,0.0
ENSG00000159409,CELF3,0,0.0,1.0,0.0
ENSG00000159461,AMFR,0,0.0,1.0,0.0
ENSG00000162600,OMA1,0,0.0,1.0,0.0
ENSG00000162139,NEU3,0,0.0,1.0,0.0
ENSG00000162076,FLYWCH2,0,0.0,1.0,0.0
ENSG00000162073,PAQR4,0,0.0,1.0,0.0
ENSG00000162065,TBC1D24,0,0.0,1.0,0.0
ENSG00000162032,SPSB3,0,0.0,1.0,0.0
ENSG00000161996,WDR90,0,0.0,1.0,0.0
ENSG00000161958,FGF11,0,0.0,1.0,0.0
ENSG00000161914,ZNF653,0,0.0,1.0,0.0
ENSG00000161912,ADCY10P1,0,0.0,1.0,0.0
ENSG00000161904,LEMD2,0,0.0,1.0,0.0
ENSG00000161860,SYCE2,0,0.0,1.0,0.0
ENSG00000161714,PLCD3,0,0.0,1.0,0.0
ENSG00000161682,FAM171A2,0,0.0,1.0,0.0
ENSG00000161681,SHANK1,0,0.0,1.0,0.0
ENSG00000161671,EMC10,0,0.0,1.0,0.0
ENSG00000161647,MPP3,0,0.0,1.0,0.0
ENSG00000161638,ITGA5,0,0.0,1.0,0.0
ENSG00000161551,ZNF577,0,0.0,1.0,0.0
ENSG00000161381,PLXDC1,0,0.0,1.0,0.0
ENSG00000161298,ZNF382,0,0.0,1.0,0.0
ENSG00000161277,THAP8,0,0.0,1.0,0.0
ENSG00000161202,DVL3,0,0.0,1.0,0.0
ENSG00000162104,ADCY9,0,0.0,1.0,0.0
ENSG00000162148,SAXO4,0,0.0,1.0,0.0
ENSG00000161021,MAML1,0,0.0,1.0,0.0
ENSG00000162174,ASRGL1,0,0.0,1.0,0.0
ENSG00000162526,TSSK3,0,0.0,1.0,0.0
ENSG00000162520,SYNC,0,0.0,1.0,0.0
ENSG00000162517,PEF1,0,0.0,1.0,0.0
ENSG00000162512,SDC3,0,0.0,1.0,0.0
ENSG00000162441,LZIC,0,0.0,1.0,0.0
ENSG00000162437,RAVER2,0,0.0,1.0,0.0
ENSG00000162430,SELENON,0,0.0,1.0,0.0
ENSG00000162415,ZSWIM5,0,0.0,1.0,0.0
ENSG00000162402,USP24,0,0.0,1.0,0.0
ENSG00000162390,ACOT11,0,0.0,1.0,0.0
ENSG00000162384,CZIB,0,0.0,1.0,0.0
ENSG00000162378,ZYG11B,0,0.0,1.0,0.0
ENSG00000162374,ELAVL4,0,0.0,1.0,0.0
ENSG00000162373,BEND5,0,0.0,1.0,0.0
ENSG00000162368,CMPK1,0,0.0,1.0,0.0
ENSG00000162341,TPCN2,0,0.0,1.0,0.0
ENSG00000162302,RPS6KA4,0,0.0,1.0,0.0
ENSG00000162300,ZFPL1,0,0.0,1.0,0.0
ENSG00000162236,STX5,0,0.0,1.0,0.0
ENSG00000162231,NXF1,0,0.0,1.0,0.0
ENSG00000162222,TTC9C,0,0.0,1.0,0.0
ENSG00000161040,FBXL13,0,0.0,1.0,0.0
ENSG00000161010,MRNIP,0,0.0,1.0,0.0
ENSG00000159579,RSPRY1,0,0.0,1.0,0.0
ENSG00000160226,CFAP410,0,0.0,1.0,0.0
ENSG00000160207,HSF2BP,0,0.0,1.0,0.0
ENSG00000160111,CPAMD8,0,0.0,1.0,0.0
ENSG00000160094,ZNF362,0,0.0,1.0,0.0
ENSG00000160062,ZBTB8A,0,0.0,1.0,0.0
ENSG00000160058,BSDC1,0,0.0,1.0,0.0
ENSG00000160055,TMEM234,0,0.0,1.0,0.0
ENSG00000160050,CCDC28B,0,0.0,1.0,0.0
ENSG00000160014,CALM3,0,0.0,1.0,0.0
ENSG00000160007,ARHGAP35,0,0.0,1.0,0.0
ENSG00000159921,GNE,0,0.0,1.0,0.0
ENSG00000159915,ZNF233,0,0.0,1.0,0.0
ENSG00000159905,ZNF221,0,0.0,1.0,0.0
ENSG00000159899,NPR2,0,0.0,1.0,0.0
ENSG00000159885,ZNF222,0,0.0,1.0,0.0
ENSG00000159884,CCDC107,0,0.0,1.0,0.0
ENSG00000159842,ABR,0,0.0,1.0,0.0
ENSG00000159792,PSKH1,0,0.0,1.0,0.0
ENSG00000159784,FAM131B,0,0.0,1.0,0.0
ENSG00000159714,ZDHHC1,0,0.0,1.0,0.0
ENSG00000159692,CTBP1,0,0.0,1.0,0.0
ENSG00000159592,GPBP1L1,0,0.0,1.0,0.0
ENSG00000160221,GATD3,0,0.0,1.0,0.0
ENSG00000160233,LRRC3,0,0.0,1.0,0.0
ENSG00000160991,ORAI2,0,0.0,1.0,0.0
ENSG00000160271,RALGDS,0,0.0,1.0,0.0
ENSG00000160972,PPP1R16A,0,0.0,1.0,0.0
ENSG00000160961,ZNF333,0,0.0,1.0,0.0
ENSG00000160948,VPS28,0,0.0,1.0,0.0
ENSG00000160917,CPSF4,0,0.0,1.0,0.0
ENSG00000160908,ZNF394,0,0.0,1.0,0.0
ENSG00000160813,PPP1R35,0,0.0,1.0,0.0
ENSG00000160803,UBQLN4,0,0.0,1.0,0.0
ENSG00000160767,ENTREP3,0,0.0,1.0,0.0
ENSG00000160766,GBA1LP,0,0.0,1.0,0.0
ENSG00000160746,ANO10,0,0.0,1.0,0.0
ENSG00000160703,NLRX1,0,0.0,1.0,0.0
ENSG00000160584,SIK3,0,0.0,1.0,0.0
ENSG00000160563,MED27,0,0.0,1.0,0.0
ENSG00000160539,PLPP7,0,0.0,1.0,0.0
ENSG00000160469,BRSK1,0,0.0,1.0,0.0
ENSG00000160447,PKN3,0,0.0,1.0,0.0
ENSG00000160408,ST6GALNAC6,0,0.0,1.0,0.0
ENSG00000160360,GPSM1,0,0.0,1.0,0.0
ENSG00000160325,CACFD1,0,0.0,1.0,0.0
ENSG00000160323,ADAMTS13,0,0.0,1.0,0.0
ENSG00000160293,VAV2,0,0.0,1.0,0.0
ENSG00000144485,HES6,0,0.0,1.0,0.0
ENSG00000144455,SUMF1,0,0.0,1.0,0.0
ENSG00000124786,SLC35B3,0,0.0,1.0,0.0
ENSG00000132821,VSTM2L,0,0.0,1.0,0.0
ENSG00000132792,CTNNBL1,0,0.0,1.0,0.0
ENSG00000132716,DCAF8,0,0.0,1.0,0.0
ENSG00000132639,SNAP25,0,0.0,1.0,0.0
ENSG00000132635,PCED1A,0,0.0,1.0,0.0
ENSG00000132613,MTSS2,0,0.0,1.0,0.0
ENSG00000132604,TERF2,0,0.0,1.0,0.0
ENSG00000132600,PRMT7,0,0.0,1.0,0.0
ENSG00000132563,REEP2,0,0.0,1.0,0.0
ENSG00000132561,MATN2,0,0.0,1.0,0.0
ENSG00000132554,RGS22,0,0.0,1.0,0.0
ENSG00000132535,DLG4,0,0.0,1.0,0.0
ENSG00000132478,UNK,0,0.0,1.0,0.0
ENSG00000132475,H3-3B,0,0.0,1.0,0.0
ENSG00000132466,ANKRD17,0,0.0,1.0,0.0
ENSG00000132436,FIGNL1,0,0.0,1.0,0.0
ENSG00000132434,LANCL2,0,0.0,1.0,0.0
ENSG00000132406,TMEM128,0,0.0,1.0,0.0
ENSG00000132394,EEFSEC,0,0.0,1.0,0.0
ENSG00000132386,SERPINF1,0,0.0,1.0,0.0
ENSG00000132356,PRKAA1,0,0.0,1.0,0.0
ENSG00000132334,PTPRE,0,0.0,1.0,0.0
ENSG00000132793,LPIN3,0,0.0,1.0,0.0
ENSG00000132823,OSER1,0,0.0,1.0,0.0
ENSG00000132323,ILKAP,0,0.0,1.0,0.0
ENSG00000132825,PPP1R3D,0,0.0,1.0,0.0
ENSG00000133466,C1QTNF6,0,0.0,1.0,0.0
ENSG00000133460,SLC2A11,0,0.0,1.0,0.0
ENSG00000133392,MYH11,0,0.0,1.0,0.0
ENSG00000133302,SLF1,0,0.0,1.0,0.0
ENSG00000133256,PDE6B,0,0.0,1.0,0.0
ENSG00000133250,ZNF414,0,0.0,1.0,0.0
ENSG00000133247,KMT5C,0,0.0,1.0,0.0
ENSG00000133131,MORC4,0,0.0,1.0,0.0
ENSG00000133114,GPALPP1,0,0.0,1.0,0.0
ENSG00000133111,RFXAP,0,0.0,1.0,0.0
ENSG00000133104,SPART,0,0.0,1.0,0.0
ENSG00000133069,TMCC2,0,0.0,1.0,0.0
ENSG00000133056,PIK3C2B,0,0.0,1.0,0.0
ENSG00000133030,MPRIP,0,0.0,1.0,0.0
ENSG00000132964,CDK8,0,0.0,1.0,0.0
ENSG00000132952,USPL1,0,0.0,1.0,0.0
ENSG00000132950,ZMYM5,0,0.0,1.0,0.0
ENSG00000132912,DCTN4,0,0.0,1.0,0.0
ENSG00000132854,KANK4,0,0.0,1.0,0.0
ENSG00000132842,AP3B1,0,0.0,1.0,0.0
ENSG00000132837,DMGDH,0,0.0,1.0,0.0
ENSG00000132326,PER2,0,0.0,1.0,0.0
ENSG00000132321,IQCA1,0,0.0,1.0,0.0
ENSG00000133639,BTG1,0,0.0,1.0,0.0
ENSG00000131503,ANKHD1,0,0.0,1.0,0.0
ENSG00000131437,KIF3A,0,0.0,1.0,0.0
ENSG00000131435,PDLIM4,0,0.0,1.0,0.0
ENSG00000131408,NR1H2,0,0.0,1.0,0.0
ENSG00000131381,RBSN,0,0.0,1.0,0.0
ENSG00000131378,RFTN1,0,0.0,1.0,0.0
ENSG00000131373,HACL1,0,0.0,1.0,0.0
ENSG00000131370,SH3BP5,0,0.0,1.0,0.0
ENSG00000131323,TRAF3,0,0.0,1.0,0.0
ENSG00000131269,ABCB7,0,0.0,1.0,0.0
ENSG00000131263,RLIM,0,0.0,1.0,0.0
ENSG00000131196,NFATC1,0,0.0,1.0,0.0
ENSG00000131188,PRR7,0,0.0,1.0,0.0
ENSG00000131171,SH3BGRL,0,0.0,1.0,0.0
ENSG00000131152,ENSG00000131152,0,0.0,1.0,0.0
ENSG00000131116,ZNF428,0,0.0,1.0,0.0
ENSG00000131115,ZNF227,0,0.0,1.0,0.0
ENSG00000131051,RBM39,0,0.0,1.0,0.0
ENSG00000131044,TTLL9,0,0.0,1.0,0.0
ENSG00000131023,LATS1,0,0.0,1.0,0.0
ENSG00000131019,ULBP3,0,0.0,1.0,0.0
ENSG00000131013,PPIL4,0,0.0,1.0,0.0
ENSG00000131470,PSMC3IP,0,0.0,1.0,0.0
ENSG00000131584,ACAP3,0,0.0,1.0,0.0
ENSG00000132286,TIMM10B,0,0.0,1.0,0.0
ENSG00000131591,C1orf159,0,0.0,1.0,0.0
ENSG00000132275,RRP8,0,0.0,1.0,0.0
ENSG00000132256,TRIM5,0,0.0,1.0,0.0
ENSG00000132199,ENOSF1,0,0.0,1.0,0.0
ENSG00000132170,PPARG,0,0.0,1.0,0.0
ENSG00000132155,RAF1,0,0.0,1.0,0.0
ENSG00000132128,LRRC41,0,0.0,1.0,0.0
ENSG00000132031,MATN3,0,0.0,1.0,0.0
ENSG00000132010,ZNF20,0,0.0,1.0,0.0
ENSG00000132003,ZSWIM4,0,0.0,1.0,0.0
ENSG00000131981,LGALS3,0,0.0,1.0,0.0
ENSG00000131966,ACTR10,0,0.0,1.0,0.0
ENSG00000131951,LRRC9,0,0.0,1.0,0.0
ENSG00000131943,C19orf12,0,0.0,1.0,0.0
ENSG00000131899,LLGL1,0,0.0,1.0,0.0
ENSG00000131849,ZNF132,0,0.0,1.0,0.0
ENSG00000131788,PIAS3,0,0.0,1.0,0.0
ENSG00000131779,PEX11B,0,0.0,1.0,0.0
ENSG00000131725,WDR44,0,0.0,1.0,0.0
ENSG00000131724,IL13RA1,0,0.0,1.0,0.0
ENSG00000131697,NPHP4,0,0.0,1.0,0.0
ENSG00000131669,NINJ1,0,0.0,1.0,0.0
ENSG00000133619,KRBA1,0,0.0,1.0,0.0
ENSG00000133678,TMEM254,0,0.0,1.0,0.0
ENSG00000130962,PRRG1,0,0.0,1.0,0.0
ENSG00000135250,SRPK2,0,0.0,1.0,0.0
ENSG00000135164,DMTF1,0,0.0,1.0,0.0
ENSG00000135148,TRAFD1,0,0.0,1.0,0.0
ENSG00000135124,P2RX4,0,0.0,1.0,0.0
ENSG00000135108,FBXO21,0,0.0,1.0,0.0
ENSG00000135093,USP30,0,0.0,1.0,0.0
ENSG00000135077,HAVCR2,0,0.0,1.0,0.0
ENSG00000135074,ADAM19,0,0.0,1.0,0.0
ENSG00000135052,GOLM1,0,0.0,1.0,0.0
ENSG00000135049,AGTPBP1,0,0.0,1.0,0.0
ENSG00000135046,ANXA1,0,0.0,1.0,0.0
ENSG00000135045,C9orf40,0,0.0,1.0,0.0
ENSG00000135040,NAA35,0,0.0,1.0,0.0
ENSG00000135018,UBQLN1,0,0.0,1.0,0.0
ENSG00000134982,APC,0,0.0,1.0,0.0
ENSG00000134905,CARS2,0,0.0,1.0,0.0
ENSG00000134901,POGLUT2,0,0.0,1.0,0.0
ENSG00000134899,ERCC5,0,0.0,1.0,0.0
ENSG00000134897,BIVM,0,0.0,1.0,0.0
ENSG00000134874,DZIP1,0,0.0,1.0,0.0
ENSG00000134864,GGACT,0,0.0,1.0,0.0
ENSG00000134852,CLOCK,0,0.0,1.0,0.0
ENSG00000135211,TMEM60,0,0.0,1.0,0.0
ENSG00000135272,MDFIC,0,0.0,1.0,0.0
ENSG00000134779,TPGS2,0,0.0,1.0,0.0
ENSG00000135298,ADGRB3,0,0.0,1.0,0.0
ENSG00000135679,MDM2,0,0.0,1.0,0.0
ENSG00000135678,CPM,0,0.0,1.0,0.0
ENSG00000135655,USP15,0,0.0,1.0,0.0
ENSG00000135637,CCDC142,0,0.0,1.0,0.0
ENSG00000135622,SEMA4F,0,0.0,1.0,0.0
ENSG00000135597,REPS1,0,0.0,1.0,0.0
ENSG00000135587,SMPD2,0,0.0,1.0,0.0
ENSG00000135577,NMBR,0,0.0,1.0,0.0
ENSG00000135549,PKIB,0,0.0,1.0,0.0
ENSG00000135537,AFG1L,0,0.0,1.0,0.0
ENSG00000135503,ACVR1B,0,0.0,1.0,0.0
ENSG00000135482,ZC3H10,0,0.0,1.0,0.0
ENSG00000135469,COQ10A,0,0.0,1.0,0.0
ENSG00000135452,TSPAN31,0,0.0,1.0,0.0
ENSG00000135447,PPP1R1A,0,0.0,1.0,0.0
ENSG00000135437,RDH5,0,0.0,1.0,0.0
ENSG00000135414,GDF11,0,0.0,1.0,0.0
ENSG00000135407,AVIL,0,0.0,1.0,0.0
ENSG00000135362,PRR5L,0,0.0,1.0,0.0
ENSG00000135341,MAP3K7,0,0.0,1.0,0.0
ENSG00000135314,KHDC1,0,0.0,1.0,0.0
ENSG00000134851,TMEM165,0,0.0,1.0,0.0
ENSG00000134762,DSC3,0,0.0,1.0,0.0
ENSG00000133731,IMPA1,0,0.0,1.0,0.0
ENSG00000134247,PTGFRN,0,0.0,1.0,0.0
ENSG00000134202,GSTM3,0,0.0,1.0,0.0
ENSG00000134184,GSTM1,0,0.0,1.0,0.0
ENSG00000134152,KATNBL1,0,0.0,1.0,0.0
ENSG00000134146,DPH6,0,0.0,1.0,0.0
ENSG00000134138,MEIS2,0,0.0,1.0,0.0
ENSG00000134115,CNTN6,0,0.0,1.0,0.0
ENSG00000134109,EDEM1,0,0.0,1.0,0.0
ENSG00000134107,BHLHE40,0,0.0,1.0,0.0
ENSG00000134072,CAMK1,0,0.0,1.0,0.0
ENSG00000134049,IER3IP1,0,0.0,1.0,0.0
ENSG00000134046,MBD2,0,0.0,1.0,0.0
ENSG00000134014,ELP3,0,0.0,1.0,0.0
ENSG00000134007,ADAM20,0,0.0,1.0,0.0
ENSG00000133997,MED6,0,0.0,1.0,0.0
ENSG00000133961,NUMB,0,0.0,1.0,0.0
ENSG00000133943,DGLUCY,0,0.0,1.0,0.0
ENSG00000133935,ERG28,0,0.0,1.0,0.0
ENSG00000133874,RNF122,0,0.0,1.0,0.0
ENSG00000133872,SARAF,0,0.0,1.0,0.0
ENSG00000133858,ZFC3H1,0,0.0,1.0,0.0
ENSG00000133740,E2F5,0,0.0,1.0,0.0
ENSG00000134243,SORT1,0,0.0,1.0,0.0
ENSG00000134248,LAMTOR5,0,0.0,1.0,0.0
ENSG00000134644,PUM1,0,0.0,1.0,0.0
ENSG00000134255,CEPT1,0,0.0,1.0,0.0
ENSG00000134627,PIWIL4,0,0.0,1.0,0.0
ENSG00000134597,RBMX2,0,0.0,1.0,0.0
ENSG00000134590,RTL8C,0,0.0,1.0,0.0
ENSG00000134575,ACP2,0,0.0,1.0,0.0
ENSG00000134539,KLRD1,0,0.0,1.0,0.0
ENSG00000134531,EMP1,0,0.0,1.0,0.0
ENSG00000134490,TMEM241,0,0.0,1.0,0.0
ENSG00000134463,ECHDC3,0,0.0,1.0,0.0
ENSG00000134461,ANKRD16,0,0.0,1.0,0.0
ENSG00000134376,CRB1,0,0.0,1.0,0.0
ENSG00000134352,IL6ST,0,0.0,1.0,0.0
ENSG00000134343,ANO3,0,0.0,1.0,0.0
ENSG00000134330,IAH1,0,0.0,1.0,0.0
ENSG00000134318,ROCK2,0,0.0,1.0,0.0
ENSG00000134317,GRHL1,0,0.0,1.0,0.0
ENSG00000134308,YWHAQ,0,0.0,1.0,0.0
ENSG00000134291,TMEM106C,0,0.0,1.0,0.0
ENSG00000134283,PPHLN1,0,0.0,1.0,0.0
ENSG00000134278,SPIRE1,0,0.0,1.0,0.0
ENSG00000134262,AP4B1,0,0.0,1.0,0.0
ENSG00000134256,CD101,0,0.0,1.0,0.0
ENSG00000130985,UBA1,0,0.0,1.0,0.0
ENSG00000130958,SLC35D2,0,0.0,1.0,0.0
ENSG00000135697,BCO1,0,0.0,1.0,0.0
ENSG00000127314,RAP1B,0,0.0,1.0,0.0
ENSG00000127241,MASP1,0,0.0,1.0,0.0
ENSG00000127220,ABHD8,0,0.0,1.0,0.0
ENSG00000127124,HIVEP3,0,0.0,1.0,0.0
ENSG00000127084,FGD3,0,0.0,1.0,0.0
ENSG00000127081,ZNF484,0,0.0,1.0,0.0
ENSG00000126970,ZC4H2,0,0.0,1.0,0.0
ENSG00000126950,TMEM35A,0,0.0,1.0,0.0
ENSG00000126947,ARMCX1,0,0.0,1.0,0.0
ENSG00000126883,NUP214,0,0.0,1.0,0.0
ENSG00000126870,DYNC2I1,0,0.0,1.0,0.0
ENSG00000126861,OMG,0,0.0,1.0,0.0
ENSG00000126858,RHOT1,0,0.0,1.0,0.0
ENSG00000126838,PZP,0,0.0,1.0,0.0
ENSG00000126821,SGPP1,0,0.0,1.0,0.0
ENSG00000126804,ZBTB1,0,0.0,1.0,0.0
ENSG00000126790,L3HYPDH,0,0.0,1.0,0.0
ENSG00000126768,TIMM17B,0,0.0,1.0,0.0
ENSG00000126653,NSRP1,0,0.0,1.0,0.0
ENSG00000126603,GLIS2,0,0.0,1.0,0.0
ENSG00000126351,THRA,0,0.0,1.0,0.0
ENSG00000126259,KIRREL2,0,0.0,1.0,0.0
ENSG00000127249,ATP13A4,0,0.0,1.0,0.0
ENSG00000127328,RAB3IP,0,0.0,1.0,0.0
ENSG00000126217,MCF2L,0,0.0,1.0,0.0
ENSG00000127329,PTPRB,0,0.0,1.0,0.0
ENSG00000128268,MGAT3,0,0.0,1.0,0.0
ENSG00000128266,GNAZ,0,0.0,1.0,0.0
ENSG00000128191,DGCR8,0,0.0,1.0,0.0
ENSG00000128159,TUBGCP6,0,0.0,1.0,0.0
ENSG00000128039,SRD5A3,0,0.0,1.0,0.0
ENSG00000128000,ZNF780B,0,0.0,1.0,0.0
ENSG00000127995,CASD1,0,0.0,1.0,0.0
ENSG00000127993,RBM48,0,0.0,1.0,0.0
ENSG00000127980,PEX1,0,0.0,1.0,0.0
ENSG00000127955,GNAI1,0,0.0,1.0,0.0
ENSG00000127952,STYXL1,0,0.0,1.0,0.0
ENSG00000127920,GNG11,0,0.0,1.0,0.0
ENSG00000127870,RNF6,0,0.0,1.0,0.0
ENSG00000127838,PNKD,0,0.0,1.0,0.0
ENSG00000127663,KDM4B,0,0.0,1.0,0.0
ENSG00000127527,EPS15L1,0,0.0,1.0,0.0
ENSG00000127483,HP1BP3,0,0.0,1.0,0.0
ENSG00000127419,TMEM175,0,0.0,1.0,0.0
ENSG00000127418,FGFRL1,0,0.0,1.0,0.0
ENSG00000127364,TAS2R4,0,0.0,1.0,0.0
ENSG00000127337,YEATS4,0,0.0,1.0,0.0
ENSG00000126243,LRFN3,0,0.0,1.0,0.0
ENSG00000126216,TUBGCP3,0,0.0,1.0,0.0
ENSG00000128283,CDC42EP1,0,0.0,1.0,0.0
ENSG00000125676,THOC2,0,0.0,1.0,0.0
ENSG00000125652,ALKBH7,0,0.0,1.0,0.0
ENSG00000125648,SLC25A23,0,0.0,1.0,0.0
ENSG00000125633,CCDC93,0,0.0,1.0,0.0
ENSG00000125629,INSIG2,0,0.0,1.0,0.0
ENSG00000125611,CHCHD5,0,0.0,1.0,0.0
ENSG00000125534,PPDPF,0,0.0,1.0,0.0
ENSG00000125520,SLC2A4RG,0,0.0,1.0,0.0
ENSG00000125462,MIR9-1HG,0,0.0,1.0,0.0
ENSG00000125459,MSTO1,0,0.0,1.0,0.0
ENSG00000125409,TEKT3,0,0.0,1.0,0.0
ENSG00000125388,GRK4,0,0.0,1.0,0.0
ENSG00000125386,FAM193A,0,0.0,1.0,0.0
ENSG00000125375,DMAC2L,0,0.0,1.0,0.0
ENSG00000125347,IRF1,0,0.0,1.0,0.0
ENSG00000125319,HROB,0,0.0,1.0,0.0
ENSG00000125285,SOX21,0,0.0,1.0,0.0
ENSG00000125249,RAP2A,0,0.0,1.0,0.0
ENSG00000125247,TMTC4,0,0.0,1.0,0.0
ENSG00000125122,FBXL9P,0,0.0,1.0,0.0
ENSG00000125037,EMC3,0,0.0,1.0,0.0
ENSG00000124831,LRRFIP1,0,0.0,1.0,0.0
ENSG00000125675,GRIA3,0,0.0,1.0,0.0
ENSG00000125695,ENSG00000125695,0,0.0,1.0,0.0
ENSG00000126214,KLC1,0,0.0,1.0,0.0
ENSG00000125703,ATG4C,0,0.0,1.0,0.0
ENSG00000126106,TMEM53,0,0.0,1.0,0.0
ENSG00000126070,AGO3,0,0.0,1.0,0.0
ENSG00000126012,KDM5C,0,0.0,1.0,0.0
ENSG00000126005,MMP24OS,0,0.0,1.0,0.0
ENSG00000126003,PLAGL2,0,0.0,1.0,0.0
ENSG00000126001,CEP250,0,0.0,1.0,0.0
ENSG00000125971,DYNLRB1,0,0.0,1.0,0.0
ENSG00000125970,RALY,0,0.0,1.0,0.0
ENSG00000125967,NECAB3,0,0.0,1.0,0.0
ENSG00000125962,ARMCX5,0,0.0,1.0,0.0
ENSG00000125954,CHURC1-FNTB,0,0.0,1.0,0.0
ENSG00000125945,ZNF436,0,0.0,1.0,0.0
ENSG00000125898,FAM110A,0,0.0,1.0,0.0
ENSG00000125875,TBC1D20,0,0.0,1.0,0.0
ENSG00000125863,MKKS,0,0.0,1.0,0.0
ENSG00000125846,ZNF133,0,0.0,1.0,0.0
ENSG00000125845,BMP2,0,0.0,1.0,0.0
ENSG00000125841,NRSN2,0,0.0,1.0,0.0
ENSG00000125814,NAPB,0,0.0,1.0,0.0
ENSG00000125746,EML2,0,0.0,1.0,0.0
ENSG00000125734,GPR108,0,0.0,1.0,0.0
ENSG00000128271,ADORA2A,0,0.0,1.0,0.0
ENSG00000128298,BAIAP2L2,0,0.0,1.0,0.0
ENSG00000130956,HABP4,0,0.0,1.0,0.0
ENSG00000130522,JUND,0,0.0,1.0,0.0
ENSG00000130511,SSBP4,0,0.0,1.0,0.0
ENSG00000130508,PXDN,0,0.0,1.0,0.0
ENSG00000130475,FCHO1,0,0.0,1.0,0.0
ENSG00000130382,MLLT1,0,0.0,1.0,0.0
ENSG00000130377,ACSBG2,0,0.0,1.0,0.0
ENSG00000130347,RTN4IP1,0,0.0,1.0,0.0
ENSG00000130309,COLGALT1,0,0.0,1.0,0.0
ENSG00000130304,SLC27A1,0,0.0,1.0,0.0
ENSG00000130287,NCAN,0,0.0,1.0,0.0
ENSG00000130283,GDF1,0,0.0,1.0,0.0
ENSG00000130270,ATP8B3,0,0.0,1.0,0.0
ENSG00000130227,XPO7,0,0.0,1.0,0.0
ENSG00000130224,LRCH2,0,0.0,1.0,0.0
ENSG00000130150,MOSPD2,0,0.0,1.0,0.0
ENSG00000130147,SH3BP4,0,0.0,1.0,0.0
ENSG00000130066,SAT1,0,0.0,1.0,0.0
ENSG00000130055,GDPD2,0,0.0,1.0,0.0
ENSG00000130052,STARD8,0,0.0,1.0,0.0
ENSG00000130035,GALNT8,0,0.0,1.0,0.0
ENSG00000130032,PRRG3,0,0.0,1.0,0.0
ENSG00000130024,PHF10,0,0.0,1.0,0.0
ENSG00000130518,IQCN,0,0.0,1.0,0.0
ENSG00000130529,TRPM4,0,0.0,1.0,0.0
ENSG00000129951,PLPPR3,0,0.0,1.0,0.0
ENSG00000130559,CAMSAP1,0,0.0,1.0,0.0
ENSG00000130940,CASZ1,0,0.0,1.0,0.0
ENSG00000130921,MTRFR,0,0.0,1.0,0.0
ENSG00000130881,LRP3,0,0.0,1.0,0.0
ENSG00000130856,ZNF236,0,0.0,1.0,0.0
ENSG00000130827,PLXNA3,0,0.0,1.0,0.0
ENSG00000130822,PNCK,0,0.0,1.0,0.0
ENSG00000130821,SLC6A8,0,0.0,1.0,0.0
ENSG00000130787,HIP1R,0,0.0,1.0,0.0
ENSG00000130783,CCDC62,0,0.0,1.0,0.0
ENSG00000130758,MAP3K10,0,0.0,1.0,0.0
ENSG00000130751,NPAS1,0,0.0,1.0,0.0
ENSG00000130734,ATG4D,0,0.0,1.0,0.0
ENSG00000130724,CHMP2A,0,0.0,1.0,0.0
ENSG00000130714,POMT1,0,0.0,1.0,0.0
ENSG00000130703,OSBPL2,0,0.0,1.0,0.0
ENSG00000130684,ZNF337,0,0.0,1.0,0.0
ENSG00000130669,PAK4,0,0.0,1.0,0.0
ENSG00000130653,PNPLA7,0,0.0,1.0,0.0
ENSG00000130649,CYP2E1,0,0.0,1.0,0.0
ENSG00000130640,TUBGCP2,0,0.0,1.0,0.0
ENSG00000130635,COL5A1,0,0.0,1.0,0.0
ENSG00000130021,PUDP,0,0.0,1.0,0.0
ENSG00000129933,MAU2,0,0.0,1.0,0.0
ENSG00000128408,RIBC2,0,0.0,1.0,0.0
ENSG00000129055,ANAPC13,0,0.0,1.0,0.0
ENSG00000129028,THAP10,0,0.0,1.0,0.0
ENSG00000128923,MINDY2,0,0.0,1.0,0.0
ENSG00000128918,ALDH1A2,0,0.0,1.0,0.0
ENSG00000128915,ICE2,0,0.0,1.0,0.0
ENSG00000128891,CCDC32,0,0.0,1.0,0.0
ENSG00000128791,TWSG1,0,0.0,1.0,0.0
ENSG00000128789,PSMG2,0,0.0,1.0,0.0
ENSG00000128694,OSGEPL1,0,0.0,1.0,0.0
ENSG00000128656,CHN1,0,0.0,1.0,0.0
ENSG00000128654,MTX2,0,0.0,1.0,0.0
ENSG00000128610,FEZF1,0,0.0,1.0,0.0
ENSG00000128607,KLHDC10,0,0.0,1.0,0.0
ENSG00000128602,SMO,0,0.0,1.0,0.0
ENSG00000128596,CCDC136,0,0.0,1.0,0.0
ENSG00000128594,LRRC4,0,0.0,1.0,0.0
ENSG00000128590,DNAJB9,0,0.0,1.0,0.0
ENSG00000128581,IFT22,0,0.0,1.0,0.0
ENSG00000128573,FOXP2,0,0.0,1.0,0.0
ENSG00000128563,PRKRIP1,0,0.0,1.0,0.0
ENSG00000128534,LSM8,0,0.0,1.0,0.0
ENSG00000128513,POT1,0,0.0,1.0,0.0
ENSG00000129038,LOXL1,0,0.0,1.0,0.0
ENSG00000129083,COPB1,0,0.0,1.0,0.0
ENSG00000129757,CDKN1C,0,0.0,1.0,0.0
ENSG00000129103,SUMF2,0,0.0,1.0,0.0
ENSG00000129696,TTI2,0,0.0,1.0,0.0
ENSG00000129691,ASH2L,0,0.0,1.0,0.0
ENSG00000129682,FGF13,0,0.0,1.0,0.0
ENSG00000129657,SEC14L1,0,0.0,1.0,0.0
ENSG00000129654,FOXJ1,0,0.0,1.0,0.0
ENSG00000129646,QRICH2,0,0.0,1.0,0.0
ENSG00000129596,CDO1,0,0.0,1.0,0.0
ENSG00000129566,TEP1,0,0.0,1.0,0.0
ENSG00000129518,EAPP,0,0.0,1.0,0.0
ENSG00000129480,DTD2,0,0.0,1.0,0.0
ENSG00000129473,BCL2L2,0,0.0,1.0,0.0
ENSG00000129472,RAB2B,0,0.0,1.0,0.0
ENSG00000129353,SLC44A2,0,0.0,1.0,0.0
ENSG00000129292,PHF20L1,0,0.0,1.0,0.0
ENSG00000129245,FXR2,0,0.0,1.0,0.0
ENSG00000129244,ATP1B2,0,0.0,1.0,0.0
ENSG00000129197,RPAIN,0,0.0,1.0,0.0
ENSG00000129173,E2F8,0,0.0,1.0,0.0
ENSG00000129159,KCNC1,0,0.0,1.0,0.0
ENSG00000129158,SERGEF,0,0.0,1.0,0.0
ENSG00000129151,BBOX1,0,0.0,1.0,0.0
ENSG00000135686,KLHL36,0,0.0,1.0,0.0
ENSG00000135698,MPHOSPH6,0,0.0,1.0,0.0
ENSG00000144445,KANSL1L,0,0.0,1.0,0.0
ENSG00000141447,OSBPL1A,0,0.0,1.0,0.0
ENSG00000141404,GNAL,0,0.0,1.0,0.0
ENSG00000141380,SS18,0,0.0,1.0,0.0
ENSG00000141298,SSH2,0,0.0,1.0,0.0
ENSG00000141295,SCRN2,0,0.0,1.0,0.0
ENSG00000141279,NPEPPS,0,0.0,1.0,0.0
ENSG00000141258,SGSM2,0,0.0,1.0,0.0
ENSG00000141252,VPS53,0,0.0,1.0,0.0
ENSG00000141232,TOB1,0,0.0,1.0,0.0
ENSG00000141179,PCTP,0,0.0,1.0,0.0
ENSG00000141127,PRPSAP2,0,0.0,1.0,0.0
ENSG00000141084,RANBP10,0,0.0,1.0,0.0
ENSG00000141040,ZNF287,0,0.0,1.0,0.0
ENSG00000141034,GID4,0,0.0,1.0,0.0
ENSG00000141026,MED9,0,0.0,1.0,0.0
ENSG00000141012,GALNS,0,0.0,1.0,0.0
ENSG00000141002,TCF25,0,0.0,1.0,0.0
ENSG00000140995,DEF8,0,0.0,1.0,0.0
ENSG00000140992,PDPK1,0,0.0,1.0,0.0
ENSG00000140950,MEAK7,0,0.0,1.0,0.0
ENSG00000140948,ZCCHC14,0,0.0,1.0,0.0
ENSG00000140943,MBTPS1,0,0.0,1.0,0.0
ENSG00000141424,SLC39A6,0,0.0,1.0,0.0
ENSG00000141452,RMC1,0,0.0,1.0,0.0
ENSG00000140931,CMTM3,0,0.0,1.0,0.0
ENSG00000141499,WRAP53,0,0.0,1.0,0.0
ENSG00000141933,TPGS1,0,0.0,1.0,0.0
ENSG00000141756,FKBP10,0,0.0,1.0,0.0
ENSG00000141741,MIEN1,0,0.0,1.0,0.0
ENSG00000141699,RETREG3,0,0.0,1.0,0.0
ENSG00000141696,P3H4,0,0.0,1.0,0.0
ENSG00000141665,FBXO15,0,0.0,1.0,0.0
ENSG00000141664,ZCCHC2,0,0.0,1.0,0.0
ENSG00000141646,SMAD4,0,0.0,1.0,0.0
ENSG00000141644,MBD1,0,0.0,1.0,0.0
ENSG00000141642,ELAC1,0,0.0,1.0,0.0
ENSG00000141622,ARK2C,0,0.0,1.0,0.0
ENSG00000141582,CBX4,0,0.0,1.0,0.0
ENSG00000141570,CBX8,0,0.0,1.0,0.0
ENSG00000141562,NARF,0,0.0,1.0,0.0
ENSG00000141560,FN3KRP,0,0.0,1.0,0.0
ENSG00000141542,RAB40B,0,0.0,1.0,0.0
ENSG00000141540,TTYH2,0,0.0,1.0,0.0
ENSG00000141526,SLC16A3,0,0.0,1.0,0.0
ENSG00000141519,CCDC40,0,0.0,1.0,0.0
ENSG00000141505,ASGR1,0,0.0,1.0,0.0
ENSG00000141504,SAT2,0,0.0,1.0,0.0
ENSG00000140937,CDH11,0,0.0,1.0,0.0
ENSG00000140905,GCSH,0,0.0,1.0,0.0
ENSG00000141979,ENSG00000141979,0,0.0,1.0,0.0
ENSG00000140374,ETFA,0,0.0,1.0,0.0
ENSG00000140199,SLC12A6,0,0.0,1.0,0.0
ENSG00000140153,WDR20,0,0.0,1.0,0.0
ENSG00000140104,CLBA1,0,0.0,1.0,0.0
ENSG00000140057,AK7,0,0.0,1.0,0.0
ENSG00000140025,EFCAB11,0,0.0,1.0,0.0
ENSG00000140022,STON2,0,0.0,1.0,0.0
ENSG00000140009,ESR2,0,0.0,1.0,0.0
ENSG00000139977,NAA30,0,0.0,1.0,0.0
ENSG00000139974,SLC38A6,0,0.0,1.0,0.0
ENSG00000139946,PELI2,0,0.0,1.0,0.0
ENSG00000139926,FRMD6,0,0.0,1.0,0.0
ENSG00000139880,CDH24,0,0.0,1.0,0.0
ENSG00000139826,ABHD13,0,0.0,1.0,0.0
ENSG00000139746,RBM26,0,0.0,1.0,0.0
ENSG00000139737,SLAIN1,0,0.0,1.0,0.0
ENSG00000139725,RHOF,0,0.0,1.0,0.0
ENSG00000139714,MORN3,0,0.0,1.0,0.0
ENSG00000139684,ESD,0,0.0,1.0,0.0
ENSG00000139679,LPAR6,0,0.0,1.0,0.0
ENSG00000139668,WDFY2,0,0.0,1.0,0.0
ENSG00000139651,ZNF740,0,0.0,1.0,0.0
ENSG00000140326,CDAN1,0,0.0,1.0,0.0
ENSG00000140382,HMG20A,0,0.0,1.0,0.0
ENSG00000140876,NUDT7,0,0.0,1.0,0.0
ENSG00000140391,TSPAN3,0,0.0,1.0,0.0
ENSG00000140859,KIFC3,0,0.0,1.0,0.0
ENSG00000140830,TXNL4B,0,0.0,1.0,0.0
ENSG00000140795,MYLK3,0,0.0,1.0,0.0
ENSG00000140750,ARHGAP17,0,0.0,1.0,0.0
ENSG00000140718,FTO,0,0.0,1.0,0.0
ENSG00000140691,ARMC5,0,0.0,1.0,0.0
ENSG00000140688,RUSF1,0,0.0,1.0,0.0
ENSG00000140564,FURIN,0,0.0,1.0,0.0
ENSG00000140548,ZNF710,0,0.0,1.0,0.0
ENSG00000140543,DET1,0,0.0,1.0,0.0
ENSG00000140526,ABHD2,0,0.0,1.0,0.0
ENSG00000140481,CCDC33,0,0.0,1.0,0.0
ENSG00000140474,ULK3,0,0.0,1.0,0.0
ENSG00000140471,LINS1,0,0.0,1.0,0.0
ENSG00000140463,BBS4,0,0.0,1.0,0.0
ENSG00000140450,ARRDC4,0,0.0,1.0,0.0
ENSG00000140406,TLNRD1,0,0.0,1.0,0.0
ENSG00000140403,DNAJA4,0,0.0,1.0,0.0
ENSG00000140400,MAN2C1,0,0.0,1.0,0.0
ENSG00000140396,NCOA2,0,0.0,1.0,0.0
ENSG00000140395,SKIC8,0,0.0,1.0,0.0
ENSG00000141971,MVB12A,0,0.0,1.0,0.0
ENSG00000142065,ZFP14,0,0.0,1.0,0.0
ENSG00000139636,LMBR1L,0,0.0,1.0,0.0
ENSG00000143847,PPFIA4,0,0.0,1.0,0.0
ENSG00000143702,CEP170,0,0.0,1.0,0.0
ENSG00000143653,SCCPDH,0,0.0,1.0,0.0
ENSG00000143643,TTC13,0,0.0,1.0,0.0
ENSG00000143641,GALNT2,0,0.0,1.0,0.0
ENSG00000143630,HCN3,0,0.0,1.0,0.0
ENSG00000143622,RIT1,0,0.0,1.0,0.0
ENSG00000143614,GATAD2B,0,0.0,1.0,0.0
ENSG00000143553,SNAPIN,0,0.0,1.0,0.0
ENSG00000143552,NUP210L,0,0.0,1.0,0.0
ENSG00000143514,TP53BP2,0,0.0,1.0,0.0
ENSG00000143507,DUSP10,0,0.0,1.0,0.0
ENSG00000143486,EIF2D,0,0.0,1.0,0.0
ENSG00000143479,DYRK3,0,0.0,1.0,0.0
ENSG00000143476,DTL,0,0.0,1.0,0.0
ENSG00000143458,GABPB2,0,0.0,1.0,0.0
ENSG00000143443,C1orf56,0,0.0,1.0,0.0
ENSG00000143442,POGZ,0,0.0,1.0,0.0
ENSG00000143437,ARNT,0,0.0,1.0,0.0
ENSG00000143434,SEMA6C,0,0.0,1.0,0.0
ENSG00000143420,ENSA,0,0.0,1.0,0.0
ENSG00000143416,SELENBP1,0,0.0,1.0,0.0
ENSG00000143774,GUK1,0,0.0,1.0,0.0
ENSG00000143862,ARL8A,0,0.0,1.0,0.0
ENSG00000143398,PIP5K1A,0,0.0,1.0,0.0
ENSG00000143869,GDF7,0,0.0,1.0,0.0
ENSG00000144401,METTL21A,0,0.0,1.0,0.0
ENSG00000144369,FAM171B,0,0.0,1.0,0.0
ENSG00000144362,PHOSPHO2,0,0.0,1.0,0.0
ENSG00000144339,TMEFF2,0,0.0,1.0,0.0
ENSG00000144306,SCRN3,0,0.0,1.0,0.0
ENSG00000144290,SLC4A10,0,0.0,1.0,0.0
ENSG00000144228,SPOPL,0,0.0,1.0,0.0
ENSG00000144224,UBXN4,0,0.0,1.0,0.0
ENSG00000144214,LYG1,0,0.0,1.0,0.0
ENSG00000144199,FAHD2B,0,0.0,1.0,0.0
ENSG00000144161,ZC3H8,0,0.0,1.0,0.0
ENSG00000144134,RABL2A,0,0.0,1.0,0.0
ENSG00000144120,TMEM177,0,0.0,1.0,0.0
ENSG00000144118,RALB,0,0.0,1.0,0.0
ENSG00000144115,THNSL2,0,0.0,1.0,0.0
ENSG00000144043,TEX261,0,0.0,1.0,0.0
ENSG00000144036,EXOC6B,0,0.0,1.0,0.0
ENSG00000144026,ZNF514,0,0.0,1.0,0.0
ENSG00000143891,GALM,0,0.0,1.0,0.0
ENSG00000143889,HNRNPLL,0,0.0,1.0,0.0
ENSG00000143878,RHOB,0,0.0,1.0,0.0
ENSG00000143409,MINDY1,0,0.0,1.0,0.0
ENSG00000143393,PI4KB,0,0.0,1.0,0.0
ENSG00000142082,SIRT3,0,0.0,1.0,0.0
ENSG00000142949,PTPRF,0,0.0,1.0,0.0
ENSG00000142892,PIGK,0,0.0,1.0,0.0
ENSG00000142875,PRKACB,0,0.0,1.0,0.0
ENSG00000142794,NBPF3,0,0.0,1.0,0.0
ENSG00000142784,WDTC1,0,0.0,1.0,0.0
ENSG00000142765,SYTL1,0,0.0,1.0,0.0
ENSG00000142733,MAP3K6,0,0.0,1.0,0.0
ENSG00000142700,DMRTA2,0,0.0,1.0,0.0
ENSG00000142687,KIAA0319L,0,0.0,1.0,0.0
ENSG00000142655,PEX14,0,0.0,1.0,0.0
ENSG00000142528,ZNF473,0,0.0,1.0,0.0
ENSG00000142494,SLC47A1,0,0.0,1.0,0.0
ENSG00000142459,EVI5L,0,0.0,1.0,0.0
ENSG00000142330,CAPN10,0,0.0,1.0,0.0
ENSG00000142279,WTIP,0,0.0,1.0,0.0
ENSG00000142227,EMP3,0,0.0,1.0,0.0
ENSG00000142208,AKT1,0,0.0,1.0,0.0
ENSG00000142197,DOP1B,0,0.0,1.0,0.0
ENSG00000142192,APP,0,0.0,1.0,0.0
ENSG00000142188,TMEM50B,0,0.0,1.0,0.0
ENSG00000142166,IFNAR1,0,0.0,1.0,0.0
ENSG00000142149,HUNK,0,0.0,1.0,0.0
ENSG00000142920,AZIN2,0,0.0,1.0,0.0
ENSG00000143036,SLC44A3,0,0.0,1.0,0.0
ENSG00000143390,RFX5,0,0.0,1.0,0.0
ENSG00000143093,STRIP1,0,0.0,1.0,0.0
ENSG00000143387,CTSK,0,0.0,1.0,0.0
ENSG00000143379,SETDB1,0,0.0,1.0,0.0
ENSG00000143374,TARS2,0,0.0,1.0,0.0
ENSG00000143367,TUFT1,0,0.0,1.0,0.0
ENSG00000143355,LHX9,0,0.0,1.0,0.0
ENSG00000143322,ABL2,0,0.0,1.0,0.0
ENSG00000143320,CRABP2,0,0.0,1.0,0.0
ENSG00000143303,METTL25B,0,0.0,1.0,0.0
ENSG00000143258,USP21,0,0.0,1.0,0.0
ENSG00000143224,PPOX,0,0.0,1.0,0.0
ENSG00000143198,MGST3,0,0.0,1.0,0.0
ENSG00000143194,MAEL,0,0.0,1.0,0.0
ENSG00000143190,POU2F1,0,0.0,1.0,0.0
ENSG00000143183,TMCO1,0,0.0,1.0,0.0
ENSG00000143178,TBX19,0,0.0,1.0,0.0
ENSG00000143167,GPA33,0,0.0,1.0,0.0
ENSG00000143164,DCAF6,0,0.0,1.0,0.0
ENSG00000143158,MPC2,0,0.0,1.0,0.0
ENSG00000143155,TIPRL,0,0.0,1.0,0.0
ENSG00000143153,ATP1B1,0,0.0,1.0,0.0
ENSG00000143147,GPR161,0,0.0,1.0,0.0
ENSG00000139645,ANKRD52,0,0.0,1.0,0.0
ENSG00000139625,MAP3K12,0,0.0,1.0,0.0
ENSG00000135709,KIAA0513,0,0.0,1.0,0.0
ENSG00000137101,CD72,0,0.0,1.0,0.0
ENSG00000137076,TLN1,0,0.0,1.0,0.0
ENSG00000137075,RNF38,0,0.0,1.0,0.0
ENSG00000137070,IL11RA,0,0.0,1.0,0.0
ENSG00000137040,RANBP6,0,0.0,1.0,0.0
ENSG00000136960,ENPP2,0,0.0,1.0,0.0
ENSG00000136940,PDCL,0,0.0,1.0,0.0
ENSG00000136936,XPA,0,0.0,1.0,0.0
ENSG00000136935,GOLGA1,0,0.0,1.0,0.0
ENSG00000136932,TRMO,0,0.0,1.0,0.0
ENSG00000136928,GABBR2,0,0.0,1.0,0.0
ENSG00000136925,TSTD2,0,0.0,1.0,0.0
ENSG00000136895,GARNL3,0,0.0,1.0,0.0
ENSG00000136878,USP20,0,0.0,1.0,0.0
ENSG00000136874,STX17,0,0.0,1.0,0.0
ENSG00000136870,ZNF189,0,0.0,1.0,0.0
ENSG00000136866,ZFP37,0,0.0,1.0,0.0
ENSG00000136854,STXBP1,0,0.0,1.0,0.0
ENSG00000136828,RALGPS1,0,0.0,1.0,0.0
ENSG00000136811,ODF2,0,0.0,1.0,0.0
ENSG00000136783,NIPSNAP3A,0,0.0,1.0,0.0
ENSG00000136758,YME1L1,0,0.0,1.0,0.0
ENSG00000137100,DCTN3,0,0.0,1.0,0.0
ENSG00000137103,TMEM8B,0,0.0,1.0,0.0
ENSG00000136682,ZNG1B,0,0.0,1.0,0.0
ENSG00000137106,GRHPR,0,0.0,1.0,0.0
ENSG00000137500,CCDC90B,0,0.0,1.0,0.0
ENSG00000137496,IL18BP,0,0.0,1.0,0.0
ENSG00000137492,THAP12,0,0.0,1.0,0.0
ENSG00000137434,C6orf52,0,0.0,1.0,0.0
ENSG00000137414,FAM8A1,0,0.0,1.0,0.0
ENSG00000137413,TAF8,0,0.0,1.0,0.0
ENSG00000137411,VARS2,0,0.0,1.0,0.0
ENSG00000137404,NRM,0,0.0,1.0,0.0
ENSG00000137343,ATAT1,0,0.0,1.0,0.0
ENSG00000137338,PGBD1,0,0.0,1.0,0.0
ENSG00000137331,IER3,0,0.0,1.0,0.0
ENSG00000137288,UQCC2,0,0.0,1.0,0.0
ENSG00000137285,TUBB2B,0,0.0,1.0,0.0
ENSG00000137274,BPHL,0,0.0,1.0,0.0
ENSG00000137269,LRRC1,0,0.0,1.0,0.0
ENSG00000137266,SLC22A23,0,0.0,1.0,0.0
ENSG00000137185,ZSCAN9,0,0.0,1.0,0.0
ENSG00000137171,KLC4,0,0.0,1.0,0.0
ENSG00000137145,DENND4C,0,0.0,1.0,0.0
ENSG00000137142,IGFBPL1,0,0.0,1.0,0.0
ENSG00000137133,HINT2,0,0.0,1.0,0.0
ENSG00000136754,ABI1,0,0.0,1.0,0.0
ENSG00000136631,VPS45,0,0.0,1.0,0.0
ENSG00000137561,TTPA,0,0.0,1.0,0.0
ENSG00000136141,LRCH1,0,0.0,1.0,0.0
ENSG00000136100,VPS36,0,0.0,1.0,0.0
ENSG00000136098,NEK3,0,0.0,1.0,0.0
ENSG00000136059,VILL,0,0.0,1.0,0.0
ENSG00000136052,SLC41A2,0,0.0,1.0,0.0
ENSG00000136026,CKAP4,0,0.0,1.0,0.0
ENSG00000136021,SCYL2,0,0.0,1.0,0.0
ENSG00000135999,EPC2,0,0.0,1.0,0.0
ENSG00000135974,C2orf49,0,0.0,1.0,0.0
ENSG00000135953,MFSD9,0,0.0,1.0,0.0
ENSG00000135932,CAB39,0,0.0,1.0,0.0
ENSG00000135931,ARMC9,0,0.0,1.0,0.0
ENSG00000135929,CYP27A1,0,0.0,1.0,0.0
ENSG00000135924,DNAJB2,0,0.0,1.0,0.0
ENSG00000135905,DOCK10,0,0.0,1.0,0.0
ENSG00000135870,RC3H1,0,0.0,1.0,0.0
ENSG00000135845,PIGC,0,0.0,1.0,0.0
ENSG00000135837,CEP350,0,0.0,1.0,0.0
ENSG00000135835,KIAA1614,0,0.0,1.0,0.0
ENSG00000135778,NTPCR,0,0.0,1.0,0.0
ENSG00000135776,ABCB10,0,0.0,1.0,0.0
ENSG00000135720,DYNC1LI2,0,0.0,1.0,0.0
ENSG00000136114,THSD1,0,0.0,1.0,0.0
ENSG00000136146,MED4,0,0.0,1.0,0.0
ENSG00000136560,TANK,0,0.0,1.0,0.0
ENSG00000136147,PHF11,0,0.0,1.0,0.0
ENSG00000136536,MARCHF7,0,0.0,1.0,0.0
ENSG00000136531,SCN2A,0,0.0,1.0,0.0
ENSG00000136451,VEZF1,0,0.0,1.0,0.0
ENSG00000136436,CALCOCO2,0,0.0,1.0,0.0
ENSG00000136404,TM6SF1,0,0.0,1.0,0.0
ENSG00000136319,TTC5,0,0.0,1.0,0.0
ENSG00000136295,TTYH3,0,0.0,1.0,0.0
ENSG00000136280,CCM2,0,0.0,1.0,0.0
ENSG00000136279,DBNL,0,0.0,1.0,0.0
ENSG00000136274,NACAD,0,0.0,1.0,0.0
ENSG00000136267,DGKB,0,0.0,1.0,0.0
ENSG00000136250,AOAH,0,0.0,1.0,0.0
ENSG00000136247,ZDHHC4,0,0.0,1.0,0.0
ENSG00000136243,NUP42,0,0.0,1.0,0.0
ENSG00000136240,KDELR2,0,0.0,1.0,0.0
ENSG00000136205,TNS3,0,0.0,1.0,0.0
ENSG00000136169,SETDB2,0,0.0,1.0,0.0
ENSG00000136161,RCBTB2,0,0.0,1.0,0.0
ENSG00000136160,EDNRB,0,0.0,1.0,0.0
ENSG00000136156,ITM2B,0,0.0,1.0,0.0
ENSG00000136152,COG3,0,0.0,1.0,0.0
ENSG00000137504,CREBZF,0,0.0,1.0,0.0
ENSG00000137563,GGH,0,0.0,1.0,0.0
ENSG00000139613,SMARCC2,0,0.0,1.0,0.0
ENSG00000138801,PAPSS1,0,0.0,1.0,0.0
ENSG00000138794,CASP6,0,0.0,1.0,0.0
ENSG00000138785,INTS12,0,0.0,1.0,0.0
ENSG00000138780,GSTCD,0,0.0,1.0,0.0
ENSG00000138772,ANXA3,0,0.0,1.0,0.0
ENSG00000138769,CDKL2,0,0.0,1.0,0.0
ENSG00000138756,BMP2K,0,0.0,1.0,0.0
ENSG00000138741,TRPC3,0,0.0,1.0,0.0
ENSG00000138698,RAP1GDS1,0,0.0,1.0,0.0
ENSG00000138696,BMPR1B,0,0.0,1.0,0.0
ENSG00000138686,BBS7,0,0.0,1.0,0.0
ENSG00000138674,SEC31A,0,0.0,1.0,0.0
ENSG00000138663,COPS4,0,0.0,1.0,0.0
ENSG00000138650,PCDH10,0,0.0,1.0,0.0
ENSG00000138641,HERC3,0,0.0,1.0,0.0
ENSG00000138640,FAM13A,0,0.0,1.0,0.0
ENSG00000138639,ARHGAP24,0,0.0,1.0,0.0
ENSG00000138621,PPCDC,0,0.0,1.0,0.0
ENSG00000138617,PARP16,0,0.0,1.0,0.0
ENSG00000138614,INTS14,0,0.0,1.0,0.0
ENSG00000138613,APH1B,0,0.0,1.0,0.0
ENSG00000138606,SHF,0,0.0,1.0,0.0
ENSG00000138796,HADH,0,0.0,1.0,0.0
ENSG00000138834,MAPK8IP3,0,0.0,1.0,0.0
ENSG00000138495,COX17,0,0.0,1.0,0.0
ENSG00000138942,RNF185,0,0.0,1.0,0.0
ENSG00000139597,N4BP2L1,0,0.0,1.0,0.0
ENSG00000139537,CCDC65,0,0.0,1.0,0.0
ENSG00000139531,SUOX,0,0.0,1.0,0.0
ENSG00000139505,MTMR6,0,0.0,1.0,0.0
ENSG00000139496,NUP58,0,0.0,1.0,0.0
ENSG00000139445,FOXN4,0,0.0,1.0,0.0
ENSG00000139438,FAM222A,0,0.0,1.0,0.0
ENSG00000139428,MMAB,0,0.0,1.0,0.0
ENSG00000139370,SLC15A4,0,0.0,1.0,0.0
ENSG00000139323,POC1B,0,0.0,1.0,0.0
ENSG00000139291,TMEM19,0,0.0,1.0,0.0
ENSG00000139278,GLIPR1,0,0.0,1.0,0.0
ENSG00000139218,SCAF11,0,0.0,1.0,0.0
ENSG00000139200,PIANP,0,0.0,1.0,0.0
ENSG00000139190,VAMP1,0,0.0,1.0,0.0
ENSG00000139182,CLSTN3,0,0.0,1.0,0.0
ENSG00000139178,C1RL,0,0.0,1.0,0.0
ENSG00000139168,ZCRB1,0,0.0,1.0,0.0
ENSG00000139154,AEBP2,0,0.0,1.0,0.0
ENSG00000139133,ALG10,0,0.0,1.0,0.0
ENSG00000139117,CPNE8,0,0.0,1.0,0.0
ENSG00000138600,SPPL2A,0,0.0,1.0,0.0
ENSG00000138463,SLC49A4,0,0.0,1.0,0.0
ENSG00000137571,SLCO5A1,0,0.0,1.0,0.0
ENSG00000137962,ARHGAP29,0,0.0,1.0,0.0
ENSG00000137869,CYP19A1,0,0.0,1.0,0.0
ENSG00000137857,DUOX1,0,0.0,1.0,0.0
ENSG00000137845,ADAM10,0,0.0,1.0,0.0
ENSG00000137842,TMEM62,0,0.0,1.0,0.0
ENSG00000137831,UACA,0,0.0,1.0,0.0
ENSG00000137824,RMDN3,0,0.0,1.0,0.0
ENSG00000137822,TUBGCP4,0,0.0,1.0,0.0
ENSG00000137821,LRRC49,0,0.0,1.0,0.0
ENSG00000137817,PARP6,0,0.0,1.0,0.0
ENSG00000137806,NDUFAF1,0,0.0,1.0,0.0
ENSG00000137802,MAPKBP1,0,0.0,1.0,0.0
ENSG00000137770,CTDSPL2,0,0.0,1.0,0.0
ENSG00000137731,FXYD2,0,0.0,1.0,0.0
ENSG00000137720,CFAP68,0,0.0,1.0,0.0
ENSG00000137714,FDX1,0,0.0,1.0,0.0
ENSG00000137710,RDX,0,0.0,1.0,0.0
ENSG00000137700,SLC37A4,0,0.0,1.0,0.0
ENSG00000137693,YAP1,0,0.0,1.0,0.0
ENSG00000137691,CFAP300,0,0.0,1.0,0.0
ENSG00000137601,NEK1,0,0.0,1.0,0.0
ENSG00000137575,SDCBP,0,0.0,1.0,0.0
ENSG00000137947,GTF2B,0,0.0,1.0,0.0
ENSG00000137968,SLC44A5,0,0.0,1.0,0.0
ENSG00000138459,SLC35A5,0,0.0,1.0,0.0
ENSG00000138029,HADHB,0,0.0,1.0,0.0
ENSG00000138439,FAM117B,0,0.0,1.0,0.0
ENSG00000138433,CIR1,0,0.0,1.0,0.0
ENSG00000138430,OLA1,0,0.0,1.0,0.0
ENSG00000138386,NAB1,0,0.0,1.0,0.0
ENSG00000138382,METTL5,0,0.0,1.0,0.0
ENSG00000138380,CARF,0,0.0,1.0,0.0
ENSG00000138378,STAT4,0,0.0,1.0,0.0
ENSG00000138375,SMARCAL1,0,0.0,1.0,0.0
ENSG00000138303,ASCC1,0,0.0,1.0,0.0
ENSG00000138286,FAM149B1,0,0.0,1.0,0.0
ENSG00000138246,DNAJC13,0,0.0,1.0,0.0
ENSG00000138231,DBR1,0,0.0,1.0,0.0
ENSG00000138175,ARL3,0,0.0,1.0,0.0
ENSG00000138162,TACC2,0,0.0,1.0,0.0
ENSG00000138115,CYP2C8,0,0.0,1.0,0.0
ENSG00000138107,ACTR1A,0,0.0,1.0,0.0
ENSG00000138101,DTNB,0,0.0,1.0,0.0
ENSG00000138083,SIX3,0,0.0,1.0,0.0
ENSG00000138079,SLC3A1,0,0.0,1.0,0.0
ENSG00000138071,ACTR2,0,0.0,1.0,0.0
ENSG00000138069,RAB1A,0,0.0,1.0,0.0
ENSG00000291283,ENSG00000291283,0,0.0,1.0,0.0
