 ,names,degree,harmonic,eigenvector_centrality,betweenness
ENSG00000178690,DYNAP,82,0.32296226693195046,1.0,641561.8403865712
ENSG00000271919,DENRP3,82,0.3243625175031083,0.9233915406590881,686612.3555968249
ENSG00000250855,ENSG00000250855,81,0.3262454860343221,0.7399030191424976,846148.5867415571
ENSG00000226668,SPATA31B2P,74,0.3259046355663439,0.9177833027405846,707333.0075534581
ENSG00000278341,ENSG00000278341,66,0.32240216670349103,0.9589680273945149,513428.3238742833
ENSG00000269420,PLA2G4C-AS1,63,0.3153935441078696,0.8346557683363988,407001.37772038445
ENSG00000272079,ENSG00000272079,60,0.31452575724074694,0.7327377954339599,410606.93146569945
ENSG00000233642,GPR158-AS1,59,0.3101739258603957,0.8840078766243693,381696.4962522702
ENSG00000006638,TBXA2R,59,0.3095088068390981,0.505040770011517,429055.3616014631
ENSG00000289048,ENSG00000289048,58,0.31147468494359964,0.8917629040700809,401054.29467691615
ENSG00000168229,PTGDR,56,0.3078782518976875,0.558604375446609,356596.18433548947
ENSG00000289700,ENSG00000289700,56,0.30364802122483037,0.49774534069540277,308430.24842101836
ENSG00000125798,FOXA2,55,0.31474316456626866,0.7399885940157964,390256.95441776444
ENSG00000163286,ALPG,54,0.31795452870511204,0.7445138753714363,354150.5993648323
ENSG00000224537,MEP1AP4,51,0.2570936378088524,0.26359952081006827,165768.76960646475
ENSG00000254829,KCTD14-AS2,50,0.304829022035501,0.4600607116295731,273522.0387814887
ENSG00000244615,PSPC1P2,49,0.30308792099637005,0.5265177294106096,296749.652417719
ENSG00000126264,HCST,49,0.30673041491633446,0.5674056369739472,284577.39632940403
ENSG00000255220,DDX18P5,49,0.3074250128970242,0.4761207610019197,341800.0449699111
ENSG00000290052,ENSG00000290052,47,0.2989166482422991,0.32955843674360985,268234.30574318836
ENSG00000241026,RPL21P77,47,0.3082025204510066,0.6875765468669821,246952.43477359362
ENSG00000161652,IZUMO2,46,0.29348514997418795,0.36788350144169973,216046.9430769313
ENSG00000254887,LNROP,46,0.3019621932345591,0.4779956735149475,265496.95005806227
ENSG00000218208,RPS27AP11,46,0.3006098459724169,0.42737609245366176,239407.71907795334
ENSG00000287830,ENSG00000287830,46,0.3045931903603597,0.7156806419148826,241147.04759087265
ENSG00000246790,SORL1-AS1,45,0.2858980028004798,0.541646430265366,208926.85947048833
ENSG00000095932,SMIM24,45,0.289671309602752,0.5540670021078413,226355.19399131153
ENSG00000282718,ENSG00000282718,45,0.29880057483968914,0.586036422601839,197298.36792758422
ENSG00000180988,OR52N2,44,0.29959650674329213,0.437094289904597,225928.89319632182
ENSG00000170925,TEX13B,44,0.29887427223817087,0.41004067779186515,210904.90416131483
ENSG00000280709,LINC02203,43,0.3056360085488773,0.47188637460402555,245887.9459857074
ENSG00000217897,HSPE1P8,43,0.3012270616847047,0.35685446491613665,256685.77749027655
ENSG00000224963,ECMXP,43,0.2986660770874591,0.43070165904117313,227684.09274318776
ENSG00000250947,TRPC7-AS2,41,0.2731825695124089,0.33683467357358954,144707.38052340364
ENSG00000270405,ENSG00000270405,41,0.29454455007736324,0.3190044010983386,211786.67450937114
ENSG00000235616,ST13P2,41,0.30046429361041643,0.46073085508314365,218316.03451980883
ENSG00000204661,SPATA31J1,41,0.2958703136350538,0.4459735664349753,176752.01045648367
ENSG00000179148,ALOXE3,41,0.30263652443066713,0.5660327392057222,190576.7965520939
ENSG00000287296,ENSG00000287296,40,0.2991911710516433,0.449499374195394,210650.20794241072
ENSG00000288805,ENSG00000288805,40,0.2947361633134175,0.3104754406647034,201657.3864815116
ENSG00000257741,LINC01490,40,0.2964109366939172,0.39968368160782103,187776.21188216223
ENSG00000275585,PDE4DIPP4,40,0.30318004274447163,0.6981559361265885,196509.96886129785
ENSG00000285722,ENSG00000285722,40,0.29742427592304166,0.39751126540476184,198445.026475785
ENSG00000251148,ENSG00000251148,40,0.29237231925711366,0.26947689003905323,220285.56076411845
ENSG00000249448,MTCO1P24,40,0.2980101702409719,0.37177159252532815,205592.8614159062
ENSG00000282304,ENSG00000282304,39,0.30094516913551017,0.5311799238658068,161462.43771172396
ENSG00000268756,ENSG00000268756,39,0.2884221386984867,0.2929668239868889,156928.16721122919
ENSG00000272660,ENSG00000272660,39,0.295620532095198,0.3711888586479957,171165.17761083992
ENSG00000276788,SNORD26,39,0.28999005085118784,0.24451435602100474,197610.80659278945
ENSG00000273102,ENSG00000273102,39,0.2966191318446271,0.38444085217970814,189518.09833769858
ENSG00000232768,ENSG00000232768,39,0.297186601812938,0.33774441840291053,204284.9328223914
ENSG00000235907,ENSG00000235907,39,0.29329353673813535,0.31123105059221223,196252.57175019404
ENSG00000289029,ENSG00000289029,39,0.29829574766008965,0.3366308235965034,240306.3564620186
ENSG00000161133,USP41P,38,0.30102992114376353,0.4320078927213785,183815.6685883624
ENSG00000224204,ENSG00000224204,37,0.2882729014665615,0.3041463469813294,163401.03034531442
ENSG00000291018,ENSG00000291018,37,0.2905925270837755,0.2672853539513549,180831.79902466602
ENSG00000234488,RPL27P6,37,0.29458508364652913,0.42403308787847743,152403.13054953332
ENSG00000249580,MTATP6P22,37,0.288899329353657,0.31756777387955426,161642.27903323702
ENSG00000286254,ENSG00000286254,37,0.2688407399218452,0.2978403969968169,130195.28915945954
ENSG00000253541,SEPTIN10P1,36,0.28551293389341603,0.21578725538053878,156010.08092841477
ENSG00000241042,ENSG00000241042,36,0.2940305107229529,0.5887854166301273,130033.5788610199
ENSG00000286843,ENSG00000286843,36,0.29257130223301475,0.3217398738045404,166552.6544679179
ENSG00000257084,MIR200CHG,36,0.2953257425012705,0.45425372998335534,160989.2489151593
ENSG00000266389,PIK3R5-DT,36,0.28024725477188644,0.3199364844738013,146499.1552152466
ENSG00000177855,CACYBPP2,36,0.28903566954084803,0.41063451688607333,123108.88783562771
ENSG00000248791,ENSG00000248791,36,0.2841347925418072,0.17437588537464424,163169.28826297584
ENSG00000106384,MOGAT3,35,0.28537580409124097,0.3199989127759054,156941.38126217527
ENSG00000291169,ENSG00000291169,35,0.29355884737267013,0.4588915158005148,140632.627293022
ENSG00000187997,C17orf99,35,0.28758856848065795,0.2504941029870822,146327.80260137824
ENSG00000141497,ZMYND15,35,0.2944137371950597,0.3610046666237588,174223.1644689698
ENSG00000132026,RTBDN,35,0.2815222197656238,0.29184619076153917,114159.26246511692
ENSG00000254975,ENSG00000254975,35,0.29417422064999327,0.3051544000910266,165042.76449819785
ENSG00000270354,ENSG00000270354,34,0.29300243201413184,0.38953071227756025,144356.1491543927
ENSG00000287316,ENSG00000287316,34,0.3007535558994582,0.41071788805709797,189373.2302717328
ENSG00000261625,ENSG00000261625,34,0.2940673594221958,0.27300923787418524,187262.26263271473
ENSG00000287577,ENSG00000287577,34,0.27683506522217805,0.0997331837245691,162274.44484007754
ENSG00000231876,ENSG00000231876,34,0.28286903972288097,0.2066822080568924,133831.52935926727
ENSG00000116218,NPHS2,34,0.28787309307979814,0.24663062901519428,144100.03392410843
ENSG00000188388,GOLGA6L3P,33,0.28503574323824377,0.2552079927737659,135823.49175532177
ENSG00000169885,CALML6,33,0.2827806028447025,0.19067049257343435,135368.91965839555
ENSG00000266441,ARHGAP28-AS1,33,0.29156717517869846,0.3195608811329777,159409.6931565387
ENSG00000250955,ENSG00000250955,33,0.2880481244011914,0.24320227919612955,133661.46148115228
ENSG00000164112,SMIM43,33,0.2911342029626165,0.3846335818838223,111374.24002645134
ENSG00000285563,ENSG00000285563,33,0.2944819072886543,0.40416432113504885,154762.1161788307
ENSG00000170498,KISS1,33,0.2800869629301909,0.1701365732464595,131435.69296221161
ENSG00000282024,ENSG00000282024,32,0.28774596506741434,0.3443956076254076,108002.81122688836
ENSG00000223995,RPL32P35,32,0.28910015476451967,0.3060972547667586,133913.84297196675
ENSG00000183813,CCR4,32,0.29128344019454316,0.35518631036558,128532.86769960844
ENSG00000276410,H2BC3,32,0.2864388890643424,0.25612375717042124,135143.21462875314
ENSG00000286299,ENSG00000286299,32,0.29083388606380445,0.2785659435297204,177821.36736693193
ENSG00000236049,LINC01920,32,0.2846304075465951,0.29994436917476314,130493.9361777455
ENSG00000286496,ENSG00000286496,32,0.29023877957106453,0.28351898137867676,171285.98711766716
ENSG00000130427,EPO,31,0.28870403124767824,0.33177723569472534,107687.76607246838
ENSG00000183770,FOXL2,31,0.2854716107092674,0.26931329212584,136614.48794738483
ENSG00000104783,KCNN4,31,0.278603802785744,0.15974770391200735,106916.47541782106
ENSG00000236761,CTAGE9,31,0.2851720834254388,0.2520790908976786,123420.61644607423
ENSG00000223026,RN7SKP247,31,0.27949369887241116,0.19239323693613164,105874.37526159614
ENSG00000273066,ENSG00000273066,31,0.2821836539169995,0.21137772362440616,151298.27487301416
ENSG00000288822,ENSG00000288822,31,0.2872503500626254,0.3916697530355386,111352.41433909352
ENSG00000241350,PMS2P11,30,0.28478885695333117,0.20541313082175258,121764.27577551213
ENSG00000244578,LINC01391,30,0.2902774707052675,0.3661234983353478,136085.59530778683
ENSG00000255130,ENSG00000255130,30,0.28275480875523196,0.39059819814723407,80025.09856921183
ENSG00000251216,ENSG00000251216,30,0.28019382415799005,0.15323200678191232,126865.8366469557
ENSG00000267007,ENSG00000267007,30,0.27889674994470764,0.20780919058182995,95781.87057255994
ENSG00000256356,HSPA8P5,30,0.285883263320786,0.2433554262228323,120029.25324140805
ENSG00000227713,ENSG00000227713,30,0.2931719360306394,0.46957950332867787,108747.97401900736
ENSG00000136244,IL6,30,0.27911968457511904,0.13995747468696026,119787.83197797518
ENSG00000226723,ENSG00000226723,30,0.2927923944284594,0.48033613971733324,109072.36195817233
ENSG00000283053,ENSG00000283053,30,0.2829456323763026,0.3286208322159103,101283.97535679974
ENSG00000273428,ENSG00000273428,30,0.2823789520229756,0.20927051282118356,120579.6094187076
ENSG00000187922,LCN10,30,0.29711658928437823,0.45667761097118126,131690.40215502318
ENSG00000261546,ENSG00000261546,30,0.28588326332078595,0.2820411431992345,113390.82279695617
ENSG00000282221,ENSG00000282221,29,0.265220355221429,0.20565138307477074,105917.46935273996
ENSG00000229013,ENSG00000229013,29,0.2809142162281495,0.1769716107041157,116753.24079846127
ENSG00000101076,HNF4A,29,0.27684980470187603,0.14536657346804244,112488.3689881024
ENSG00000288799,ENSG00000288799,29,0.28936730783401576,0.26817177047313207,124953.67046969317
ENSG00000138135,CH25H,29,0.2761275701967519,0.16858525354352688,100445.03115573063
ENSG00000287477,ENSG00000287477,29,0.27654948780306127,0.151413972747593,90544.89192541094
ENSG00000250614,ENSG00000250614,29,0.26902603623803617,0.0830905131965577,125641.21603162994
ENSG00000288862,ENSG00000288862,29,0.2877791288967327,0.34699386033954754,98262.69031842035
ENSG00000186766,FOXI2,29,0.23775938852216683,0.10383810789077008,53872.84870852398
ENSG00000231295,ENSG00000231295,29,0.28018934967308196,0.22561817892653915,109395.47413883005
ENSG00000185156,MFSD6L,29,0.25784429845338586,0.1914922310546846,73860.09914847495
ENSG00000264791,ENSG00000264791,29,0.2762141646399689,0.20055297419379228,98554.86026216351
ENSG00000234132,ENSG00000234132,29,0.28297958582060434,0.1950185464997562,122663.87999919616
ENSG00000171794,UTF1,28,0.2844811703146701,0.30608693342319643,138339.20693581094
ENSG00000189334,S100A14,28,0.28433561795266865,0.2729942715665996,99122.88627412153
ENSG00000241461,RN7SL182P,28,0.2802951580809029,0.1721774587770759,118242.61845002178
ENSG00000215005,HSPD1P7,28,0.2853094764326064,0.25358163430263286,105152.33606208934
ENSG00000231409,RPL36AP8,28,0.2808442036995932,0.24533452732066408,105987.9434784782
ENSG00000188655,RNASE9,28,0.29137556194264647,0.4092978141297146,104342.54961268716
ENSG00000276523,ENSG00000276523,28,0.27357316572437057,0.131361197148621,94628.59988195317
ENSG00000287631,ENSG00000287631,28,0.27803396397248176,0.1912098203842462,100075.22677582043
ENSG00000272626,ENSG00000272626,28,0.2796329343145434,0.20849248774324927,90654.09656178452
ENSG00000280417,ENSG00000280417,28,0.2849141425307501,0.2682739941503075,104232.45009194814
ENSG00000248285,ENSG00000248285,28,0.2777378583535838,0.17502603964940044,102701.36818389723
ENSG00000285304,ENSG00000285304,28,0.2790912584356996,0.19949137053807775,103201.47868798568
ENSG00000233719,GOT2P3,27,0.27565880210140836,0.15735549578215335,79928.37958332343
ENSG00000233153,UBE2E2-DT,27,0.27543849952094646,0.14018008078443087,86510.86366259951
ENSG00000287754,ENSG00000287754,27,0.28793573586850646,0.2819782773184567,103065.11763625761
ENSG00000290710,HLA-V,27,0.26844830127493097,0.239047418779098,94728.52940351087
ENSG00000231532,LINC01249,27,0.2863014960571719,0.2679558377161334,104202.64916488406
ENSG00000223822,EEF1A1P1,27,0.2796042449701344,0.21556098846196065,82380.03775843728
ENSG00000182077,PTCHD3,27,0.28072444542705965,0.19879490645720163,104296.38797948539
ENSG00000271858,ENSG00000271858,27,0.26586336502318303,0.07283094507817561,89161.87283558994
ENSG00000224551,HMGB3P21,27,0.2731483528631206,0.13142253312351002,77778.39216185198
ENSG00000240089,BMS1P3,27,0.27445463925121416,0.1302790524333273,97941.6233146529
ENSG00000234184,LINC01781,27,0.2768608593116472,0.1875917075901854,87049.90091357681
ENSG00000081277,PKP1,27,0.2700504300769333,0.1680638906442844,91288.27444508311
ENSG00000173213,TUBB8B,27,0.2801201267595061,0.24035197943133627,86744.78121050207
ENSG00000234241,SYNCRIPP1,27,0.2781376667403466,0.21443193313591466,88421.27683448645
ENSG00000180083,WFDC11,26,0.2874788119979202,0.2811107675875546,105838.83495186582
ENSG00000256442,ENSG00000256442,26,0.2740622006042957,0.17886958316167006,75515.8353622188
ENSG00000255277,ABCC6P2,26,0.2792965583314737,0.18165031372461354,108868.85928849982
ENSG00000188984,AADACL3,26,0.2852863143930847,0.26025779652872116,111895.08631688086
ENSG00000242836,MTCO3P35,26,0.2811961087773415,0.23356085588321637,78486.76006588471
ENSG00000230550,ERLNC1,26,0.2796705726287696,0.20709925993457978,89333.5937295536
ENSG00000187812,GOLGA6EP,26,0.2822978848846465,0.19690919253452432,107615.54857950292
ENSG00000285690,ENSG00000285690,26,0.2753334807281108,0.16336939008117624,80774.38756885818
ENSG00000164266,SPINK1,26,0.2768840213511714,0.1966402615970407,84225.1022428266
ENSG00000270429,KNOP1P2,26,0.2806525904635407,0.17826289668887302,101260.22120054354
ENSG00000237636,ANKRD26P3,26,0.27704694524281365,0.21098395375602766,88137.81385668053
ENSG00000279300,ENSG00000279300,26,0.277538875377681,0.24541469740911215,86426.58059205636
ENSG00000232757,ETF1P1,26,0.27368818630700115,0.11444181338134354,102661.4072877758
ENSG00000248148,ENSG00000248148,26,0.2532261036185239,0.03865937260829039,80416.49388273161
ENSG00000237464,ENSG00000237464,26,0.2564551024920056,0.22482568573814907,72979.65051272383
ENSG00000164621,SMAD5-AS1,26,0.2793952602044424,0.13684668439047612,113107.70500105218
ENSG00000266984,POLR3GP2,26,0.27356763841948223,0.2817531495038339,72035.49242945305
ENSG00000270857,ENSG00000270857,26,0.2769585083646354,0.179333798322503,93185.97539670067
ENSG00000234337,ENSG00000234337,26,0.27617284145582016,0.18403997780859618,79549.23013615415
ENSG00000289544,ENSG00000289544,26,0.28359680153288774,0.2611034838443827,83622.86283298969
ENSG00000143278,F13B,26,0.26684090837304697,0.07893252825090011,88433.63576628135
ENSG00000253282,ENSG00000253282,25,0.26840329322086326,0.11536949046922054,90609.8961179825
ENSG00000229774,ENSG00000229774,25,0.2800935430550558,0.2920337828987533,76113.20533869714
ENSG00000196366,C9orf163,25,0.27468125875154453,0.212157198365757,80345.00912934002
ENSG00000256007,ARAP1-AS1,25,0.2815306423254524,0.1837261219355904,111550.230824854
ENSG00000237286,CARD11-AS1,25,0.2676534221913103,0.0988131269352241,81513.86188323553
ENSG00000230027,ENSG00000230027,25,0.27669056568015615,0.17888072491209972,76764.04686915623
ENSG00000289447,ENSG00000289447,25,0.2827032205762979,0.19679638471026784,116112.35381238325
ENSG00000230569,ENSG00000230569,25,0.27441963298693406,0.146788493821492,76726.91076415112
ENSG00000156886,ITGAD,25,0.2715951801901156,0.11161106579593355,87391.57094062144
ENSG00000228744,RPS3AP30,25,0.27679742690795506,0.21013080384803212,82649.43246588201
ENSG00000171487,NLRP5,25,0.279279976416815,0.1693310964547367,100764.1038425717
ENSG00000167748,KLK1,25,0.2793455144604656,0.1575791450359515,109567.84087698457
ENSG00000243478,AOX2P,25,0.27884147689584926,0.12879985091799978,114935.8103149355
ENSG00000234839,RPS26P30,25,0.2835046797847862,0.2684579474301806,84247.54618041852
ENSG00000111700,SLCO1B3,25,0.2720023583167269,0.1346170191557237,97628.1515408318
ENSG00000290319,ENSG00000290319,25,0.2758567322573314,0.25600757420436293,67062.98172700006
ENSG00000075388,FGF4,25,0.2880481244011914,0.3312637277184192,107976.6487477752
ENSG00000240179,RPL26P3,24,0.2844074729161883,0.3549605093818566,82436.16167432911
ENSG00000159387,IRX6,24,0.2647876462103418,0.09004057975092858,73194.95164420803
ENSG00000245080,MIR3150BHG,24,0.27787235610581157,0.1806990491949434,79171.67114597445
ENSG00000227438,COL6A2-DT,24,0.2707863512417764,0.11263294137732704,103465.88684672581
ENSG00000175741,RWDD4P2,24,0.2876096248802239,0.27910770787623523,97174.03562132776
ENSG00000231194,FARP1-AS1,24,0.27892622890410196,0.20507976420212004,85302.7655954049
ENSG00000227195,MIR663AHG,24,0.2763394502173883,0.17837759715394547,63345.80105562808
ENSG00000244610,RN7SL756P,24,0.27571854963517856,0.16672323553557847,75304.46578001752
ENSG00000179913,B3GNT3,24,0.2620016213427379,0.15775074565175573,77303.95050678811
ENSG00000286839,ENSG00000286839,24,0.2752542560247422,0.16379611525083332,68758.94753562877
ENSG00000257164,ENSG00000257164,24,0.2625306633818393,0.16042195293935463,73749.55585579053
ENSG00000113430,IRX4,24,0.2756227430171522,0.13668690102767195,97829.91337317042
ENSG00000250669,ENSG00000250669,24,0.2774430687596551,0.17255423438913026,92238.95901432473
ENSG00000206073,SERPINB4,24,0.24730320162554711,0.13913052239194124,50449.246127834995
ENSG00000054179,ENTPD2,24,0.27640577787602194,0.21870501170291173,62792.77449047102
ENSG00000251632,LINC02172,24,0.28187228240841433,0.1893197099142069,106169.38164440035
ENSG00000287078,ENSG00000287078,24,0.26491819588765214,0.09273692315333625,71146.64154036292
ENSG00000289966,ENSG00000289966,24,0.26386800795928694,0.08064158341975855,70931.1333874207
ENSG00000219642,BMPR1AP1,24,0.2802638366865485,0.17897270366698992,92454.11010541141
ENSG00000237916,RPL37P12,24,0.2754874556499388,0.1465159508456011,98008.04495526486
ENSG00000280194,ENSG00000280194,24,0.2729799016665922,0.12790613831154024,76783.13229254619
ENSG00000234471,ENSG00000234471,24,0.27258746301967435,0.17444343543512125,70598.74326258778
ENSG00000267968,ENSG00000267968,24,0.25032268932333884,0.03994365532111617,68293.8247547163
ENSG00000237574,LINC01856,23,0.27658554688731796,0.1855415298235736,72149.22536645232
ENSG00000233047,LINC01677,23,0.267044365833855,0.12531455933261706,64182.05835433331
ENSG00000260814,ENSG00000260814,23,0.2776309971257827,0.17804152711446303,75100.89329589828
ENSG00000255200,PGAM1P8,23,0.27588989608664755,0.15511099939713033,85976.31988358089
ENSG00000228373,ENSG00000228373,23,0.2751492372319063,0.22019866011293673,60722.230253085974
ENSG00000290429,ENSG00000290429,23,0.27262510133390044,0.13665008700403763,73234.37498924532
ENSG00000224095,LINC01935,23,0.2716670351536354,0.10245759894882078,109501.50337927004
ENSG00000174015,CBY2,23,0.27278170830567383,0.14608883222805472,67621.63225716082
ENSG00000177197,PCNPP5,23,0.2690120863733233,0.12283169289083526,71370.79062537673
ENSG00000230975,ENSG00000230975,23,0.27474942884514036,0.15628008497917645,86441.80227348846
ENSG00000214513,NOTO,23,0.27527452280932435,0.15615674440675895,80352.25279477348
ENSG00000253564,ENSG00000253564,23,0.28758935809564207,0.36599614999854574,93369.42386831032
ENSG00000096395,MLN,23,0.27119168693342627,0.12767135910309535,83392.15549485301
ENSG00000250859,HNRNPKP1,23,0.27127828137663995,0.1925754478589893,67288.91608137738
ENSG00000182566,CLEC4G,23,0.2749226177315721,0.25146483839052025,60528.8154000779
ENSG00000134827,TCN1,23,0.272053946495665,0.12872925080534148,73870.76982394468
ENSG00000261634,PAQR5-DT,23,0.2815738079445643,0.19052672299137363,95403.50600537243
ENSG00000253802,SIRLNT,23,0.27367897413218983,0.14690299062599588,73503.50062546194
ENSG00000236262,ENSG00000236262,23,0.27378399292502725,0.2132721886206607,74842.49467802649
ENSG00000267079,ENSG00000267079,23,0.2841734836760071,0.31837598916627186,79018.39839690633
ENSG00000258119,ENSG00000258119,23,0.25702888938018115,0.0434085256658102,71580.77590196968
ENSG00000262681,ENSG00000262681,23,0.2735813250792032,0.1390496217763704,66840.29531491014
ENSG00000186652,PRG2,22,0.27558589431791014,0.19379695202759234,64396.34177377702
ENSG00000152804,HHEX,22,0.279917458913681,0.2410751691798957,100065.329735232
ENSG00000115221,ITGB6,22,0.247703536422298,0.029731471430919375,65136.74045148164
ENSG00000273173,SNURF,22,0.26534379836388566,0.10147208676966116,74619.3977019278
ENSG00000250017,ENSG00000250017,22,0.2771022182916749,0.20393176593234325,71735.17796595876
ENSG00000180211,RPL23P6,22,0.27226214164637697,0.13227235252434016,75516.27865856863
ENSG00000251211,ENSG00000251211,22,0.2596267226766629,0.07229446131980284,48361.93676551139
ENSG00000287376,ENSG00000287376,22,0.27884331933080786,0.2165500494401341,64314.025060231645
ENSG00000218690,H2AC10P,22,0.27054683469670887,0.19715053985949224,52402.049388450534
ENSG00000224471,MTCO3P19,22,0.28491414253075276,0.22893504720379315,90563.3381403746
ENSG00000289508,ENSG00000289508,22,0.2759122685111872,0.26190288371365633,64646.363346650694
ENSG00000224545,RPL31P36,22,0.27780339639723284,0.1546442597779907,92454.3828174763
ENSG00000250284,ENSG00000250284,22,0.24724424370676165,0.1457311229080199,58580.829641988996
ENSG00000227659,CLYBL-AS2,22,0.275250571154818,0.14428568166048422,72922.72675052026
ENSG00000213080,ENSG00000213080,22,0.28054388680077935,0.2373406835731156,90696.53118810145
ENSG00000250819,LINC02493,22,0.2673649495172518,0.09443464601402697,70964.87751336853
ENSG00000267799,MAN1A2P1,22,0.273767411010369,0.20688974026584714,68743.4842243933
ENSG00000225652,KCNMA1-AS3,22,0.27792762915467256,0.1999804750558813,72145.66795841396
ENSG00000263494,ENSG00000263494,22,0.26161760525564826,0.07085601137201808,59207.93820275724
ENSG00000267593,LINC01926,22,0.2705026162576207,0.12420433149040994,59511.91823236994
ENSG00000242444,ENSG00000242444,22,0.27641867492075556,0.20630721721255343,71380.89214377661
ENSG00000283473,FAM240A,22,0.2745099123000735,0.18690342153025033,64437.17510907254
ENSG00000254721,ENSG00000254721,22,0.27329943253000927,0.16699532436765382,87912.8886428484
ENSG00000071203,MS4A12,22,0.28543555162500894,0.2997824575110021,65339.253420366214
ENSG00000178860,MSC,22,0.23418111662088556,0.07091663883352971,52811.08249451476
ENSG00000230433,ENSG00000230433,21,0.2786148573955179,0.2004477673590171,80376.6439250695
ENSG00000116014,KISS1R,21,0.2736052767337092,0.16372652426726017,66469.16949943494
ENSG00000229120,CYCSP4,21,0.26714122527185996,0.10601287842187446,65523.06474069902
ENSG00000213757,RPS3AP20,21,0.2647802764704947,0.08889429079186054,58152.216690311274
ENSG00000272646,ENSG00000272646,21,0.265971279070961,0.09175498082528093,74080.13230440498
ENSG00000112494,UNC93A,21,0.2580395965593602,0.08878611688683566,65313.3128992664
ENSG00000231039,ENSG00000231039,21,0.26667508922646316,0.08526035859393089,95606.00269928659
ENSG00000279883,ENSG00000279883,21,0.26806138993290785,0.12995052641628566,62764.49980297523
ENSG00000214211,CTAGE14P,21,0.2763191834328067,0.17967548774185763,73216.09613876735
ENSG00000185614,INKA1,21,0.27371029552654697,0.15402671996433026,74030.78096592208
ENSG00000257851,HNRNPA3P10,21,0.2744933303854164,0.21137095614214174,71000.9192712003
ENSG00000263361,MIR378H,21,0.2777323310486979,0.14940244895371158,96845.49313376076
ENSG00000238038,ATP6V0E1P3,21,0.2681406146362754,0.11906104947571952,62043.99619547527
ENSG00000273399,ENSG00000273399,21,0.27076976932711694,0.12305068881833359,62317.2886349577
ENSG00000224689,ZNF812P,21,0.2703010012317735,0.1494593232617146,60122.19695207796
ENSG00000253181,ENSG00000253181,21,0.2731133465988437,0.1329023381669178,56063.09780220218
ENSG00000253130,ENSG00000253130,21,0.27791394249495416,0.2292767030849319,58052.40346449045
ENSG00000238269,PAGE2B,21,0.2570041481106908,0.04834352114095726,83598.79466104347
ENSG00000291200,ENSG00000291200,21,0.25555599423052444,0.06182777090915502,54341.98317118365
ENSG00000239221,RN7SL442P,21,0.26814350989121494,0.12807746323763722,51644.48488244036
ENSG00000213280,ENSG00000213280,21,0.27689218070600163,0.19427722065266764,59813.44454938289
ENSG00000219027,RPS3AP2,21,0.27712722276616,0.21017854374602515,58257.8518042208
ENSG00000196748,CLPSL2,21,0.27276802164595576,0.19541713459745186,81419.78148229163
ENSG00000226415,TPI1P1,21,0.2735831675141643,0.18476534538872086,67344.0073299636
ENSG00000218347,HNRNPA1P1,21,0.2722123959024013,0.13006744675044743,61937.87985874169
ENSG00000237767,LINC01370,21,0.2707476601075712,0.22782876520341525,48828.81418300452
ENSG00000275997,ENSG00000275997,21,0.27207631892020434,0.13944531463821608,59478.284062889266
ENSG00000213706,RHOG2P,21,0.28006116884072435,0.15471936055113067,92311.19164450323
ENSG00000285870,ENSG00000285870,21,0.2522717223081849,0.041697609910455666,72601.88275506037
ENSG00000220771,BOLA2P3,21,0.2645083857110947,0.10556412448805998,61873.79952590985
ENSG00000130368,MAS1,21,0.2730285945905878,0.15268975936345616,66292.63706872589
ENSG00000257043,SRSF3P1,21,0.27034600928584696,0.1308994493166214,49408.17447967937
ENSG00000267421,ZFP28-DT,21,0.276776107303394,0.1942858316623518,73426.66314219027
ENSG00000254244,PAICSP4,21,0.25861812113744115,0.051806127361306985,61402.13960045269
ENSG00000215568,GAB4,20,0.2709355884737002,0.24927434985199876,60157.997809162975
ENSG00000120279,MYCT1,20,0.2749660465556785,0.19375897049716545,51638.180648390924
ENSG00000179213,SIGLECL1,20,0.26141862227974666,0.0717813604789511,56423.80552899792
ENSG00000167083,GNGT2,20,0.26477843403553164,0.14134804919381866,62858.452767062554
ENSG00000254893,RAP1BL,20,0.2802196182474588,0.21887357960425174,63322.378148940246
ENSG00000170627,GTSF1,20,0.27455702599410464,0.21728817974481807,64119.35224855835
ENSG00000286326,ENSG00000286326,20,0.26302970005155707,0.09545247970489724,44304.02990922577
ENSG00000225200,ENSG00000225200,20,0.2686638661654957,0.14127286164235175,46179.67681683524
ENSG00000152766,ANKRD22,20,0.26964588400026795,0.15092690652904706,48462.015454557266
ENSG00000159224,GIP,20,0.268662023730535,0.09910260280539741,64188.86314458496
ENSG00000223734,LAPTM4A-DT,20,0.26929950622740334,0.10914429850601182,67616.68728232273
ENSG00000215313,RPL6P30,20,0.27378057126009736,0.2513064082840567,64532.07800811159
ENSG00000214855,APOC1P1,20,0.264710263941937,0.08654873811870274,55767.843653882184
ENSG00000144820,ADGRG7,20,0.26511454681360724,0.1001707519362767,58652.096337365096
ENSG00000228753,EIF4BP2,20,0.25817119905664815,0.07715929238770428,38159.93519605522
ENSG00000268869,ESPNP,20,0.26453128454562286,0.11086447276303746,46769.589659384976
ENSG00000181634,TNFSF15,20,0.2672175547202876,0.18297294132573577,47005.41590851749
ENSG00000266208,GJD3-AS1,20,0.2690765715969968,0.0975395779595731,71915.06766840215
ENSG00000144837,PLA1A,20,0.2530979227861643,0.062183160559646095,41078.96723948823
ENSG00000181995,LINC00301,20,0.2732202078266415,0.1776211302181481,61631.38471873033
ENSG00000147804,SLC39A4,20,0.27428882010462863,0.23012729140919186,70047.7363473223
ENSG00000233327,USP32P2,20,0.27224740216668,0.13769018899532462,53414.74991589106
ENSG00000253858,ENSG00000253858,20,0.267398113346569,0.12953700255304318,61265.22463706948
ENSG00000227081,RPS27P3,20,0.27439752376738924,0.202757427660792,63962.31923321251
ENSG00000286644,ENSG00000286644,20,0.2703939125948594,0.1718705421506648,57818.47672626376
ENSG00000249199,ENSG00000249199,20,0.28225550888051854,0.2713420730762636,70366.89596826053
ENSG00000213569,GTF3C6P2,20,0.2654525020266453,0.18252128513094087,59851.14273419507
ENSG00000288062,ENSG00000288062,20,0.27627680742867866,0.18296680115498942,64606.14579416154
ENSG00000257702,LBX2-AS1,20,0.24638251055451296,0.027675840602773148,56175.49674468451
ENSG00000261572,ENSG00000261572,20,0.2751934556709945,0.16453085620101907,61599.18346011097
ENSG00000152595,MEPE,19,0.26905367276246805,0.1630538113329796,56756.26628754938
ENSG00000196431,CRYBA4,19,0.2704705052482823,0.17150135219065646,44740.130228316106
ENSG00000256937,KRT17P8,19,0.2598433403872001,0.08296074127820183,52920.765399002754
ENSG00000215102,TERF1P4,19,0.2737832033100452,0.1765609908153429,44635.71214861326
ENSG00000163833,FBXO40,19,0.25939299664147825,0.14929705698221382,58001.80047113922
ENSG00000185710,SMG1P4,19,0.2715122706168234,0.13511505818036323,53736.162653992265
ENSG00000214380,NFYBP1,19,0.2583564953728308,0.07026388940889045,41405.21701737689
ENSG00000234722,LINC01287,19,0.2594443216154201,0.05832974726735716,55723.45098730806
ENSG00000219073,CELA3B,19,0.26586915553306295,0.13024189902015343,46287.7514437443
ENSG00000237493,ENSG00000237493,19,0.2747025783561072,0.1894965739922974,46595.313742493876
ENSG00000272109,ENSG00000272109,19,0.2605031953086061,0.07698175526899823,47812.22010576924
ENSG00000169035,KLK7,19,0.267838455302498,0.1522889847276633,54621.46100844354
ENSG00000151360,ALLC,19,0.2680827095374672,0.1503722649518048,44037.172539474544
ENSG00000169442,CD52,19,0.25381673562635554,0.05480407784277363,36367.74547944313
ENSG00000233849,ENSG00000233849,19,0.25682753755932936,0.06254006395670596,45818.53542569316
ENSG00000251446,ENSG00000251446,19,0.2688757461861329,0.13139782975853512,55939.06942754407
ENSG00000004776,HSPB6,19,0.25347851720832326,0.04696771707379656,47293.76266426204
ENSG00000273213,H3-7,19,0.2643359864396459,0.08280667450897072,59933.45053014516
ENSG00000228941,UBE3AP2,19,0.26567727909201627,0.11237374376897047,60750.36778182939
ENSG00000204936,CD177,19,0.2674525967804438,0.24461836125623307,39789.98694910087
ENSG00000289348,ENSG00000289348,19,0.25956960719283895,0.08384411706757114,43518.32450221903
ENSG00000271283,ENSG00000271283,19,0.2547582198919596,0.04549722596735406,55317.964033472614
ENSG00000223850,MYCNUT,19,0.2647350052114264,0.09043798997696516,62261.472070061005
ENSG00000235071,ENSG00000235071,19,0.26599707316042875,0.1326451181695522,56095.1110962568
ENSG00000237118,CYP2F2P,19,0.2727853931755983,0.14160875235868725,80400.54286161861
ENSG00000232803,SLCO4A1-AS1,19,0.2742353894907308,0.15344695323747168,66635.02465478341
ENSG00000289563,ENSG00000289563,19,0.27841139993470704,0.20107903394438834,61573.2982127693
ENSG00000289965,ENSG00000289965,19,0.2584788856953098,0.06432937810743325,49583.95358413044
ENSG00000235160,LINC02248,19,0.27046129307347216,0.16405217027068086,57483.162212303716
ENSG00000289315,ENSG00000289315,19,0.2776015181663888,0.2197155527618528,57988.06669094493
ENSG00000242951,ENSG00000242951,19,0.2751621342766393,0.22278700295810192,57594.18375463543
ENSG00000259781,HMGB1P6,19,0.27161755261465387,0.13562168751239978,48292.69483569841
ENSG00000290757,CTSL3P,19,0.26838750092118774,0.20323197903939805,56443.066044921565
ENSG00000224543,SNRPGP15,19,0.2656746470420704,0.10220508304745639,40760.8468335597
ENSG00000250590,LINC02492,19,0.26455523620012944,0.10512857684145249,51834.4366396316
ENSG00000199145,MIR302D,19,0.2706665929692425,0.23879319858276332,37509.87833244047
ENSG00000274985,PTCHD3P1,19,0.2680798142825275,0.11211526462628157,52634.185643715675
ENSG00000234168,LINC01039,19,0.27058552583091217,0.1475107875284249,57954.7374821055
ENSG00000260490,MYL12BP1,19,0.25339113315012385,0.04206922782208704,43690.06115607865
ENSG00000256056,C12orf71BP,19,0.27197840666222,0.15844809009085908,47864.774392369705
ENSG00000279393,ENSG00000279393,19,0.2726269437688616,0.24104113814892186,53311.46251222165
ENSG00000280325,ENSG00000280325,19,0.27691244749058536,0.1643487835719331,59982.14931033186
ENSG00000285416,ENSG00000285416,19,0.2711024604402651,0.13343616316283977,50822.939273662676
ENSG00000260005,TEPSIN-AS1,19,0.2653216891443417,0.1024944844315925,50105.42587850858
ENSG00000282432,ENSG00000282432,19,0.260995651853461,0.0879251818869416,48391.94319492679
ENSG00000290263,ENSG00000290263,18,0.26280781824112825,0.09632612246940649,41613.926750236635
ENSG00000178429,RPS3AP5,18,0.27040680963959457,0.15800355484146839,42047.91679933884
ENSG00000237775,DDR1-DT,18,0.2610346061926582,0.0855233753023512,40596.424627805674
ENSG00000227278,ENSG00000227278,18,0.260794826442598,0.08721897008708081,63179.2294183999
ENSG00000271810,ENSG00000271810,18,0.27324968678603406,0.18450849495217247,54966.98148985052
ENSG00000226666,HSPA9P1,18,0.27638472147645593,0.20248400021212937,52937.216640523635
ENSG00000237208,ENSG00000237208,18,0.26972510870363603,0.1518002611147547,49961.339603495195
ENSG00000271366,ENSG00000271366,18,0.2617436804480507,0.07763774916809382,50855.58536076477
ENSG00000250436,LINC02499,18,0.2675531410883757,0.09843709923116152,55659.44214654686
ENSG00000250426,FTLP10,18,0.2645607635050153,0.10969773477532789,49948.95287130792
ENSG00000276063,ENSG00000276063,18,0.24529073623700517,0.021608996457726484,61165.0023217723
ENSG00000176268,CYCSP34,18,0.26120305738918786,0.08683150065233836,38453.43596770157
ENSG00000214223,HNRNPA1P10,18,0.2657207079161218,0.09738555078091406,50622.73669226447
ENSG00000261664,TTC39A-AS1,18,0.2739461272016886,0.1864809777849723,48571.50058216275
ENSG00000198704,GPX6,18,0.26501874019558097,0.11008230480022056,42993.36092800467
ENSG00000183134,PTGDR2,18,0.26368560689804466,0.09036505898717166,50350.783461717205
ENSG00000206882,RNA5SP87,18,0.2493072444542581,0.035192809825329616,52118.49486211298
ENSG00000145850,TIMD4,18,0.2672878304538417,0.1319049447316811,55903.7424876223
ENSG00000267681,ENSG00000267681,18,0.2582451596601246,0.07619481567206475,50152.066561198226
ENSG00000241067,RPL17P40,18,0.2621434888348144,0.0901112430720382,52089.61663890642
ENSG00000106541,AGR2,18,0.25981938873269345,0.059571441403528734,50565.53220446546
ENSG00000225632,ENSG00000225632,18,0.26588547424272807,0.11305782287032932,46382.50026771921
ENSG00000240244,GAPDHP33,18,0.2612757019676914,0.07864503418045508,49499.16830476603
ENSG00000176654,NANOGP1,18,0.2383173831106697,0.0458475100820845,49561.480010376756
ENSG00000289196,ENSG00000289196,18,0.26253355863677796,0.11134617969484395,48970.54466266682
ENSG00000225463,ZNF70P1,18,0.27070712653840834,0.1181551852049451,64729.41149105467
ENSG00000279827,ENSG00000279827,18,0.2608335175768011,0.11014947373768502,44396.26479815892
ENSG00000201035,RNA5SP469,18,0.2676321025867497,0.0989246597785866,50907.615358689014
ENSG00000199883,RN7SKP90,18,0.26890891001544986,0.11785840327992148,52962.607126801646
ENSG00000188770,OPTC,18,0.25482928524049664,0.09666495543330292,41754.98912736306
ENSG00000225738,NRG3-AS1,18,0.25201562384846077,0.03880124946930976,37588.18029102395
ENSG00000263718,SEPTIN9-DT,18,0.2665819146583819,0.12378040664896259,43856.447616645484
ENSG00000177300,CLDN22,18,0.26932898518679427,0.18059482819252762,51055.89466818295
ENSG00000229484,LINC02766,18,0.2680558626280202,0.12246796553037988,45585.28591666876
ENSG00000142623,PADI1,18,0.26822720907949144,0.12242377909529462,52757.47846026486
ENSG00000267522,LINC01864,18,0.2554436056978401,0.05296980193745513,45540.41587821101
ENSG00000267364,ENSG00000267364,18,0.2520437867828826,0.11702286817852339,34557.14493320193
ENSG00000204099,NEU4,18,0.2629754798226741,0.09141433106491442,50565.340322616525
ENSG00000232164,LINC01873,18,0.27164861080401465,0.19273271082836105,61405.60518374943
ENSG00000289887,ENSG00000289887,18,0.26749497278457335,0.1158826914712204,44899.9007770891
ENSG00000265008,ENSG00000265008,18,0.2605847888569248,0.08828999506132233,43228.397637641
ENSG00000236539,HNRNPA1P54,18,0.2695371803375091,0.12409165166743572,54430.7670176135
ENSG00000268475,ENSG00000268475,18,0.26404777697058335,0.08850659664372855,36481.396789813734
ENSG00000272707,ENSG00000272707,18,0.28126243643597654,0.20051505865578792,63950.46175615621
ENSG00000276727,ENSG00000276727,18,0.27453491677456027,0.23354501775745481,53144.77828812609
ENSG00000287158,ENSG00000287158,18,0.2575779349988696,0.06373223079070547,48795.877967961445
ENSG00000226291,ENSG00000226291,18,0.2684843603591937,0.14539904514906285,40706.38915951585
ENSG00000260907,ENSG00000260907,18,0.2694479538443474,0.12336151086484137,62689.26407632396
ENSG00000248939,ENSG00000248939,18,0.2752137224555778,0.19600130830666657,63628.991352964156
ENSG00000269662,BNIP3P39,18,0.26949217228343497,0.13889511385254902,60097.61280484478
ENSG00000018280,SLC11A1,18,0.26326553172669853,0.10499940070321333,35876.57159908135
ENSG00000220237,RPS24P12,18,0.2733565480138335,0.2291112982222975,55011.70836015
ENSG00000254495,ENSG00000254495,18,0.2736568649126464,0.17133164206522236,53676.826839837915
ENSG00000168062,BATF2,18,0.2745301790846588,0.1661595095364035,52305.61645683143
ENSG00000187510,PLEKHG7,18,0.26419964625245496,0.11414700509622004,53477.541848497385
ENSG00000188389,PDCD1,18,0.2700659591716151,0.1821582525511583,48423.08612974562
ENSG00000035720,STAP1,18,0.2499763115504742,0.035004765915026256,50468.76801148304
ENSG00000186910,SERPINA11,18,0.26867413116028405,0.18540582177052825,41547.170377834795
ENSG00000278206,ENSG00000278206,18,0.27189365465396736,0.13702443428468167,61749.26425408547
ENSG00000232568,RPL23AP35,18,0.24053751723992972,0.021985710420956667,54103.84141041582
ENSG00000228634,ENSG00000228634,18,0.2695666592969013,0.11396521517798729,51161.494947639396
ENSG00000136574,GATA4,18,0.2697898571323021,0.15240616919624372,43229.53959515649
ENSG00000169075,BRD7P3,18,0.27414879504751355,0.16504221807447791,44289.560234910234
ENSG00000232383,ENSG00000232383,18,0.2616776159944118,0.09709913739123173,30192.463540196142
ENSG00000276408,ENSG00000276408,18,0.27499631513005485,0.19681839335998694,54310.43936480399
ENSG00000181227,DLSTP1,18,0.2616499794699809,0.10383487848226432,40756.82290778988
ENSG00000162399,BSND,18,0.2355387279829149,0.07116984762642434,27104.778139974052
ENSG00000226159,LINC01375,18,0.24955255150920422,0.037230409590064524,40058.83452217849
ENSG00000137270,GCM1,18,0.27383005379907815,0.17149645755655987,45877.87087456961
ENSG00000247381,PLUT,17,0.2566401356031901,0.08132845420165698,41721.73176640667
ENSG00000255725,TDGP1,17,0.25901503426926387,0.07020965010406766,43246.58446438362
ENSG00000215835,ENSG00000215835,17,0.2670104123895548,0.14797296999460324,51767.11324806444
ENSG00000189120,SP6,17,0.263849583609666,0.09677068843612943,59863.45148599635
ENSG00000149742,SLC22A9,17,0.25779718475935365,0.07840237292506082,46270.049686657585
ENSG00000286897,ENSG00000286897,17,0.2684777802343297,0.14889818554329143,48516.744535401456
ENSG00000168748,CA7,17,0.26482975900947414,0.18225932501773964,42480.68308450335
ENSG00000260507,ENSG00000260507,17,0.26713122348206725,0.12376757023490627,67474.07918786563
ENSG00000286378,ENSG00000286378,17,0.27021519640354086,0.16575587866622965,49530.60242927339
ENSG00000260520,ENSG00000260520,17,0.26090642536029907,0.08072314418201601,44523.17254344733
ENSG00000261307,ENSG00000261307,17,0.2739037511975615,0.16566018007322206,45359.02563112445
ENSG00000239632,MTND4LP3,17,0.252663634545113,0.11740144460280305,43825.59691118407
ENSG00000196844,PATE2,17,0.2587813082340798,0.09613551918938573,34747.31029314052
ENSG00000256073,URB1-AS1,17,0.2624880241727161,0.08875704206015382,35990.25991492271
ENSG00000278274,SNORA61,17,0.26401461314126695,0.12728236001333065,37054.719298246986
ENSG00000132530,XAF1,17,0.2609535390543288,0.09928578158021746,50124.012160609214
ENSG00000188089,PLA2G4E,17,0.2726177315940509,0.1763754086015418,55922.701199057636
ENSG00000243810,CFAP61-AS1,17,0.2549961572070585,0.049702760905009746,44188.87822648065
ENSG00000253252,ENSG00000253252,17,0.2468028489308546,0.12893471000921786,31971.713288515257
ENSG00000287980,ENSG00000287980,17,0.27218291694300756,0.16123847480315237,59805.84263920577
ENSG00000198844,ARHGEF15,17,0.24572186601812487,0.10831550726406848,41457.2530333815
ENSG00000213809,KLRK1,17,0.2562442752913451,0.0493827580763176,38469.341098247074
ENSG00000277769,RBM22P4,17,0.2658091447943011,0.11776890687053636,45417.84232109495
ENSG00000236153,UBE2E3-DT,17,0.2653861743680142,0.08362983109829451,74517.8500795806
ENSG00000106852,LHX6,17,0.2290062432224976,0.052562424606678204,25278.28724318778
ENSG00000177984,LCN15,17,0.256377720223596,0.06243715948289285,42300.895159884145
ENSG00000287426,ENSG00000287426,17,0.25126601602390414,0.04671205941922924,55467.73990736038
ENSG00000287535,ENSG00000287535,17,0.26141388458984455,0.077712303993412,61707.258356289756
ENSG00000146677,RPL32P18,17,0.2580027478601181,0.0645545403307303,45525.68039600268
ENSG00000249022,ENSG00000249022,17,0.26259593822049343,0.11293889895097851,43216.16169522012
ENSG00000228670,NANOGP2,17,0.23227577566513746,0.05494690239280153,28428.405808065272
ENSG00000228089,PNKDP1,17,0.24898824000083156,0.11935219986715127,27432.540321446326
ENSG00000291309,LY6S,17,0.26957587147171036,0.16561944081721022,42958.18093339919
ENSG00000238077,NMNAT1P3,17,0.2696274596506472,0.1523374956669738,49865.4656644012
ENSG00000251330,ENSG00000251330,17,0.2662144804859508,0.1419923059837863,45252.392531123245
ENSG00000227512,ENSG00000227512,17,0.25145947169491856,0.04752709017167783,38478.272627569466
ENSG00000289811,FAM95A,17,0.2746583599170168,0.176320286863582,50128.23740483415
ENSG00000204791,SMPD5,17,0.2685027847088144,0.19397086189675616,44210.00305144348
ENSG00000287115,LINC02993,17,0.24273817419959223,0.020580612007107316,37913.82131541461
ENSG00000210112,MT-TM,17,0.2601233905014308,0.0980648857327405,33516.75371354562
ENSG00000288569,LINC01949,17,0.2763081288230333,0.1985061131324493,47095.04121502576
ENSG00000162746,FCRLB,17,0.27021519640354186,0.15496860454208722,52931.35545720578
ENSG00000228348,EFCAB14P1,17,0.2524435951696441,0.05227560272472131,33717.97463575898
ENSG00000226497,LINC02549,17,0.2535248412873692,0.05202235068928979,35137.71411539034
ENSG00000225031,EIF4BP7,17,0.2497025783561136,0.04432067427364756,38976.11858868164
ENSG00000276968,ENSG00000276968,17,0.254022298727121,0.051800723150054066,39580.617366691506
ENSG00000245330,DEPTOR-AS1,17,0.26408541528480844,0.1052072892488514,54037.26893139846
ENSG00000272343,ENSG00000272343,17,0.25999626248904967,0.08250236636315272,36994.58671225983
ENSG00000271396,ENSG00000271396,17,0.26119647726432355,0.0819498035261894,43629.849168819645
ENSG00000179044,EXOC3L1,17,0.2590108229893521,0.14570164069960156,46886.72843555191
ENSG00000288053,ENSG00000288053,17,0.26112093743087916,0.07590323133834725,46377.750440788775
ENSG00000113520,IL4,17,0.26273964814753276,0.08452096835516687,50676.41660103532
ENSG00000239443,PABPC1P10,17,0.26130912900200304,0.1372298787042265,62975.425620966314
ENSG00000231574,LINC02015,17,0.2650784877293504,0.13253782174364678,30598.336194497686
ENSG00000275160,RPL7AP45,17,0.2523464725266449,0.04236242122687833,49057.61829952512
ENSG00000259075,POC1B-GALNT4,17,0.26050740658851923,0.07922379336247534,34814.912706305746
ENSG00000223795,ENSG00000223795,17,0.2641738521629868,0.11543014709796559,34258.55578634006
ENSG00000188505,NCCRP1,17,0.23024883400189833,0.06845210911202898,26619.592126924526
ENSG00000280693,SH3PXD2A-AS1,17,0.26270279944829145,0.07408866433002509,47056.04062560004
ENSG00000196666,FAM180B,17,0.2766526641609372,0.20109034474859902,57590.90933940312
ENSG00000185028,LRRC14B,17,0.2581169788277647,0.07061413767004769,34086.78148570466
ENSG00000129451,KLK10,17,0.23556978617227534,0.052830453532674786,32762.386801365257
ENSG00000253992,ENSG00000253992,17,0.2561903182674567,0.0701574232110344,30657.43648278163
ENSG00000214402,LCNL1,17,0.2627370160975865,0.06945868545109124,57014.82529464705
ENSG00000261147,ENSG00000261147,17,0.2587842034890194,0.07278418597144758,42171.902453268944
ENSG00000163364,LINC01116,17,0.27086557594514343,0.20730449789689917,47582.02373406085
ENSG00000280607,ENSG00000280607,17,0.26807612941260434,0.11512340059570218,57797.37474337271
ENSG00000271849,MAN2A1-DT,17,0.25979438425820767,0.08258328511793162,44615.93844490314
ENSG00000215162,LINC00269,17,0.2573302590989727,0.06321360921053318,51304.21001158281
ENSG00000234686,ENSG00000234686,17,0.2530152764178668,0.05686302694929941,42297.57781358214
ENSG00000137970,RPL7P9,17,0.2698430245412072,0.15790347660738607,38442.07151014655
ENSG00000272182,ENSG00000272182,17,0.26719202383581414,0.11577155897987691,39346.769277271414
ENSG00000270210,ENSG00000270210,17,0.2639040670435436,0.07116030421825208,73048.32922313349
ENSG00000156413,FUT6,17,0.25485218407502375,0.044028777924947145,55813.00610281388
ENSG00000227688,HNRNPA3P2,17,0.25571549645723857,0.04864620286388548,44964.820884629255
ENSG00000248498,ASNSP1,17,0.2622053420085396,0.09082675194060158,40812.73766595834
ENSG00000273980,ENSG00000273980,17,0.25672673004640606,0.06097925238386822,37217.58748200757
ENSG00000289319,ENSG00000289319,17,0.2629644252129022,0.1074574097557843,36613.68569050132
ENSG00000233998,SETP5,16,0.26641530589681583,0.11661535729902474,45202.86132462787
ENSG00000287972,ENSG00000287972,16,0.2616433993451163,0.10139115757390027,40932.39450021674
ENSG00000267123,SCAT1,16,0.2580432814292832,0.06941551204701728,54204.631905816335
ENSG00000247033,ENSG00000247033,16,0.2574950254255782,0.07581184262374434,36161.80777428201
ENSG00000271171,LINC00904,16,0.2454641883284315,0.032145974883667425,31124.612882795904
ENSG00000239481,RPS3AP41,16,0.25849652042994564,0.07448226965245759,41172.17586269418
ENSG00000179477,ALOX12B,16,0.2635595317056424,0.1728075551165274,40604.7624218427
ENSG00000289236,ENSG00000289236,16,0.26765789667621753,0.21357825855703233,49105.92721888303
ENSG00000286950,ENSG00000286950,16,0.25988940126125104,0.07140127766189806,39480.05395053211
ENSG00000177452,ENSG00000177452,16,0.2686622869355297,0.14785027742467752,34504.52021365751
ENSG00000160678,S100A1,16,0.26396855226721544,0.10362598473488818,41655.20036206045
ENSG00000285691,ENSG00000285691,16,0.26520193087180854,0.08616889345802962,48131.76530362931
ENSG00000258748,KIF26A-DT,16,0.2708987397744602,0.21284296938904254,43817.111915728114
ENSG00000285686,LINC02834,16,0.25916163945124376,0.07372491085427864,37665.85415696693
ENSG00000223750,SIRPB3P,16,0.27449069833547035,0.1973718147039016,56574.681002743266
ENSG00000206069,LHFPL7,16,0.26157154438159635,0.08320849159713367,40366.17859441547
ENSG00000261831,ENSG00000261831,16,0.2608758935809279,0.08482174324373985,39701.72344516055
ENSG00000288086,ENSG00000288086,16,0.26318367497338463,0.09508094497224455,47176.89802677225
ENSG00000249239,RACK1P3,16,0.2579577398060457,0.07883946538536976,38987.49354531319
ENSG00000235403,ENSG00000235403,16,0.2594516913552681,0.07796015143436358,38686.591675157484
ENSG00000205045,SLFN12L,16,0.2644846972615825,0.10439473041069153,35232.58473698622
ENSG00000236483,MTND2P40,16,0.27010201825587443,0.13579933990986534,46685.47300914805
ENSG00000262147,FOXK2-AS1,16,0.27494472695111843,0.18937474839502536,66136.33044713143
ENSG00000287203,ENSG00000287203,16,0.2616665613846391,0.07993541926403125,38483.83706348346
ENSG00000289407,ENSG00000289407,16,0.26383958181987277,0.1285914753244989,30981.845559286423
ENSG00000235587,GAPDHP65,16,0.2697914363622706,0.18801588622688398,38742.0378628937
ENSG00000291286,ENSG00000291286,16,0.26194371624392937,0.08640019663636254,38604.32521911087
ENSG00000168746,LINC01620,16,0.2608135139972133,0.08980506663606565,34921.4427960066
ENSG00000236317,ENSG00000236317,16,0.27296595180187916,0.15566382270689388,36643.22201373672
ENSG00000249100,ENSG00000249100,16,0.26832117326255583,0.12950654176658793,38817.944033270454
ENSG00000286418,ENSG00000286418,16,0.26214559447477104,0.1410748030908995,47915.38174212103
ENSG00000237181,PRKAR1B-AS1,16,0.253913331859365,0.05137699250803236,41439.46745595081
ENSG00000210140,MT-TC,16,0.24830627585987977,0.031103480533878184,36831.493369668264
ENSG00000173578,XCR1,16,0.2601786635502914,0.08823060485920688,39573.66044594678
ENSG00000287851,ENSG00000287851,16,0.2518261162523649,0.046422041267400245,36157.716873178135
ENSG00000267388,ENSG00000267388,16,0.2564053567480267,0.0759105415890306,24984.774621908145
ENSG00000237667,LINC01115,16,0.27615152185125985,0.19800112823937394,55902.65135827983
ENSG00000277288,LINC02881,16,0.2577458597854105,0.07190743681908632,42575.563063426474
ENSG00000259637,DNM1P38,16,0.2488429508438231,0.05987406079798993,44270.05555816581
ENSG00000287996,ENSG00000287996,16,0.2619758272532679,0.09499735370610407,48194.12188295006
ENSG00000149635,OCSTAMP,16,0.2568770200983097,0.07247021427718443,28751.86943210321
ENSG00000287444,ENSG00000287444,16,0.26397039470217726,0.10597856634181112,50753.333915008305
ENSG00000203307,FAM78B-AS1,16,0.2699767326784522,0.20018591960631033,32185.5747417206
ENSG00000280273,ENSG00000280273,16,0.25840624111680616,0.10051362420694863,30487.865333038775
ENSG00000174950,CD164L2,16,0.24521203794362634,0.035045619371627805,36996.102217263426
ENSG00000173868,PHOSPHO1,16,0.2645028584062083,0.09625497958825197,41466.763477402164
ENSG00000289643,ENSG00000289643,16,0.22653711716836647,0.05579895731502702,25402.4911610495
ENSG00000281491,DNAJB5-DT,16,0.2720189402313843,0.19526060452506938,36344.72093910925
ENSG00000154478,GPR26,16,0.24489513913015595,0.05730303867051904,34807.80106492801
ENSG00000278903,ENSG00000278903,16,0.2653161618394553,0.10923850033432016,62183.38857329626
ENSG00000270166,ENSG00000270166,16,0.2642633418611429,0.10972870288408142,33204.287511757066
ENSG00000254741,ENSG00000254741,16,0.24900087384057007,0.04551155520229702,39638.46052990776
ENSG00000228973,ENSG00000228973,16,0.2668261688933516,0.10973006070543954,39133.45332871774
ENSG00000256288,LINC02617,16,0.261060400282129,0.2088231062543428,30099.66785801711
ENSG00000273464,ENSG00000273464,16,0.25988834844127284,0.08342615837982234,35631.11473224648
ENSG00000279817,ENSG00000279817,16,0.26696540433548377,0.12458762386361094,34721.992782813424
ENSG00000286408,ENSG00000286408,16,0.24264184117157667,0.025573337219304285,39810.745790012894
ENSG00000196735,HLA-DQA1,16,0.25685517408376024,0.06243251308239126,43286.53258609055
ENSG00000240370,RPL13P5,16,0.26272043418292873,0.10287203455461219,34754.66581174371
ENSG00000241119,UGT1A9,16,0.279471589652869,0.2511435624968833,57475.1068330954
ENSG00000225127,LINC00237,16,0.2544321089036781,0.06636143215229678,43149.03564982587
ENSG00000250437,LINC02161,16,0.2680100649589654,0.11686623930209523,44702.930063562235
ENSG00000213763,ACTBP2,16,0.27786498636596385,0.19397072070173088,46309.37805973413
ENSG00000233405,LINC01046,16,0.26945058589429327,0.10502681148037168,54684.0815841588
ENSG00000260179,ENSG00000260179,16,0.2692563406082924,0.13234249008532875,41318.111069973056
ENSG00000230013,CT70,16,0.2625764610508944,0.07739677133099375,42278.545166826545
ENSG00000231764,DLX6-AS1,16,0.2510920375224884,0.050460253996227784,29309.509023973944
ENSG00000273069,ENSG00000273069,16,0.26037396165626825,0.07971466151843162,45985.6953721548
ENSG00000105668,UPK1A,16,0.26321394354776106,0.11049671674640758,37634.19875197827
ENSG00000244267,RPL34P22,16,0.25355168819681584,0.05712639606794752,37850.586317321504
ENSG00000224893,LINC02840,16,0.26898260741393065,0.10577265802362766,54690.57877078452
ENSG00000275265,ENSG00000275265,16,0.2565032690060091,0.07384129767083122,47965.182300762666
ENSG00000290088,ENSG00000290088,16,0.2471563332385705,0.05002611675063966,38549.16665939628
ENSG00000251218,ENSG00000251218,16,0.2609745954538948,0.07099218270614799,47049.507295788695
ENSG00000273082,LARGE1-AS1,16,0.2550961751049976,0.0761152916759642,30906.121636716573
ENSG00000240411,RPL5P16,16,0.26673115189030805,0.12278467355141914,49682.85017697785
ENSG00000282012,ENSG00000282012,16,0.22331259277979368,0.034322992943101906,32391.226185572606
ENSG00000232888,RPS11P5,16,0.2537198761883508,0.0559851329870729,45665.852127693084
ENSG00000233588,CYP51A1P2,16,0.2546200372698063,0.0454199639875564,34803.01036385653
ENSG00000181524,RPL24P4,16,0.24735268416452524,0.03616580570603526,45315.2001631854
ENSG00000183470,FLJ40288,16,0.2461598391291003,0.04844471379573701,39573.88930539773
ENSG00000279718,SNX18P12,16,0.2718818104292114,0.14631551483140534,50802.01437633858
ENSG00000266729,DSG1-AS1,16,0.25619163429242964,0.07160363581633226,35054.76632898568
ENSG00000285958,ENSG00000285958,16,0.25548124401206485,0.07083460371630619,32999.421800213095
ENSG00000104903,LYL1,16,0.2516226587915566,0.062029078171844165,30148.67008401011
ENSG00000227674,LINC00355,16,0.26615815461711056,0.1159352565065734,33768.43472702807
ENSG00000187010,RHD,16,0.26584309823860097,0.13230180758895646,37230.31217152744
ENSG00000232439,RPL18AP7,16,0.26933819736160547,0.14511567816817603,49768.00491393664
ENSG00000233002,TBC1D26-AS1,16,0.26470552625203353,0.12146798951559588,45472.64160748859
ENSG00000226825,LINC01509,16,0.25890922586144366,0.08224532099039442,35299.9465353207
ENSG00000290114,ENSG00000290114,16,0.24820362591199435,0.03486767910965647,37274.51699067539
ENSG00000250905,ENSG00000250905,16,0.26561095143338265,0.14216611446662636,49121.56328712968
ENSG00000232395,LNCPOIR,16,0.25332664792645204,0.044718329949570305,30563.681567401083
ENSG00000110887,DAO,16,0.25526857437644557,0.0564139208044663,44899.68568844925
ENSG00000255381,ENSG00000255381,16,0.2696329869555345,0.16731615978534733,43537.11283059295
ENSG00000243871,RN7SL487P,16,0.26635740079800696,0.14451014126261466,33026.849764266866
ENSG00000259296,ENSG00000259296,16,0.2598533421769937,0.07794085307728738,41179.54229149704
ENSG00000223479,LINC02238,15,0.2448864533653336,0.03333981343303822,26283.91115915917
ENSG00000225492,GBP1P1,15,0.2572915679647699,0.0889280275806085,22460.643831347403
ENSG00000290671,PYY2,15,0.25383542318097085,0.05708179626596298,32497.785173361943
ENSG00000168955,TM4SF20,15,0.25459608561530034,0.060243966041152855,38532.70823213587
ENSG00000284657,ENSG00000284657,15,0.2571754945621607,0.060206908537526194,33788.57743341558
ENSG00000226525,RPS7P10,15,0.2679537390901246,0.12811781353335475,39562.77243500378
ENSG00000234782,TPT1P9,15,0.26650663802993285,0.1398791444272338,32550.152158454886
ENSG00000289644,ENSG00000289644,15,0.25335165240093716,0.06584219856786969,37355.36149762825
ENSG00000271709,ENSG00000271709,15,0.2530431761472922,0.04634885629334026,31616.799931970487
ENSG00000289768,ENSG00000289768,15,0.26934372466649337,0.14731634166588758,46706.39945032851
ENSG00000256870,SLC5A8,15,0.254872450859607,0.0824063261364134,24233.515480230057
ENSG00000287709,ENSG00000287709,15,0.25099149321455977,0.04704173499227639,34275.561849104335
ENSG00000258214,ENSG00000258214,15,0.2557339208068587,0.06928477940351314,30565.849452654933
ENSG00000289020,ENSG00000289020,15,0.2538056810165842,0.0950036369177764,20895.81871535465
ENSG00000234393,ENSG00000234393,15,0.2530005369381706,0.05145355491969655,33330.45712928015
ENSG00000287898,ENSG00000287898,15,0.25559021087982003,0.06275101056637766,34271.26474564886
ENSG00000231317,ENSG00000231317,15,0.2682816925133689,0.15221866505310003,36201.324342575295
ENSG00000254833,ENSG00000254833,15,0.27163571375928,0.1452378566757301,38835.39072704549
ENSG00000213046,EEF1A1P32,15,0.26814798437612364,0.13277295436361466,45197.547076510964
ENSG00000250186,ENSG00000250186,15,0.25937983639174855,0.09031185405451897,46610.06305069888
ENSG00000256034,ENSG00000256034,15,0.27992114378360716,0.18455734064469714,46340.35826542326
ENSG00000228686,ENSG00000228686,15,0.2585857469231081,0.0640803222593191,28461.134010942413
ENSG00000289830,ENSG00000289830,15,0.2645294421106607,0.14181051400874323,33397.1464090682
ENSG00000272948,ENSG00000272948,15,0.25552098796624595,0.05672554743634854,41103.24397330708
ENSG00000287312,ENSG00000287312,15,0.27595253887535853,0.20010419259601786,60763.36676830463
ENSG00000130037,KCNA5,15,0.25401756103721845,0.06136766171897351,38380.566238812324
ENSG00000115590,IL1R2,15,0.2568428034490141,0.06435534787419075,37355.346907896026
ENSG00000226608,FTLP3,15,0.25227382794814146,0.04875631273801667,38867.52757611785
ENSG00000228140,EFHD2-AS1,15,0.2698448669761686,0.14879068814920415,44877.83121484506
ENSG00000120057,SFRP5,15,0.2560837202446544,0.11580050152417781,35083.9599496867
ENSG00000233122,CTAGE7P,15,0.26605313582427403,0.14079073181821897,39028.37393596902
ENSG00000263219,RYKP1,15,0.25988755882628944,0.10508542036847396,38524.43093908779
ENSG00000286040,ENSG00000286040,15,0.2504066517166085,0.042546431279801705,32323.575524795266
ENSG00000272192,PDE7A-DT,15,0.2487231925712901,0.03878306666698871,30527.92916484505
ENSG00000288072,ENSG00000288072,15,0.25283208574164057,0.054365409822686096,31411.536908696828
ENSG00000290815,ENSG00000290815,15,0.24642146489371014,0.03192272537672921,28721.749981016805
ENSG00000243910,TUBA4B,15,0.27205605213562245,0.20229332382281892,41141.68185794673
ENSG00000279349,ENSG00000279349,15,0.2502645210195362,0.04795042366007771,31001.144478538805
ENSG00000204657,OR2H2,15,0.26109988103131376,0.0962305278753108,29723.341703283833
ENSG00000230695,FN1-DT,15,0.24770827411219948,0.04623603466814929,27604.678566296865
ENSG00000269873,ENSG00000269873,15,0.26642267563666283,0.10645820670508087,31342.1049780131
ENSG00000272457,ENSG00000272457,15,0.2513202362527868,0.03505510697593883,49590.62771129904
ENSG00000253834,ENSG00000253834,15,0.2618855479401283,0.08325943657117911,37695.02286957785
ENSG00000124391,IL17C,15,0.23508601539224097,0.042801753819680384,24528.038487116988
ENSG00000171722,SPATA46,15,0.2660965646483795,0.10770535336070595,31899.87239249475
ENSG00000162438,CTRC,15,0.2528613014960391,0.04297841863750178,40793.77088361806
ENSG00000259090,SEPTIN7P1,15,0.27566511902127844,0.1824134205009856,36660.4015559756
ENSG00000114013,CD86,15,0.261888443195069,0.15954042982545896,40269.40190171215
ENSG00000287936,ENSG00000287936,15,0.2565722287145891,0.09078911168671322,27674.4008580361
ENSG00000255850,RXYLT1-AS1,15,0.2535043112977917,0.054939697271816114,31411.121252341887
ENSG00000019102,VSIG2,15,0.2624559131633776,0.0898935592278269,44371.24642655108
ENSG00000163793,DNAJC5G,15,0.25546755735234655,0.07888619528256655,50193.195465860925
ENSG00000232470,ENSG00000232470,15,0.2694063674552017,0.1300272807769613,37161.84082896645
ENSG00000205035,GRM5P1,15,0.25131128728297103,0.056289829369245405,40913.296629099954
ENSG00000254590,ENSG00000254590,15,0.244467694218961,0.029708229567132583,32609.474946763057
ENSG00000267795,SMIM22,15,0.26286203847001055,0.09053019012270956,54862.06067943794
ENSG00000174697,LEP,15,0.25227461756312514,0.049873693406341055,26008.18908594104
ENSG00000159398,CES5A,15,0.2717923207310546,0.13813296427840582,53855.12013928818
ENSG00000223974,BNIP3P42,15,0.2608261478369532,0.08844592677727413,35935.16345368943
ENSG00000278910,BANCR,15,0.2576774264868214,0.11734554518187931,38326.319566105885
ENSG00000283579,ENSG00000283579,15,0.2536611814745607,0.05796790437276866,32911.402401675354
ENSG00000284648,ENSG00000284648,15,0.2611061979511836,0.13594826729751425,40437.054601437034
ENSG00000225171,DUTP6,15,0.26311076718988685,0.09080032229883594,35710.69558053371
ENSG00000231340,ACTG1P10,15,0.25135813777200616,0.04299331562013038,33775.29714455471
ENSG00000253570,RNF5P1,15,0.2642504448164085,0.12774486036676033,32712.238260410708
ENSG00000221639,ENSG00000221639,15,0.2532050472189575,0.07442954761157111,30237.885691848816
ENSG00000277895,ENSG00000277895,15,0.26557147068419634,0.11876189894451884,39738.4103412632
ENSG00000229646,ENSG00000229646,15,0.2383376498952523,0.08853832748618175,30404.644286364
ENSG00000268529,CYP2T3P,15,0.25953486413355503,0.10297057504330288,20674.510360246004
ENSG00000243896,OR2A7,15,0.25354958255685955,0.048727456318020966,48898.81857975154
ENSG00000268518,MYREM,15,0.2556065295894837,0.06948271030652367,29266.074018217154
ENSG00000286290,ENSG00000286290,15,0.25973832159436383,0.10699116061326382,32352.042296835032
ENSG00000254445,HSPB2-C11orf52,15,0.25102728909382216,0.040672806751360285,37521.49629914278
ENSG00000261804,ENSG00000261804,15,0.24053935967489135,0.028072962020776162,31563.52908437645
ENSG00000229673,ENSG00000229673,15,0.2640798879799227,0.21640842317001485,27849.9822404383
ENSG00000224920,TACC1P1,15,0.2701096512007157,0.13522320093482051,44139.88137470573
ENSG00000125823,CSTL1,15,0.24604244970151845,0.04580923357142565,33147.92804213466
ENSG00000287786,ENSG00000287786,15,0.2555423075708063,0.04762972533044357,51694.9981469209
ENSG00000187569,DPPA3,15,0.26025788825366103,0.15333346037203355,35636.40720952695
ENSG00000138308,PLA2G12B,15,0.2673907436067207,0.1354214162492381,46206.7114767328
ENSG00000182896,TMEM95,15,0.25145025952010824,0.0354495284478947,39279.55885524914
ENSG00000231495,ENSG00000231495,15,0.27744227914467007,0.2385275323125159,37237.825961472656
ENSG00000259195,ENSG00000259195,15,0.26272043418292845,0.11087291643348195,32619.197039646704
ENSG00000254909,ENSG00000254909,15,0.2713888274743668,0.12987229904026443,37163.41652889638
ENSG00000278703,ENSG00000278703,15,0.2691963298695293,0.15901154512774185,33496.52287474651
ENSG00000263859,ENSG00000263859,15,0.24872240295630638,0.050229355270650956,45559.10602375232
ENSG00000260247,SUB1P4,15,0.23942231767790448,0.024677268369646774,38179.2271975885
ENSG00000183153,GJD3,15,0.2558184096101183,0.06561807019193508,47360.3104010834
ENSG00000228636,LINC02663,15,0.26684643567793304,0.11909390534838035,39236.26994547775
ENSG00000256155,LINC02598,15,0.26918896012968185,0.12518971716423374,30985.63654879696
ENSG00000287080,H3C3,15,0.2726822168177235,0.185094326116435,42316.034176016066
ENSG00000230489,VAV3-AS1,15,0.26448706610653366,0.11316280733595543,45907.56588485144
ENSG00000275630,ENSG00000275630,15,0.26800822252400214,0.1488911425015993,36459.23469574518
ENSG00000280311,ENSG00000280311,15,0.26753287430379447,0.1347014325964324,38468.26802301779
ENSG00000198569,SLC34A3,15,0.2519900929639873,0.07340628673167104,28916.66795288627
ENSG00000261644,CYLD-AS1,15,0.2674647042101972,0.1239234116285172,43197.55597680354
ENSG00000255689,ENSG00000255689,15,0.24875582999061802,0.0445596105951727,27314.501087852757
ENSG00000290041,ENSG00000290041,15,0.26324526494211614,0.10013664767326366,48315.38373627077
ENSG00000231434,HSP90AA3P,15,0.2694653253739887,0.15385572353008717,40980.94944813961
ENSG00000213235,EEF1A1P16,15,0.26135229462111376,0.0852230411919754,34677.13844639961
ENSG00000290700,ENSG00000290700,15,0.23641809586979767,0.05835125267002066,29668.485752266988
ENSG00000286201,ENSG00000286201,15,0.2640827832348633,0.13423904254927146,31674.918339405787
ENSG00000288063,ENSG00000288063,15,0.26270543149823705,0.08947688553996344,37610.24167056975
ENSG00000289087,ENSG00000289087,15,0.24139609193224126,0.024149009839859906,26508.876816313757
ENSG00000227815,ENSG00000227815,15,0.25449475169238733,0.05524764084705357,33822.37680142611
ENSG00000233399,LINC01648,15,0.2516471368560521,0.07751003538091761,36961.26690684126
ENSG00000270725,ENSG00000270725,15,0.2510783508627704,0.046827299199336606,35136.0886445877
ENSG00000253141,ENSG00000253141,15,0.24799306191633239,0.04003940215001795,23140.703533804495
ENSG00000271843,ENSG00000271843,15,0.2582017308360191,0.06982167136691679,43902.28663405109
ENSG00000101180,HRH3,15,0.26428755672064463,0.13010965529995078,35955.7507569713
ENSG00000247287,PRKCH-AS1,15,0.2536177526504547,0.05571666206368671,32898.720270656566
ENSG00000260265,LINC02562,15,0.2532824294873638,0.1051906304070927,34699.61692873174
ENSG00000249624,IFNAR2-IL10RB,15,0.2464056725940354,0.04055180300104501,31694.78422488128
ENSG00000166869,CHP2,15,0.25429682153646627,0.10292468718518018,40231.61996233541
ENSG00000145192,AHSG,15,0.2681298232314974,0.15954454818402264,35044.78269977345
ENSG00000167612,ANKRD33,15,0.2594811703146609,0.06826001232728303,34703.87104919659
ENSG00000234232,PDE4DIPP7,15,0.2655069854605244,0.13457906567522313,35039.70009831944
ENSG00000280054,ENSG00000280054,15,0.25002974216437335,0.03937391264418454,33871.321203619234
ENSG00000182759,MAFA,15,0.2615136392827897,0.11076013322566372,27160.168458764776
ENSG00000145777,TSLP,15,0.2681148205468039,0.22681443277172086,30527.717901262033
ENSG00000233384,CNIH3-AS2,15,0.2623693187201623,0.15371614146481352,29498.608256205203
ENSG00000288887,ENSG00000288887,14,0.2572226082561897,0.06865443788673976,26951.69895215478
ENSG00000232762,ENSG00000232762,14,0.2601997199498583,0.08568690691043243,24884.478530548444
ENSG00000140506,LMAN1L,14,0.24898429192591112,0.041862497909759926,22763.79401668848
ENSG00000259541,POU2F3-AS1,14,0.2673557373424428,0.15840275971102658,27962.080193280213
ENSG00000225259,ST13P6,14,0.25109019508752617,0.05962791534587584,26819.112451259858
ENSG00000160593,JAML,14,0.2583943968920512,0.16635313117549785,33416.260352292804
ENSG00000287775,ENSG00000287775,14,0.25350825937271027,0.056210556998669246,30301.13804864611
ENSG00000289305,ENSG00000289305,14,0.2541667982691438,0.06491218428311922,30576.019394818413
ENSG00000215030,RPL13P12,14,0.2665874419632682,0.14529804033839933,23862.00917036437
ENSG00000250848,PPP4R2P1,14,0.2419232915363797,0.028993040673521875,23009.491706313165
ENSG00000259126,ENSG00000259126,14,0.23776412621206594,0.027870640447483268,27074.521274138635
ENSG00000136457,CHAD,14,0.2575531937293797,0.08593842482650463,26272.25592869969
ENSG00000289262,ENSG00000289262,14,0.2583509680679447,0.09350012663494091,35049.65744310166
ENSG00000251081,ENSG00000251081,14,0.25119758272531356,0.048640631187021534,29511.017298516832
ENSG00000289512,ENSG00000289512,14,0.24463904067043085,0.028942943091094183,29874.692667664243
ENSG00000236115,ENSG00000236115,14,0.2579998526051781,0.09589816457156049,30417.339300484695
ENSG00000166159,LRTM2,14,0.2592913995135704,0.08170920571354837,32372.233586998726
ENSG00000274582,SNORA16A,14,0.24783434930460277,0.08486875006794385,33894.38709308761
ENSG00000272854,ENSG00000272854,14,0.2620218881273193,0.12639227242753912,23729.96875556409
ENSG00000272768,ENSG00000272768,14,0.25631770948483273,0.10691079429875719,44388.28880285505
ENSG00000204540,PSORS1C1,14,0.25555888948546607,0.13136390386628408,23381.141868496536
ENSG00000250135,ENSG00000250135,14,0.25799643094024866,0.09205596090640548,39775.572485326855
ENSG00000288865,ENSG00000288865,14,0.24421949190907402,0.03231090199473151,30600.79384785286
ENSG00000290818,ENSG00000290818,14,0.24988892749227418,0.05601725211990644,26352.55643998695
ENSG00000258955,LINC00519,14,0.26710727182756083,0.12757327891080822,39860.11269272059
ENSG00000255020,TDH-AS1,14,0.25777060105490124,0.07678086760464832,31190.04669587345
ENSG00000260740,ENSG00000260740,14,0.26105645220720863,0.08565726392980476,28847.95240951848
ENSG00000268288,ENSG00000268288,14,0.24774854447636993,0.032708654784641564,34612.9012067653
ENSG00000242173,ARHGDIG,14,0.2460137603571094,0.03972788041662753,40281.41511056918
ENSG00000254557,ENSG00000254557,14,0.26245591316337763,0.10324053244513479,34054.10701644792
ENSG00000268070,ENSG00000268070,14,0.2569120263625885,0.07250993403402933,29894.98874649275
ENSG00000290510,ENSG00000290510,14,0.24774907088635903,0.04658698997974412,24670.209508509415
ENSG00000224594,RPL29P19,14,0.2604874030089312,0.08632223697414244,26166.127116840686
ENSG00000255558,ENSG00000255558,14,0.24339960835096514,0.026768227154553792,27840.17467251441
ENSG00000268964,ERVV-2,14,0.25321636503372397,0.06856451042561433,26303.195810527188
ENSG00000283709,FAM238C,14,0.23097238453198865,0.01389137140872671,35352.21013663379
ENSG00000279140,ENSG00000279140,14,0.258500994914854,0.08326341327391032,28920.04552013583
ENSG00000188375,H3-5,14,0.2339831864649601,0.016212656466693908,29035.724234562796
ENSG00000272412,RN7SL778P,14,0.2579040459871518,0.0738791816921887,36062.04586384576
ENSG00000236494,ENSG00000236494,14,0.26070559994943643,0.10739504899505982,33015.99651424903
ENSG00000225680,ENSG00000225680,14,0.2515073750039315,0.06702171815306973,29507.884283369258
ENSG00000286364,ENSG00000286364,14,0.24912589621299389,0.04631527699870236,22531.488395982782
ENSG00000279082,LINC01727,14,0.24652253561162757,0.03249585345712225,29129.121128478924
ENSG00000232472,EEF1B2P3,14,0.25450291104721917,0.057976385804015346,35362.693200458416
ENSG00000230565,ENSG00000230565,14,0.26727572302409147,0.1064727205721646,37363.80774887186
ENSG00000258729,ENSG00000258729,14,0.25629560026528797,0.05610170283845835,38468.98156070395
ENSG00000223658,C1GALT1C1L,14,0.25430866576122113,0.07393337431397218,23240.187233247794
ENSG00000279707,ENSG00000279707,14,0.25919190802562014,0.08919690937591968,29897.840723724436
ENSG00000286712,ENSG00000286712,14,0.25051693460933655,0.08966583218991081,24709.094100197657
ENSG00000285624,ENSG00000285624,14,0.268103765937035,0.10940438235816755,39871.09546582029
ENSG00000289068,ENSG00000289068,14,0.244137635155761,0.047113058103584814,28609.835672000674
ENSG00000225401,TGIF2P1,14,0.2597575355589671,0.09760879010681027,35203.02978655948
ENSG00000160994,TEKTL1,14,0.2357640314582712,0.019441029543378324,22029.10376722166
ENSG00000258448,ENSG00000258448,14,0.26287046102983774,0.1129037152328145,30395.13537303594
ENSG00000259582,ENSG00000259582,14,0.25093595696070375,0.061256699583143524,32321.67998911251
ENSG00000279748,ENSG00000279748,14,0.2652664160954804,0.11864123177538032,40753.54547251557
ENSG00000244730,PHF5AP3,14,0.25001394986469894,0.03636349019460645,33494.83691835427
ENSG00000289555,ENSG00000289555,14,0.2478135561100302,0.04647601132302444,24707.014115469836
ENSG00000206140,TMEM191C,14,0.26704620826881853,0.15450939467273309,28302.714693584956
ENSG00000232713,RPS12P3,14,0.24643988924333027,0.03956497338651463,28730.645270659257
ENSG00000214770,ENSG00000214770,14,0.23737747807503146,0.023133896289156606,25027.155428489725
ENSG00000253775,ENSG00000253775,14,0.2564835286314163,0.054769366688221056,45596.82373414015
ENSG00000257579,ENSG00000257579,14,0.25015792299673256,0.04315656213982138,28406.828744962775
ENSG00000047936,ROS1,14,0.25349694155794356,0.07144819410645198,20606.861231898398
ENSG00000215007,DNAJA1P3,14,0.24830522303990132,0.07708647696283483,30849.37229225697
ENSG00000241984,RPL7AP2,14,0.2647026309970928,0.1129605308358241,35476.76892315034
ENSG00000261052,SULT1A3,14,0.25932482654788175,0.08925357092703999,28550.9391837422
ENSG00000249955,ENSG00000249955,14,0.2535116810376397,0.05286420067033358,42763.49637086993
ENSG00000285560,ENSG00000285560,14,0.2620808460461051,0.10009864657851646,32624.449401871236
ENSG00000242049,DNAJB8-AS1,14,0.261074086941845,0.06081141793530453,43725.529517979136
ENSG00000289982,ENSG00000289982,14,0.2562476969562744,0.05973450290846323,36335.874487254805
ENSG00000288878,ENSG00000288878,14,0.2662852826294918,0.12464653674543731,27674.177983079055
ENSG00000227344,HAUS6P1,14,0.25163266058135064,0.04948881415523549,37966.53465370679
ENSG00000213222,TOMM40P4,14,0.2576176789530519,0.11288820480847608,26530.858917680525
ENSG00000261202,TNRC6B-DT,14,0.2636419148689451,0.13404711557155635,28621.109697534564
ENSG00000287899,ENSG00000287899,14,0.2566006548540034,0.08664842836150756,34138.053945703105
ENSG00000279548,ENSG00000279548,14,0.2600773296273794,0.07585801804252892,36918.04616196824
ENSG00000234511,C5orf58,14,0.2755011423096576,0.20351784114475752,52491.72796731991
ENSG00000255224,ENSG00000255224,14,0.2419588242106479,0.028671512574134406,35897.21899118881
ENSG00000258034,ENSG00000258034,14,0.26614710000734004,0.1144292290595015,42364.40995427108
ENSG00000233170,ENSG00000233170,14,0.24044986997673504,0.021854241891741153,29766.384454017123
ENSG00000231943,PGM5P4-AS1,14,0.24529494751691805,0.035381099760404135,26191.075283635204
ENSG00000225537,ENSG00000225537,14,0.2500507985639394,0.0457467400106663,32078.323932178733
ENSG00000285294,LINC00842,14,0.26622079740581917,0.21472586168268717,25316.59125712951
ENSG00000224057,EGFR-AS1,14,0.2568980764978766,0.1060468698671642,29017.998235261304
ENSG00000290101,ENSG00000290101,14,0.25534121895494943,0.058804659395562384,26593.72942639888
ENSG00000240457,RN7SL472P,14,0.2591458471515687,0.06314949604322796,31155.269512096103
ENSG00000184492,FOXD4L1,14,0.2625875156606661,0.0717529343207895,40632.39341763042
ENSG00000224094,RPS24P8,14,0.26451101776104025,0.10748597280962753,29704.57596451796
ENSG00000234693,RIPOR3-AS1,14,0.24817967425748771,0.0440725628510683,27113.158342807037
ENSG00000280320,ENSG00000280320,14,0.25274628091340834,0.05931295483450131,32403.871765463322
ENSG00000263707,ENSG00000263707,14,0.2583462303780426,0.09353774033823217,25236.348588004446
ENSG00000265316,EPB41L3-AS1,14,0.25310292368106085,0.06520603772735756,33837.933245383385
ENSG00000119614,VSX2,14,0.25149184590925133,0.057147221348669584,24964.491884651918
ENSG00000289197,ENSG00000289197,14,0.26965246412513255,0.14523333561932603,51283.956537281214
ENSG00000250651,PABPC1P7,14,0.2562445384963397,0.06307573977328819,26338.569391489997
ENSG00000288707,ENSG00000288707,14,0.26011602076158286,0.0969077618200215,25442.06322544709
ENSG00000227008,RPS24P19,14,0.2545342324415741,0.05777701373098796,29551.571143272795
ENSG00000240677,MYL6P4,14,0.2462959161112963,0.036486291514026305,48881.71152371807
ENSG00000235795,ENSG00000235795,14,0.2683561795268345,0.1877419467447355,27081.599184415383
ENSG00000006788,MYH13,14,0.2469978838318346,0.03694143556827236,29891.312225689002
ENSG00000221953,LINC02897,14,0.2508430455976179,0.047848376716107116,26826.255683982658
ENSG00000205412,HNRNPA1P20,14,0.26052767337310173,0.10686333405048642,32808.46766252604
ENSG00000167851,CD300A,14,0.24919696156153,0.03625791998263713,38006.9363517606
ENSG00000270606,PPIAP52,14,0.26366718254842386,0.08475906452249508,36939.465396533145
ENSG00000240859,LINC03014,14,0.2527528610382725,0.06747253321237302,33624.15187385501
ENSG00000147570,DNAJC5B,14,0.2594185275259516,0.082383384981515,27346.515394855658
ENSG00000257696,BLTP3B-DT,14,0.25415837570931754,0.06294132013659078,30721.708071045483
ENSG00000249590,ENSG00000249590,14,0.2640956802795968,0.12451010977019074,22967.477137651294
ENSG00000107317,PTGDS,14,0.24908641546380741,0.04717067658441875,29067.539062403743
ENSG00000272678,ENSG00000272678,14,0.25725761452046886,0.0625175627528124,28961.14186539489
ENSG00000225230,ENSG00000225230,14,0.25110282892726576,0.05017332607291316,43374.78036532894
ENSG00000259523,ENSG00000259523,14,0.24783540212458055,0.04872625534107159,18544.683092066654
ENSG00000255222,SETP17,14,0.265249834180822,0.10250701633493474,35751.49393824769
ENSG00000237949,LINC00844,14,0.26017761073031376,0.09030667460311514,26594.357977987485
ENSG00000253428,LINC01942,14,0.2602199867344404,0.09399582239224329,27304.669555957942
ENSG00000253445,ENSG00000253445,14,0.25708337281405913,0.06561525920404328,39917.88435709105
ENSG00000259813,ENSG00000259813,14,0.25790799406207027,0.08120203620585771,28577.629034799433
ENSG00000249803,CTB-1I21.1,14,0.2565917058841876,0.0859320332536482,36892.11714419576
ENSG00000256852,KNOP1P1,14,0.26396223534734614,0.139154504185215,25286.633480453387
ENSG00000259015,ENSG00000259015,14,0.26350241622181797,0.09917787021353833,35325.60623806717
ENSG00000289225,ENSG00000289225,14,0.24599007190759722,0.04992495110151074,23262.021108723937
ENSG00000286659,ENSG00000286659,14,0.25272496130884714,0.05081558136100636,31573.028961861055
ENSG00000288976,ENSG00000288976,14,0.26744601665558204,0.13352273565087752,32360.7547683663
ENSG00000267615,ENSG00000267615,14,0.24366860385542308,0.0419727885795909,24753.002400634974
ENSG00000261549,ENSG00000261549,14,0.2648444984891713,0.1367112768430348,35357.24544053784
ENSG00000258425,ENSG00000258425,14,0.26351426044657444,0.09906682225680896,36939.70921110757
ENSG00000236268,LINC01361,14,0.25686675510352164,0.09584559067611885,27692.34218883213
ENSG00000205424,PCBP3-AS1,14,0.23977711801059512,0.019848565353323643,24964.145361855153
ENSG00000288635,ENSG00000288635,14,0.24902456229008127,0.05852197079027647,28785.541640477593
ENSG00000233328,PFN1P1,14,0.259331143467752,0.08853735834449307,31277.054140099917
ENSG00000248647,ENSG00000248647,14,0.2660412915995184,0.12386032599667877,43049.05832072382
ENSG00000213866,YBX1P10,14,0.26488318962337337,0.14652320726949566,36795.701018801105
ENSG00000289110,ENSG00000289110,14,0.25267258351492633,0.04896383758535749,27764.51171374174
ENSG00000233558,ENSG00000233558,14,0.26284361412039003,0.09350678829682134,47139.61782306347
ENSG00000283083,LINC02498,14,0.23869613509786505,0.01942590246984826,23016.518506009408
ENSG00000188886,ASTL,14,0.2604616089194633,0.10850874350518551,26493.54948119444
ENSG00000154016,GRAP,14,0.2491114199382922,0.05327359526081077,28254.53482327273
ENSG00000228519,RANBP1P1,14,0.2692866091826696,0.16645060496545983,36129.69305913574
ENSG00000230067,HSPD1P6,14,0.24326642662370876,0.042899021934461816,22586.15128060623
ENSG00000152463,OLAH,14,0.2399063516629326,0.018446647970937854,33850.40747125566
ENSG00000264825,ENSG00000264825,14,0.2548127033258373,0.050081512964435866,48770.197989393906
ENSG00000234176,HSPA8P1,14,0.25826358400974525,0.10019238462394396,33985.18351174137
ENSG00000260934,ENSG00000260934,14,0.2653953865428226,0.12097153818666742,34013.44285460791
ENSG00000152672,CLEC4F,14,0.2678587220870828,0.13851048590172205,44121.33766550829
ENSG00000241438,CRIPTOP6,14,0.2607192866091546,0.0821478349573736,28141.72157971042
ENSG00000233426,EIF3FP3,14,0.26759156901758663,0.10193374641709328,42414.404507332896
ENSG00000253506,NACA2,14,0.2589497594306087,0.0677771699858495,37326.03307822005
ENSG00000290723,ENSG00000290723,14,0.25803143720452726,0.0803318163782509,27884.23523769809
ENSG00000290387,SORD2P,14,0.2638211574702523,0.15355390261561763,29194.913422002337
ENSG00000248511,ENSG00000248511,14,0.26189660254990016,0.1381571672249507,36344.928380717756
ENSG00000231977,ENSG00000231977,14,0.23620305738922673,0.017125200396002755,33896.12988133062
ENSG00000232186,TERF1P7,13,0.26535037848875026,0.10794123541978351,38516.35960921986
ENSG00000268322,BNIP3P25,13,0.2570520514197038,0.07157539202296283,30806.813671312215
ENSG00000220694,RPL17P23,13,0.25137235084171317,0.05731563849885235,25522.500477874386
ENSG00000289462,ENSG00000289462,13,0.2523159407472735,0.06028049722329545,29666.07289455735
ENSG00000232305,CLCP1,13,0.2468457513449689,0.051716615804500855,28773.18222247829
ENSG00000276488,ENSG00000276488,13,0.24709395365485523,0.04928519365426157,20642.16932027937
ENSG00000168427,KLHL30,13,0.25426076245220786,0.06774286665486104,31706.38613109194
ENSG00000283774,MIR632,13,0.2585178400345068,0.08525877225239611,30904.632670298673
ENSG00000257520,SFTA3,13,0.24534337723592026,0.03344073595221184,22603.03302768608
ENSG00000235864,HSPA8P6,13,0.2559976522114262,0.08915886598107707,25859.526270846836
ENSG00000286410,ENSG00000286410,13,0.25735157870353315,0.060940872912184835,35809.09936445436
ENSG00000282886,PTMAP12,13,0.256302180390152,0.07177233430042368,30291.890529620927
ENSG00000289224,ENSG00000289224,13,0.2527125906741023,0.06612971196073107,29382.26909087272
ENSG00000232413,ENSG00000232413,13,0.2660047061052722,0.09839718928896338,32380.29694354728
ENSG00000277453,ENSG00000277453,13,0.264876083088521,0.13625312366749753,35970.494307012894
ENSG00000277749,CCDC33-AS1,13,0.2536427571249394,0.06336646527117071,25183.833573623222
ENSG00000179058,C9orf50,13,0.23997925944643078,0.017135124708608635,35825.09024595695
ENSG00000286640,ENSG00000286640,13,0.24324142214922412,0.03129752647353702,19756.74168168675
ENSG00000230090,ENSG00000230090,13,0.25122916732466294,0.05121745964223669,24850.728750543534
ENSG00000215319,EIF5P1,13,0.26243564637879496,0.07981886262194135,40408.98058496182
ENSG00000234286,ENSG00000234286,13,0.25129549498329645,0.04661557623166751,23815.082091084965
ENSG00000178107,ENSG00000178107,13,0.23197967004623637,0.021828307180719365,20324.757964070435
ENSG00000267342,ENSG00000267342,13,0.2553680658643958,0.056229792885752555,33738.32155125246
ENSG00000256542,ENSG00000256542,13,0.2545831885705661,0.08723418485744323,31433.84165291242
ENSG00000267379,ENSG00000267379,13,0.2533155933166797,0.06020264696071915,27112.23733642349
ENSG00000287161,ENSG00000287161,13,0.265521724940221,0.12698803839574882,23641.39168404845
ENSG00000256146,ENSG00000256146,13,0.2523409452217582,0.05567912106858224,22659.869163693314
ENSG00000266717,ENSG00000266717,13,0.25832885884840046,0.0999853127613567,21197.462446380305
ENSG00000266708,RAB12-AS1,13,0.24663781939925286,0.060313058316092724,22356.462413566038
ENSG00000176857,GJA1P1,13,0.25194034722001124,0.0487593995137664,36461.92933457599
ENSG00000231255,ENSG00000231255,13,0.2549258814735059,0.07392777782271144,21792.66619664322
ENSG00000234474,MIR3663HG,13,0.2479927987113375,0.04463457490358734,21351.04126697979
ENSG00000231821,NPM1P48,13,0.2441771159049487,0.08651781682850031,37141.830086436195
ENSG00000215231,LINC01020,13,0.2412610677700227,0.03013216659313355,23642.927202584884
ENSG00000203258,ENSG00000203258,13,0.26172472968844074,0.08396368272784009,44833.76783329483
ENSG00000267147,LINC01842,13,0.24872450859626313,0.051389198118422484,32087.64776340466
ENSG00000283324,CTXND2,13,0.25908057231291376,0.0682242231999933,27739.51915314021
ENSG00000258117,LINC03056,13,0.24265447501131623,0.030487063730673607,34893.48315085632
ENSG00000289061,ENSG00000289061,13,0.2502847878041189,0.041097900712535676,30896.832614881965
ENSG00000264272,ENSG00000264272,13,0.2627093795731565,0.12923480611852964,18595.447606658916
ENSG00000233825,EPC1-AS2,13,0.25556073192042694,0.08028715729572197,24631.91570825691
ENSG00000180777,ANKRD30B,13,0.253456407988779,0.07711041776807744,37501.92945107507
ENSG00000277602,ENSG00000277602,13,0.2746296705726096,0.1645282597173234,37933.1271922702
ENSG00000263924,ENSG00000263924,13,0.2646281439836279,0.09477334784867483,30080.53367218897
ENSG00000286732,ENSG00000286732,13,0.24676389459165501,0.035550836032059004,31379.77560946765
ENSG00000231544,RSL24D1P11,13,0.2542241769579619,0.05339367143305159,33421.03104347259
ENSG00000233975,LINC02574,13,0.24232099428318646,0.027629054928648384,27433.84919745586
ENSG00000287081,ENSG00000287081,13,0.26374930250673234,0.11819733513952996,40218.98003567463
ENSG00000288754,ENSG00000288754,13,0.2661020919532666,0.13219575634328928,46454.26005620619
ENSG00000234020,CHIAP3,13,0.24389548656074903,0.03950581086657961,23592.932648509526
ENSG00000182376,PIEZO1-AS1,13,0.26112751755574376,0.0834748756728832,30549.058293047456
ENSG00000261218,ENSG00000261218,13,0.24737874145898817,0.04200559559539983,23540.51227852506
ENSG00000234050,ENSG00000234050,13,0.2523999031405443,0.05966889808541195,24256.71797289319
ENSG00000213592,PPIAP42,13,0.2626770053588226,0.10510656178437128,32576.79985730289
ENSG00000263271,ENSG00000263271,13,0.24198251266015988,0.030642289564315944,18979.551463396732
ENSG00000277987,LINC02351,13,0.261623132560534,0.10950200993345574,24766.92218440133
ENSG00000218521,ITGAEP1,13,0.2551398671340973,0.07259238551370586,27555.813378942235
ENSG00000172782,FADS6,13,0.25825963593482626,0.0887731054681335,32578.139508616398
ENSG00000204618,RNF39,13,0.24765221144835403,0.04072887390478208,24178.68602214309
ENSG00000276867,ENSG00000276867,13,0.2556065295894832,0.059899387314925875,24929.820354505136
ENSG00000235138,ENSG00000235138,13,0.2563619279239211,0.08335349894679912,28702.130257779972
ENSG00000266149,ENSG00000266149,13,0.2625672488760839,0.08459174560438969,37823.36825292895
ENSG00000213714,FAM209B,13,0.24478617226239935,0.04267687027737086,28052.73877062377
ENSG00000188573,FBLL1,13,0.2599962624890495,0.10234694649719167,25357.21010628795
ENSG00000232057,ENSG00000232057,13,0.26570517882144157,0.125129661541024,30941.713597758717
ENSG00000265693,ENSG00000265693,13,0.25144288978025986,0.07315143619399864,25339.198069177583
ENSG00000262179,MYMX,13,0.2660199719949581,0.10693542901711724,38452.526706535034
ENSG00000171476,HOPX,13,0.24856290072959245,0.04331080508131447,26702.38756263748
ENSG00000235349,ENSG00000235349,13,0.2559844919616968,0.06947150320725955,30712.504837306173
ENSG00000254503,ENSG00000254503,13,0.26284203489042296,0.11001520963678635,24487.424456847395
ENSG00000235400,ENSG00000235400,13,0.24793041912762256,0.0490730953384442,21725.88867768096
ENSG00000265558,MIR3918,13,0.24732478443509961,0.03334883627226477,22753.764317953555
ENSG00000204952,FBXO47,13,0.2516152890517082,0.056005801156125565,24139.578180350796
ENSG00000268222,EEF1A1P7,13,0.2610585578471651,0.1013800248983063,27667.135230973767
ENSG00000204603,LINC01257,13,0.25307607677161376,0.062469923877624206,30852.41291512213
ENSG00000267779,LINC01533,13,0.25724103260581077,0.08769839941285974,26520.321932395913
ENSG00000256826,ATP5MFP4,13,0.2784224545444808,0.18480151871537293,47068.783593076296
ENSG00000283654,CIROP,13,0.2521751260751746,0.05240482539610073,27807.865649140764
ENSG00000229116,ENSG00000229116,13,0.24757772443488904,0.05226627864014068,27590.620646601277
ENSG00000233033,CASK-AS1,13,0.25265363275531755,0.1093890590964795,31801.440775308263
ENSG00000188816,HMX2,13,0.25998441826429475,0.15340914869513392,39781.05319017948
ENSG00000282206,ENSG00000282206,13,0.25090042428643583,0.0651185508563863,29836.31100197868
ENSG00000257663,ENSG00000257663,13,0.24342935051535247,0.024332170842776137,34667.57804431772
ENSG00000283549,ENSG00000283549,13,0.2589055409915196,0.09870264198793262,34988.37133500123
ENSG00000233755,ENSG00000233755,13,0.2500968594379905,0.05889218722610595,24705.7910324977
ENSG00000263126,ENSG00000263126,13,0.2646528852531189,0.10618518393059533,33171.165090468436
ENSG00000203942,C10orf62,13,0.26048898223889894,0.09945858497336892,34810.56236176621
ENSG00000266379,ENSG00000266379,13,0.2596398829263914,0.0815647670935091,32848.734738816966
ENSG00000257046,SLCO1B3-SLCO1B7,13,0.24450980701809316,0.032369191369332716,28661.875909605515
ENSG00000173811,CCDC13-AS1,13,0.2626743733088778,0.130175244860098,26190.056764433746
ENSG00000286549,ENSG00000286549,13,0.257327627049027,0.10408711279587066,25246.36868457664
ENSG00000254638,ENSG00000254638,13,0.2578487729382902,0.07048651219895909,33155.15841804586
ENSG00000287955,ENSG00000287955,13,0.2516897760651737,0.0458945532071351,35020.50760365006
ENSG00000257761,ENSG00000257761,13,0.25670014634195343,0.0681913535161893,32014.564128993836
ENSG00000235060,VDAC1P4,13,0.2648410768242411,0.13474168078178247,38631.19432201539
ENSG00000234172,ENSG00000234172,13,0.24643699398838975,0.03421941722259056,25270.1918469836
ENSG00000228507,DAP3P2,13,0.2583033279639265,0.10060618584601122,24523.547628251556
ENSG00000269032,ENSG00000269032,13,0.2586726045713182,0.06795520011563823,30714.003650680348
ENSG00000108602,ALDH3A1,13,0.2530587052419719,0.05702508580548121,30171.602299464153
ENSG00000259790,ANP32BP1,13,0.265670172557163,0.1301900086322689,30609.990803751592
ENSG00000287742,ENSG00000287742,13,0.2518113767726693,0.07936631687479614,20978.55027688016
ENSG00000284620,ENSG00000284620,13,0.2644475853573478,0.20010230973982523,25169.799017669633
ENSG00000111046,MYF6,13,0.2551288125243253,0.07933634055763072,20912.646073239288
ENSG00000244194,RN7SL218P,13,0.2656385879578133,0.17407836972666738,31196.4292936581
ENSG00000236998,ENSG00000236998,13,0.255168030068517,0.07798928814099601,27130.168335564453
ENSG00000250529,LINC02121,13,0.24496988934861588,0.06475556568003847,21892.3431606964
ENSG00000226919,ENSG00000226919,13,0.25246833643913424,0.06225446924626479,27880.237962929452
ENSG00000280171,ENSG00000280171,13,0.260326058347255,0.10066566179201542,25223.09576723597
ENSG00000285933,ENSG00000285933,13,0.2653043176146995,0.12097701007574707,30063.34734077078
ENSG00000118976,OTUD4P1,13,0.2602799974732045,0.08103192498271619,33353.80975879264
ENSG00000242794,RN7SL299P,13,0.23174726003602583,0.05360500391608374,16484.075812772433
ENSG00000237233,TMEM26-AS1,13,0.2562519082361889,0.13676466861187714,27145.449703655777
ENSG00000242574,HLA-DMB,13,0.2597759599085873,0.08102921149701535,39115.06833483508
ENSG00000223866,ENSG00000223866,13,0.24404472379267486,0.03429228714210802,21673.340663554198
ENSG00000287234,ENSG00000287234,13,0.25448817156752346,0.07162782883108101,32411.007101786196
ENSG00000108405,P2RX1,13,0.2534161376246085,0.07662978407413798,36318.01203770572
ENSG00000225868,WDR87BP,13,0.2620118863375259,0.1568138314144779,35327.549886156936
ENSG00000272975,MYHAS,13,0.2591863807207341,0.09768391270733986,28862.804649982107
ENSG00000287460,ENSG00000287460,13,0.2655272522451086,0.10748011287996241,36289.497211520895
ENSG00000286367,ENSG00000286367,13,0.23945916637714507,0.026921414091512098,21595.72822346066
ENSG00000101327,PDYN,13,0.2571776002021188,0.17191901229791953,22257.468767919432
ENSG00000102048,ASB9,13,0.23949048777149984,0.022244377273508722,33492.19703615495
ENSG00000290959,ENSG00000290959,13,0.26393986292280647,0.10319656533037795,28846.311819303613
ENSG00000285817,ENSG00000285817,13,0.24382968531210464,0.03318351358325732,24603.997435103553
ENSG00000253943,KRT18P37,13,0.2585149447795661,0.07257018875173869,39724.644865230366
ENSG00000103546,SLC6A2,13,0.2618618594906161,0.12348353762722074,32285.373430806452
ENSG00000162881,OXER1,13,0.23838186833433947,0.019510016764953696,31193.821489644877
ENSG00000290917,RAET1K,13,0.25030716022865795,0.050990845630582184,23025.174499287685
ENSG00000250105,ACTN3-AS1,13,0.2647434277712526,0.15981030687377756,32472.301548991505
ENSG00000106304,SPAM1,13,0.2745293894696745,0.2062053886385818,27062.28294383411
ENSG00000279991,ENSG00000279991,13,0.2535572155017019,0.08303506468069416,21805.488381438667
ENSG00000273026,ENSG00000273026,13,0.22998220734238803,0.011332085824504729,35752.55182232326
ENSG00000228339,AMD1P1,13,0.253055020372048,0.06018457582137232,23351.710124422392
ENSG00000122176,FMOD,13,0.2319680890264747,0.019964294647557727,27726.16644037442
ENSG00000286274,ENSG00000286274,13,0.2608945811355438,0.11849437285233641,29662.161023751247
ENSG00000225037,EIF1AX-AS1,13,0.2718678605644984,0.2245563949609671,34365.76728886381
ENSG00000124092,CTCFL,13,0.25731551961927607,0.083548773719741,26920.76976855167
ENSG00000258857,ENSG00000258857,13,0.24309455376224973,0.03365746892807366,29466.896749940497
ENSG00000135373,EHF,13,0.25937194024191146,0.09438097385215805,30567.052648495905
ENSG00000237588,ENSG00000237588,13,0.25416600865416,0.06879362658216104,26113.072886324924
ENSG00000239835,PARLP1,13,0.2608106187422734,0.1148524494207999,23306.250384436433
ENSG00000289837,ENSG00000289837,13,0.2583391238431889,0.08652906865807561,24318.993304872754
ENSG00000271714,FAM169A-AS1,13,0.24918406451679556,0.054338460285855254,30234.67559524037
ENSG00000251538,LINC02201,13,0.26416463998817585,0.09507233257673328,34170.58139800628
ENSG00000258867,HISLA,13,0.2529205226198186,0.04507586095610246,31312.913675450432
ENSG00000147896,IFNK,13,0.25595869787222836,0.061764794182404235,26821.48477724733
ENSG00000147256,ARHGAP36,13,0.2612333259635642,0.09044483115111743,36425.19865540889
ENSG00000146453,PNLDC1,13,0.21636029605301335,0.005122941081267341,26221.54575407995
ENSG00000239455,PTPN11P1,13,0.25700414811069094,0.0755803541738525,31619.661961475264
ENSG00000237992,LINC01808,13,0.24183038017329378,0.0320873656858617,24150.339396198327
ENSG00000143365,RORC,13,0.25792247033677335,0.12989633931082528,30118.240495340197
ENSG00000284722,ENSG00000284722,13,0.25510538727980775,0.08614693394563835,36456.02817121769
ENSG00000275956,ENSG00000275956,13,0.26601997199495775,0.14168327165057992,28376.806549998164
ENSG00000240376,ENSG00000240376,13,0.26355847888566375,0.11573409061725315,25202.40160654642
ENSG00000279650,ENSG00000279650,13,0.25552862091108874,0.10252634735969574,20456.998668095264
ENSG00000289701,ENSG00000289701,13,0.2676118358021672,0.1470793800515578,34594.01466959626
ENSG00000253613,ENSG00000253613,13,0.2546337239295245,0.06865403568700607,22380.727486023745
ENSG00000287254,ENSG00000287254,13,0.24856395354957095,0.04655908680998428,21464.432568703865
ENSG00000279486,OR2AG1,13,0.2579448427613113,0.07997792149610095,34022.71192055538
ENSG00000287552,ENSG00000287552,13,0.2582172599306995,0.09860940132746214,17495.609186742713
ENSG00000272384,ZHX2-AS1,13,0.25388859058987523,0.07997552555044674,28383.68776249788
ENSG00000237336,DENND1A-AS1,13,0.24015639640778097,0.023840045616276485,22160.140333464864
ENSG00000253490,LINC02099,13,0.2457810871419027,0.03282469960088713,25490.35585391569
ENSG00000271937,ENSG00000271937,13,0.2578045544992014,0.0708129218707229,43012.263142693584
ENSG00000224797,ENSG00000224797,13,0.24057120747923508,0.02901964706030449,19827.1347671905
ENSG00000260594,ENSG00000260594,13,0.2507014413105351,0.06030431393059633,21329.336091503654
ENSG00000130592,LSP1,13,0.23992003832265038,0.03399930537506331,17477.07336793923
ENSG00000132840,BHMT2,13,0.25289235968539897,0.057966676919813664,27045.32104570536
ENSG00000290110,ENSG00000290110,13,0.25577445437602375,0.07337487274087309,28631.810728140907
ENSG00000240621,OR2AO1P,13,0.24651990356168169,0.04484215322765664,28516.046588136785
ENSG00000274528,ENSG00000274528,13,0.25073907962475944,0.041260489389030375,36451.2513864752
ENSG00000225335,ENSG00000225335,13,0.26480028005008216,0.12032611867656884,30784.84189875554
ENSG00000254224,UQCRB-AS1,13,0.24923196782580898,0.036786302555056064,29395.739077739647
ENSG00000286395,ENSG00000286395,13,0.2225011317815074,0.010369775929187613,24903.99977023917
ENSG00000259446,RYR3-DT,13,0.24624538075233762,0.03888184156024018,27777.873808813492
ENSG00000236312,RPL34P34,13,0.26295231778315153,0.11296511881213471,27927.42697404188
ENSG00000258710,LINC01193,13,0.2545189665518885,0.05545368316284616,42301.96900150194
ENSG00000012504,NR1H4,13,0.250996230904462,0.052759267532913566,25387.76371635657
ENSG00000165623,UCMA,13,0.22436646557808224,0.03796863943852909,16110.580038849213
ENSG00000259604,ENSG00000259604,13,0.24877662318518942,0.04775083660077659,22370.57702997882
ENSG00000260892,ENSG00000260892,13,0.25209590137180693,0.051375538606396806,30733.527986954447
ENSG00000248468,ENSG00000248468,13,0.23815419601403012,0.016921006150143466,36511.26249143636
ENSG00000287781,ENSG00000287781,13,0.26181922028149435,0.0787916165892269,36686.458403929486
ENSG00000249506,ZEB2P1,13,0.24065016897760833,0.029519681315664605,22108.221972067866
ENSG00000259583,ALDH1A3-AS1,13,0.258019329774776,0.06729356077447787,37579.643895934845
ENSG00000061492,WNT8A,13,0.24417816872492537,0.03790065771559393,25748.585658782733
ENSG00000226085,UQCRFS1P1,13,0.251692671320114,0.06668064316541639,29674.71162732145
ENSG00000289478,ENSG00000289478,13,0.256042397060504,0.10348054128116291,31769.371027001955
ENSG00000248633,GET1P1,13,0.27088952759965285,0.1591787427077857,30386.460494705556
ENSG00000287224,ENSG00000287224,13,0.2442029099944156,0.03937078785410251,25651.853775106243
ENSG00000064886,CHI3L2,13,0.24617063053387725,0.033060364690319186,23693.300842917288
ENSG00000283992,SLURP2,13,0.267768442773941,0.12339741442951227,33728.55373847519
ENSG00000273321,ENSG00000273321,13,0.24124896034027218,0.029489034895809448,32841.47607391419
ENSG00000233231,HNRNPA1P49,12,0.24868660707704401,0.04237246824882475,26889.244545590045
ENSG00000230684,ENSG00000230684,12,0.23295800301108,0.019568648675585124,22727.638369501496
ENSG00000272148,ENSG00000272148,12,0.2621637556193966,0.11274626588328573,25840.494687642393
ENSG00000287895,ENSG00000287895,12,0.2506680142762235,0.04021446288359861,23822.326326895774
ENSG00000131095,GFAP,12,0.245307844561652,0.038361805742707825,32035.319696367806
ENSG00000129673,AANAT,12,0.2639906614867601,0.10811308841684594,29973.755255000284
ENSG00000255177,MUC5B-AS1,12,0.25522698798730215,0.06556019778527533,27907.081919335964
ENSG00000233189,RPL12P29,12,0.24464430477032223,0.03256461266779688,25849.904396730934
ENSG00000266601,ENSG00000266601,12,0.24775828306116907,0.044099919861941374,19785.39820794146
ENSG00000064201,TSPAN32,12,0.24352778918332435,0.027907161177886577,34081.34331999569
ENSG00000130829,DUSP9,12,0.24169667203604833,0.02891613619964699,16996.031661963796
ENSG00000131746,TNS4,12,0.2568567533137274,0.08991940813297766,27755.70954530943
ENSG00000233417,ENSG00000233417,12,0.24141846435678022,0.03253998494435762,24038.232153898418
ENSG00000248837,ENSG00000248837,12,0.26160102334098956,0.08327356152388819,30118.137263824818
ENSG00000248779,ENSG00000248779,12,0.24572107640313878,0.038283032766972265,22172.830498784195
ENSG00000254245,PCDHGA3,12,0.22243848899279958,0.020141112247211677,20326.583528762818
ENSG00000199036,MIR219A1,12,0.2606521693355369,0.09225559353941877,24392.49187494172
ENSG00000279657,ENSG00000279657,12,0.2521061663665957,0.061112715880393846,29871.18028294865
ENSG00000241511,RPS15AP24,12,0.2618626491055997,0.10895369377949306,26340.965628114016
ENSG00000204632,HLA-G,12,0.25019740374591914,0.06332593135732967,28641.00802944833
ENSG00000266036,SLC9A3R1-AS1,12,0.2541091563753314,0.08704638625458501,18662.65371114863
ENSG00000124915,MYRF-AS1,12,0.2444416369244976,0.032236549314385715,24659.68449962205
ENSG00000250981,MARCHF11-AS1,12,0.2553054230756867,0.06585419522561398,23884.559075752302
ENSG00000266200,PNLIPRP2,12,0.25900608529944824,0.08956344714514708,27628.601030291793
ENSG00000260051,ENSG00000260051,12,0.24696761525745792,0.039339311134613815,21863.16551242945
ENSG00000224940,PRRT4,12,0.2339258077761419,0.013763278246621234,18266.961390446446
ENSG00000214283,RAD51AP1P1,12,0.24132686901866704,0.023422885843503702,27571.161765226792
ENSG00000286028,MIR34BHG,12,0.23186859753852443,0.019009711903902736,21946.281010792954
ENSG00000272334,ENSG00000272334,12,0.2653990714127473,0.1108037669320673,31653.99596897065
ENSG00000266282,UBL5P2,12,0.2394017876883271,0.021820505360088727,23964.189567278805
ENSG00000259050,CHORDC2P,12,0.24317825295052586,0.036999868508878195,30170.38916920122
ENSG00000255411,LINC02548,12,0.24613825631954422,0.03627528571931319,34946.36657997197
ENSG00000232875,HMGN2P35,12,0.25395018055860624,0.07393609688999132,22316.885096185128
ENSG00000279214,ENSG00000279214,12,0.26863201836115286,0.1352896774346782,31874.005339098847
ENSG00000251170,ENSG00000251170,12,0.2507235505300794,0.05682205920092847,22903.174102421613
ENSG00000184999,SLC22A10,12,0.2593956286914234,0.09143514770622019,27964.6372954255
ENSG00000255384,ENSG00000255384,12,0.25684043460406375,0.10796863686209994,25698.308190633452
ENSG00000257947,ENSG00000257947,12,0.24091284756219683,0.028566594033907523,23613.458217010702
ENSG00000127530,OR7C1,12,0.25228830422284293,0.05984108558361626,27739.37770188999
ENSG00000232952,ENSG00000232952,12,0.26051398671338394,0.12611194509232218,26955.78439362637
ENSG00000214708,ENSG00000214708,12,0.2417435225250834,0.02558970793096743,30270.77630958538
ENSG00000184774,MGAT4EP,12,0.23705821041660854,0.02411844619733891,19248.089506944172
ENSG00000230342,FANCD2P2,12,0.2703865428550114,0.17312462906069137,34327.86758450154
ENSG00000182261,NLRP10,12,0.2155519935146665,0.017873945309897065,15123.633520322224
ENSG00000233542,ENSG00000233542,12,0.2585194192644747,0.08211648086897343,21906.1073779057
ENSG00000270996,ENSG00000270996,12,0.2503900698019497,0.061844958593095425,33736.86568072823
ENSG00000233859,ADH5P4,12,0.24326142572881185,0.0510131589942517,20547.490765429924
ENSG00000205578,POM121B,12,0.25718365391699277,0.07546086419126062,18197.599494787348
ENSG00000261260,ENSG00000261260,12,0.24957939841865068,0.04719274351393785,21414.245283146884
ENSG00000180279,TMEM277P,12,0.24165429603192146,0.03438259718820664,25021.933822854047
ENSG00000139572,GPR84,12,0.24749639409156407,0.05230324044997007,25731.602098583175
ENSG00000271361,HTATSF1P2,12,0.2524385942747468,0.06043489485141132,29797.29295883426
ENSG00000271146,BNIP3P45,12,0.25793747302146325,0.08470286019432176,26836.370578492257
ENSG00000229259,LRRC37A12P,12,0.2608658917911342,0.10088572830813816,26746.598327661075
ENSG00000289117,ENSG00000289117,12,0.25156554330773323,0.04583672387324123,29001.47064892534
ENSG00000271002,ENSG00000271002,12,0.250126338397383,0.038881953369786615,23542.682147876552
ENSG00000267157,ENSG00000267157,12,0.24693813629806521,0.04219242522462712,21589.220906366216
ENSG00000258919,ENSG00000258919,12,0.2593945758714446,0.08525038725095628,30299.541154624087
ENSG00000182586,LINC00334,12,0.2475893054546501,0.04142383419512221,21166.87460774537
ENSG00000234141,ENSG00000234141,12,0.2632263141825073,0.12506950747902418,21134.977375381743
ENSG00000270948,MTDHP1,12,0.24397102639419296,0.03690572467386635,28896.985725228307
ENSG00000258912,LINC02316,12,0.25974832338415754,0.12226466607216435,27924.063956588157
ENSG00000227766,ENSG00000227766,12,0.25277128538789306,0.056525410639251844,23337.913093000952
ENSG00000249041,ENSG00000249041,12,0.2621979722686927,0.1850958569896652,31067.49088662452
ENSG00000284740,ENSG00000284740,12,0.2449904193381917,0.02879626911787264,24043.234651980652
ENSG00000205628,LINC01446,12,0.2771703883852716,0.18879834213105368,35337.15406776114
ENSG00000289883,ENEMAL,12,0.2395934009243794,0.023328596993390495,24701.865417043715
ENSG00000237937,LINC02702,12,0.25864207279194756,0.10581864920066317,27284.382838376307
ENSG00000224340,RPL21P21,12,0.2557310255519189,0.07577018533871367,24431.954480555916
ENSG00000279021,ENSG00000279021,12,0.25169714580502234,0.05307199833891108,22115.767466103192
ENSG00000284839,ENSG00000284839,12,0.2538325279260303,0.054514668471780096,22934.157157012945
ENSG00000239494,RN7SL333P,12,0.25195008580481104,0.052737429203687666,18779.901477657513
ENSG00000233845,ENSG00000233845,12,0.24786014339407061,0.03754539434421123,21292.572849202166
ENSG00000257398,ENSG00000257398,12,0.23888011538907616,0.07874471361235887,14560.71966202263
ENSG00000182459,TEX19,12,0.25313319225543746,0.07969584512597215,21736.041007988388
ENSG00000287288,FRG1BP,12,0.24821783898170127,0.0507174586028396,30029.61522488392
ENSG00000290460,ENSG00000290460,12,0.23701794005243834,0.026333631931112857,21745.839622078565
ENSG00000273724,ENSG00000273724,12,0.24417158860006086,0.03152188146122928,21956.471368806127
ENSG00000229388,TAF12-DT,12,0.22117168335389498,0.00825063533668457,17415.57498502065
ENSG00000204928,GRXCR2,12,0.2436507059157922,0.043163389920151195,24336.23383820377
ENSG00000273791,BNIP3P47,12,0.2527547034732354,0.08579949733006421,18263.51370092593
ENSG00000251443,LINC02160,12,0.24795516039711285,0.048155778872564614,27521.51814886075
ENSG00000227615,ENSG00000227615,12,0.24309113209732033,0.027728068597212847,24385.06561219368
ENSG00000251459,ENSG00000251459,12,0.2204445795563741,0.010108467037841747,16074.50608479381
ENSG00000182000,PPIAP73,12,0.23873061495215464,0.021515229604533555,24501.168924038233
ENSG00000204979,MS4A13,12,0.2543584115051963,0.07139971613514794,17392.104021962437
ENSG00000136155,SCEL,12,0.2550061589968521,0.07096999246533672,19755.60211746449
ENSG00000136630,HLX,12,0.23925913058126622,0.02904058193480564,21140.384670152525
ENSG00000239994,ENSG00000239994,12,0.25141604287081293,0.04123529123703893,26269.85120310913
ENSG00000258924,ENSG00000258924,12,0.25170635797983204,0.04687555672253313,22160.7888644412
ENSG00000012223,LTF,12,0.2632600044218125,0.12486345532396131,34033.626079342655
ENSG00000262152,GREP1,12,0.23203125822517562,0.06007397555104938,19886.496379192307
ENSG00000248936,ENSG00000248936,12,0.2487660949854068,0.07891473861303964,27981.742275966026
ENSG00000291264,ENSG00000291264,12,0.22828242948740668,0.009729443124904699,26793.52020885385
ENSG00000205325,ENSG00000205325,12,0.25664118842316863,0.0789865769671599,20789.621922193786
ENSG00000271638,BNIP3P19,12,0.24020982702168014,0.031020856855484013,18701.77198990224
ENSG00000287157,ENSG00000287157,12,0.24332064685259164,0.034913756878263855,16795.80976362759
ENSG00000265984,GREB1L-DT,12,0.2510588736931714,0.046878928158594235,26823.98534538059
ENSG00000279182,ENSG00000279182,12,0.2504542918206267,0.07237400518902591,19600.321370474718
ENSG00000279187,ENSG00000279187,12,0.2527499657833326,0.06729837918704593,17159.438015795964
ENSG00000197176,LINC02291,12,0.2568446458839765,0.09215529741247952,20744.180137645624
ENSG00000225676,ENSG00000225676,12,0.24749455165660242,0.05689590375127246,16924.431085860713
ENSG00000104760,FGL1,12,0.24631776212584622,0.040959988378617175,23003.90101550513
ENSG00000287447,ENSG00000287447,12,0.25523172567720465,0.051853667039451525,30149.31073504286
ENSG00000213430,HSPD1P1,12,0.2667403640651185,0.1416461473553003,31519.45457093404
ENSG00000203334,ENSG00000203334,12,0.26156706989668876,0.08203644072889196,24860.816000955274
ENSG00000278876,ENSG00000278876,12,0.2569009717528159,0.084363236984556,29408.893819863675
ENSG00000285538,ENSG00000285538,12,0.2623840581998581,0.09040223611378174,30292.747272615106
ENSG00000261602,NQO1-AS1,12,0.24846077719169615,0.043750640301519456,24217.8141578877
ENSG00000256686,ENSG00000256686,12,0.24697445858731715,0.04449378325655867,20673.60957160977
ENSG00000196260,SFTA2,12,0.2673446827326698,0.14490708394939264,32920.72830838302
ENSG00000231824,AKAIN1,12,0.2554380783929542,0.0970173432129162,24955.7232861456
ENSG00000212807,OR2A42,12,0.25627085899579677,0.06580941692623547,38157.711443607295
ENSG00000189423,USP32P3,12,0.24885795352851398,0.049281585021149134,22406.518397614036
ENSG00000250182,EEF1A1P13,12,0.24899245128074313,0.05200485552804642,36669.61941363818
ENSG00000285702,ENSG00000285702,12,0.2557815609108776,0.0730739817823407,28617.919481456207
ENSG00000189186,DCAF8L2,12,0.2521985513196922,0.05536685618462203,21453.411587551996
ENSG00000259438,MAPK6-DT,12,0.24569449269868668,0.032727529697326535,32183.413941451836
ENSG00000226842,ENSG00000226842,12,0.24968520682647108,0.046470363414267,25597.467674971642
ENSG00000285603,ENSG00000285603,12,0.2688878536158835,0.14381455799151702,28315.841534098825
ENSG00000108622,ICAM2,12,0.2384700420075227,0.023780255317840865,17839.841208530437
ENSG00000259780,ENSG00000259780,12,0.2604181800953572,0.09203222347453775,33925.00133955904
ENSG00000244468,TM4SF18-AS1,12,0.23660207616100595,0.021660003537851164,26583.452750106127
ENSG00000250334,LINC00989,12,0.24316851436572612,0.030857333047990272,29754.910516850025
ENSG00000196900,SPMIP10,12,0.23949469905141288,0.031948720273662155,24221.120576911424
ENSG00000278685,IQCA1L,12,0.23775043955234793,0.028713768554500536,20261.750827325908
ENSG00000073905,VDAC1P1,12,0.24523388395817594,0.042242799285100906,21044.362152021182
ENSG00000197238,H4C11,12,0.2473766358190317,0.0415505093929116,24114.347029430664
ENSG00000248261,ENSG00000248261,12,0.2625590895212522,0.10515997258662199,30694.069089056626
ENSG00000249628,LINC00942,12,0.2603300064221742,0.1007888946399885,25939.669042777587
ENSG00000099984,GSTT2,12,0.2577698114399169,0.09141186103252952,50222.709986151225
ENSG00000263655,ENSG00000263655,12,0.2465375382963184,0.03919428965257422,28480.392077987068
ENSG00000248113,PTPN11P5,12,0.25164582083107956,0.07399283113193286,23425.444337346104
ENSG00000285718,ENSG00000285718,12,0.25223145194401475,0.05705641785460561,22027.50914068746
ENSG00000213050,TPM3P1,12,0.2594369518755722,0.08920396181719108,22026.791718867407
ENSG00000198178,CLEC4C,12,0.25671488582165,0.06208170427854702,35004.18046596695
ENSG00000231453,LINC01305,12,0.24732425802511063,0.03543759000432375,26832.27647713182
ENSG00000287389,ENSG00000287389,12,0.2444998052282992,0.03149396471367127,21463.196575682916
ENSG00000256424,LINC02414,12,0.2519290294052465,0.12125034562576552,21564.431519590897
ENSG00000274514,Metazoa_SRP,12,0.2421183264373618,0.0300161774106873,27416.791347773065
ENSG00000213253,RPL12P42,12,0.2565438025751747,0.10990311887281026,16533.715717028674
ENSG00000273188,ENSG00000273188,12,0.2541325816198484,0.06264387598110045,19080.792550194867
ENSG00000231324,ENSG00000231324,12,0.24686364928459978,0.04399123286506212,40564.918863896215
ENSG00000285802,ENSG00000285802,12,0.24102971057978892,0.03702303170355528,15148.372339457264
ENSG00000213309,RPL9P18,12,0.2437362475390299,0.036768882591679826,22765.86748789867
ENSG00000288788,ENSG00000288788,12,0.2643428297695057,0.14355614242871406,19766.52578768263
ENSG00000264078,ENSG00000264078,12,0.2466875651432277,0.0594212239089745,23460.53375836006
ENSG00000285556,ENSG00000285556,12,0.2579040459871521,0.11024861764024559,26290.530798793792
ENSG00000264116,ENSG00000264116,12,0.2394049461482622,0.023194612334638338,19474.143844437105
ENSG00000230035,IGSF21-AS1,12,0.24411394670624834,0.05477800246544426,24859.885982797725
ENSG00000197241,SLC2A7,12,0.24186617605255611,0.03263285688334076,24088.89376609584
ENSG00000188822,CNR2,12,0.2530197509027741,0.07621642708584606,24109.394869508116
ENSG00000110195,FOLR1,12,0.23554241285283692,0.01755865760916783,19776.107756057347
ENSG00000285699,ENSG00000285699,12,0.2576832169967007,0.0730391536127541,24387.41504035235
ENSG00000262714,ENSG00000262714,12,0.2394125790931046,0.02673614620735365,16326.742945185595
ENSG00000187600,LINC02583,12,0.24384600402176831,0.03685243341568887,14213.62146217927
ENSG00000286970,ENSG00000286970,12,0.24978548792940589,0.07639263911123739,22387.01673648109
ENSG00000242435,UPK3BP1,12,0.2630289104365731,0.09334654312467675,37583.45356127376
ENSG00000257120,ENSG00000257120,12,0.25552283040120727,0.0724862103161497,31739.137205080522
ENSG00000287350,ENSG00000287350,12,0.2459792805028194,0.035830744199985304,25661.553722756576
ENSG00000122543,OCM,12,0.2491129991682596,0.05403278178649206,18575.63550062184
ENSG00000227175,BEND7-DT,12,0.24682311571543486,0.04274415579661306,21657.49856990117
ENSG00000122728,TAF1L,12,0.24557841929607757,0.039539919251369966,25497.48868663966
ENSG00000273552,ENSG00000273552,12,0.24704052304095592,0.04417802516121148,19278.46717493077
ENSG00000227198,C6orf47-AS1,12,0.23986055399387562,0.029162644862562054,23595.785075104344
ENSG00000225022,UBE2D3P1,12,0.2523772675110108,0.06953113279233579,18109.889249347987
ENSG00000226121,AHCTF1P1,12,0.2437370371540135,0.030953281264047443,22072.44281655273
ENSG00000290484,ENSG00000290484,12,0.24807386584966745,0.049381076666405024,21138.156491969174
ENSG00000257165,ENSG00000257165,12,0.25780744975414194,0.11700997323844603,25254.8399755169
ENSG00000260030,ENSG00000260030,12,0.2494980680753279,0.13488209661818867,22500.94247288032
ENSG00000265678,ENSG00000265678,12,0.2328100818041281,0.01723479804597594,20723.082082095156
ENSG00000124227,ANKRD60,12,0.2533661286756388,0.07080999891299242,21533.360991490605
ENSG00000186431,FCAR,12,0.2529271027446833,0.05703190376472698,23037.299065386305
ENSG00000067646,ZFY,12,0.24204568185885814,0.039188523235868064,27707.13396126558
ENSG00000213104,NPM1P46,12,0.2570152027204629,0.07188173762495083,26117.773755168764
ENSG00000282996,MPP7-DT,12,0.2547977006411467,0.0798957263025231,23681.86836163275
ENSG00000286860,ENSG00000286860,12,0.2504885084699219,0.05741918175156857,19400.677492291612
ENSG00000214203,RPS4XP1,12,0.25642825558255455,0.07625394783050382,22210.63908887798
ENSG00000272563,ENSG00000272563,12,0.2660052325152615,0.17617168147777865,21646.158633177114
ENSG00000290642,ENSG00000290642,12,0.23939257551351664,0.028542207185941682,17141.882690861035
ENSG00000261759,ITPRIPL2-AS1,12,0.2544726424728427,0.06861916762943256,25299.76312802184
ENSG00000225173,ENSG00000225173,12,0.24096680458608544,0.026771112732876114,29486.013070583773
ENSG00000204113,BMP2KL,12,0.2460158659970657,0.04786051700067642,17986.12480971667
ENSG00000230207,RPL4P5,12,0.2410628744091057,0.03712851856366379,17676.80924656241
ENSG00000255875,PABPN1P2,12,0.24898797679583523,0.04119690388192377,28268.17881845535
ENSG00000213707,HMGB1P10,12,0.2553709611193363,0.07742930763908115,18602.47970931244
ENSG00000230946,HNRNPA1P68,12,0.26295047534818927,0.1077504112261983,18656.103897788485
ENSG00000290789,ENSG00000290789,12,0.26136334923088617,0.14446160689099308,28360.36948695769
ENSG00000261575,ENSG00000261575,12,0.2630023267321211,0.09312035331588941,30477.63271478954
ENSG00000211786,TRAV8-2,12,0.2546505690491786,0.13392580890566752,24403.59266576428
ENSG00000230882,ENSG00000230882,12,0.25774585978541087,0.10823170010080432,29107.48526911659
ENSG00000272760,ENSG00000272760,12,0.2506764368360499,0.0518890541173603,26607.99489185263
ENSG00000243861,ENSG00000243861,12,0.23864428371393315,0.03506488747915847,26064.969581448317
ENSG00000285292,ABCF2-H2BK1,12,0.24961045660801098,0.041744869837204594,25150.41565116095
ENSG00000270755,ENSG00000270755,12,0.25340876788476024,0.06822699722650993,25861.372173596093
ENSG00000279711,ENSG00000279711,12,0.2485989598138501,0.08061938902881438,26370.96822008234
ENSG00000232163,RPLP1P13,12,0.24686891338449157,0.043008849682201825,20283.059554483072
ENSG00000116785,CFHR3,12,0.24181827274354337,0.052557012132908615,22593.094480257172
ENSG00000288035,ENSG00000288035,12,0.24776433677604418,0.057274166979678354,20552.18319980547
ENSG00000229944,EIF4EP2,12,0.2548892959792605,0.09681039698318605,28109.50190355087
ENSG00000071991,CDH19,12,0.22011991619556226,0.00977310521121288,13909.076151012865
ENSG00000225239,RPL21P107,12,0.2557081267173908,0.07193632881489612,23367.777720392165
ENSG00000288037,ENSG00000288037,12,0.25572839350197313,0.08755465039763316,25126.59027514192
ENSG00000255644,ENSG00000255644,12,0.26044581661978844,0.10836270337898411,27731.55063725935
ENSG00000257764,ENSG00000257764,12,0.23639493383027363,0.026334353400938457,23686.726108866256
ENSG00000275880,NAXD-AS1,12,0.23831659349568401,0.024037632947755783,21553.28156560823
ENSG00000286099,ENSG00000286099,12,0.2588171041133415,0.0970298219525389,28887.37124904941
ENSG00000229251,HNRNPA1P8,12,0.2480030637061258,0.04181009242527079,13665.311615092629
ENSG00000267879,ENSG00000267879,12,0.24643725719338413,0.0436531677649675,23141.043561991537
ENSG00000254612,DNAJB6P1,12,0.26311813692973524,0.11886836091134216,19756.213401295798
ENSG00000235058,ZMYND10-AS1,12,0.2566617184127457,0.09204202217529443,25072.802934873293
ENSG00000218418,ENSG00000218418,12,0.26925528778831503,0.12144478842454959,29234.048668335003
ENSG00000286297,ENSG00000286297,12,0.25373198361810145,0.05672524870553582,26379.368706218607
ENSG00000289568,COX8BP,12,0.2517145173346641,0.058565817360716754,22973.741747792767
ENSG00000258433,ENSG00000258433,12,0.21496083509684524,0.02829189537197333,9660.26598300973
ENSG00000144063,MALL,12,0.246675984123467,0.10341369823756091,23478.179174073615
ENSG00000228308,LINC01209,12,0.25071960245516073,0.050254753123239675,23237.790000819095
ENSG00000283662,ENSG00000283662,12,0.2632776391564494,0.11703317200917643,35373.75970724172
ENSG00000218300,RPL22P14,12,0.2512383794994731,0.051666782606295925,18027.626984978808
ENSG00000286321,ENSG00000286321,12,0.24993577798130884,0.051107692625840376,28095.595476801835
ENSG00000253772,ENSG00000253772,12,0.23775017634735326,0.03535617587402209,17155.98634017985
ENSG00000171989,LDHAL6B,12,0.2587905204088895,0.08816316211108516,25330.527609335943
ENSG00000258745,ENSG00000258745,12,0.26206242169648397,0.11880249534482928,26347.06669671623
ENSG00000286494,ENSG00000286494,12,0.24842208605749352,0.04044925561201551,32670.301983945665
ENSG00000289336,ENSG00000289336,12,0.2412000042112808,0.023760973763645814,24666.01978357302
ENSG00000236782,ZNF593OS,12,0.2579577398060453,0.07024523777062458,27020.990438890454
ENSG00000284490,ENSG00000284490,12,0.23169619826707588,0.017539893613881124,22304.506957927428
ENSG00000286542,ENSG00000286542,12,0.2599288820104373,0.09458914310789314,32410.899800063526
ENSG00000289585,ENSG00000289585,12,0.2564522072370611,0.08886178610945832,45612.462997220144
ENSG00000223730,RPL6P28,12,0.25632981691458284,0.08413325199387302,25465.688789655644
ENSG00000215878,MARCKSL1P2,12,0.23051177579147775,0.011260957128331259,27453.288223688953
ENSG00000229238,PPP1R12BP1,12,0.2539280713390616,0.06000202716629161,31815.590364333275
ENSG00000277214,ENSG00000277214,12,0.2480075381910339,0.04372434051269413,20430.291022075875
ENSG00000267493,CIRBP-AS1,12,0.2406743838371111,0.0941789749732282,14726.900459799228
ENSG00000280307,ENSG00000280307,12,0.2552011938978338,0.06762101194361185,27237.875043258937
ENSG00000215796,ENSG00000215796,12,0.2614525757240475,0.11509827004361876,25429.185046498565
ENSG00000234636,MED14OS,12,0.2460669277660137,0.03901668313721504,25419.525089272658
ENSG00000279332,ENSG00000279332,12,0.27009385890104126,0.16590869339412312,35716.31390069728
ENSG00000270409,ENSG00000270409,12,0.24558763147088813,0.03691107473994538,18619.335987345166
ENSG00000270194,GOLGA4-AS1,12,0.23315672278198624,0.01734244244624288,28341.45039060108
ENSG00000157884,CIB4,12,0.2383887116641982,0.0352003595207422,26353.3955314363
ENSG00000156006,NAT2,12,0.25828016592440284,0.07073836796815396,32249.777034353552
ENSG00000174500,GCSAM,12,0.2542294410578527,0.0507991074371177,35035.17089001585
ENSG00000287713,ENSG00000287713,12,0.26655901582385333,0.12744363736150124,21379.814212086614
ENSG00000237350,CDC42P6,12,0.2526386300706262,0.05629053299073426,20168.392587397346
ENSG00000234925,ATP5PDP4,12,0.25590342482336753,0.06298614413334594,24037.469385395685
ENSG00000234949,RAB17-DT,12,0.21864965309585363,0.03608368516575149,15014.526774845082
ENSG00000218175,ENSG00000218175,12,0.2457800343219243,0.0427902985633302,20644.040600360033
ENSG00000228232,GAPDHP1,12,0.2600386384931768,0.13069273317371374,20051.594257437097
ENSG00000171658,NMRAL2P,12,0.2632521082719752,0.0997478318908357,25933.06207030788
ENSG00000289543,ENSG00000289543,12,0.22507369739851113,0.0069881301340644205,25253.425024711425
ENSG00000234469,CLDN34,12,0.23984581451417927,0.02908634744442735,21944.42347394183
ENSG00000269095,ENSG00000269095,12,0.24889480222775476,0.05505185763238649,15528.412727118817
ENSG00000221869,CEBPD,12,0.26083272796181756,0.1399886280136508,32558.427712952493
ENSG00000236345,SCAT8,12,0.24356121621763568,0.02921438002499341,17319.218562073314
ENSG00000286434,ENSG00000286434,12,0.23642257035470401,0.02099923620015252,23034.67452231637
ENSG00000284376,ENSG00000284376,12,0.2369052883147595,0.018372177530571875,31067.38565704541
ENSG00000286433,ENSG00000286433,12,0.24183827632313154,0.02208013988198713,30042.10195808972
ENSG00000167880,EVPL,12,0.23167093058759938,0.06465353372269937,16665.244327963377
ENSG00000257513,NPIPB1P,12,0.2534335091542502,0.054169029398055055,33776.49108528465
ENSG00000254332,TPM4P3,12,0.252033258583098,0.08460785559655049,38136.30875808875
ENSG00000228559,LINC03135,12,0.249846551488147,0.05645208367432488,20895.053606622005
ENSG00000260830,ENSG00000260830,12,0.2542149647831532,0.13187873147978477,18111.000543013815
ENSG00000167644,C19orf33,12,0.25725498247052403,0.11925573096671448,20561.36489078187
ENSG00000166527,CLEC4D,12,0.2465430656012043,0.04475934855084569,12823.727887541416
ENSG00000287801,ENSG00000287801,12,0.25661355189873764,0.07241050375265255,25740.328964466244
ENSG00000258673,LINC01397,12,0.23790336165419718,0.026890243903015257,23789.6894700643
ENSG00000254271,ANK3-DT,12,0.26401829801119153,0.19951365939548063,25499.263406165865
ENSG00000166920,C15orf48,12,0.23269321878653554,0.013401263987976095,22631.23013378885
ENSG00000222044,ENSG00000222044,12,0.25443579377360187,0.08686563423871205,18345.280078741165
ENSG00000166828,SCNN1G,12,0.24780408073022533,0.04823336877628938,26413.111722569785
ENSG00000289507,ENSG00000289507,12,0.2254384995209957,0.007935946330582413,21307.50017971174
ENSG00000269296,ENSG00000269296,12,0.2390730446500997,0.02939852233903905,18085.90908163447
ENSG00000236698,EIF1AXP1,12,0.259516439783935,0.09523882547503354,25400.219164367307
ENSG00000268199,ENSG00000268199,12,0.24342408641546054,0.03764236697971207,15953.50047412442
ENSG00000289352,ENSG00000289352,12,0.2551277597043471,0.07170961010518156,24982.89140573662
ENSG00000235351,ENSG00000235351,12,0.2454952465177913,0.05114132888259368,29512.800579711402
ENSG00000258601,ENSG00000258601,12,0.2509280608108663,0.06436128060737854,41632.66539472949
ENSG00000236653,LINC01923,12,0.2506782792710123,0.07084603894560791,18799.413075097582
ENSG00000163081,CCDC140,12,0.22579856395357795,0.01313508847198854,22281.24378997979
ENSG00000236617,CHFR-DT,12,0.23144246865230364,0.01678367364350848,18719.59003570721
ENSG00000236603,RANP1,12,0.2495775559836895,0.07115323392145072,28568.85586064146
ENSG00000163352,LENEP,12,0.2634029247338677,0.1299970053669306,29478.357963930834
ENSG00000163581,SLC2A2,12,0.24823231525640313,0.05439023667759889,19739.95147837841
ENSG00000236388,ITCH-AS1,12,0.249090889948715,0.057614071012101004,22565.979665698236
ENSG00000287201,ENSG00000287201,12,0.25610977753911607,0.06113725188849967,24101.34514499877
ENSG00000235415,ENSG00000235415,12,0.24811992672371816,0.0411917430173173,24707.077351499265
ENSG00000268460,ENSG00000268460,12,0.24189407578198166,0.03221986152568389,17558.731152559663
ENSG00000235488,JARID2-AS1,12,0.2498023330490588,0.06101057090283026,24249.23540053532
ENSG00000258623,RAD51B-AS1,12,0.23693081919923353,0.021085888832257902,26503.359409941288
ENSG00000289510,ENSG00000289510,12,0.25086831327709724,0.05298409416340643,25644.424449760347
ENSG00000223486,LINC03053,12,0.24151295494983338,0.02472696111766354,20489.42612956732
ENSG00000165076,PRSS37,12,0.24542075950432607,0.03432539811936801,20815.170726441895
ENSG00000228076,ENSG00000228076,12,0.267357579777405,0.12011730636295465,30515.373958809665
ENSG00000261996,ENSG00000261996,12,0.24077992903993492,0.031937343503857366,19699.2030014737
ENSG00000289859,ENSG00000289859,12,0.24356411147257595,0.04594405735813419,18023.589599623465
ENSG00000289850,ENSG00000289850,12,0.23565506459051802,0.07435021022402012,17459.0725567466
ENSG00000267363,ENSG00000267363,12,0.2590271416990147,0.08693499523820028,31045.07839167554
ENSG00000254879,PTPRJ-AS1,12,0.25472584567762685,0.08500844057537132,18458.940404833644
ENSG00000146276,GABRR1,12,0.24910957750333054,0.06288779302908316,31259.77422018078
ENSG00000237821,ST13P7,12,0.25741974879712864,0.07750058844206488,35554.48604399656
ENSG00000279531,ENSG00000279531,12,0.22813490308794857,0.03799877122929172,23293.289068781614
ENSG00000286227,ENSG00000286227,12,0.26414542602357194,0.09052272556060285,30940.32594807092
ENSG00000234255,ENSG00000234255,12,0.26144257393425346,0.09005429378633152,24242.063766999152
ENSG00000228044,ENSG00000228044,12,0.2647818557004611,0.13411649646873425,34692.69539358765
ENSG00000254866,DEFB109D,12,0.2502239874503713,0.05953444406561504,21646.202370262417
ENSG00000261190,ENSG00000261190,12,0.24302612046365946,0.033158752913597385,17034.512159191545
ENSG00000287682,ENSG00000287682,12,0.2317980585999782,0.014401711703004529,19950.01581430332
ENSG00000277324,ENSG00000277324,12,0.24344803806996748,0.045205073613869155,20647.567860055206
ENSG00000215571,GRK6P1,12,0.2496962614362433,0.04861277977929053,21371.770627384434
ENSG00000146192,FGD2,12,0.2439094364254616,0.038251949478689554,18211.821982478454
ENSG00000231655,EMP2P1,11,0.23960735078909198,0.025372891273024313,18239.366945996877
ENSG00000219891,ZSCAN12P1,11,0.21189923459991572,0.02731341139311776,7008.094315439924
ENSG00000215186,GOLGA6B,11,0.25528147142118024,0.09318949643737659,19814.252207296082
ENSG00000285801,ENSG00000285801,11,0.2514344672204335,0.07856513517906082,24253.28073649559
ENSG00000271065,SLC4A8-AS1,11,0.26213901434990605,0.11143607066249817,26938.20385394533
ENSG00000253949,ENSG00000253949,11,0.24545866102354463,0.03977259444389005,13836.019802137145
ENSG00000273167,ENSG00000273167,11,0.25132049945778134,0.04762886916467252,27335.469697650085
ENSG00000239840,RPL23AP72,11,0.24346435677963107,0.036027141624913064,15962.360066837418
ENSG00000289166,ENSG00000289166,11,0.2678247686427803,0.16984699125229005,24056.485981848622
ENSG00000271075,ENSG00000271075,11,0.2390590947853871,0.02670082845833031,17060.12691393787
ENSG00000271129,ENSG00000271129,11,0.26148889801329955,0.10164987426212682,19821.736643269378
ENSG00000246774,COL25A1-DT,11,0.2286664455744954,0.013471220238106856,19740.64535167946
ENSG00000223668,EEF1A1P24,11,0.2473495257045904,0.05402844876054985,22642.086977689996
ENSG00000289931,ENSG00000289931,11,0.24705420970067402,0.06395833577920525,16887.350952508546
ENSG00000238263,RPL21P88,11,0.2541291599549189,0.061068578256609385,26313.789407626096
ENSG00000213371,NAP1L1P3,11,0.2512852299885078,0.05837910344948408,18864.082959408523
ENSG00000288804,ENSG00000288804,11,0.2590887316677455,0.09014837940490734,23049.205055276772
ENSG00000245848,CEBPA,11,0.24495488666392415,0.06529451166477852,20335.261328479988
ENSG00000260776,GOLGA6FP,11,0.2261417832665088,0.02242711337165753,21621.871170855185
ENSG00000225655,ENSG00000225655,11,0.2431519324510675,0.029042245810987254,18662.71760158165
ENSG00000104848,KCNA7,11,0.2629080993440618,0.10669638072895876,30206.817001883126
ENSG00000101425,BPI,11,0.26151890338268097,0.12163805469463293,21877.136367899813
ENSG00000273218,ENSG00000273218,11,0.2538856953349352,0.061283398105509354,19867.765281893655
ENSG00000263781,ENSG00000263781,11,0.2594719581398509,0.10281661181797726,21442.991716003304
ENSG00000269487,ENSG00000269487,11,0.23438694292664153,0.018054541664502696,17280.62609697479
ENSG00000270689,BUD13P1,11,0.24000505353589863,0.02778713039130912,19589.31750590949
ENSG00000226664,ENSG00000226664,11,0.2657141277912587,0.14319544258155753,27946.46329492919
ENSG00000228422,LINC00687,11,0.24682785340533714,0.045135816043848614,24892.41455801691
ENSG00000199130,MIR365A,11,0.2548845582893572,0.07276868000338997,23019.12366570541
ENSG00000220925,IGBP1-AS2,11,0.2591421622816452,0.09408383861834956,19281.45154496431
ENSG00000254024,GRHL2-DT,11,0.24133476516850472,0.04334200931265425,17384.0021091104
ENSG00000164308,ERAP2,11,0.23892012254824999,0.03031390976920174,15275.404927585567
ENSG00000099960,SLC7A4,11,0.26249460429758037,0.11198550892912987,28455.857235758573
ENSG00000289518,ENSG00000289518,11,0.24376651611340627,0.024359797464209937,24316.254324639183
ENSG00000281831,HCP5B,11,0.26013076024127835,0.08896117072453873,21751.98584188688
ENSG00000198744,MTCO3P12,11,0.2570649484644381,0.10054941799508624,22101.245429282873
ENSG00000279943,FLJ38576,11,0.24926697409008738,0.06237504990511032,21800.1971652657
ENSG00000285743,ENSG00000285743,11,0.25577340155604533,0.07843374426045463,26385.20443466827
ENSG00000273262,ENSG00000273262,11,0.2563956181632271,0.07552532396140034,21962.765976818664
ENSG00000285761,ENSG00000285761,11,0.25092648158090075,0.1352933888414101,20976.655747069937
ENSG00000238186,ENSG00000238186,11,0.24881820957433237,0.04864906266246188,20784.55943634023
ENSG00000263711,LINC02864,11,0.24487671478053397,0.03960876955428048,21250.543855872183
ENSG00000220739,ENSG00000220739,11,0.25036953981237253,0.05833995703984481,21974.551829992477
ENSG00000198156,NPIPB6,11,0.23074102734175486,0.012286932603542123,23501.03480868822
ENSG00000269482,ENSG00000269482,11,0.23202809976523855,0.015286276294759253,20175.150752378002
ENSG00000291025,ENSG00000291025,11,0.23713190781509036,0.026315059843529307,15595.406940320836
ENSG00000285797,ENSG00000285797,11,0.2607406062137153,0.1392177069780033,27383.990472667778
ENSG00000197901,SLC22A6,11,0.24185222618784347,0.03636366318408917,13887.90609361116
ENSG00000245385,ENSG00000245385,11,0.2437159807544471,0.04288672568337042,13383.682420844008
ENSG00000105467,SYNGR4,11,0.2610835623216505,0.1315763689776207,19028.630104610726
ENSG00000236735,RPL31P63,11,0.2515423812682102,0.05438768746257468,20836.32611864238
ENSG00000254942,ENSG00000254942,11,0.2591495320214931,0.07160493010043316,21406.886186191903
ENSG00000236836,PCYT1B-AS1,11,0.2535624796015933,0.06685949731720836,20552.487449304113
ENSG00000272931,LRRC8D-DT,11,0.24061779476327508,0.03463488385884255,19422.856584668083
ENSG00000259230,LINC02323,11,0.2506440626217182,0.10413936049414918,28977.35843840541
ENSG00000272912,ENSG00000272912,11,0.24480828148194392,0.034322526267752874,17528.954475792423
ENSG00000250348,SV2C-AS2,11,0.2303096343556419,0.012947275605201035,15394.900085542911
ENSG00000172073,SPMIP9,11,0.23887064000926958,0.02222323492879036,17092.404154739335
ENSG00000244266,ENSG00000244266,11,0.24307902466756967,0.032904274090291945,15533.685728023787
ENSG00000250415,ENSG00000250415,11,0.24137898360759338,0.03664843683452502,22801.27344077001
ENSG00000253730,ENSG00000253730,11,0.24545602897359936,0.053379179211217924,23555.3430762341
ENSG00000285373,LINC02478,11,0.23878852005096166,0.023632819266998412,24804.309272601447
ENSG00000286504,ENSG00000286504,11,0.24416474527020168,0.036908592212956864,17799.5852082274
ENSG00000213713,PIGCP1,11,0.24260736131728655,0.03188706245724021,18588.221244393062
ENSG00000111335,OAS2,11,0.2366276070454799,0.024732056280556008,17268.35555121538
ENSG00000272843,ENSG00000272843,11,0.23386053293748635,0.018968342878517088,16891.010731099148
ENSG00000232043,ENSG00000232043,11,0.24186959771748573,0.0270514307480465,24487.17746814215
ENSG00000259814,ENSG00000259814,11,0.2505529936935933,0.04966514508893952,27327.72128929601
ENSG00000269993,ENSG00000269993,11,0.2420375225040263,0.03133118901553213,16716.525404411514
ENSG00000253675,ENSG00000253675,11,0.2646860490824371,0.0788336265705173,37558.669959221734
ENSG00000277527,LINC01796,11,0.23746723097818184,0.02788710798833003,13306.153891846605
ENSG00000250536,ABHD17AP3,11,0.2586944505858686,0.07956437756062568,24401.883021242
ENSG00000287526,ENSG00000287526,11,0.24137819399260976,0.03442822884582213,16105.26305571044
ENSG00000243883,RN7SL419P,11,0.26480764978992966,0.1766147192151585,20341.081971988373
ENSG00000267886,ENSG00000267886,11,0.2506524851815433,0.05664931673468389,18657.212928555204
ENSG00000267072,ENSG00000267072,11,0.24402077213816772,0.04555365187352773,18550.17687680523
ENSG00000171872,KLF17,11,0.25082751650293744,0.05529147467905997,19412.866771639496
ENSG00000231907,GAPDHP37,11,0.2477932893254482,0.09650018963072127,15556.603640663641
ENSG00000213539,YBX1P6,11,0.25352484128736835,0.055582745289841334,30289.77866390371
ENSG00000254511,ENSG00000254511,11,0.24080230146447418,0.02492973873634353,20050.358101139376
ENSG00000264569,DCXR-DT,11,0.2417790551993511,0.042328482631325104,18162.749133648715
ENSG00000231765,PPP1R11P2,11,0.2509304296558172,0.049070846239946196,22869.084007908154
ENSG00000279800,BCLAF1P2,11,0.24571186422832864,0.029343896829940132,24267.281424504687
ENSG00000244722,RPSAP29,11,0.24517518924438506,0.0364241199519263,13977.261779579145
ENSG00000254533,ENSG00000254533,11,0.24821520693175558,0.05045753774099316,22061.900376151243
ENSG00000196408,NOXO1,11,0.25265916006020395,0.097588087940297,18102.51340651669
ENSG00000276772,ENSG00000276772,11,0.22391691144734155,0.0077717792288497555,28202.441717377867
ENSG00000285526,ENSG00000285526,11,0.23124348567640388,0.024210095225929935,17469.31917631942
ENSG00000267119,RPL10P15,11,0.26381747260032784,0.12034995595020052,28444.24000249207
ENSG00000231858,STAT4-AS1,11,0.2270516829327623,0.012232269324202967,16608.560909215634
ENSG00000257747,LINC02426,11,0.2572594569554308,0.08926252548283758,29564.225227389557
ENSG00000180044,C3orf80,11,0.25717391533219364,0.09516743001680952,20840.024589318655
ENSG00000196091,MYBPC1,11,0.23691607971953688,0.035658860833020445,15606.267664735986
ENSG00000189430,NCR1,11,0.21475790404602546,0.030495680213993025,9616.130669627515
ENSG00000171773,NXNL1,11,0.24737558299905305,0.03513089294791784,19155.74803321807
ENSG00000226835,ARHGAP29-AS1,11,0.23937967846878241,0.029707261119467122,16704.042416880184
ENSG00000223754,ENSG00000223754,11,0.2543252476758798,0.08247591917878773,19278.554213029398
ENSG00000278514,ENSG00000278514,11,0.2556186370192338,0.07322646077243185,25990.322821276815
ENSG00000276810,ENSG00000276810,11,0.2437241401092792,0.032781048821090154,21642.35120200088
ENSG00000264705,ENSG00000264705,11,0.2582627943947609,0.09875867930847958,24099.394892229982
ENSG00000180066,LINC02870,11,0.2560287104007865,0.13659432916030054,18914.452705696156
ENSG00000254028,ENSG00000254028,11,0.26095064379938815,0.09196977508932828,25709.76828809535
ENSG00000249513,ENSG00000249513,11,0.24735452659948695,0.05314981294501524,16679.16119409011
ENSG00000091583,APOH,11,0.25507880357535556,0.06069918391083567,19735.741098623064
ENSG00000228554,ENSG00000228554,11,0.2470157817714656,0.04327766637161947,19986.833820610762
ENSG00000204822,MRPL53,11,0.23223708453093264,0.016444066406539323,18327.55495916251
ENSG00000286650,ENSG00000286650,11,0.25108387816765637,0.05819949639068598,17624.208470813493
ENSG00000285610,ENSG00000285610,11,0.2574289609719396,0.086202439021069,17484.910497873694
ENSG00000204790,ENSG00000204790,11,0.23625622479813135,0.019886249553863398,23168.13373594388
ENSG00000060566,CREB3L3,11,0.2487742543402381,0.051524613839106635,19253.829389462357
ENSG00000280721,LINC01943,11,0.25896449891030515,0.09464821293900548,24882.410102979164
ENSG00000278997,ENSG00000278997,11,0.22200235831678275,0.005876382295178125,23160.731718172323
ENSG00000230661,YY1P1,11,0.23548503416402042,0.07406974091983891,18141.85657074354
ENSG00000167664,TMIGD2,11,0.2429640040849391,0.033240456830134296,25029.893676907384
ENSG00000280809,LINC00836,11,0.23876298916648755,0.030409261356599198,18308.26123030803
ENSG00000254307,ENSG00000254307,11,0.23839344935410062,0.026616316854295566,32048.343746737926
ENSG00000254130,LINC01947,11,0.2506893338807844,0.05889226852226469,19741.031502111404
ENSG00000166510,CCDC68,11,0.23376946400936313,0.019681650008746426,19542.866947556256
ENSG00000230741,ENSG00000230741,11,0.26162787025043677,0.12794753909545195,16294.06074088021
ENSG00000257588,AQP5-AS1,11,0.24841866439256405,0.03739293744767598,29319.867095579968
ENSG00000258884,LINC02321,11,0.24177931840434574,0.03835503944197203,24656.391103442093
ENSG00000235852,ENSG00000235852,11,0.26580098543946834,0.14187286354460893,30084.631252440206
ENSG00000279412,ENSG00000279412,11,0.25778165566467326,0.07120938575666415,24430.472632431254
ENSG00000288539,ENSG00000288539,11,0.2427402798395481,0.04215028063030822,17522.251013384797
ENSG00000204577,LILRB3,11,0.2557449754166316,0.0890125488305521,19901.6274115999
ENSG00000280113,ENSG00000280113,11,0.2624772327679388,0.12378223018636061,16692.681590176577
ENSG00000165694,FRMD7,11,0.24933040649378055,0.061702818534247465,29524.774862133727
ENSG00000287061,ENSG00000287061,11,0.2489498120716213,0.04742857157889975,13830.77163946184
ENSG00000230309,ENSG00000230309,11,0.2597975427181437,0.10192697874987897,20258.048414071993
ENSG00000258674,ENSG00000258674,11,0.25340771506478144,0.07915891107231773,27199.38559394243
ENSG00000291231,ENSG00000291231,11,0.23802417274670842,0.026503135956200553,18141.46719765114
ENSG00000210144,MT-TY,11,0.26446890496190806,0.1559467056611692,26148.04811676788
ENSG00000287420,ENSG00000287420,11,0.2462351157575486,0.05911564033680702,19767.284888099653
ENSG00000279019,ENSG00000279019,11,0.2257975111335997,0.0098618380685333,22570.45043691123
ENSG00000166856,GPR182,11,0.22793131402464034,0.013538828402568839,20142.1413314439
ENSG00000205583,STAG3L1,11,0.24936409673308652,0.05661632108028119,18665.775175311945
ENSG00000285634,ENSG00000285634,11,0.2355237252982221,0.02744463869005552,20534.85622905064
ENSG00000279017,ENSG00000279017,11,0.2387298253371706,0.030096209475948058,16873.051979764787
ENSG00000226281,ENSG00000226281,11,0.23732062579620272,0.025918040910441118,27747.006818541176
ENSG00000259522,ENSG00000259522,11,0.25418443300378046,0.0613155982770442,20898.913672884006
ENSG00000166961,MS4A15,11,0.264415211143014,0.1149644279818424,36962.25555355463
ENSG00000226245,ZNF32-AS1,11,0.24051751366034124,0.020187317093801664,21583.516856417868
ENSG00000267244,ENSG00000267244,11,0.24413526631080903,0.038471725830913156,11596.598132732934
ENSG00000279012,OR51B2,11,0.25451791373191035,0.07654636888607716,16314.026879228628
ENSG00000230427,ENSG00000230427,11,0.2325066064453801,0.013032596127243208,20240.004289908902
ENSG00000248881,ENSG00000248881,11,0.2552188286324705,0.07168241776417297,16287.381423793804
ENSG00000167080,B4GALNT2,11,0.2446582546350347,0.045765714099399786,10891.340549162504
ENSG00000285672,ENSG00000285672,11,0.24845419706683192,0.04885089032193961,15946.686447963064
ENSG00000230381,ENSG00000230381,11,0.2540683596011717,0.06834424468598116,19702.52858869651
ENSG00000228599,RPL7P52,11,0.25269864080938975,0.07184439738791479,15600.402524717374
ENSG00000205056,LINC02397,11,0.24902456229008138,0.05631857101473823,17826.481912748826
ENSG00000235963,MCCD1P1,11,0.2366341871703444,0.023716288492942876,20070.568634259624
ENSG00000013725,CD6,11,0.24250313213943372,0.02675123103387081,18250.631829166872
ENSG00000015520,NPC1L1,11,0.2525528252423936,0.055882315639026216,38740.87036100658
ENSG00000204970,PCDHA1,11,0.2631752524135587,0.12096574398901028,31001.450538474965
ENSG00000205927,OLIG2,11,0.24585425813039521,0.051828464636399736,24829.557176088227
ENSG00000291240,ENSG00000291240,11,0.23205678910964694,0.017362031851149297,20588.468224138032
ENSG00000289136,ENSG00000289136,11,0.2605018792836336,0.11249970366829846,22431.635903229322
ENSG00000262585,LINC01979,11,0.24677942368633496,0.04839102775768597,20761.42920242276
ENSG00000091482,SMPX,11,0.2539575502984548,0.05371014422335249,27284.57464866769
ENSG00000288671,ENSG00000288671,11,0.23906014760536573,0.036980737589387254,22446.722216657185
ENSG00000077984,CST7,11,0.2454668203783767,0.04271751653388506,23111.73392805597
ENSG00000079393,DUSP13B,11,0.2496586231220187,0.05671191061423287,20253.66556954701
ENSG00000142583,SLC2A5,11,0.26208268848106636,0.0869210687535917,28524.278633344773
ENSG00000257666,CBX3P5,11,0.25059536969772006,0.051410911559584806,21092.9346569864
ENSG00000231132,ENSG00000231132,11,0.2573936915026653,0.0767367401286953,24514.841929170016
ENSG00000236377,MYO1D-DT,11,0.24382573723718606,0.042942039833370235,12995.312196387316
ENSG00000259607,ENSG00000259607,11,0.24948438141560814,0.041201573815432393,24803.86742271855
ENSG00000249481,SPATS1,11,0.24245207037048586,0.03065816363435333,19319.981186200283
ENSG00000259612,EEF1A1P22,11,0.24833575481927198,0.04707652745165395,21496.345890753382
ENSG00000256733,LINC02954,11,0.23990292999800245,0.03850160947210119,17616.48448880036
ENSG00000238140,ENSG00000238140,11,0.24787304043880481,0.05018230169531236,13973.128848595832
ENSG00000215441,CTAGE12P,11,0.25382410536620326,0.07074532194410471,20124.44831654918
ENSG00000263154,ENSG00000263154,11,0.24483670762135804,0.03380286157211387,21088.215040242405
ENSG00000212961,HNRNPA1P40,11,0.2510759820178185,0.06831221364411673,16312.802210444737
ENSG00000273407,CYP3A4-AS1,11,0.23964235705337072,0.03389375600877325,20438.382176379237
ENSG00000165071,TMEM71,11,0.23997925944642992,0.030197585363430784,15593.722552880161
ENSG00000248428,ENSG00000248428,11,0.23451328132403848,0.026357558078764307,17803.523547737397
ENSG00000256615,KCNJ8-AS1,11,0.23832370003053763,0.0327921571362165,28046.982205646753
ENSG00000286196,ENSG00000286196,11,0.2416063927229084,0.027912067761656504,17847.15039493812
ENSG00000226624,RPL13AP16,11,0.2445300738026755,0.05196831198748533,21176.257923361292
ENSG00000263369,ENSG00000263369,11,0.23050861733154235,0.017413535504721384,26573.452515745095
ENSG00000164744,SUN3,11,0.2496607287619754,0.05493413053219988,17646.779941236116
ENSG00000115718,PROC,11,0.24853447459017788,0.04548449548122758,17940.664720421493
ENSG00000287408,ENSG00000287408,11,0.2363488729562223,0.019368492332519777,19654.159735723515
ENSG00000287439,ENSG00000287439,11,0.26204031247694004,0.12639074781697834,23913.390207265827
ENSG00000238116,RAD21P1,11,0.24467009885979074,0.03361001594091649,15985.130418273167
ENSG00000248672,LY75-CD302,11,0.2607811397828797,0.10594060285857419,28942.951821382685
ENSG00000234145,NAP1L4P3,11,0.2333288588484401,0.01757606810135253,19153.62106292882
ENSG00000228680,ENSG00000228680,11,0.24112551719781505,0.028163242199442176,19903.330693249893
ENSG00000287877,ENSG00000287877,11,0.23779992209132833,0.029641898922964448,22161.6618173838
ENSG00000273483,ENSG00000273483,11,0.25387016624025455,0.0673639196395215,17733.83803074377
ENSG00000221938,OR2A14,11,0.26297732225763626,0.1126504714015148,22424.94702098074
ENSG00000210176,MT-TH,11,0.25971515955484065,0.11670860075132716,21247.38325043004
ENSG00000235781,LINC02569,11,0.24308639440741775,0.032797706289822086,16251.430655070897
ENSG00000168081,PNOC,11,0.25794826442624086,0.07761630395750282,31990.625541064528
ENSG00000168314,MOBP,11,0.2504814019350685,0.06635200571582792,21712.71073540253
ENSG00000291179,ENSG00000291179,11,0.24317693692555234,0.04498556919668437,19572.32688358121
ENSG00000204250,LINC00587,11,0.2512531189791694,0.05897292477732489,26427.8703169154
ENSG00000288023,ENSG00000288023,11,0.25654985629004967,0.09368601792483998,17590.233719425145
ENSG00000286437,ENSG00000286437,11,0.23489440215618668,0.024958028139233864,15947.373424124367
ENSG00000203910,C1orf146,11,0.24319799332511854,0.04336759704776686,23081.245616733377
ENSG00000254083,LINC01591,11,0.2505835254729646,0.07358026350509231,31738.031167239515
ENSG00000273473,ENSG00000273473,11,0.24230915005843032,0.04284228673675558,13658.243859377655
ENSG00000278925,ENSG00000278925,11,0.241630870787404,0.025688931280394907,20410.73873243974
ENSG00000235677,NPM1P26,11,0.24771090616214456,0.04470319012238293,14019.896603254976
ENSG00000073756,PTGS2,11,0.2639343356179204,0.13672350811988437,19644.98408917803
ENSG00000212588,SNORA26,11,0.24287951528168034,0.04254223873847324,33321.29783425048
ENSG00000281490,CICP14,11,0.23291983828686674,0.018944653455459214,25297.510271713756
ENSG00000165269,AQP7,11,0.2558239369150043,0.07351454987335894,22299.555257196647
ENSG00000254388,DUTP2,11,0.24292820820567668,0.029473700287794207,18839.340596067643
ENSG00000212694,LINC01089,11,0.25579366834062833,0.10246248748015714,25138.115911444715
ENSG00000289125,ENSG00000289125,11,0.25467557352366266,0.08534264235846581,16700.592089534173
ENSG00000287237,ENSG00000287237,11,0.24653832791130187,0.045602260982579884,20894.53693716852
ENSG00000261065,ENSG00000261065,11,0.24562079530020467,0.045779785465509336,31230.59814331791
ENSG00000271414,ENSG00000271414,11,0.24450664855815843,0.06905895729522149,11889.53036821212
ENSG00000175097,RAG2,11,0.253325858311468,0.06296219918595612,25413.9317797479
ENSG00000232930,ENSG00000232930,11,0.2386987671478109,0.0197792568015396,27812.96048640479
ENSG00000232946,RPL35AP20,11,0.228870692650289,0.035976655977869865,22879.912552617716
ENSG00000227347,HNRNPKP2,11,0.24355253045281444,0.036960466301328064,18798.29304022116
ENSG00000287843,ENSG00000287843,11,0.26270648431821575,0.12554835488190674,21084.43019984592
ENSG00000224007,USP12P2,11,0.26102907888777205,0.13186685633422854,23395.78329260377
ENSG00000284664,ENSG00000284664,11,0.24424212753860763,0.03735605550308476,22969.855865569283
ENSG00000229569,ENSG00000229569,11,0.2605334638829825,0.09850335249882654,21534.38209372759
ENSG00000272205,POU2F1-DT,11,0.2565609108998218,0.06865935919868023,35293.895907464655
ENSG00000234779,BNC2-AS1,11,0.26125359274814824,0.17555081802605368,21379.41335503136
ENSG00000128040,SPINK2,11,0.24184590926797414,0.03316833875206657,27090.96137050355
ENSG00000259006,ENSG00000259006,11,0.23585904846131397,0.016687523553413994,32683.536236416956
ENSG00000260128,ULK4P2,11,0.2354797700641274,0.01791644981590448,20873.70350909361
ENSG00000184599,TAFA3,11,0.2416387669372413,0.03341920218921991,16890.748532138132
ENSG00000266644,ENSG00000266644,11,0.23767595253888218,0.023765670824178395,18052.23157243955
ENSG00000175202,HIGD2B,11,0.2516518745459546,0.06258998507201183,25922.15651382215
ENSG00000272144,ENSG00000272144,11,0.25608477306463046,0.07118016552784684,26139.472829095594
ENSG00000184560,SPEM2,11,0.2438157354473922,0.03536428957288189,20734.656653713944
ENSG00000129744,ART1,11,0.23515155343588923,0.018016973779140764,23435.202911453303
ENSG00000129988,LBP,11,0.25991519535071933,0.08807788362151,38729.62060671582
ENSG00000266497,RDM1P2,11,0.24463351336554437,0.03770403314597419,30290.597179455064
ENSG00000287906,ENSG00000287906,11,0.2569820388911463,0.08950438974107605,21112.57575121479
ENSG00000270302,ENSG00000270302,11,0.22997115273261548,0.02207147164046009,11324.446175067278
ENSG00000279339,ENSG00000279339,11,0.23470884263501024,0.01472654586707116,19698.152516573125
ENSG00000287901,ENSG00000287901,11,0.26243380394383375,0.1371693274658268,22319.733893157154
ENSG00000272092,ENSG00000272092,11,0.23853163197625396,0.02308499099104434,34162.6426675765
ENSG00000224769,MUC20P1,11,0.26556778581427226,0.12492972843726542,26150.072600213527
ENSG00000153923,CLCA3P,11,0.2497323205205005,0.05237563045172914,20742.914620574036
ENSG00000180869,LINC01555,11,0.2564024614930859,0.06574940441307314,25176.31560790741
ENSG00000185002,RFX6,11,0.25288104187063226,0.06481965238614462,26194.762932923262
ENSG00000237382,RPL21P121,11,0.23554241285283692,0.027459196816684957,25571.36944321993
ENSG00000237331,XIAP-AS1,11,0.24109314298348222,0.030771224943319537,31412.25279915903
ENSG00000228950,ENSG00000228950,11,0.25755793141928224,0.08930343469747158,26774.765182207928
ENSG00000283578,MTND5P42,11,0.251664771590689,0.05706523521200618,25618.24367600458
ENSG00000174353,STAG3L3,11,0.23560058115663865,0.018712524751293366,17979.21912339175
ENSG00000250986,LINC02600,11,0.22962030047484577,0.04209534788538473,18545.24167863514
ENSG00000277932,OR52E5,11,0.24519545602896747,0.0334002700462192,16920.73159241088
ENSG00000227236,ENSG00000227236,11,0.2554243917332354,0.07411431791999713,21713.34708886605
ENSG00000228205,RPS3P3,11,0.2621769158691249,0.10335188022655961,22219.39039368818
ENSG00000185761,ADAMTSL5,11,0.24536917132538846,0.03353766906731298,18036.715314955225
ENSG00000224957,LINC01266,11,0.23280113283431197,0.017744846585541433,22614.658580118372
ENSG00000279633,ENSG00000279633,11,0.23101739258606127,0.016348652823152683,31721.17929026367
ENSG00000254734,ENSG00000254734,11,0.2553488518997914,0.06987990850801837,18117.724813012035
ENSG00000185615,PDIA2,11,0.22949290925746857,0.014635416867343855,17101.888076640018
ENSG00000285128,ENSG00000285128,11,0.2588455302527578,0.17498556221583544,28004.81942124225
ENSG00000223951,H2ACP2,11,0.24729662150068,0.04369096120851831,30370.923219363285
ENSG00000253351,LINC01298,11,0.2496852068264712,0.04502204504611315,21263.06328405996
ENSG00000251553,DDX18P4,11,0.2655272522451095,0.1011379068279086,38884.94900879773
ENSG00000289229,ENSG00000289229,11,0.2399463588221079,0.031099652932629833,17513.807353525375
ENSG00000260492,CISTR,11,0.26708990029791835,0.16297111679804704,21763.412590017095
ENSG00000185313,SCN10A,11,0.2630160133918388,0.1042149083905719,30565.03225122542
ENSG00000289640,ENSG00000289640,11,0.234690155080395,0.021127363515042845,23408.09567784258
ENSG00000232864,NUCKS1P1,11,0.26219507701375133,0.1287600459606531,18637.969943594373
ENSG00000223984,HNRNPRP1,11,0.24555552046154927,0.03945440648519324,15524.600231457553
ENSG00000127325,BEST3,11,0.22498841898026833,0.010129058835801253,15288.462443446368
ENSG00000283072,ENSG00000283072,11,0.2587884147689328,0.10141189841317678,17067.14842567533
ENSG00000251291,LINC02462,11,0.25172952001935506,0.0703109677527682,17532.38869431581
ENSG00000233242,ENSG00000233242,11,0.24095022267142646,0.03385659078294417,20539.74804793697
ENSG00000290453,ENSG00000290453,11,0.24044908036175094,0.02447661609746325,20619.203255942088
ENSG00000224137,LINC01857,11,0.2529268395396882,0.05334997185992762,18308.103210754747
ENSG00000134830,C5AR2,11,0.25711837907833746,0.07415347824504596,25304.736268311688
ENSG00000286741,ENSG00000286741,11,0.2459963888274671,0.038679557221308426,21181.90567939244
ENSG00000176165,FOXG1,11,0.24076176789530915,0.028461961378814217,18294.548670949487
ENSG00000255157,DEFB130C,11,0.2496020340481844,0.043893030228512965,21514.33624664654
ENSG00000270533,ENSG00000270533,11,0.23703610119706436,0.02272227390965235,22825.190277221638
ENSG00000233581,MARCHF4-AS1,11,0.22660186559703024,0.01061045564203453,23012.70216320679
ENSG00000251442,LINC01094,11,0.24226045713443337,0.03245911159659051,21798.556706433057
ENSG00000284846,ENSG00000284846,11,0.22831901498165308,0.00898236480146694,24109.87673416222
ENSG00000267466,ENSG00000267466,11,0.24885953275848113,0.03882227843796776,21777.971459610246
ENSG00000176402,GJC3,11,0.2509785961698273,0.12767566016629114,21554.968868084823
ENSG00000182040,USH1G,11,0.24092679742691026,0.060499217034765046,15765.147695122057
ENSG00000275936,ENSG00000275936,11,0.24658149353041287,0.04811417667166398,20842.819304149416
ENSG00000287706,ENSG00000287706,11,0.2649642567617037,0.133266016205131,18545.20091836771
ENSG00000224077,ENSG00000224077,11,0.2513902487813445,0.04919005337362606,23286.312790834934
ENSG00000260253,ENSG00000260253,11,0.26543618331698277,0.14095354512714225,22440.049712590033
ENSG00000279530,ENSG00000279530,11,0.237180863944082,0.02391263921386934,14838.89313361474
ENSG00000240063,ATP11B-DT,11,0.23025146605184127,0.02850858924048053,25336.754559188754
ENSG00000277631,PGM5P3-AS1,11,0.24488303170040404,0.0335815160160861,25155.147332744782
ENSG00000290036,ENSG00000290036,11,0.2500592211237657,0.05137340585152314,19436.763545734502
ENSG00000240036,ENSG00000240036,11,0.24948148616066793,0.05271097861550676,26537.7237479838
ENSG00000136872,ALDOB,11,0.24664887400902485,0.029758255182306202,27511.986866102983
ENSG00000240005,STIM2-AS1,11,0.24425239253339628,0.048307746745322115,16281.871404210713
ENSG00000181518,OR8D4,11,0.23664366255015,0.06558789795773529,18753.42356139148
ENSG00000253355,LINC03090,11,0.2563577166440085,0.0725222292508089,22003.94766629814
ENSG00000229380,PRKAR1B-AS2,11,0.2481888864322976,0.05822677472965625,14690.477773084132
ENSG00000214788,ENSG00000214788,11,0.2411531537222461,0.025362970036220806,21312.64387599114
ENSG00000289063,ENSG00000289063,11,0.24098654496067826,0.03747416800001125,16440.65399275304
ENSG00000290003,ENSG00000290003,11,0.25897739595503905,0.10074784591236102,19819.09998773083
ENSG00000289037,LINC01530,11,0.2452136171735932,0.04265790558266433,25929.74815300158
ENSG00000229400,CNIH3-AS1,11,0.25994467431011287,0.12004380485936345,15672.287353291234
ENSG00000286100,ENSG00000286100,11,0.24098364970573793,0.023653956832759407,26089.926712949604
ENSG00000240970,RPL23AP64,11,0.23733036438100183,0.03233147950529108,27328.79719160225
ENSG00000266718,ENSG00000266718,11,0.2502939999789288,0.04791050591331481,16116.196064279093
ENSG00000233304,LINC01346,11,0.26072955160394257,0.09270427897413724,27731.818866644404
ENSG00000289752,ENSG00000289752,11,0.24024693892591528,0.031109344996056172,17875.326510749892
ENSG00000275441,ENSG00000275441,11,0.2554741374772111,0.07495158105830974,25090.71236593391
ENSG00000287148,LINCADL,11,0.2581196108777105,0.08082530640119306,22670.057738304364
ENSG00000271996,ENSG00000271996,11,0.22767942684482967,0.01023575168699439,20316.59609033869
ENSG00000266733,TBC1D29P,11,0.25424233810258756,0.05924608955483054,18253.92066350771
ENSG00000289021,ENSG00000289021,11,0.2191271069560148,0.005484599459346961,24163.892266509814
ENSG00000137875,BCL2L10,11,0.23731904656623498,0.03031482265690761,15621.621374472457
ENSG00000175766,EIF4E1B,11,0.2584449322510087,0.11808857294421217,15921.048907815719
ENSG00000240673,RPS8P11,11,0.24302138277375696,0.04070927952038397,12287.842631439617
ENSG00000287595,ENSG00000287595,11,0.25471057978794137,0.07156448202298982,19994.520738659507
ENSG00000290103,ENSG00000290103,11,0.25826621605969013,0.09011108283738307,19068.980124222147
ENSG00000175793,SFN,11,0.22821268016384563,0.05784860277482966,20220.39708554204
ENSG00000277757,ENSG00000277757,11,0.2695445500773549,0.2008516719826287,15684.499342705521
ENSG00000183171,ENSG00000183171,11,0.2548613962498338,0.05718771099583892,21474.123331684783
ENSG00000251370,SEMA5A-AS1,11,0.2504369202909845,0.05776938363519505,16102.77407319151
ENSG00000214558,ZC3H11C,11,0.2293055073013292,0.010086423345988539,24097.07955788336
ENSG00000286588,ENSG00000286588,11,0.24834759904402828,0.04994260406685227,18782.05675682064
ENSG00000149968,MMP3,11,0.24660360274995727,0.05532988286964246,15440.307555828476
ENSG00000289032,ENSG00000289032,11,0.2611083035911404,0.10151326367544598,28694.23630977548
ENSG00000227676,LINC01068,11,0.23164118842320924,0.015848603616001464,13128.885187040461
ENSG00000181123,ENSG00000181123,11,0.24510017582093063,0.0465011250462037,16344.75387836144
ENSG00000232759,STEAP1B-AS1,11,0.2414403103713297,0.03245122101300695,16547.235995009956
ENSG00000285919,ENSG00000285919,11,0.2511112514870922,0.051536488919505574,18141.844402372837
ENSG00000267677,ENSG00000267677,11,0.24737926786897718,0.042388450331492376,19044.38567846165
ENSG00000237167,ENSG00000237167,11,0.250974911299901,0.04801942498383204,39808.26251603873
ENSG00000237250,ENSG00000237250,11,0.2652811555751769,0.11813955596180284,29161.785839234188
ENSG00000287939,ENSG00000287939,11,0.249030879209951,0.05494826687941684,20793.948835783805
ENSG00000227199,ST7-AS1,11,0.23501442363371433,0.02227163177405417,16391.491539370818
ENSG00000254648,ENSG00000254648,11,0.24402735226303218,0.038246389665616436,16468.212397796957
ENSG00000242229,RPS3AP14,11,0.22594806439049817,0.0130695533597273,20419.516828025815
ENSG00000180535,BHLHA15,11,0.24820388911698954,0.09050819885989828,28075.600571679006
ENSG00000243014,PTMAP8,11,0.2329369466115142,0.015553261757622276,20997.565950492204
ENSG00000287121,ENSG00000287121,11,0.24001821378562743,0.028141597216778794,19430.9501782532
ENSG00000214185,XPOTP1,11,0.2457947738016205,0.0329977940759747,21274.01307915474
ENSG00000138615,CILP,11,0.24054936146468495,0.02838033578353981,20743.14407223315
ENSG00000187848,P2RX2,11,0.251147047366355,0.08633198791911231,21316.275806915703
ENSG00000261261,ENSG00000261261,11,0.2395057536611851,0.02522189191918538,17743.649641632343
ENSG00000187918,OR51I2,11,0.24479433161723113,0.03760061125170141,20856.42218926607
ENSG00000285205,GSC-DT,11,0.2369531916237723,0.02381805252884674,17422.937060333883
ENSG00000265728,ENSG00000265728,11,0.2467325731973002,0.052454878537534416,17677.56593302307
ENSG00000290681,ENSG00000290681,11,0.2514628933598482,0.08523085851741644,16627.045081166347
ENSG00000260475,SLC25A28-DT,11,0.24984602507815815,0.055345299798686284,17917.07005182184
ENSG00000187094,CCK,11,0.23471752839983104,0.016962068623677447,19521.465902698896
ENSG00000187773,DIPK1C,11,0.24260078119242232,0.03597742923250714,16472.538287965508
ENSG00000218426,ENSG00000218426,11,0.2285751134413765,0.014414680333923874,18567.438987288642
ENSG00000213939,ENSG00000213939,11,0.24891980670223962,0.06532572507056902,16427.564330231813
ENSG00000288918,ENSG00000288918,11,0.24808965814934208,0.05187288743880895,22252.472452301776
ENSG00000272555,ENSG00000272555,11,0.24341487424065059,0.03716326655620768,21979.00120573158
ENSG00000228261,ITPRIP-AS1,11,0.24259893875746014,0.030801049557648737,19160.74049254135
ENSG00000146755,TRIM50,11,0.2433114346777817,0.03055007374729803,20549.37948026452
ENSG00000228272,ENSG00000228272,11,0.2602586778686437,0.1346042735457881,17940.42046368909
ENSG00000275562,SEPTIN7P12,11,0.25235278944651457,0.06247424187668005,23933.020294078113
ENSG00000279129,ENSG00000279129,11,0.24549235126285104,0.04475598838591009,27055.412531969352
ENSG00000158553,POM121L2,11,0.22954239179644864,0.0165590335342688,19988.37148968043
ENSG00000278139,P3R3URF-PIK3R3,11,0.23562269037618327,0.01540286787072509,23057.73552265636
ENSG00000289078,ENSG00000289078,11,0.2611219902508583,0.10746984706839048,24738.951882684192
ENSG00000285254,ENSG00000285254,11,0.2458863691397334,0.04018443403458822,16390.18459053454
ENSG00000287833,ENSG00000287833,11,0.2433553899118757,0.03492594919741888,18591.313909010263
ENSG00000229863,RPL19P2,11,0.24522125011843623,0.04742777473646027,20717.429750707346
ENSG00000227161,ENSG00000227161,11,0.2536001179158182,0.05897908870532271,28648.72013605521
ENSG00000279456,ENSG00000279456,11,0.2393549371992924,0.023639518819905992,34550.45526189469
ENSG00000280161,ENSG00000280161,11,0.24808702609939615,0.04922925280093249,20341.14461089089
ENSG00000286524,ENSG00000286524,11,0.25032374214331604,0.06244387728152027,17850.18606096231
ENSG00000232290,ENSG00000232290,11,0.2465707021256351,0.0699302629228626,18853.517695205057
ENSG00000226981,ABHD17AP6,11,0.254826389985555,0.06343348131125602,24353.141551824723
ENSG00000255491,ENSG00000255491,11,0.24005848414979788,0.025855693806353563,19313.948033788583
ENSG00000226995,LINC00658,11,0.2109193224051011,0.0032002330159298163,27003.235340113126
ENSG00000186329,TMEM212,11,0.24129080993440982,0.034176297766869666,14553.922439106294
ENSG00000251614,HSPA8P19,11,0.24502832085741064,0.027141951310686994,22587.239386977486
ENSG00000215029,TCP11X2,11,0.2632581619868507,0.12568820794973104,27180.178662503225
ENSG00000261557,EEF1A1P38,11,0.2545131760420081,0.0817973216677245,19865.972445009338
ENSG00000124564,SLC17A3,11,0.26514850025791,0.09354028913653603,45270.63574212297
ENSG00000227705,ENSG00000227705,11,0.25908873166774576,0.08032177979299274,29809.57429904561
ENSG00000250604,ENSG00000250604,11,0.2613599275659564,0.10961776707320046,19476.38625729684
ENSG00000160321,ZNF208,11,0.24097048945600927,0.024718142992416446,19651.046013410534
ENSG00000217643,PTGES3P2,11,0.2473287325100182,0.0391042097847457,25514.14486423843
ENSG00000277020,ENSG00000277020,11,0.23291194213702915,0.01990943705277077,17670.846165866304
ENSG00000267811,ENSG00000267811,11,0.22876935872737442,0.015764815787328804,19214.624622829804
ENSG00000287099,ENSG00000287099,11,0.2363520314161573,0.019996035158714055,20836.727457063746
ENSG00000229951,FOSL2-AS1,11,0.23792178600381747,0.02497487552609717,29123.062814293815
ENSG00000225234,TRAPPC12-AS1,11,0.2532426855331809,0.06330740376895777,24086.254756388662
ENSG00000265168,ALDOC-AS1,11,0.2555144078413813,0.09481638116889572,13515.209924947145
ENSG00000289245,ENSG00000289245,11,0.2394109998631371,0.02349902115529118,25982.850571492174
ENSG00000265980,ENSG00000265980,11,0.2590621479632942,0.1556746819550155,20553.888985898513
ENSG00000287332,ENSG00000287332,11,0.2389546024025399,0.024462054080951704,15706.170674055533
ENSG00000279881,ENSG00000279881,10,0.2517626838486719,0.06329723209997748,23937.071603674358
ENSG00000227719,ENSG00000227719,10,0.243651232325781,0.03661814604116682,15167.166500215932
ENSG00000227068,ENSG00000227068,10,0.2371984986787185,0.021992077684369376,12978.815729068856
ENSG00000287263,ENSG00000287263,10,0.2586360190770721,0.10895736218920563,14912.740908511103
ENSG00000226982,CENPCP1,10,0.23398713453987796,0.02190984802118216,14892.320320577948
ENSG00000259242,ENSG00000259242,10,0.2435585841676898,0.041461095583813015,29577.122477686346
ENSG00000227725,POLR2MP1,10,0.2426068349072974,0.029033694773029865,16853.81360997793
ENSG00000258747,ENSG00000258747,10,0.24320299422001548,0.040680805460062426,15485.877161673403
ENSG00000260737,LINC01227,10,0.24047118958129537,0.02725106281242152,19517.00271809142
ENSG00000207200,RNU6-45P,10,0.24215596475158616,0.02516136845052473,25335.03907496434
ENSG00000260228,CDH13-AS2,10,0.25318793889430935,0.06424119187553551,18814.431863866117
ENSG00000228804,ENSG00000228804,10,0.23003511154629788,0.012003607497364253,19350.279238054944
ENSG00000258902,ENSG00000258902,10,0.25599817862141455,0.07818632920791885,27581.258614453352
ENSG00000227482,ENSG00000227482,10,0.2367231504585116,0.020676086501202756,21224.753876282997
ENSG00000226439,ENSG00000226439,10,0.24694840129285375,0.04259364692009496,24048.857212252253
ENSG00000227447,XGY1,10,0.24913063390289605,0.06000929804754834,19649.847970852377
ENSG00000226306,NPY6R,10,0.24512070581050727,0.05586169969994319,22654.801499586003
ENSG00000224326,ENSG00000224326,10,0.24418764410472998,0.04169927137884694,12984.091834243225
ENSG00000225563,ENSG00000225563,10,0.25144183696028144,0.06420083571393159,13159.70782499991
ENSG00000287362,ENSG00000287362,10,0.23366839329144537,0.015558430199664545,22986.74243107305
ENSG00000260428,SCX,10,0.25262099533598914,0.068835332164501,16106.044706979004
ENSG00000259211,ENSG00000259211,10,0.21005127233298537,0.017012072302256473,15490.635124001023
ENSG00000261826,ENSG00000261826,10,0.2602773654232585,0.11101953970828016,17002.488924752142
ENSG00000214727,RPL5P35,10,0.2536409146899776,0.05874214313093586,24256.87816968896
ENSG00000226398,ENSG00000226398,10,0.2614849499383818,0.17294085402428983,18856.774827560665
ENSG00000229228,LINC00582,10,0.230489666571933,0.014433556375762057,15126.40579468537
ENSG00000258279,LINC00592,10,0.24308034069254228,0.0344186385419305,27457.92453131383
ENSG00000260252,ENSG00000260252,10,0.24137214027773415,0.02795163144737128,19438.405813120942
ENSG00000226169,ENSG00000226169,10,0.23203599591507665,0.04039214864940329,9089.593732316254
ENSG00000260896,ARLNC1,10,0.2340234568291298,0.01838912611185872,18377.370437321075
ENSG00000228278,ORM2,10,0.27098901908760176,0.17926371640052627,26160.332498100805
ENSG00000261592,ENSG00000261592,10,0.23413005485193383,0.021110914312684144,16277.425055074984
ENSG00000259165,DDX18P1,10,0.24935909583818955,0.05895028978192311,23983.968460126394
ENSG00000214725,CDIPTOSP,10,0.2596709411157515,0.10134358895630512,19190.727241383964
ENSG00000287354,ENSG00000287354,10,0.24690470926375366,0.03579256078415918,26721.21274401209
ENSG00000258935,ENSG00000258935,10,0.24593611488370862,0.05061446174374508,18057.859466750717
ENSG00000229969,ENSG00000229969,10,0.24330801301285174,0.037048926207800946,15920.331609155575
ENSG00000287430,ENSG00000287430,10,0.251105197772217,0.09549935280413835,22775.135596202355
ENSG00000224238,WARS2-IT1,10,0.24346198793468002,0.028332374501954104,26406.65916771086
ENSG00000287506,ENSG00000287506,10,0.23652127222767064,0.02225736971240447,23477.723112607942
ENSG00000280037,ENSG00000280037,10,0.25628270322055324,0.09163270181436793,16094.845270825503
ENSG00000280304,ENSG00000280304,10,0.24420054114946424,0.04524978497005169,19976.55328769989
ENSG00000229263,ENSG00000229263,10,0.24443163513470334,0.042437029423118625,15308.080953800702
ENSG00000213612,FAM220CP,10,0.2629873240474302,0.14528723771583746,23795.571067767505
ENSG00000222043,ENSG00000222043,10,0.25761215164816514,0.10380308489292032,21101.21736497998
ENSG00000287437,ENSG00000287437,10,0.2443829422107061,0.04276256446101452,13806.843984914392
ENSG00000287596,ENSG00000287596,10,0.24073807944579803,0.05422060781917993,18673.987036282862
ENSG00000225408,ENSG00000225408,10,0.246062453281106,0.057219508961094595,18399.442895513854
ENSG00000213231,TCL1B,10,0.2495767663687055,0.1160878504363627,18421.764494162115
ENSG00000228031,ENSG00000228031,10,0.23619305559943224,0.02529480113702863,13337.290350149262
ENSG00000260193,LINC02846,10,0.23916411357822331,0.03236891751264687,12668.04794539449
ENSG00000258183,LINC02392,10,0.2350947011570606,0.02295941965143543,11723.421949972757
ENSG00000279469,ENSG00000279469,10,0.25664934777800014,0.08346640402954221,20938.455939420182
ENSG00000260367,ENSG00000260367,10,0.23161960561365372,0.01697541871957964,14266.373835884553
ENSG00000220988,SNORD88C,10,0.26543223524206466,0.14917041989768987,24671.288394873634
ENSG00000225850,ENSG00000225850,10,0.23462909152165287,0.020958096811940836,18363.30274337927
ENSG00000287777,ENSG00000287777,10,0.2187688849583943,0.006726935671359882,16379.102230449185
ENSG00000218586,ENSG00000218586,10,0.25199298821892735,0.06707830278745172,24808.136005744953
ENSG00000257910,ENSG00000257910,10,0.2481349294084093,0.04798809281933029,26681.804364569336
ENSG00000261437,LINC02894,10,0.2547176863227962,0.10902907498245626,23608.170719630838
ENSG00000261102,ATP5MFP6,10,0.2356303233210258,0.023086222643797834,18323.1361931098
ENSG00000226645,BUD13-DT,10,0.26296442521290114,0.09118349117522095,31332.068929952155
ENSG00000223537,ZBTB24-DT,10,0.23260346588338449,0.019580753613871044,12441.313955392
ENSG00000260803,ENSG00000260803,10,0.2352291989092895,0.021251114449522802,22543.688196177427
ENSG00000258811,ENSG00000258811,10,0.2547508501521116,0.06905862436628879,22709.74103279103
ENSG00000224875,EML4-AS1,10,0.24539759746480277,0.043930159138588394,11638.276291286638
ENSG00000225928,CACYBPP1,10,0.2469020772138081,0.0514871543521151,16537.132082754844
ENSG00000213373,LINC00671,10,0.2561882126275003,0.08992211355399717,32024.183110709313
ENSG00000224906,SRP14P1,10,0.23163645073330685,0.015395803578261674,17277.485284902494
ENSG00000223914,LINC02471,10,0.2649847867512808,0.16662132508281782,22106.81268008207
ENSG00000260782,ENSG00000260782,10,0.24035774822863376,0.06150080624543481,14570.091382712208
ENSG00000259319,JDP2-AS1,10,0.24549603613277493,0.04579898797280686,17690.508027225733
ENSG00000258789,ENSG00000258789,10,0.24481696724676502,0.04114802001886096,16765.902135641983
ENSG00000220643,ENSG00000220643,10,0.2658781045028806,0.1226643945193891,21296.844022095756
ENSG00000230051,ENSG00000230051,10,0.25069486118567075,0.07399741650042636,20521.92732972396
ENSG00000226724,HRGP2,10,0.22720723708455792,0.013291832897661051,25005.696746387755
ENSG00000228719,ENSG00000228719,10,0.2379557394481181,0.02442233940755162,17028.099596928965
ENSG00000225725,FAM66E,10,0.24534627249086047,0.038044749369051535,22160.230507555
ENSG00000228400,CNTNAP5-DT,10,0.24222466125517086,0.04449039132417987,19594.9730691906
ENSG00000258602,LINC01629,10,0.24428266110777247,0.05472942983707138,15347.304202004036
ENSG00000287624,ENSG00000287624,10,0.23704715580683622,0.022605920407023614,19942.700432116017
ENSG00000228399,ENSG00000228399,10,0.2485871155890934,0.05389183486550925,14323.29602670089
ENSG00000259351,ENSG00000259351,10,0.24893165092699554,0.03702863237338787,21610.629088079513
ENSG00000287455,ENSG00000287455,10,0.2380862891254283,0.03324260900130193,18411.26446384658
ENSG00000287454,ENSG00000287454,10,0.23449090889949967,0.023808527706342026,14617.856407343064
ENSG00000279980,GABARAPL3,10,0.22874593348285757,0.018154664523682223,11486.175356221573
ENSG00000259661,ENSG00000259661,10,0.23424481222956983,0.02085925295345145,17814.370667618146
ENSG00000213041,RPL17P8,10,0.2585565311687099,0.08219386784002335,16783.176185111926
ENSG00000224406,LINC02052,10,0.2510459766484367,0.05963630521350938,18153.01415759388
ENSG00000260352,SMG1-DT,10,0.2232223134666505,0.012529086957803963,21198.4609003825
ENSG00000287773,ENSG00000287773,10,0.252723908488869,0.06459010040704934,18312.195402850444
ENSG00000228343,ENSG00000228343,10,0.23331464577873248,0.01993247167010911,11361.112844777801
ENSG00000226807,MROH5,10,0.24248391817482987,0.037979586284144815,25840.153268680842
ENSG00000287629,ENSG00000287629,10,0.24915695440235394,0.049841287139296975,17166.734074338146
ENSG00000229457,LINC01789,10,0.24051382879041705,0.032233539003103925,12846.879137142643
ENSG00000260918,ENSG00000260918,10,0.24058726298390384,0.035879937973912,15959.415227282438
ENSG00000226087,ENSG00000226087,10,0.2511388880115228,0.04172625213929944,21641.785539877525
ENSG00000287859,ENSG00000287859,10,0.2466549277239007,0.07888029617614624,18390.282618317728
ENSG00000287575,ENSG00000287575,10,0.2364359938094277,0.023018773528999618,28926.60701324189
ENSG00000287910,ENSG00000287910,10,0.23117136750788872,0.01459266120627882,16869.04732536881
ENSG00000287892,ENSG00000287892,10,0.24814124632827914,0.057100964871489475,13077.484404422155
ENSG00000257654,ENSG00000257654,10,0.23699477801291527,0.031126935946565324,10582.56099691636
ENSG00000213942,RPL31P10,10,0.22907915100599247,0.017258453479122877,21606.184259987258
ENSG00000224067,ENSG00000224067,10,0.22343577271725298,0.008918974136214662,22226.470902851903
ENSG00000261143,ADAMTS7P3,10,0.239597348999298,0.02777757490257642,16027.325408836705
ENSG00000279428,ENSG00000279428,10,0.24196092985060397,0.036708191345171386,16149.880266321308
ENSG00000287579,ENSG00000287579,10,0.24221229062042562,0.038391191508054916,18263.717111871912
ENSG00000279058,AGAP14P,10,0.2506572228714459,0.05579258249299242,15437.514946230112
ENSG00000259592,PRELID1P4,10,0.24539891348977574,0.0377735624674544,19914.200417789467
ENSG00000218351,RPS3AP23,10,0.24762089005399934,0.051740026558116214,17125.99808357401
ENSG00000227403,LINC01806,10,0.23885432129960685,0.06321720759830242,23902.950233432883
ENSG00000227742,CALR4P,10,0.24790725708809994,0.05411989715418368,23841.317880240564
ENSG00000261731,ENSG00000261731,10,0.2462459071623261,0.03821232457629685,16297.76485594426
ENSG00000287125,ENSG00000287125,10,0.25835123127293935,0.10248662207465198,19100.853715556463
ENSG00000257746,ENSG00000257746,10,0.24280660749818195,0.032273055626716195,18980.864399837934
ENSG00000287815,ENSG00000287815,10,0.23605171451734439,0.027611674507139947,18432.381773705853
ENSG00000226783,TLK1P1,10,0.2535001000178788,0.08173687143521088,33612.12160588568
ENSG00000261113,ENSG00000261113,10,0.25048824526492697,0.05428700041638003,19167.600991330022
ENSG00000279267,ENSG00000279267,10,0.23867507869829843,0.024898276676794867,16089.330718716943
ENSG00000226800,CACTIN-AS1,10,0.2337668319594166,0.02014867004576057,13266.700089452692
ENSG00000287183,ENSG00000287183,10,0.2529813229735661,0.054636347459189695,19736.35522779717
ENSG00000226043,ENSG00000226043,10,0.24858343071916933,0.046547365658980454,16205.33694896668
ENSG00000228146,CASP16P,10,0.24375835675857413,0.043286353395794265,23829.709838641
ENSG00000287656,ENSG00000287656,10,0.26275438762722914,0.1319014846618306,16887.67405637871
ENSG00000213509,PPIAP16,10,0.2572989377046175,0.07300216312900071,21623.248656775886
ENSG00000280083,ENSG00000280083,10,0.2391438467936407,0.03707377058067637,12004.269349102224
ENSG00000287066,ENSG00000287066,10,0.23590458292537553,0.022996598468190826,18088.662880599495
ENSG00000249068,ENSG00000249068,10,0.25719865660168384,0.11434503056860759,13058.888207843323
ENSG00000259474,ENSG00000259474,10,0.2487779392101624,0.04760387474009918,15077.90148968692
ENSG00000286600,ENSG00000286600,10,0.24851157575565047,0.10185406583810501,29010.78250113326
ENSG00000268938,ENSG00000268938,10,0.23628991503743724,0.016169845837834717,27709.260688612987
ENSG00000235934,ENSG00000235934,10,0.24031668824947838,0.035384177115594495,15374.570850713411
ENSG00000268896,ENSG00000268896,10,0.26202136171733,0.15060282291921898,20639.33871190681
ENSG00000286423,ENSG00000286423,10,0.24324379099417504,0.04119748363361518,19085.056819172092
ENSG00000289455,ENSG00000289455,10,0.24640146131412174,0.05889003564273327,12792.51454402135
ENSG00000285941,ENSG00000285941,10,0.2585378436140947,0.09842141915514077,18614.086938987126
ENSG00000286426,ENSG00000286426,10,0.2427189602349875,0.027665155477886047,18280.942983698227
ENSG00000254337,ENSG00000254337,10,0.2525278207679088,0.06509215259150267,19576.758858045247
ENSG00000167968,DNASE1L2,10,0.23576982196815185,0.02465621920814641,21393.679713288817
ENSG00000290697,ENSG00000290697,10,0.24502674162744317,0.049735276051517924,16478.510810357457
ENSG00000274987,ENSG00000274987,10,0.25270495772925944,0.06150615113542715,21655.43325522411
ENSG00000268649,ENSG00000268649,10,0.2442134381941984,0.04891855270681491,11624.96651686398
ENSG00000168878,SFTPB,10,0.2508404135476718,0.05959845870860508,16838.466983110582
ENSG00000268564,ILVBL-AS1,10,0.2572823557899593,0.07660344568384223,26730.662772073516
ENSG00000289390,ENSG00000289390,10,0.23820788983292343,0.029164802948928967,14002.176724682991
ENSG00000117400,MPL,10,0.23464567343631124,0.018549924574042757,21648.55463945988
ENSG00000117148,ACTL8,10,0.2434735689544425,0.07866856179092638,23120.167808244118
ENSG00000289388,ENSG00000289388,10,0.25264968468039806,0.056627916659288374,19483.381367195267
ENSG00000283755,CPHXL,10,0.22739069096577827,0.011269506554731513,23987.735885032744
ENSG00000169962,TAS1R3,10,0.245098070180974,0.052415201549913366,15320.667481642713
ENSG00000235470,NEURL1-AS1,10,0.25127917627363255,0.07030999188416857,14329.783117773455
ENSG00000268297,CLEC4GP1,10,0.2553193729404003,0.11982169181172526,20355.781504459315
ENSG00000235419,ENSG00000235419,10,0.23897750123706785,0.027934375348777792,13736.678858608191
ENSG00000285278,TFAP2A-AS2,10,0.24423265215880263,0.05540798141222592,15009.156453023534
ENSG00000286403,ENSG00000286403,10,0.24356095301264147,0.04941837551347163,24004.354096715713
ENSG00000236068,NT5ELP,10,0.2501431835170359,0.0479422815572986,14662.438501296605
ENSG00000254123,LINC02839,10,0.23829922196604184,0.04410530755443062,18431.708994297944
ENSG00000236469,ENSG00000236469,10,0.24943253003167648,0.04759731426145737,21683.24686155663
ENSG00000236426,GRK5-AS1,10,0.24836786582861048,0.046760710926503676,25375.136585912227
ENSG00000269321,ENSG00000269321,10,0.24767616310286067,0.04956990131233555,13811.396651105606
ENSG00000284395,PERCC1,10,0.23508733141721228,0.02223059193717876,17545.731619949765
ENSG00000242299,RPS18P5,10,0.2336857648210869,0.01941059696428543,12414.546708115033
ENSG00000236408,DPP6-AS1,10,0.2484147163176454,0.044339523150557815,16940.6497357185
ENSG00000164893,SLC7A13,10,0.2500686965035706,0.061906605194965963,19377.247610411814
ENSG00000269303,GRAMD1A-AS1,10,0.24598191255276491,0.037306453220671054,19904.66851616589
ENSG00000269177,ENSG00000269177,10,0.2334270343114172,0.019300327536889345,12979.028166770277
ENSG00000289498,ENSG00000289498,10,0.24125211880020692,0.02676319204156102,15886.471133433766
ENSG00000272597,ENSG00000272597,10,0.2560305528357482,0.0817656047418312,13519.878702903401
ENSG00000269053,ENSG00000269053,10,0.24611377825504854,0.04767541558728105,17160.069432082695
ENSG00000286381,NHIP,10,0.22846114567872575,0.02663717263201138,14778.581370155414
ENSG00000285959,ENSG00000285959,10,0.24388337913099817,0.045490049204691956,12602.038243834206
ENSG00000289497,ENSG00000289497,10,0.2352899992630369,0.024348062753308322,19236.57566313661
ENSG00000269107,ENSG00000269107,10,0.24367623680026584,0.04402232842930969,14101.747564610003
ENSG00000165841,CYP2C19,10,0.23406504321827332,0.019621671660116344,15885.360882125538
ENSG00000276412,ENSG00000276412,10,0.2530042218080945,0.07351959654270518,24075.09264089948
ENSG00000250735,ENSG00000250735,10,0.270095438131008,0.13709377979774617,28671.904407123475
ENSG00000272645,GTF2IP20,10,0.2380199614667947,0.027403816280814307,12091.120807611524
ENSG00000166509,CLEC3A,10,0.25014581556698173,0.06105535202508305,12301.852755673966
ENSG00000269066,ENSG00000269066,10,0.2433940810460788,0.05253731765289858,30202.426982567704
ENSG00000170379,TCAF2,10,0.25478032911150406,0.08095457935608809,20511.52386934657
ENSG00000116176,TPSG1,10,0.25323268374338753,0.05646357967328904,17609.748464958357
ENSG00000170476,MZB1,10,0.26890154027560137,0.13493278024129443,36058.65303598853
ENSG00000254759,NAP1L1P1,10,0.23431324552816007,0.04123742246703726,13983.059410367407
ENSG00000267666,ENSG00000267666,10,0.2485423707400155,0.0582606962960034,12081.803457496324
ENSG00000174326,SLC16A11,10,0.2572602465704148,0.06589847691376916,27860.653136217363
ENSG00000277022,ENSG00000277022,10,0.23110398702927706,0.013556836815660844,15914.173256607857
ENSG00000289222,ENSG00000289222,10,0.24600770664223376,0.042807664880310105,24538.898024447008
ENSG00000234806,RPL26P29,10,0.24917222029203923,0.0642970985611664,17794.03221415978
ENSG00000234793,ENSG00000234793,10,0.23363733510208487,0.02392212438295341,18149.93733434396
ENSG00000290798,NXF5,10,0.24797648000167374,0.043088466427139434,16755.678240120356
ENSG00000175018,TEX36,10,0.25042560247621753,0.0592089169001017,24830.517851116456
ENSG00000277087,ENSG00000277087,10,0.2365686491266946,0.025491598877829348,11331.085758306444
ENSG00000250390,ENSG00000250390,10,0.24302032995377856,0.03972966196708055,14534.663093728515
ENSG00000234710,ENSG00000234710,10,0.24508359390627196,0.04129307596116826,20190.37142055175
ENSG00000286556,ENSG00000286556,10,0.25064248339174955,0.05315986286626953,19930.35135877733
ENSG00000285881,ENSG00000285881,10,0.25815409073200096,0.10315138365927654,12825.823605525702
ENSG00000244349,ENSG00000244349,10,0.2492769758798812,0.05594315856408622,23446.26572230915
ENSG00000109424,UCP1,10,0.26037843614117634,0.12227745413407656,14796.829788109988
ENSG00000290874,ENSG00000290874,10,0.24536180158554036,0.046778045376913255,12932.008253809272
ENSG00000175604,ENSG00000175604,10,0.24206147415853282,0.0394762626838623,10515.349323472394
ENSG00000175772,LINC01106,10,0.2519661413094799,0.06673025561453519,14777.014064039085
ENSG00000244490,RWDD4P1,10,0.24754719265551758,0.05687422608914463,9721.562808858276
ENSG00000267515,ENSG00000267515,10,0.24050566943558518,0.03433460840624678,11887.501038390177
ENSG00000267510,ENSG00000267510,10,0.23831211901077584,0.024382602424666475,22979.75899502985
ENSG00000274808,TBC1D3B,10,0.229562658581031,0.0168857913038759,22841.681137490956
ENSG00000250453,ENSG00000250453,10,0.23330201193899303,0.023093969979809587,12975.750668929797
ENSG00000173917,HOXB2,10,0.2579058884221136,0.08591769164835546,31397.337539299257
ENSG00000289370,ENSG00000289370,10,0.25414363622962066,0.07745162661869809,13771.317226471116
ENSG00000172116,CD8B,10,0.24111367297305902,0.035567589908003745,13386.525015412164
ENSG00000276651,ENSG00000276651,10,0.240075329269451,0.034183285233580295,17909.4052113694
ENSG00000289365,ENSG00000289365,10,0.2618342229661852,0.09567986569293403,27658.028282172243
ENSG00000272735,ENSG00000272735,10,0.24109788067338453,0.032266926381267616,19296.179524860643
ENSG00000115934,LINC02566,10,0.241273701609762,0.03225168127227825,17680.865968219576
ENSG00000272736,ENSG00000272736,10,0.2535045745027864,0.07245213720132729,15584.618088053758
ENSG00000115844,DLX2,10,0.25728077655999165,0.08881149778012347,22644.261939597403
ENSG00000289324,ENSG00000289324,10,0.22843693081922337,0.010698164489474738,21439.864286100033
ENSG00000115386,REG1A,10,0.24752113536105438,0.04991270720422654,21623.111762286837
ENSG00000171931,FBXW10,10,0.22521451207060986,0.011720660556843487,27892.639184730477
ENSG00000267943,ENSG00000267943,10,0.2455736816061752,0.037808289911568725,22165.311648162242
ENSG00000235204,ENSG00000235204,10,0.2293505153554018,0.01497362294447462,15930.800072210728
ENSG00000113525,IL5,10,0.24092916627185998,0.031789010287135995,10243.467243642797
ENSG00000243926,TIPARP-AS1,10,0.25245070170449757,0.05949861718743744,33148.587510332094
ENSG00000172399,MYOZ2,10,0.21723782150493476,0.010125729275635676,12103.974235002222
ENSG00000114547,ROPN1B,10,0.24249602560458003,0.03153626643448712,16413.28233030496
ENSG00000235122,ENSG00000235122,10,0.2581122411378626,0.09537164458210982,19887.04113544537
ENSG00000286520,ENSG00000286520,10,0.25231988882219236,0.07018513883138267,15869.35219069027
ENSG00000276960,ENSG00000276960,10,0.23134745164926102,0.01593374749185697,19095.842357871556
ENSG00000267777,LINC01791,10,0.24922644052092216,0.049202274286639605,16882.68233597479
ENSG00000267742,SINHCAFP2,10,0.2447543244580553,0.041686618511895535,13116.08473697661
ENSG00000272834,ENSG00000272834,10,0.25560126548959233,0.08051663104106253,23949.156613844116
ENSG00000235036,DNAJC9P1,10,0.24314587873619214,0.03944968326423341,18235.565578653965
ENSG00000242295,ENSG00000242295,10,0.24106761209900784,0.035617970989603835,16588.092577421554
ENSG00000250900,TRIM7-AS1,10,0.24224255919480192,0.04071393462873311,21988.456502256766
ENSG00000254008,LINC00051,10,0.2379336302285735,0.02858626109811275,19158.449791742074
ENSG00000270690,ENSG00000270690,10,0.2562569091310847,0.06983754110510361,23851.739643951663
ENSG00000271161,BOLA2P2,10,0.23093132455283372,0.02055833319304613,15272.945641500562
ENSG00000141194,OR4D1,10,0.23840450396387275,0.02937774354104348,13802.228287621767
ENSG00000284989,ENSG00000284989,10,0.24430266468736062,0.031600862293394705,20240.604612893014
ENSG00000270893,ENSG00000270893,10,0.25338955392015666,0.08434850510465136,15056.64383250614
ENSG00000253217,ENSG00000253217,10,0.23818209574345486,0.03619457068647079,18057.249664901363
ENSG00000286223,ENSG00000286223,10,0.25116731415093724,0.07583111921425997,20614.633253431137
ENSG00000284731,ENSG00000284731,10,0.24368808102502207,0.02794785589906334,22356.911330419705
ENSG00000270728,ENSG00000270728,10,0.23268979712160592,0.01572805697059287,13554.359815981574
ENSG00000270722,RNVU1-31,10,0.24838286851330152,0.051788504874375293,11859.57006250443
ENSG00000241429,EEF1A1P25,10,0.26095801353923664,0.12077210271162273,19670.80491651559
ENSG00000272181,ENSG00000272181,10,0.24566896181421238,0.05245383998314661,16018.413536878785
ENSG00000284808,ENSG00000284808,10,0.23635940115600526,0.022014822810963872,17783.700853472197
ENSG00000272189,MAP7-AS1,10,0.25327611256749416,0.12909806118319708,14484.399566031716
ENSG00000241490,ENSG00000241490,10,0.2515173767937254,0.06907282566573947,17027.228572579374
ENSG00000237708,SPIN2P1,10,0.25695255993175337,0.08906026901152019,19576.274288422876
ENSG00000237682,PRKCIP1,10,0.24247338997504667,0.03947796994274714,12961.378220259829
ENSG00000241505,ENSG00000241505,10,0.2529157849299164,0.059349258342907815,19429.006452919668
ENSG00000286232,ENSG00000286232,10,0.2428416137624606,0.03581461258568721,14214.263597179379
ENSG00000147869,CER1,10,0.23958366233958014,0.0366662909335446,23976.77318075791
ENSG00000289839,ENSG00000289839,10,0.23676473684765484,0.021226741199401128,22653.895947550114
ENSG00000237633,ENSG00000237633,10,0.25025820409966637,0.04987291986717683,21711.729029918897
ENSG00000285041,ENSG00000285041,10,0.24451270227303323,0.029260410140413123,20875.204797634975
ENSG00000140678,ITGAX,10,0.23433798679765028,0.016395457746789986,23249.53525633798
ENSG00000271215,RPL21P136,10,0.2272725119232132,0.01020333755739817,20562.99630717657
ENSG00000241537,U2SURPP1,10,0.23811103039491843,0.02669459598819796,14643.512996859445
ENSG00000240804,NPM1P28,10,0.23540712548562395,0.02506445637802561,17495.86301127584
ENSG00000286134,ENSG00000286134,10,0.24656043713084638,0.039875752222054195,17749.53753476079
ENSG00000251408,ENSG00000251408,10,0.2661876335765046,0.12130121804898218,17977.216626345573
ENSG00000284928,ENSG00000284928,10,0.2426836907657143,0.04027931801611296,18250.04795701203
ENSG00000286113,ENSG00000286113,10,0.25763715612265037,0.11527062569269327,14092.780911390606
ENSG00000240219,ENSG00000240219,10,0.24699130370696984,0.051113659421367814,16979.4637011224
ENSG00000284876,ENSG00000284876,10,0.2530668645968034,0.07376564924307102,22669.25684182061
ENSG00000240785,RPL36AP21,10,0.25262546982089734,0.06159158547534081,16388.514374901453
ENSG00000251476,MTCO1P31,10,0.24504779802700916,0.036956600738122763,14155.616108450926
ENSG00000284873,OOSP1,10,0.2373743196150965,0.023320008927770402,31328.601494446302
ENSG00000239830,RPS4XP22,10,0.23652048261268682,0.024935253311198863,15089.008420302001
ENSG00000137648,TMPRSS4,10,0.26759156901758635,0.16646534768013013,23035.07024225301
ENSG00000241135,LINC00881,10,0.23531474053252752,0.019666764660976367,15032.422653831172
ENSG00000251356,RAB5CP2,10,0.24358937915205536,0.03884143230088627,18120.148270386162
ENSG00000271664,ENSG00000271664,10,0.2555670488402967,0.07460837741831862,19395.93207370519
ENSG00000239641,PLS1-AS1,10,0.2505356221639511,0.05271693093213248,16963.516400713794
ENSG00000239617,RPL32P27,10,0.2564303612225113,0.07392792601181725,14125.936046995466
ENSG00000240854,PSMC2P1,10,0.21508006695938894,0.026778426171592554,17107.79306384727
ENSG00000289990,ENSG00000289990,10,0.25746396723621806,0.10713018945057813,19573.06547028804
ENSG00000239556,UPK3BL3P,10,0.25538201572910896,0.08973746858637474,14310.986467922603
ENSG00000289953,ENSG00000289953,10,0.24399497804869927,0.04549282578077512,15446.67113271417
ENSG00000241048,ENSG00000241048,10,0.25501800322160784,0.07123786136589239,20738.38219394282
ENSG00000251775,ENSG00000251775,10,0.25413073918488643,0.06736150155202458,24522.753797098085
ENSG00000253358,ENSG00000253358,10,0.23209758588380655,0.020507290460162902,13117.382412678491
ENSG00000253373,ENSG00000253373,10,0.24832470020949982,0.06539946552224718,25393.601936687675
ENSG00000289526,ENSG00000289526,10,0.2477690744659465,0.049572103128719874,19116.331906266056
ENSG00000253831,ETV3L,10,0.23570428392450188,0.023252568632316478,12731.816336846983
ENSG00000159871,LYPD5,10,0.2573026225745418,0.0763637385559752,25096.137054146126
ENSG00000253666,ENSG00000253666,10,0.24258893696766648,0.030581336031998023,26244.086564776593
ENSG00000276101,ENSG00000276101,10,0.24697866986723013,0.04302494468140002,20347.688291150047
ENSG00000272417,ENSG00000272417,10,0.2526665298000513,0.07347699993450696,11819.133870935266
ENSG00000160472,TMEM190,10,0.2653511681037343,0.13784921303862072,24402.04935122338
ENSG00000237070,ENSG00000237070,10,0.25743054020190687,0.09988919474133075,28201.252369294172
ENSG00000253695,PINX1-DT,10,0.2605295158080636,0.0950015589208427,22115.514422191667
ENSG00000276128,ENSG00000276128,10,0.24185617426276235,0.035074815390607104,13378.825178811647
ENSG00000289560,ENSG00000289560,10,0.25579814282553576,0.0956734183571067,13662.822308856386
ENSG00000250945,ENSG00000250945,10,0.2609719634039491,0.1337592354492827,19545.61792473104
ENSG00000269846,ENSG00000269846,10,0.25550440605158786,0.08760038202363475,20304.17996246986
ENSG00000284640,ENSG00000284640,10,0.23883352810503428,0.02276050010682738,21487.174040782487
ENSG00000253848,RBM12B-DT,10,0.25152764178851394,0.059320722866205246,20499.31628921103
ENSG00000162494,LRRC38,10,0.24221202741543116,0.03512043801517148,14293.691411850934
ENSG00000253865,ENSG00000253865,10,0.24209095311792556,0.03971471685805271,15458.467550227442
ENSG00000162624,LHX8,10,0.2379686364928524,0.0360386897975734,24439.188344271406
ENSG00000253897,ENSG00000253897,10,0.24441215796510476,0.03410074965487102,17659.739531950716
ENSG00000236700,LINC01010,10,0.24104760851942011,0.031214419051649376,15314.653985018927
ENSG00000253921,ATOX1-AS1,10,0.23629675836729597,0.023144418150208203,15127.952894425278
ENSG00000253923,ENSG00000253923,10,0.25219828811469747,0.06750627019043996,36925.18960122331
ENSG00000123454,DBH,10,0.240768874430163,0.045138394546795614,19745.798949126587
ENSG00000163612,FAM86KP,10,0.23099502016152187,0.012719930113085597,18185.08282927078
ENSG00000270035,ENSG00000270035,10,0.23735589526547626,0.01896772546864791,26090.54192860695
ENSG00000289580,ENSG00000289580,10,0.23499784171905633,0.030358353017503243,18625.111991637892
ENSG00000253408,IKBKB-DT,10,0.25611056715409936,0.09267294992831138,18348.15324442915
ENSG00000152592,DMP1,10,0.22991061558386297,0.031370420593922824,12653.507416033917
ENSG00000253427,ENSG00000253427,10,0.237239295452878,0.02542072666473362,12974.932095062582
ENSG00000270427,NRBF2P5,10,0.23922780918691117,0.024610007403602023,15788.55729793238
ENSG00000151418,ATP6V1G3,10,0.24080703915437626,0.03554607128658199,10877.748055299076
ENSG00000289757,ENSG00000289757,10,0.2367936893970584,0.026018182774324283,12348.299360464875
ENSG00000289745,ENSG00000289745,10,0.23443484623565483,0.01835518944529713,14959.47636335567
ENSG00000151655,ITIH2,10,0.24548287588304607,0.04364097910664423,17148.948162265355
ENSG00000251131,ENSG00000251131,10,0.2579372098164689,0.0930278505859339,22398.937890419646
ENSG00000270343,UNGP3,10,0.2543499889453694,0.06164493048004341,24528.604973175476
ENSG00000253474,ENSG00000253474,10,0.2509475379804651,0.060009699051249164,18158.467758353436
ENSG00000241678,RPL21P94,10,0.23845056483792393,0.022647837330687964,20552.855948320335
ENSG00000270257,ENSG00000270257,10,0.24396760472926318,0.04654662294415517,20472.76697809295
ENSG00000158764,ITLN2,10,0.2069158428350764,0.010589395850643578,9142.047018358697
ENSG00000272323,TTC23L-AS1,10,0.21905972647740268,0.008508396930681932,19859.140410981603
ENSG00000253517,XRCC6P4,10,0.2447661686828113,0.034851497956980074,18343.469328699142
ENSG00000125872,LRRN4,10,0.23078261373089762,0.015916858220738416,18659.923777876305
ENSG00000237357,FAM88E,10,0.22707063369237201,0.013942056200397755,11709.36466051506
ENSG00000286259,ENSG00000286259,10,0.2526854805596609,0.06059313112151272,16333.42071880103
ENSG00000286272,ENSG00000286272,10,0.24375467188864994,0.04520368345857221,17253.002440259985
ENSG00000286021,LINC02822,10,0.23360206563281116,0.022175791256895748,14843.005459697339
ENSG00000157111,TMEM171,10,0.24894954886662718,0.09071795737482016,14539.262202026675
ENSG00000157322,CLEC18A,10,0.2576232062579374,0.08100013157471417,29867.82582217546
ENSG00000286285,ENSG00000286285,10,0.24076624238021682,0.03437104307860409,21993.252817163357
ENSG00000267484,PLIN3-AS1,10,0.2648776623184874,0.14350718986172853,16854.671949479794
ENSG00000277053,GTF2IP1,10,0.22896913131825916,0.012418332093291901,18094.21310754255
ENSG00000250258,ENSG00000250258,10,0.2474513860374914,0.06324146282865455,12067.372938501208
ENSG00000281974,ENSG00000281974,10,0.2360459240074635,0.027283085478544095,18080.836833490313
ENSG00000264809,Metazoa_SRP,10,0.25032084688837564,0.0546224859329358,21552.851801312274
ENSG00000273415,LINC02725,10,0.24162797553246335,0.032310367643830024,14961.519427587888
ENSG00000189275,LINC01164,10,0.24346725203457126,0.037257335611081785,15841.91068998051
ENSG00000231814,LINC00210,10,0.24732873251001838,0.05584940359431361,16975.75889607562
ENSG00000196436,NPIPB15,10,0.23263978817263573,0.018144247225646372,17506.29896914644
ENSG00000231784,DBIL5P,10,0.21765908109875656,0.007775959298801868,13593.070321456524
ENSG00000264548,ENSG00000264548,10,0.24302401482370292,0.025896122855723267,22438.201520090133
ENSG00000256271,ENSG00000256271,10,0.2415279576345243,0.03195542934964351,17063.177034142613
ENSG00000196778,OR52K1,10,0.23973816367139694,0.031112762233553623,12751.19683449137
ENSG00000231756,ENSG00000231756,10,0.23343203520631411,0.031070441670493054,11955.010980560663
ENSG00000256314,ENSG00000256314,10,0.26331343503571186,0.10802773068294193,21385.772406432054
ENSG00000198633,ZNF534,10,0.25414126738466947,0.06756037604381786,24300.69396433061
ENSG00000264300,ENSG00000264300,10,0.24400024214859084,0.04139337302969655,17981.840646981193
ENSG00000231720,ENSG00000231720,10,0.2292607624522506,0.01941128900822984,10239.629665038019
ENSG00000249465,RBMXP4,10,0.23144878557217344,0.019246639035595398,16392.064026877422
ENSG00000078579,FGF20,10,0.25124969731424013,0.0510354657296629,20105.94364166724
ENSG00000278766,ENSG00000278766,10,0.23475832517399042,0.020267045539115628,16476.883595893854
ENSG00000231652,CD109-AS1,10,0.23981844119474355,0.04148003703293326,16422.524642479602
ENSG00000256377,MRPS35-DT,10,0.23980870260994405,0.03266613013996623,19584.070937143737
ENSG00000249409,ENSG00000249409,10,0.2527657580830072,0.0851021853972286,18725.544846904704
ENSG00000197815,ENSG00000197815,10,0.25536543381445054,0.07786052285549501,14291.548746598917
ENSG00000288750,ENSG00000288750,10,0.24080388069444117,0.03511577422371548,11227.889904435437
ENSG00000188782,CATSPER4,10,0.23769016560859021,0.051465390572504106,19089.13820961953
ENSG00000278480,ZBTB2P1,10,0.24825258204098535,0.057818959236546896,15586.538529496014
ENSG00000232022,FAAHP1,10,0.24093916806165405,0.03305790609270598,14715.53660698585
ENSG00000088726,TMEM40,10,0.26278570902158327,0.10104170294438079,25250.328400559367
ENSG00000186715,MST1L,10,0.25196035079959966,0.06818306300375195,10755.88338302257
ENSG00000100122,CRYBB1,10,0.23350125811989023,0.07860465011318722,16650.53073689016
ENSG00000265552,ENSG00000265552,10,0.24959755956327673,0.05693554358405326,12472.24687434351
ENSG00000249695,ENSG00000249695,10,0.2574444900666193,0.10926648325652716,22125.15414835799
ENSG00000232464,ENSG00000232464,10,0.21382721118519907,0.03022951568262495,7049.689507275951
ENSG00000288925,ENSG00000288925,10,0.2552022467178124,0.08845748898691033,19264.519305032114
ENSG00000278001,ENSG00000278001,10,0.2509233231209636,0.055431720967065126,17336.12300300885
ENSG00000248254,ENSG00000248254,10,0.25105545202824187,0.05585255982080161,20009.259261647156
ENSG00000249614,LINC02503,10,0.24558368339596923,0.03854683026492649,19451.479035270164
ENSG00000265393,ENSG00000265393,10,0.2510451870334531,0.06325295526449559,19137.877520047437
ENSG00000288909,ENSG00000288909,10,0.24541260014949406,0.03868182537003827,17069.715929593774
ENSG00000274501,ENSG00000274501,10,0.254299453586411,0.06604482752218618,21396.59905912558
ENSG00000282572,FAM157D,10,0.23381473526843025,0.020677035086748865,20550.66235152269
ENSG00000188163,CIMIP2A,10,0.23693845214407577,0.02165238050185052,20967.698327928407
ENSG00000232153,ENSG00000232153,10,0.2615539096469607,0.20421104972754892,9932.740983472551
ENSG00000285601,ENSG00000285601,10,0.24188117873724688,0.036239465761216554,14147.251705541268
ENSG00000278344,ENSG00000278344,10,0.24434477748649291,0.03615988514983774,14811.805075630522
ENSG00000264954,PRR29-AS1,10,0.243296695198085,0.05504406745427226,15213.111443744358
ENSG00000188662,H1-9P,10,0.2389964519966778,0.020931353543817515,18605.35682451848
ENSG00000248403,NACAP6,10,0.24146952612572778,0.03517352885610462,19829.85057307707
ENSG00000188716,DUSP29,10,0.24561526799531846,0.05060465081228082,13067.824711707348
ENSG00000288736,ENSG00000288736,10,0.24811650505878885,0.04925136207670359,16701.652537871163
ENSG00000288735,ENSG00000288735,10,0.24585188928544374,0.042811708253582825,15940.421712327432
ENSG00000249772,ENSG00000249772,10,0.22636103302699076,0.011361509509277562,19177.2082188654
ENSG00000280852,ENSG00000280852,10,0.2388190518303323,0.0371299026788192,15843.418555116385
ENSG00000248984,ENSG00000248984,10,0.2398616068138539,0.028989660820771642,16293.954074432493
ENSG00000274225,HEPFAL,10,0.22835033637600746,0.014760339103031732,12923.440738503075
ENSG00000230795,HLA-K,10,0.2361369929355882,0.04244985279994788,15845.777286478991
ENSG00000204482,LST1,10,0.2512483812892673,0.05458460972892913,23169.1086092451
ENSG00000286985,ENSG00000286985,10,0.2545113336070458,0.06625690495980266,15743.09894157749
ENSG00000204538,PSORS1C2,10,0.23505627322785203,0.035346970132289976,11368.184345987662
ENSG00000204583,LRCOL1,10,0.253509838602678,0.08744162876793438,19638.645472300006
ENSG00000285666,ENSG00000285666,10,0.24161428887274547,0.03688743048506913,19339.69593783849
ENSG00000007350,TKTL1,10,0.23499731530906648,0.024302281325161355,16663.54957152581
ENSG00000007312,CD79B,10,0.26058110398700135,0.11607248900802082,20013.089832998754
ENSG00000204688,OR2H1,10,0.22304965099020693,0.014258031217920561,11066.92447287503
ENSG00000263684,ENSG00000263684,10,0.25026925870943856,0.055107354363990495,20307.081974876946
ENSG00000249180,ENSG00000249180,10,0.24220992177547446,0.04116073756201828,18186.868886283162
ENSG00000257341,ENSG00000257341,10,0.2546660981438576,0.08045503042894007,15856.964490464507
ENSG00000262158,MTCO3P24,10,0.26067059368515694,0.09850364319774946,23360.118203224545
ENSG00000205086,LINC02898,10,0.23383237000306883,0.072083395438651,16826.082699089584
ENSG00000005001,PRSS22,10,0.24821994462165842,0.07440418500574345,17312.716630939456
ENSG00000205089,CCNI2,10,0.23788441089458823,0.054276852640953444,14664.004303060545
ENSG00000262115,ENSG00000262115,10,0.23813971973932782,0.021228575682575024,18835.32573319335
ENSG00000230547,HMGB1P11,10,0.24076203110030353,0.028615676839407616,20652.307825669075
ENSG00000230536,ENSG00000230536,10,0.2461258856847989,0.045603777410312026,19227.51367312747
ENSG00000287030,ENSG00000287030,10,0.2606411147257649,0.09429295537998741,16375.25692958866
ENSG00000257114,LINC02450,10,0.22340945221779657,0.026625590220591935,15627.359568647698
ENSG00000262732,ENSG00000262732,10,0.2587236663402672,0.10179859892715724,13833.255491392632
ENSG00000248923,MTND5P11,10,0.23609224808650964,0.030285462396215164,20792.81050231015
ENSG00000230869,AGAP10P,10,0.22984323510525104,0.01179359604853205,13540.528384136094
ENSG00000288718,ENSG00000288718,10,0.2166171841277233,0.031658602759340945,12685.746564302202
ENSG00000198857,HSD3BP5,10,0.23309618563323306,0.02259283854765707,16928.877983770017
ENSG00000074771,NOX3,10,0.25984149795223815,0.10411896461642083,24446.31170278291
ENSG00000231395,ARL4AP4,10,0.2521356453259882,0.07408854410993282,19618.475925312992
ENSG00000073598,FNDC8,10,0.24811255698387,0.04985298945242919,16836.4748057716
ENSG00000278831,ENSG00000278831,10,0.24843235105228187,0.04362815071691538,21795.208065383744
ENSG00000199719,RN7SKP74,10,0.2359556446943233,0.024688240327013732,11879.054664514239
ENSG00000200818,RNU6-1204P,10,0.2585812724382002,0.08607620600693541,18805.02490369119
ENSG00000273565,ENSG00000273565,10,0.24886900813828589,0.053509292617948394,15661.395741878487
ENSG00000256582,LINC02390,10,0.2263423454723761,0.011080554224516799,12990.437153070943
ENSG00000256681,MIX23P5,10,0.2421651769263964,0.0365533960108461,12943.299938620392
ENSG00000273628,ENSG00000273628,10,0.23767384689892565,0.024098298975018057,17316.449842589856
ENSG00000064787,BCAS1,10,0.21943479359467596,0.006910486803475525,16100.363483464433
ENSG00000285605,ENSG00000285605,10,0.24842787656737414,0.048589295821614815,17299.21593810298
ENSG00000231090,MIR4422HG,10,0.2357529768484988,0.02260826695695599,20768.07153860247
ENSG00000256984,ENSG00000256984,10,0.2370308370971727,0.020701996421267178,18252.44662023445
ENSG00000203999,LINC01270,10,0.22245638693242892,0.013288140308494206,16480.4040570864
ENSG00000288588,ENSG00000288588,10,0.2520856363770179,0.06175443210764302,23247.409300631036
ENSG00000262899,ENSG00000262899,10,0.24832733225944548,0.06178747890393285,13996.882394384482
ENSG00000204140,CLPSL1,10,0.24161902656264797,0.036564319292656196,10000.474989538943
ENSG00000262874,C19orf84,10,0.23487887306150765,0.03189992238526142,14010.706651228247
ENSG00000291036,ENSG00000291036,10,0.25845861891072663,0.07550886767191128,23772.62391416774
ENSG00000271933,ENSG00000271933,10,0.2646436730783076,0.11603954391027768,22724.41754727
ENSG00000255109,LINC02740,10,0.24167614204647145,0.029469582920920556,20874.061445427036
ENSG00000182950,CIMAP1C,10,0.24574265921269436,0.04057473254248679,14160.266496478867
ENSG00000183148,ANKRD20A2P,10,0.24969415579628682,0.06659221757083676,16527.01860930811
ENSG00000183625,CCR3,10,0.24437820452080408,0.03859176076508853,14241.724885519878
ENSG00000183784,DOCK8-AS1,10,0.2501015971278926,0.042976561702287586,24359.955982644402
ENSG00000255216,ENSG00000255216,10,0.22987824136952928,0.017476557693722247,21395.555005559418
ENSG00000234040,RPL10P12,10,0.25188981186105286,0.07773697694363164,16532.761776017604
ENSG00000233221,ARHGEF4-AS1,10,0.22974953412718097,0.01711201432158334,13501.027845454757
ENSG00000266598,ENSG00000266598,10,0.24388943284587405,0.048691508573507236,11805.807392817685
ENSG00000102128,RAB40AL,10,0.24184590926797356,0.03740003913931237,10438.207341225836
ENSG00000273189,ENSG00000273189,10,0.24923828474567836,0.0456130832023199,21237.110959262413
ENSG00000277459,YAP1-DT,10,0.23855505722077097,0.027992427301751298,11082.123727279079
ENSG00000286664,ENSG00000286664,10,0.2294281608288019,0.01654361321743575,22733.606097853713
ENSG00000289074,ENSG00000289074,10,0.2542220713180049,0.09237454504655604,18333.33513593039
ENSG00000233200,ENSG00000233200,10,0.24358569428213137,0.02918535367199357,22994.79035665874
ENSG00000244675,ENSG00000244675,10,0.25319162376423404,0.1063073003464614,14810.81210199823
ENSG00000179528,LBX2,10,0.2377907099165178,0.022778882798619626,14244.679247790893
ENSG00000288999,ENSG00000288999,10,0.22831611972671242,0.014629213127729164,28630.2349030092
ENSG00000273055,ENSG00000273055,10,0.24054515018477182,0.030138881316078465,22194.905726053297
ENSG00000250025,ENSG00000250025,10,0.22580224882350206,0.010323269190474733,12795.842971350126
ENSG00000233528,LINC00430,10,0.26410673488936953,0.14049313632400715,15652.834877537854
ENSG00000101074,R3HDML,10,0.24820573155195055,0.04612379397345424,9774.623113705524
ENSG00000234009,RPL5P34,10,0.2656643820472826,0.14258897652543098,30364.3745925919
ENSG00000255003,CYCSP28,10,0.24627222766178422,0.046363213382735365,13214.407545225906
ENSG00000285528,ENSG00000285528,10,0.23679132055210703,0.02862526510794826,14300.858764511055
ENSG00000105509,HAS1,10,0.24170798985081512,0.03580487204495589,16497.051776092987
ENSG00000267091,CTBP2P7,10,0.24781460893000828,0.06397500383667667,17523.701773819444
ENSG00000233920,ENSG00000233920,10,0.23852873672131344,0.02346545139462005,14794.359376937804
ENSG00000104953,TLE6,10,0.21940373540531688,0.02016377721970667,10393.562114372964
ENSG00000180767,CHST13,10,0.22509370097809964,0.026026440955871696,12227.960494199551
ENSG00000233942,ENSG00000233942,10,0.24473037280354887,0.05467907095773292,16192.439825973415
ENSG00000273137,SELENOO-AS1,10,0.253526683722331,0.07430153102005461,20734.396121053385
ENSG00000180871,CXCR2,10,0.24780408073022683,0.10318754485150719,21053.937356114133
ENSG00000286695,ENSG00000286695,10,0.2437357211290413,0.07519035722150484,13944.523708336057
ENSG00000245667,ENSG00000245667,10,0.2544623774780546,0.07812712640338419,14300.93487018741
ENSG00000233680,HNRNPA1P27,10,0.24131186633397622,0.032835709936352306,17782.572702946316
ENSG00000105695,MAG,10,0.24388153669603624,0.04504068033037295,11119.72635512845
ENSG00000255523,ENSG00000255523,10,0.24028826211006404,0.026106638401118227,24996.35116562322
ENSG00000255146,ENSG00000255146,10,0.2616223429455507,0.13079972709428378,18332.35947104962
ENSG00000277728,ENSG00000277728,10,0.23687791499532312,0.029775576661970036,11866.793967138474
ENSG00000233077,LINC01271,10,0.2411226219428749,0.02523878970382123,16991.298851678526
ENSG00000233847,ERCC8-AS1,10,0.2520943221418392,0.0649079625441181,21545.841528599394
ENSG00000255366,ENSG00000255366,10,0.2444479538443673,0.04512013125811432,10843.294615593404
ENSG00000283047,FRG1FP,10,0.25119152901043845,0.060725888901050885,15100.128871162551
ENSG00000249916,SNCAIP-AS1,10,0.2409036353873863,0.03980542460207147,15349.509169054492
ENSG00000254859,ENSG00000254859,10,0.262379320509956,0.104612860969759,26269.227030322767
ENSG00000250230,ENSG00000250230,10,0.2617860564521779,0.1260992684717559,23011.76758783682
ENSG00000178081,ULK4P3,10,0.23139746059823046,0.014430464430571959,20617.502445577426
ENSG00000234369,TATDN1P1,10,0.22503526946930205,0.012619591318137686,23364.75428118863
ENSG00000232978,ENSG00000232978,10,0.23911331501426972,0.029289333369970035,17998.233155835886
ENSG00000289159,ENSG00000289159,10,0.23787677794974485,0.026303608990843278,14177.470762574574
ENSG00000254837,LIPT2-AS1,10,0.22821452259880579,0.012539109112446638,17294.874193438387
ENSG00000286627,ENSG00000286627,10,0.2371548066496186,0.02784260423115393,18467.29904534543
ENSG00000185610,DBX2,10,0.2497599570449312,0.07125431223302144,15407.822847390426
ENSG00000283058,ENSG00000283058,10,0.2344051040712675,0.01564545097996579,25533.78076479756
ENSG00000234224,TMEM229A,10,0.24174668098501798,0.03777316129948883,18938.902865668828
ENSG00000234223,ENSG00000234223,10,0.24390864681047802,0.051827961543317556,16548.3894222024
ENSG00000288961,ENSG00000288961,10,0.24767326784792015,0.04656578754977895,18874.078119839713
ENSG00000277901,ENSG00000277901,10,0.2250568522788599,0.04158165458433273,16487.044537300415
ENSG00000244649,LINC02086,10,0.2490706231641323,0.06381288907097361,15791.485599413212
ENSG00000186481,ANKRD20A5P,10,0.2540130865523101,0.07570304215091277,11872.653934781723
ENSG00000267255,ENSG00000267255,10,0.23956313235000276,0.02425099393316559,17028.391873999
ENSG00000232915,RNF14P1,10,0.22399245128078502,0.00929105810170412,12718.042637076338
ENSG00000249931,GOLGA8K,10,0.24456613288693244,0.0324161733284529,16485.549653519065
ENSG00000255393,OOSP4B,10,0.24868844951200578,0.058844400023623636,11618.48555589783
ENSG00000178021,TSPYL6,10,0.24459640146130882,0.03899494222995246,15412.37645373405
ENSG00000234452,SLC16A12-AS1,10,0.25134918880219154,0.09107383776209245,16123.927621208855
ENSG00000185168,LINC00482,10,0.26312182179965954,0.11848234712898949,18528.688333292223
ENSG00000289153,ENSG00000289153,10,0.24615799669413735,0.03557350794463629,15953.570753576567
ENSG00000259269,ENSG00000259269,9,0.23126454207596917,0.015596957286357132,14066.509959001713
ENSG00000250500,ENSG00000250500,9,0.25414574186957745,0.09003186694741766,29223.21305988706
ENSG00000244073,RPS4XP6,9,0.2505837886779586,0.054602313238730445,19108.920596100445
ENSG00000249267,LINC00939,9,0.2367647368476549,0.02489853071341437,12586.336930832427
ENSG00000240477,EIF3JP2,9,0.23740800985440205,0.03055881855258859,11300.812840823979
ENSG00000227356,GOLGA7B-DT,9,0.24851710306053573,0.05025992201272162,14835.290993442215
ENSG00000240441,RPL17P38,9,0.2409768063758785,0.026279841956725943,11428.715331099467
ENSG00000226846,LINC00348,9,0.2605158291483461,0.10817028067781882,22112.144413819216
ENSG00000240790,SND1-DT,9,0.24406235852731123,0.032355935369038996,15741.820656236045
ENSG00000249049,ENSG00000249049,9,0.24468694397944343,0.04682422996385472,11633.830474176932
ENSG00000286078,ENSG00000286078,9,0.2436209637514047,0.039349101422994685,10516.538062297108
ENSG00000259222,ENSG00000259222,9,0.25323452617834974,0.08809170479953325,20178.477342158014
ENSG00000248873,SERBP1P6,9,0.24606850699598082,0.04894075315284368,16633.55635270699
ENSG00000280107,ENSG00000280107,9,0.24271869702999282,0.031205012622495112,18663.336282105636
ENSG00000285412,ENSG00000285412,9,0.2454926144678454,0.03944686599080535,18222.829128531783
ENSG00000250357,ENSG00000250357,9,0.2336697093164179,0.01836691041183398,14031.008079260968
ENSG00000248956,HMGB1P44,9,0.22835928534582264,0.012937094003259235,12540.779272323362
ENSG00000227431,CSE1L-DT,9,0.2486147521135241,0.08368445111331976,23076.83650813478
ENSG00000241255,ENSG00000241255,9,0.2407883515997614,0.03312429936205326,12334.022403047582
ENSG00000240890,G2E3P1,9,0.25739658675760596,0.1021406444704896,21653.484550373654
ENSG00000249012,ENSG00000249012,9,0.2310992493393741,0.014192979037491338,17606.342865207258
ENSG00000258945,ENSG00000258945,9,0.2312853352705402,0.017053477807458306,13170.273507612788
ENSG00000286089,ENSG00000286089,9,0.215682543191975,0.0052027715297240295,17033.291679329406
ENSG00000248916,NUP210P3,9,0.2539633408083345,0.07503550718802884,13588.360250662174
ENSG00000241361,SLC25A24P1,9,0.2329324721266064,0.020233439830499227,12508.404780721801
ENSG00000244361,RPL30P7,9,0.23788914858448962,0.030525266310044687,16912.714970733796
ENSG00000244691,RPL10AP1,9,0.23520945853469605,0.022899557198316545,11280.408580599398
ENSG00000241388,HNF1A-AS1,9,0.24242180179610942,0.04683289211384111,20622.46687140175
ENSG00000285649,ENSG00000285649,9,0.22701483423352126,0.016057712531868662,13816.809220325142
ENSG00000227375,DLG1-AS1,9,0.22873066759317157,0.01391670401770924,13988.166332678285
ENSG00000248966,BCLAF1P1,9,0.24663044965940412,0.052383484473180884,18688.4619537618
ENSG00000250692,ENSG00000250692,9,0.2494980680753265,0.05355549753269883,14282.25135974265
ENSG00000280039,RN7SKP23,9,0.24531574071148926,0.04304930978613582,18932.017151895132
ENSG00000259374,NDUFB4P11,9,0.252099059831742,0.06418368311138979,17769.764566102996
ENSG00000286000,ENSG00000286000,9,0.21969299769435677,0.0064859479268770765,14610.997737700856
ENSG00000242241,RN7SL306P,9,0.2559060568733126,0.08512700373477702,22491.66950960486
ENSG00000226609,SNX30-DT,9,0.23617199919986637,0.02162389159722401,9982.081956997923
ENSG00000248400,ST13P12,9,0.24574608087762342,0.04183261717365041,13617.435504413124
ENSG00000285996,ENSG00000285996,9,0.2263054967731346,0.011737920613638802,19932.45471697806
ENSG00000250264,ENSG00000250264,9,0.23033200678018276,0.05255470524968486,13722.418899940016
ENSG00000249515,LINC02113,9,0.23374498594486678,0.018552357986095707,11150.559066496548
ENSG00000250635,CXXC5-AS1,9,0.24678521419621569,0.052521672831218794,15851.079832263951
ENSG00000243384,ENSG00000243384,9,0.22500789614986633,0.011246144941636919,12657.651432466886
ENSG00000285715,ENSG00000285715,9,0.22350078435091356,0.01255339422960741,13739.888103622345
ENSG00000285789,ENSG00000285789,9,0.23307986692356944,0.021665770776008873,11840.757936500302
ENSG00000250869,ENSG00000250869,9,0.24428976764262603,0.04193993190455045,27628.08027455641
ENSG00000248330,LINC00613,9,0.2601031237168484,0.1109365939776115,15184.675780659793
ENSG00000250902,SMAD1-AS1,9,0.23833106977038565,0.022483717808051286,16598.42021362459
ENSG00000242578,ENSG00000242578,9,0.2540575681963945,0.07861483028010588,14982.18461435448
ENSG00000285782,ENSG00000285782,9,0.23553951759789624,0.028543536651631413,18579.169512051707
ENSG00000227038,GTF2IP7,9,0.23940573576324597,0.06070334985066741,12444.561626158258
ENSG00000242641,LINC00971,9,0.26141256856487194,0.10746948605447652,25474.845647844926
ENSG00000226706,ENSG00000226706,9,0.24485118389606012,0.045107467771665015,14396.47547645914
ENSG00000285727,ENSG00000285727,9,0.24275870418916864,0.02769650708086413,16851.321576390084
ENSG00000226698,GPN2-AS1,9,0.2368631755156267,0.04143992213085111,11122.167277105043
ENSG00000285773,ENSG00000285773,9,0.26157891412144507,0.12124032154914234,12267.921311894743
ENSG00000249751,ECSCR,9,0.2236831854121575,0.024045140495146895,14104.097466331474
ENSG00000248027,ARHGAP42-AS1,9,0.2389319667730059,0.028753853329142057,15878.046738319168
ENSG00000285747,ENSG00000285747,9,0.22194155796303483,0.008023932665240376,16745.6258910785
ENSG00000243008,ENSG00000243008,9,0.25617715801772817,0.12996611577975142,11893.853669741517
ENSG00000285926,ENSG00000285926,9,0.24517492603939017,0.0565400459714895,12681.495007093661
ENSG00000226987,ENSG00000226987,9,0.23984291925923884,0.031102192397092384,18091.896734148075
ENSG00000280053,ENSG00000280053,9,0.22789657096535595,0.01227631359493664,14881.584736779001
ENSG00000286025,FAM246C,9,0.25996204583975385,0.09244088431937639,18951.11074580558
ENSG00000249318,ENSG00000249318,9,0.24449506753839656,0.04157015771885445,11821.797525502721
ENSG00000285068,ENSG00000285068,9,0.25414495225459405,0.09302770071815653,17548.856374697094
ENSG00000248676,ENSG00000248676,9,0.24010928271375132,0.024660924513981133,18267.052757140962
ENSG00000285604,ENSG00000285604,9,0.25367144646934897,0.10291949467082599,10832.003807685023
ENSG00000244052,RPL5P24,9,0.2556968089026238,0.08186863142109728,13401.411235669668
ENSG00000241627,UBQLN4P1,9,0.24246391459524183,0.03809532078451595,14249.429834089698
ENSG00000250048,LINC00603,9,0.2360509249023603,0.025279688324233898,9773.866720692384
ENSG00000249406,TILAM,9,0.2362401692934621,0.031131678379809475,13487.504396052595
ENSG00000287329,ENSG00000287329,9,0.2302793657812654,0.01650414368010546,13930.912858090236
ENSG00000250043,ENSG00000250043,9,0.2592490235094435,0.09638201502674348,17730.890349982838
ENSG00000249412,ENSG00000249412,9,0.25279892191232395,0.06852195779235178,14320.780657730313
ENSG00000227237,ZNF692-DT,9,0.2277168019540593,0.013471459527367115,16815.606188198737
ENSG00000251011,TMEM108-AS1,9,0.22662436962406574,0.014403361155509657,15476.3695019885
ENSG00000242140,MATR3P2,9,0.23686001705569174,0.028924996125016162,10268.743127000653
ENSG00000285841,ENSG00000285841,9,0.2311592600781379,0.018668357788148574,13914.704105180655
ENSG00000248461,ENSG00000248461,9,0.2406646452523101,0.020333426254968087,20464.606710116732
ENSG00000241791,RN7SL817P,9,0.24659228493519036,0.03990474280874875,18586.32172909746
ENSG00000246575,ENSG00000246575,9,0.2514168324857967,0.06903376820457119,16252.864384124587
ENSG00000250980,NSA2P6,9,0.24420685806933407,0.04429242804803191,11931.86778340158
ENSG00000285922,ENSG00000285922,9,0.2435177873935302,0.03484163879843212,11550.413097640438
ENSG00000243775,OSTCP1,9,0.23809550130023857,0.029009130520231696,9897.504857412023
ENSG00000285712,ENSG00000285712,9,0.2122869355569272,0.003032088786914246,15448.25677422181
ENSG00000285159,ENSG00000285159,9,0.23499626248908842,0.024764120142560297,16624.144150520944
ENSG00000226599,ENSG00000226599,9,0.2374893401977266,0.022251647686485132,13663.95920437841
ENSG00000250954,ENSG00000250954,9,0.22795079119423892,0.01574752742819645,9124.418314542585
ENSG00000248455,LINC02217,9,0.2288169988313934,0.01778751614483405,17209.123540706838
ENSG00000242258,LINC00996,9,0.2432287883094843,0.0492388410081095,11687.177334739672
ENSG00000257453,PHLDA1-AS1,9,0.2349462535401184,0.031669109866771614,12773.12347936814
ENSG00000286128,ENSG00000286128,9,0.25209116368190454,0.044689482016332494,16971.745908144432
ENSG00000227516,ENSG00000227516,9,0.23263347125276615,0.015294279964785053,16965.823415700823
ENSG00000255164,ENSG00000255164,9,0.2508780518618963,0.08133331495185996,9443.148678760876
ENSG00000233514,ENSG00000233514,9,0.255752081951485,0.09351301325276956,16803.29926795625
ENSG00000258083,OR9A4,9,0.23843266689829248,0.022506012572809396,17931.078297556145
ENSG00000233225,SSBP3P1,9,0.24101470789509813,0.0332314683898119,13241.473327099884
ENSG00000283175,ENSG00000283175,9,0.2487853089500103,0.06398341575459596,14121.365837057068
ENSG00000229502,ENSG00000229502,9,0.24128791467946936,0.04064657259857533,10831.13294015896
ENSG00000229525,DNPEP-AS1,9,0.23476753734880046,0.022828505512602997,12976.05387169497
ENSG00000255382,LINC02734,9,0.23510443974185952,0.023578080383804097,9509.350882125036
ENSG00000229717,ENSG00000229717,9,0.22857985113127857,0.015060930393765179,17686.103332340794
ENSG00000257918,ENSG00000257918,9,0.22945500773824942,0.01637380788240231,14568.74320933641
ENSG00000229742,ENSG00000229742,9,0.24647884358252725,0.051575586014263396,15013.86131523014
ENSG00000232767,HSPA12A-AS1,9,0.23091763789311676,0.02825866775288652,13726.401627425761
ENSG00000286847,ENSG00000286847,9,0.24317904256550874,0.036876169791603276,15024.745354218665
ENSG00000232667,ENSG00000232667,9,0.23800337955213652,0.03596910429045085,11058.76279840189
ENSG00000232622,ENSG00000232622,9,0.25176900076854136,0.059699767538467736,12516.806782755159
ENSG00000255525,ENSG00000255525,9,0.22709221650192757,0.012006741331822812,13379.167231959045
ENSG00000232537,ENSG00000232537,9,0.22054209700686722,0.03173210806856504,10407.877341481722
ENSG00000232524,ENSG00000232524,9,0.24188381078719273,0.03714183132450781,10192.289122883416
ENSG00000232504,ST3GAL5-AS1,9,0.22904940884160488,0.022654602358870055,16910.528391073163
ENSG00000286878,ENSG00000286878,9,0.23981791478475425,0.025562393310562575,15499.14936375298
ENSG00000257900,ENSG00000257900,9,0.2558489413894894,0.09264750010070341,10684.377607034172
ENSG00000286703,ENSG00000286703,9,0.24801490793088188,0.05748319227527252,13144.43605760577
ENSG00000233774,MED14P1,9,0.23070602107747584,0.012165529804657396,14890.506045127466
ENSG00000283376,ENSG00000283376,9,0.24682759020034278,0.06038324431315106,11581.021024371494
ENSG00000254819,ANO3-AS1,9,0.23921306970721493,0.028563397957307935,11646.588619999084
ENSG00000234718,ENSG00000234718,9,0.2560976701093651,0.06742653524668593,17423.028880486756
ENSG00000258357,NSA2P2,9,0.2394009980733431,0.026174557074593725,13016.259437375787
ENSG00000286586,ENSG00000286586,9,0.23912621205900375,0.03073608783226615,11532.601295143433
ENSG00000280295,ENSG00000280295,9,0.2380631270859055,0.03754299239784915,15319.743536210739
ENSG00000234699,ENSG00000234699,9,0.22885990124550934,0.016715030230378916,12121.91325466963
ENSG00000280302,ENSG00000280302,9,0.24440505143025115,0.042601367639315296,14785.28934539715
ENSG00000229201,LINC02787,9,0.23074839708160233,0.017932730016388235,14002.472750041932
ENSG00000234645,YWHAEP5,9,0.23692739753430347,0.022997787948861648,21102.95240106344
ENSG00000254790,ENSG00000254790,9,0.25235647431643893,0.07531570951697579,23887.236301721645
ENSG00000229214,LINC00242,9,0.23259030563365557,0.016661956884446803,20512.047657223116
ENSG00000233834,GIRGL,9,0.24371519113946408,0.0850022299170898,19533.16319442749
ENSG00000274210,RNVU1-27,9,0.22750255308847372,0.011012685046690132,25033.15318752896
ENSG00000234361,ENSG00000234361,9,0.24375809355357936,0.04251941565609388,13076.585182761337
ENSG00000226352,PSPC1-AS2,9,0.2322002358316916,0.01916391684008962,9305.665840590518
ENSG00000286658,ENSG00000286658,9,0.24688496888916064,0.04940775244194327,16664.61889867535
ENSG00000234106,SRP14P2,9,0.23643388816947067,0.0289457175536469,11333.156448929387
ENSG00000234022,ENSG00000234022,9,0.23135008369920695,0.01332238120300036,16198.400622491012
ENSG00000283413,ENSG00000283413,9,0.23831790952065643,0.02965326591903036,11342.926082576943
ENSG00000233893,EZR-AS1,9,0.22433251213377947,0.009961290080052832,13057.80990801387
ENSG00000283384,ENSG00000283384,9,0.243415663855634,0.04089114428539794,15634.499017881975
ENSG00000282924,ENSG00000282924,9,0.2395352326205776,0.032551684720914235,9915.95098147822
ENSG00000257817,TBX3-AS1,9,0.24082783234894783,0.02421679456983292,16425.888005093133
ENSG00000232387,SKA2P1,9,0.249902614151992,0.05780010062050233,16170.436855981181
ENSG00000230823,CBX1P1,9,0.23750434288241745,0.024968472758832058,16711.982411131492
ENSG00000256568,ENSG00000256568,9,0.24331143467778124,0.03446410551469944,18107.22839192135
ENSG00000231233,CFAP58-DT,9,0.24156480633376515,0.03497411490925492,12809.671752633934
ENSG00000281692,PACRG-AS1,9,0.230907636103322,0.02371343350021835,10744.42780833503
ENSG00000231131,LNCAROD,9,0.2448401292862876,0.042867746736341,12289.273269413661
ENSG00000257002,CHRM1-AS1,9,0.25693124032719283,0.11877932397482371,13941.963994077672
ENSG00000257660,ADCY6-DT,9,0.24615352220922934,0.04871187218625957,11012.969289390385
ENSG00000257056,LINC02282,9,0.24601086510216882,0.05409647022360011,12497.232179288863
ENSG00000230290,ARMC2-AS1,9,0.23797574302770547,0.029675236777698587,10428.454430501983
ENSG00000280486,ENSG00000280486,9,0.25453712769651476,0.08762954959512982,12439.227572426658
ENSG00000230305,ENSG00000230305,9,0.2433946074560679,0.049532945077727146,12597.317531478837
ENSG00000231345,BEND3P1,9,0.23045018582274598,0.015660476470199747,16203.160866954771
ENSG00000286976,ENSG00000286976,9,0.2519369255550822,0.10409819945498273,9495.813944929758
ENSG00000257181,ENSG00000257181,9,0.2313864059884584,0.01383570672821441,19070.188527186943
ENSG00000230739,ENSG00000230739,9,0.22703641704307734,0.009470243765618737,15548.108524742238
ENSG00000230337,EXOSC10-AS1,9,0.23506680142763695,0.07285133246684065,10078.44681000486
ENSG00000230736,ENSG00000230736,9,0.24504964046197153,0.037951333441713454,16085.78869100699
ENSG00000287026,ENSG00000287026,9,0.22385953275852322,0.012453989853782278,10204.411154860314
ENSG00000230597,ENSG00000230597,9,0.24393786256487587,0.036339795584731306,17701.408886506524
ENSG00000257568,MON2-AS1,9,0.23851899813651375,0.025295037637750754,16582.830259118422
ENSG00000230432,ENSG00000230432,9,0.24236415990229704,0.03925184958085288,15321.727495829116
ENSG00000231332,OOEP-AS1,9,0.2435985913268655,0.032462546719648655,17359.92723368315
ENSG00000257718,CPNE8-AS1,9,0.23176884284557953,0.021429317782464288,11257.890194269441
ENSG00000255618,LINC02440,9,0.24592979796383868,0.06742406550247362,14063.217119470508
ENSG00000231920,NEBL-AS1,9,0.2540359853868384,0.06537685682344416,24638.0964937874
ENSG00000255642,PABPC1P4,9,0.23808023541055306,0.026922480670229797,15480.22475195409
ENSG00000286890,ENSG00000286890,9,0.23063021803903663,0.01949576672797371,14134.599813238347
ENSG00000232265,LINC02805,9,0.24892928208204432,0.08338843407207143,14027.718933610051
ENSG00000232150,ST13P4,9,0.24994051567121128,0.06695198445571815,11439.173568354427
ENSG00000287094,ENSG00000287094,9,0.2502939999789288,0.06720508146370473,12545.916323249705
ENSG00000286896,ENSG00000286896,9,0.22914047776972876,0.01216842665399209,11547.030270959915
ENSG00000232065,LINC01063,9,0.233039596559399,0.02484527378880004,11295.749567368995
ENSG00000232037,RPL21P29,9,0.26458682079947904,0.18620645242733402,17393.52807409857
ENSG00000229960,ENSG00000229960,9,0.23434298769254686,0.028433090256569205,8797.07470839511
ENSG00000231898,MYO3B-AS1,9,0.24473537369844578,0.04188453788858452,11765.326842653845
ENSG00000256540,IQSEC3-AS1,9,0.2506977564406109,0.06544857206379251,22708.878004775153
ENSG00000256070,ENSG00000256070,9,0.227111167261537,0.013004791497844533,10628.649326980174
ENSG00000231857,MORF4L1P5,9,0.24147110535569544,0.033379949828891566,15145.063906065656
ENSG00000286937,ENSG00000286937,9,0.2597522714590756,0.11862052036004757,18228.715437411563
ENSG00000231705,ENSG00000231705,9,0.2358682606361236,0.02130879796343021,10663.471975945165
ENSG00000286938,ENSG00000286938,9,0.23273033069077068,0.02763447114161195,10645.416866206595
ENSG00000231651,DLG3-AS1,9,0.23773570007265124,0.02515373693577096,11570.190099043832
ENSG00000281912,LINC01144,9,0.25583788677971725,0.07959985966283539,14780.596343922585
ENSG00000256458,ENSG00000256458,9,0.25671778107659055,0.09637145532007703,14335.170182640875
ENSG00000231403,ENSG00000231403,9,0.24118342229662207,0.0333527030577933,13286.905476042035
ENSG00000258384,RCCD1-AS1,9,0.2423762673320474,0.030592408509641726,15672.05381062782
ENSG00000229052,MND1P1,9,0.2354979312087531,0.021822117469374378,12890.749416825542
ENSG00000287169,ENSG00000287169,9,0.24531705673646192,0.05040863003899378,11195.604694389534
ENSG00000258807,ENSG00000258807,9,0.23655259362202516,0.02863412081119477,12874.22191423808
ENSG00000253342,ENSG00000253342,9,0.24794621142729728,0.059567523564122794,14644.383787790433
ENSG00000237626,ENSG00000237626,9,0.23648284429846195,0.02743299298608617,15784.438914555565
ENSG00000237605,DYRK3-AS1,9,0.25972621416461317,0.10873855201862746,16593.163763710178
ENSG00000237584,RAC1P4,9,0.24922012360105245,0.05702329834136508,11105.250539557475
ENSG00000280136,ENSG00000280136,9,0.25441657980899834,0.07418367584430641,16580.958401873322
ENSG00000237523,LINC00857,9,0.24579503700661529,0.0339337173597175,17297.27775222257
ENSG00000237436,CAMTA1-DT,9,0.23541028394555874,0.027864458213982125,12229.669970389727
ENSG00000237400,ENSG00000237400,9,0.25175978859373155,0.06519832928354341,15510.095020702693
ENSG00000237361,TUSC8,9,0.2342624469642063,0.027242392328089515,20298.215391128968
ENSG00000237353,PATE4,9,0.25293263004956934,0.08412621349809804,12396.183412402208
ENSG00000237719,NUDT5P1,9,0.2524112209553107,0.06838777090801426,17199.133348103278
ENSG00000237347,RPL28P6,9,0.25095069644039975,0.06739458327000614,15600.9442612437
ENSG00000237316,ENSG00000237316,9,0.23407872987799108,0.030871331648186486,9622.986779827925
ENSG00000237292,LINC01732,9,0.24633566006547705,0.051320213928290025,13158.8067947764
ENSG00000253596,ENSG00000253596,9,0.25091937504604517,0.07864354974199086,13185.336217814058
ENSG00000253663,NPM1P52,9,0.2462751229167244,0.049373881055130533,13719.03580866645
ENSG00000237076,ENSG00000237076,9,0.25470979017295825,0.12784200555949382,9567.917276436612
ENSG00000253722,ENSG00000253722,9,0.2329385258414813,0.01939350813779207,18348.621758182962
ENSG00000228317,FKTN-AS1,9,0.23298090184560843,0.015540954949639495,14657.376397039945
ENSG00000236885,ENSG00000236885,9,0.2349028247160131,0.02974326037345983,13684.071957662816
ENSG00000280131,ENSG00000280131,9,0.25165503300588976,0.07415057936516799,21594.51999647776
ENSG00000237737,DCTN1-AS1,9,0.24743375130285453,0.051592155653452515,13440.487101158235
ENSG00000253836,ENSG00000253836,9,0.24231783582325123,0.03694589739509,14208.391386537047
ENSG00000239377,ZNF775-AS1,9,0.23160197087901688,0.022306231070067597,7730.856313282689
ENSG00000251398,LINC01256,9,0.26403487992584945,0.10612982212451924,17565.042013700593
ENSG00000227589,TP73-AS3,9,0.23829369466115535,0.025527869840049976,18160.145140822544
ENSG00000227630,LINC01132,9,0.2400971752840006,0.03269389118452151,12672.267949859885
ENSG00000239868,RN7SL34P,9,0.25678410873522345,0.07304524616663642,14028.41037292459
ENSG00000239713,APOBEC3G,9,0.2393625701441354,0.06408977521688995,14514.661579890731
ENSG00000286164,ENSG00000286164,9,0.2277212764389673,0.016068615174850774,12126.231021254333
ENSG00000239614,HMGN1P7,9,0.24667466809849273,0.038967956796475696,18425.48434062394
ENSG00000251557,ENSG00000251557,9,0.2277199604139941,0.014324100108426132,26516.131542974043
ENSG00000251571,DDX3P3,9,0.2419425055009837,0.033225204542317296,12064.450469667923
ENSG00000284837,ENSG00000284837,9,0.2531195055957195,0.08037238076080253,15873.038849213579
ENSG00000258871,ENSG00000258871,9,0.23252661002496758,0.024962130332038042,8354.364051315795
ENSG00000239200,RPL22P20,9,0.24905114599453346,0.05221731296623433,16673.361830268448
ENSG00000286197,ENSG00000286197,9,0.24460192876619494,0.06221569063376576,12310.58849287613
ENSG00000238034,ENSG00000238034,9,0.23715164818968493,0.07908435014337872,16263.365958811504
ENSG00000238020,HTR3E-AS1,9,0.25233462830188913,0.05482634295644424,21121.899231904204
ENSG00000237927,ENSG00000237927,9,0.23681685143658093,0.02751020521411935,10502.990057051555
ENSG00000237836,PHKA2-AS1,9,0.22354579240498665,0.007301750754654641,15322.72536406816
ENSG00000258908,ENSG00000258908,9,0.24919222387162698,0.049560280623229154,14608.59207016298
ENSG00000253298,LINC01845,9,0.24580951328131664,0.0434841353902346,15590.661703619173
ENSG00000237803,PIRAT1,9,0.24303033174357258,0.03209411084297073,15900.245760799218
ENSG00000236817,ENSG00000236817,9,0.2505198298642763,0.049739754802919756,12867.332003910858
ENSG00000286349,ENSG00000286349,9,0.23242290725710432,0.014871900042928661,16719.317619580055
ENSG00000234899,SOX9-AS1,9,0.2380468083762418,0.025730054872949857,13148.88853907111
ENSG00000258515,ENSG00000258515,9,0.23594537969953486,0.03002785408193173,11483.498557398156
ENSG00000235500,SNX19P2,9,0.22637471968670847,0.012522638954510232,10520.153996778465
ENSG00000228705,LINC00659,9,0.23324094838025086,0.024329298163434713,9792.432767326822
ENSG00000235478,LINC01664,9,0.2317064632618646,0.021179866117188396,19770.257028274165
ENSG00000235408,SNORA71B,9,0.2524699156691024,0.10432628578009179,13705.114262155836
ENSG00000287193,ENSG00000287193,9,0.2587397218449356,0.10258823582271318,19434.176142275734
ENSG00000235374,SSR4P1,9,0.23060100228463903,0.016376578428987175,11719.01468313019
ENSG00000228802,ENSG00000228802,9,0.22763678763570785,0.012527378347754213,10763.592720566658
ENSG00000235280,MCF2L-AS1,9,0.22810266047610991,0.014576767858068511,11785.904270803463
ENSG00000286492,ENSG00000286492,9,0.23076287335630424,0.020755892027305847,12423.490864355552
ENSG00000235198,ENSG00000235198,9,0.23607277091691012,0.02719037327017299,14484.49792004415
ENSG00000286465,ENSG00000286465,9,0.24234389311771437,0.03365301454377886,12041.0421240129
ENSG00000235159,LINC02939,9,0.2520537885726746,0.06052285300094876,10682.872573257091
ENSG00000254599,ENSG00000254599,9,0.2267134645147303,0.010858781207535912,11323.38654409915
ENSG00000228903,RASA4CP,9,0.23300406388513148,0.015885661745871964,19044.37853930203
ENSG00000283633,ENSG00000283633,9,0.22869250286895806,0.017104142727727596,14463.463146639899
ENSG00000254632,ENSG00000254632,9,0.24032800606424493,0.030469914483574168,16174.265262310457
ENSG00000235032,BMP7-AS1,9,0.23968947074739985,0.032379908077181385,18417.197568635016
ENSG00000235010,JAKMIP3-AS1,9,0.2343171936030783,0.019223425558751905,13557.777807403252
ENSG00000234969,AARSD1P1,9,0.23927202762600014,0.024898392353740372,15566.962607682628
ENSG00000228948,SLC25A6P5,9,0.2523925334006957,0.08274037030781987,20326.975461559072
ENSG00000235532,LINC00402,9,0.20921217481027019,0.014628810631676507,7519.096898481958
ENSG00000283828,F10-AS2,9,0.22744201593972072,0.01245371576743102,11376.844483000314
ENSG00000236542,MED28P7,9,0.24052488340018907,0.0323924698877185,11672.997889454462
ENSG00000280177,ENSG00000280177,9,0.23109030036955883,0.013794880738706725,12363.230226628997
ENSG00000284479,SMIM39,9,0.21384537232982206,0.0047056528893826555,15102.14026229922
ENSG00000228401,LNCEGFL7OS,9,0.24661571017970763,0.04014381903962689,17757.96601200132
ENSG00000236511,LINC01231,9,0.24643067706851962,0.040153984036161966,16029.667796447218
ENSG00000254019,SLC45A4-AS1,9,0.2504663992503771,0.07038980549592891,15129.886930576087
ENSG00000254027,LNMICC,9,0.24614036195950048,0.04681072753409125,20431.441177094144
ENSG00000257407,ENSG00000257407,9,0.24488013644546364,0.06209090229773452,12919.783744196702
ENSG00000236409,NRADDP,9,0.23269400840151874,0.024473615137267334,14420.832142470197
ENSG00000236352,BCAS1-AS1,9,0.23658970552626038,0.03423477120257377,8621.095114730979
ENSG00000228452,ENSG00000228452,9,0.24068964972679474,0.040983313662460504,15981.924709883848
ENSG00000258696,ENSG00000258696,9,0.24363912489603035,0.04504576990869375,11508.616812979091
ENSG00000235661,MIR670HG,9,0.23372024467537683,0.016898394054161936,22094.074451207147
ENSG00000228560,ENSG00000228560,9,0.24749849973152066,0.06534421790996087,9096.289054203313
ENSG00000258679,ENSG00000258679,9,0.23801943505680567,0.03399139334978052,10755.432158076204
ENSG00000254205,ENSG00000254205,9,0.24362149016139406,0.0674366532011981,10548.197554105354
ENSG00000254230,ENSG00000254230,9,0.2407828242948751,0.03283987813757765,13432.857536567335
ENSG00000236015,TMX1P1,9,0.2297411115673546,0.015967739330905006,9017.510635544228
ENSG00000280181,ENSG00000280181,9,0.2486426518429495,0.055798814905233356,17857.059615706792
ENSG00000280182,ENSG00000280182,9,0.23595959276924192,0.024991648987570423,11246.822803760835
ENSG00000235790,PEF1-AS1,9,0.23939731320341923,0.03586865879310353,17134.72065738358
ENSG00000235695,HIGD2AP2,9,0.25482717960053897,0.06318611739465008,13298.357247987236
ENSG00000228427,ENSG00000228427,9,0.25640167187810253,0.08511101302658915,13880.04282022575
ENSG00000003137,CYP26B1,9,0.24628301906656153,0.03866089621068656,14163.07293843628
ENSG00000205609,EIF3CL,9,0.2250826463683266,0.008852313374755389,15201.072059447986
ENSG00000262730,ENSG00000262730,9,0.24993235631637936,0.05774410997122716,12526.981138159575
ENSG00000143318,CASQ1,9,0.2312911257804213,0.023254307155951236,17388.272139462348
ENSG00000204529,GUCY2EP,9,0.24188275796721503,0.0709171309057387,20785.984372972922
ENSG00000270761,CD2AP-DT,9,0.2381518271690781,0.026986396482799817,11999.947278169142
ENSG00000270729,CAPZA1P5,9,0.23875088173673673,0.024351932245255652,12927.387211829791
ENSG00000145063,ENSG00000145063,9,0.26249723634752625,0.09576530997147488,17438.443865918238
ENSG00000145217,SLC26A1,9,0.23515339587085116,0.026266024623710093,9992.148362877173
ENSG00000204361,NXPE2,9,0.24424949727845569,0.04295075939311692,11564.80311024994
ENSG00000143001,TMEM61,9,0.24831890969961914,0.05908004038154642,16246.483319333915
ENSG00000147432,CHRNB3,9,0.23136508638389786,0.023790711258028435,13570.92956748472
ENSG00000204025,TRPC5OS,9,0.23658207258141786,0.01981817429772696,21997.97797989122
ENSG00000270540,ENSG00000270540,9,0.23586668140615624,0.037161965263930154,10091.585136357175
ENSG00000147689,FAM83A,9,0.25185401598179,0.07399919789317379,13658.059503708842
ENSG00000148513,ANKRD30A,9,0.2508046176684094,0.07256398058160421,12357.471780768943
ENSG00000263232,ATP5F1AP3,9,0.24637171914973446,0.04208640994055131,16722.8061998779
ENSG00000143119,CD53,9,0.2522030258046019,0.15301912596540115,21102.40403104626
ENSG00000270883,ENSG00000270883,9,0.25188402135117177,0.06967473135860432,19079.09634422729
ENSG00000270491,ENSG00000270491,9,0.22670214669996355,0.012149705692066077,12767.027691428966
ENSG00000204971,ENSG00000204971,9,0.2396702567827961,0.04472426978340389,16304.110792688341
ENSG00000271427,ENSG00000271427,9,0.2397094743269877,0.030954312064953447,10660.994669284435
ENSG00000261938,ENSG00000261938,9,0.23993977869724328,0.024332614915101507,19387.735514652304
ENSG00000139988,RDH12,9,0.24582872724592203,0.0808076435699786,13947.16311431267
ENSG00000205403,CFI,9,0.23949706789636394,0.03129769174153953,15260.422130844607
ENSG00000262074,SNORD3B-2,9,0.2650887527241421,0.10210080070241803,26064.27982774433
ENSG00000262151,ENSG00000262151,9,0.23624964467326645,0.021011538870251912,13532.086807232718
ENSG00000271151,ENSG00000271151,9,0.23036253855955174,0.02100032439190232,14767.1427219225
ENSG00000270920,MCRIP2P2,9,0.23258977922366622,0.016545620476398,13213.772045310383
ENSG00000262202,ENSG00000262202,9,0.25631218217994584,0.07984504955350538,19276.702987655222
ENSG00000141748,ARL5C,9,0.245869787225075,0.05193654145184586,10086.590877133247
ENSG00000275778,ENSG00000275778,9,0.2347604308139467,0.02362817798595785,13291.341092809642
ENSG00000262339,ENSG00000262339,9,0.25626743733086776,0.0917102586715126,11686.737208980947
ENSG00000262372,ENSG00000262372,9,0.24522914626827327,0.04060276017527284,15836.35903485865
ENSG00000270955,ENSG00000270955,9,0.24614746849435448,0.05746183616418303,10145.428417264802
ENSG00000270528,FAM133EP,9,0.24267210974595246,0.03516163228182713,11591.388615328431
ENSG00000203697,CAPN8,9,0.2512291673246628,0.07271076846219678,12559.619461818767
ENSG00000205791,LOH12CR2,9,0.22215738605858862,0.009533683515662042,17903.12480138558
ENSG00000263862,LINC01543,9,0.25117126222585606,0.09237003066175524,12729.738044556605
ENSG00000270104,ENSG00000270104,9,0.24702130907635175,0.044194635339832075,15211.458168880488
ENSG00000270096,ENSG00000270096,9,0.22944605876843321,0.015317569736917553,14634.42908206558
ENSG00000263765,ENSG00000263765,9,0.23134876767423415,0.013801723308395054,15578.7228578807
ENSG00000198092,TMPRSS11F,9,0.23506811745260847,0.04036622897988987,11454.925296041596
ENSG00000270076,ENSG00000270076,9,0.23938257372372262,0.03341726951321813,15077.452530700966
ENSG00000197629,MPEG1,9,0.23382684269818071,0.0234421854628563,12313.342107809238
ENSG00000197595,ATP11AUN,9,0.24995209669097243,0.05641044609921267,12818.605758879403
ENSG00000289622,ENSG00000289622,9,0.2404451322868322,0.034632915366191834,12974.230028417509
ENSG00000278816,ENSG00000278816,9,0.2287182969584267,0.018017490982170155,15176.591095621854
ENSG00000264017,RN7SL336P,9,0.23995741343188032,0.026198406730745544,17476.514953001883
ENSG00000160255,ITGB2,9,0.2238524262236696,0.009646007147551367,16336.444995236752
ENSG00000160505,NLRP4,9,0.24149005611530483,0.03960799671567213,13046.02171697683
ENSG00000289562,ENSG00000289562,9,0.22897808028807454,0.013845462943274702,18299.157224181985
ENSG00000269978,ENSG00000269978,9,0.25124601244431594,0.0699094159993496,10345.931997265292
ENSG00000157021,CIBAR1P1,9,0.22107877199080872,0.008998132003198824,10863.672485923089
ENSG00000156097,GPR61,9,0.2576010970383924,0.08154063462711805,20431.191725622633
ENSG00000150676,CCDC83,9,0.21927318572800558,0.007668935198337442,14574.207605218424
ENSG00000152705,CATSPER3,9,0.23754119158165848,0.025524176059623815,13953.403613316714
ENSG00000152034,MCHR2,9,0.23516655612058002,0.023691714957939185,9888.389580027771
ENSG00000152213,ARL11,9,0.250408230946576,0.11711414459728595,13631.76646998634
ENSG00000203588,IGBP1-AS1,9,0.24179721634397677,0.04509070479195219,11764.370374835162
ENSG00000263280,ENSG00000263280,9,0.2565324847604072,0.07853293373124495,20300.782901218172
ENSG00000289704,ENSG00000289704,9,0.23747749597297038,0.02588864054284891,12679.699461426226
ENSG00000152591,DSPP,9,0.23646099828391215,0.029662448386710834,9629.730876636508
ENSG00000202374,SNORA62,9,0.22492656580654138,0.013718960195089995,11871.080932090923
ENSG00000263571,ENSG00000263571,9,0.21000244780649016,0.009323399305942242,12577.999280457392
ENSG00000263393,ENSG00000263393,9,0.2394665361169929,0.03467089677718085,12114.862066121595
ENSG00000154415,PPP1R3A,9,0.23890196140362427,0.02323958175884875,17193.955925312708
ENSG00000154589,LY96,9,0.22980717602099315,0.01555902324900053,15338.391625267019
ENSG00000276019,ENSG00000276019,9,0.24729188381077735,0.06258281627799657,13434.838432879766
ENSG00000155428,TRIM74,9,0.2356026867965952,0.020829748394819173,18967.55732068507
ENSG00000156096,UGT2B4,9,0.23576376825327625,0.03024736775672893,7001.303089259399
ENSG00000205784,ARRDC5,9,0.25096938399501495,0.06828947065541954,16758.210530039512
ENSG00000271437,ENSG00000271437,9,0.24442558141982815,0.040470279389236405,14104.226799219294
ENSG00000276131,ENSG00000276131,9,0.23964525230831105,0.03684611891128483,19370.204915751186
ENSG00000214761,HNRNPA1P15,9,0.25603502732065536,0.0669677614651235,16527.53652763452
ENSG00000215474,SKOR2,9,0.2509970205194454,0.06286489552845433,15325.997057690398
ENSG00000128692,EIF2S2P4,9,0.22785366855124253,0.04887441160295569,10461.270893204877
ENSG00000214970,ENSG00000214970,9,0.24065069538759706,0.033029271901189906,14771.876861744724
ENSG00000272153,ENSG00000272153,9,0.2623508943705415,0.14681671226261542,12688.961176130919
ENSG00000129910,CDH15,9,0.24226203636440086,0.032348302774088754,18657.417077574424
ENSG00000272100,ENSG00000272100,9,0.2365675963067159,0.023035124272684174,20490.830587788085
ENSG00000130656,HBZ,9,0.21789228072395272,0.006987432564370844,10168.175429329918
ENSG00000272243,ENSG00000272243,9,0.23918595959277322,0.03412618432037454,17751.59412071802
ENSG00000275348,ENSG00000275348,9,0.23518471726520573,0.027002239010356213,7981.326501934786
ENSG00000290123,ENSG00000290123,9,0.22800132655319752,0.016189063926529645,16745.87338699656
ENSG00000261379,ENSG00000261379,9,0.2282532137330082,0.014326031215205258,9450.949173184414
ENSG00000131187,F12,9,0.23189149637305256,0.015797919629284857,12884.152612084019
ENSG00000275401,ENSG00000275401,9,0.22425434025038973,0.011137802183312642,11683.455806187914
ENSG00000272010,ENSG00000272010,9,0.24087626206794993,0.04461006567559003,19642.212266381583
ENSG00000127472,PLA2G5,9,0.25454186538641715,0.10225387408847005,15616.261160742277
ENSG00000279331,RBM12B-AS1,9,0.23491124727583976,0.026011986277085116,12702.349540869778
ENSG00000275457,ENSG00000275457,9,0.23664840024005282,0.06284969391946424,15212.986537072795
ENSG00000217165,ANKRD18EP,9,0.2359824916037701,0.025699793441857962,17808.458858837228
ENSG00000124205,EDN3,9,0.2379865344324841,0.04566518468234395,12487.62573739841
ENSG00000124232,RBPJL,9,0.2404548708716316,0.043057816793827454,13019.386284140275
ENSG00000272468,ENSG00000272468,9,0.2500260572944491,0.07233536595942455,9800.75282848642
ENSG00000261093,ENSG00000261093,9,0.2362646473579572,0.027911022628261235,9857.074665633632
ENSG00000275139,ENSG00000275139,9,0.24867818451721724,0.04983506702476042,17415.355487674926
ENSG00000125384,PTGER2,9,0.22992035416866366,0.04646844287230766,12129.693714927631
ENSG00000216990,HSPD1P10,9,0.24069675626164805,0.03711914716062863,11153.840862427469
ENSG00000287861,ENSG00000287861,9,0.24249076150468846,0.0406012670917867,10395.215389877416
ENSG00000287857,ENSG00000287857,9,0.2412360632955376,0.03286298476514482,21392.343646800306
ENSG00000272359,RNU4-89P,9,0.2437915205878909,0.04456844784892857,12272.353623648041
ENSG00000125780,TGM3,9,0.22500026320502312,0.015369008210430562,10379.25566384423
ENSG00000125888,BANF2,9,0.23854163376604748,0.034190304992109496,9704.316303699143
ENSG00000275256,MRPS31P1,9,0.25246254592925355,0.07508497085665958,16538.830380674095
ENSG00000290418,TPTEP1,9,0.24475695650800122,0.037287321627573804,19296.974953222158
ENSG00000279204,ENSG00000279204,9,0.24145636587599884,0.03969802358456966,13275.173966939352
ENSG00000214252,AZGP1P2,9,0.22644815388019754,0.045200635136793045,16951.048706310627
ENSG00000261873,SMIM36,9,0.23720192034364782,0.027965078808689602,14881.867291123528
ENSG00000261760,ENSG00000261760,9,0.24296268805996632,0.04797326156414225,10646.403269618577
ENSG00000135312,HTR1B,9,0.2498923491572035,0.06331401221617407,14527.959909629424
ENSG00000290064,ENSG00000290064,9,0.2244080519672263,0.05841639144668473,5025.200773084328
ENSG00000213061,PFN1P11,9,0.24224913931966627,0.03594002671812907,11384.893114254823
ENSG00000271828,ENSG00000271828,9,0.24045855574155536,0.031701623808127105,11922.149583446482
ENSG00000271806,ENSG00000271806,9,0.2278568270111748,0.015485974448539023,9284.215368277624
ENSG00000271781,ENSG00000271781,9,0.24698893486201873,0.06802392742265669,17575.441885417335
ENSG00000261780,LINC02582,9,0.24019587715696716,0.040535093137931626,5949.401641907808
ENSG00000213236,YWHAZP2,9,0.2275257151279961,0.014633053865901639,15668.410737879914
ENSG00000271754,ENSG00000271754,9,0.2394599559921283,0.03525846078367888,19707.609830510963
ENSG00000290023,ENSG00000290023,9,0.2294584294031786,0.019255706712687098,9916.296449450108
ENSG00000137441,FGFBP2,9,0.24543865744395696,0.055955212258124915,9969.500058548105
ENSG00000271659,ENSG00000271659,9,0.23987818872851213,0.032111812783171795,16068.741804084524
ENSG00000137976,DNASE2B,9,0.23328779886928577,0.02230208251511396,10582.377298579147
ENSG00000138068,SULT6B1,9,0.23037675162925966,0.035593627271763476,8295.083932965252
ENSG00000271871,ENSG00000271871,9,0.25302080372275276,0.06181048942345026,19676.17986387239
ENSG00000287973,ENSG00000287973,9,0.2507485550045644,0.05527135618617961,12777.043731644491
ENSG00000287919,ENSG00000287919,9,0.2392159649621552,0.024242151105980186,16377.782066395397
ENSG00000213891,RPL3P6,9,0.24620037269826447,0.047587795874785524,10750.408646947759
ENSG00000287920,ENSG00000287920,9,0.23021803901752907,0.01566946004937087,17949.295392255546
ENSG00000214192,UBE2V1P2,9,0.2348904540812684,0.01918895755162923,13622.134057960735
ENSG00000132911,NMUR2,9,0.2411357821926038,0.04378260321519042,8468.342943479864
ENSG00000132915,PDE6A,9,0.2388001010707226,0.0387216652003154,11673.230886689453
ENSG00000271989,ENSG00000271989,9,0.24421712306412255,0.04863065562431566,10812.16384449527
ENSG00000261532,ENSG00000261532,9,0.2379431056083781,0.03417887313169663,14761.314115667423
ENSG00000133116,KL,9,0.25020003579586453,0.06301541647319976,19878.644367531964
ENSG00000213368,ST13P11,9,0.2632197340576429,0.15303797785813353,15615.894713289308
ENSG00000213779,RPL29P21,9,0.24141609551182833,0.03534063178340499,11956.657473241385
ENSG00000134438,RAX,9,0.24003611172525874,0.026094994733576064,20720.22026877613
ENSG00000279118,ENSG00000279118,9,0.24799279871133745,0.05095727010598465,10093.51001053072
ENSG00000287961,ENSG00000287961,9,0.252028520893195,0.06775480412440324,13173.961728484488
ENSG00000213492,NT5C3AP1,9,0.2434459324300105,0.04831690821066203,13777.87661075579
ENSG00000261611,ENSG00000261611,9,0.22378688818001982,0.008922357645740318,13239.483383029466
ENSG00000161281,COX7A1,9,0.23018803364814683,0.017137544667576745,15899.949921404545
ENSG00000278546,ENSG00000278546,9,0.256869650358461,0.0737993629012182,20918.837915478147
ENSG00000124159,MATN4,9,0.2464446269332324,0.048367441515653635,21311.81453012061
ENSG00000289036,ENSG00000289036,9,0.25336086457574725,0.06997343011566713,13252.654546377194
ENSG00000183423,LRIT3,9,0.24975074487012136,0.08986174692272977,24894.37684667143
ENSG00000267938,EIF1P6,9,0.24531705673646198,0.047801087002023235,18547.96121821331
ENSG00000183242,WT1-AS,9,0.22760178137142945,0.015195455319324258,8196.009469169623
ENSG00000172322,CLEC12A,9,0.23638993293537638,0.026902834993850332,16018.466610764512
ENSG00000267919,ENSG00000267919,9,0.2541225798300548,0.08128250468949566,15061.067642091888
ENSG00000172421,EFCAB3,9,0.2604071254855853,0.11056100553441352,13014.99427740227
ENSG00000266975,FARSA-AS1,9,0.24085889053830833,0.04298061425980055,12190.15011086898
ENSG00000268058,BNIP3P40,9,0.266262383794966,0.12750046064899934,17921.744791659356
ENSG00000182557,SPNS3,9,0.2302662055315367,0.014949370712677096,9031.248131570996
ENSG00000267737,ENSG00000267737,9,0.2279107840350631,0.016899097697103977,14183.618249711455
ENSG00000173610,UGT2A1,9,0.23822131328764656,0.028956224169220363,22455.356664425857
ENSG00000267692,TAF9P3,9,0.24832733225944548,0.05219352959351617,12738.982450892554
ENSG00000289253,ENSG00000289253,9,0.24020298369182055,0.03646096973574413,12052.05372063717
ENSG00000182070,OR52A1,9,0.22158280955542672,0.0267813083366288,7725.748353301522
ENSG00000171815,PCDHB1,9,0.23152511502060083,0.02155380072692451,14876.88493937929
ENSG00000171561,OR2AT4,9,0.2415600686438624,0.03452893459089109,21198.653354953658
ENSG00000181800,CELF2-AS1,9,0.2327092742912047,0.02297531434302238,14364.457501450974
ENSG00000289375,ENSG00000289375,9,0.23455618373815482,0.022238831455026503,12356.849512157116
ENSG00000184669,OR7E14P,9,0.24796253013696098,0.06860803355868501,14742.533626478571
ENSG00000169340,PDILT,9,0.26173552109321896,0.101814680847461,16399.50275498544
ENSG00000169495,HTRA4,9,0.24347541138940304,0.04311851599763437,9678.22441383384
ENSG00000169876,MUC17,9,0.2411415727024843,0.026220850332925698,29218.1232896209
ENSG00000184571,PIWIL3,9,0.24775354537126637,0.05429252752898377,15676.321740897636
ENSG00000277873,ENSG00000277873,9,0.23484307718224406,0.01933538694693817,10705.45483483316
ENSG00000170439,TMT1B,9,0.23109135318953672,0.021054688695921774,11910.803538954597
ENSG00000183773,AIFM3,9,0.2369058147247484,0.030827683960101483,14168.632007836544
ENSG00000289371,ENSG00000289371,9,0.244493488308429,0.03728039804017168,15904.61212551974
ENSG00000171234,UGT2B7,9,0.23830659170589,0.025840026946508575,18356.544387467708
ENSG00000266642,ENSG00000266642,9,0.24102207763494585,0.028091673954351366,15615.149785638787
ENSG00000184113,CLDN5,9,0.23651942979270837,0.02518542889739223,10535.317728114578
ENSG00000184058,TBX1,9,0.2260951959824668,0.010330308182929994,11499.709488685661
ENSG00000266651,ENSG00000266651,9,0.2455978964656763,0.05398587904011674,14417.331242753906
ENSG00000182048,TRPC2,9,0.25690570944271846,0.08702092089399306,18790.247331434926
ENSG00000174016,TENT5D,9,0.2543889432845669,0.08503915764046016,11263.627256719705
ENSG00000184709,LRRC26,9,0.24143399345145997,0.04127411638367963,13713.679343698841
ENSG00000267192,ENSG00000267192,9,0.2273467357316835,0.016148971358111924,9865.815626544474
ENSG00000267149,ENSG00000267149,9,0.24089968731246772,0.03566613259848896,27704.799462068542
ENSG00000267448,ENSG00000267448,9,0.2328487729383305,0.021751478321819402,16447.689853492113
ENSG00000179348,GATA2,9,0.22554772959374494,0.012104835143519004,8160.194554163205
ENSG00000179284,DAND5,9,0.23477043260374053,0.022190988338919707,12715.358013713485
ENSG00000289186,ENSG00000289186,9,0.2357471863386181,0.019883170256826545,11071.506062086039
ENSG00000176988,FMR1NB,9,0.24144241601128646,0.03534202822374293,13339.938293325738
ENSG00000267396,ENSG00000267396,9,0.24532284724634276,0.04639928389948899,27638.56860420742
ENSG00000277228,ENSG00000277228,9,0.23562163755620463,0.025739231037817726,24747.279889199268
ENSG00000177340,FLJ13224,9,0.23254161270965837,0.019395661376717766,12386.834068521232
ENSG00000267226,MALT1-AS1,9,0.23618279060464387,0.0229986868252841,22727.318182016148
ENSG00000178795,GDPD4,9,0.2245533411242305,0.013689628875444174,18756.250387588785
ENSG00000267302,RNFT1-DT,9,0.23904540812566893,0.030675662282412985,11813.57393474664
ENSG00000267312,ENSG00000267312,9,0.25527331206634846,0.09380640637189358,20327.405591640807
ENSG00000178343,SHISA3,9,0.24025667751071453,0.033075894162136577,14658.769963602133
ENSG00000277232,GTSE1-DT,9,0.2588134192434173,0.09029613386737592,18441.56825026817
ENSG00000179855,GIPC3,9,0.24304612404324705,0.03145234266536435,17623.9771847569
ENSG00000289244,ENSG00000289244,9,0.24078440352484248,0.029240604194967344,12875.79711667387
ENSG00000289075,ENSG00000289075,9,0.2443303012117909,0.046685501120394754,22702.38616580631
ENSG00000267665,ENSG00000267665,9,0.23678816209217213,0.021045984995537708,9698.032964187585
ENSG00000289243,ENSG00000289243,9,0.2363459777012818,0.029725006228678734,9032.964916785939
ENSG00000174384,PMS2P6,9,0.24518808628911895,0.04363693345825165,12490.637033875899
ENSG00000267598,IER2-AS1,9,0.2386261225693088,0.09143042928730997,13909.277916426057
ENSG00000289218,ENSG00000289218,9,0.22312018992875407,0.014096113062688199,16176.30856959864
ENSG00000180846,CSNK1G2-AS1,9,0.23379446848384733,0.019738996173597485,11921.788969589612
ENSG00000180432,CYP8B1,9,0.254958255687839,0.07767655328923938,15367.07675700486
ENSG00000277504,ENSG00000277504,9,0.24710869313455158,0.051874437606452606,10838.898952650461
ENSG00000180259,PRNT,9,0.2347743806786593,0.024416608578530646,8799.519713510274
ENSG00000180189,HMGB1P14,9,0.25119942516027555,0.07681087553264127,13102.06249081805
ENSG00000289091,ENSG00000289091,9,0.2530594948569561,0.08617887736142195,14924.771687533603
ENSG00000267115,ENSG00000267115,9,0.24545523935861538,0.04980081816217015,13237.804492829926
ENSG00000175886,RPL7AP66,9,0.2284650937536429,0.014919487036921265,12178.72409059737
ENSG00000176009,ASCL3,9,0.2530413337123297,0.05724960100830067,22331.779707208945
ENSG00000277893,SRD5A2,9,0.24152427276459992,0.029046199628683805,11244.665983873669
ENSG00000169006,NTSR2,9,0.24894349515175138,0.06045313938934862,12792.984935587247
ENSG00000161921,CXCL16,9,0.2520524725477034,0.10061353055006367,18392.362436055664
ENSG00000264985,ENSG00000264985,9,0.21672930945541055,0.005919398952965597,15208.383918549287
ENSG00000162711,NLRP3,9,0.23499599928409365,0.022409384886157124,11788.262461078817
ENSG00000188800,TMCO2,9,0.24226677405430308,0.03431216185264309,12132.577536478511
ENSG00000162888,IKBKE-AS1,9,0.23774464904246675,0.027202505484565015,14552.101672338125
ENSG00000264937,ENSG00000264937,9,0.21898787151388244,0.00707977636272654,10499.887543997775
ENSG00000188676,IDO2,9,0.21246802059319794,0.017265330382571595,9180.485969681242
ENSG00000264943,SH3GL1P2,9,0.2334886242801481,0.021996570982391214,10863.999313898052
ENSG00000188549,CCDC9B,9,0.24937857300778843,0.08248973775721266,20424.14738262849
ENSG00000188801,ZNF322P1,9,0.24101365507512104,0.07043826832504986,16846.911951948015
ENSG00000269694,ENSG00000269694,9,0.23404346040871774,0.022571811586589486,16202.394882058821
ENSG00000288872,ENSG00000288872,9,0.21847277933949408,0.007085625450253128,14480.284677484076
ENSG00000269680,ENSG00000269680,9,0.2358200941221169,0.04150024803622829,13067.339579819472
ENSG00000163154,TNFAIP8L2,9,0.2480941326342497,0.05226605648477859,13086.842803052406
ENSG00000163273,NPPC,9,0.24663044965940412,0.04389507543596302,19191.92133015801
ENSG00000288885,ENSG00000288885,9,0.24855316214479295,0.06234113684531598,11778.294334176002
ENSG00000162592,CCDC27,9,0.22292068054286399,0.009223614636493543,11541.885858857679
ENSG00000162510,MATN1,9,0.22428776728470232,0.02553842649174714,12109.858103583336
ENSG00000163394,CCKAR,9,0.2412429066253965,0.04702531174807187,11976.27815457933
ENSG00000189419,SPATA41,9,0.23299037722541402,0.04713348545467004,12846.266280328391
ENSG00000196228,SULT1C3,9,0.24716107092847245,0.05529865964975844,10048.522627768622
ENSG00000264595,ENSG00000264595,9,0.2411363086025926,0.0328487778375253,12971.341691922265
ENSG00000288856,ENSG00000288856,9,0.22036417043053316,0.046164802024217945,8346.102629017902
ENSG00000196115,ADAM5,9,0.21338213153936536,0.004086856829879477,17044.48713546884
ENSG00000269855,RNF225,9,0.2505077224345257,0.07621742116446181,10367.315344284392
ENSG00000162006,MSLNL,9,0.23580930271733866,0.01830019380546566,17969.257639479056
ENSG00000189398,OR7E12P,9,0.23260662434331952,0.02861099434094505,12892.06083109433
ENSG00000162460,TMEM82,9,0.24128607224450765,0.05075849868421564,11903.146978828885
ENSG00000189375,TBC1D28,9,0.23972552983165707,0.030481221405295446,10094.305667257106
ENSG00000189167,ZAR1L,9,0.23702004569239488,0.020584046947625282,17846.584492664046
ENSG00000162241,SLC25A45,9,0.22864459955994507,0.014051712767464744,11485.887352919088
ENSG00000162391,FAM151A,9,0.24701920343639497,0.044226136998703675,11316.838617333442
ENSG00000189051,RNF222,9,0.24680811303074382,0.038722411370102336,13817.708744311272
ENSG00000188996,HUS1B,9,0.2394452165124322,0.02356117967743591,13722.824712325435
ENSG00000265055,ENSG00000265055,9,0.220372329785362,0.007059779787605037,11789.46350373392
ENSG00000276203,ANKRD20A3P,9,0.24110972489814037,0.037223374396447725,8607.776592615952
ENSG00000268560,ENSG00000268560,9,0.24347198972447365,0.0403646468323412,17606.825490685947
ENSG00000167755,KLK6,9,0.2299927355421705,0.014805459807002309,20875.288389546564
ENSG00000186188,FFAR4,9,0.24762089005399926,0.03988553622703037,15631.006272203807
ENSG00000167094,TTC16,9,0.23338834317721416,0.022950933286534407,14463.283699673624
ENSG00000265994,ENSG00000265994,9,0.2463280271206344,0.061929214642972734,9326.455932492898
ENSG00000289467,ENSG00000289467,9,0.26408831053974896,0.17813285500154905,10123.342781062678
ENSG00000266185,RN7SL804P,9,0.2362241137887923,0.027799913648838402,13274.090413348442
ENSG00000167711,SERPINF2,9,0.2355313582430647,0.021915230862987863,16042.982745097122
ENSG00000167759,KLK13,9,0.21452470442082894,0.019649391511097573,8389.72068569247
ENSG00000269035,ENSG00000269035,9,0.24044460587684294,0.030223079280583896,20213.88001038104
ENSG00000167895,TMC8,9,0.2373311539959873,0.0651934083012127,14996.995843608567
ENSG00000268754,LINC01081,9,0.25117547350576885,0.06814277336439947,19892.96937003023
ENSG00000266312,LINC01927,9,0.23122269248183067,0.02672019367727905,13681.4504634754
ENSG00000288971,ENSG00000288971,9,0.2270274680732613,0.012587065440288602,20771.835793467617
ENSG00000168621,GDNF,9,0.22275091332136177,0.008666180517845306,21076.72991275398
ENSG00000266341,ENSG00000266341,9,0.2319812492762033,0.02509469150993226,12724.478982875164
ENSG00000166823,MESP1,9,0.23530236989778172,0.021330948995616533,9703.86722712266
ENSG00000166558,SLC38A8,9,0.23571296968932298,0.028296271064573268,17442.039810210674
ENSG00000265100,ENSG00000265100,9,0.2425070802143525,0.02991728551997935,17903.392042243642
ENSG00000288911,ENSG00000288911,9,0.22828085025743894,0.015376225661143585,13752.054081412842
ENSG00000188095,MESP2,9,0.2436972931998319,0.03714811209075758,10801.289065035196
ENSG00000289524,ENSG00000289524,9,0.22920864786332465,0.013188083723588592,11315.639804959756
ENSG00000188032,C19orf67,9,0.22344103681714428,0.011186871314421774,8203.862712036516
ENSG00000188000,OR7D2,9,0.2379225756188009,0.023979613191031392,14119.611551749598
ENSG00000269388,ENSG00000269388,9,0.23157143909964614,0.019725524032956653,21365.560319784814
ENSG00000164393,ADGRF2P,9,0.23441800111600142,0.02273218662559332,18871.176821574278
ENSG00000278195,SSTR3,9,0.23692476548435804,0.02418404368299859,13233.434840786009
ENSG00000289492,ENSG00000289492,9,0.22135197877518042,0.008445479324548246,11186.06537347067
ENSG00000164794,KCNV1,9,0.25530384384571997,0.12198761445253134,14430.581585295124
ENSG00000277998,ENSG00000277998,9,0.2316056557489413,0.019189781253781377,13333.839866322609
ENSG00000265554,ENSG00000265554,9,0.22752808397294766,0.019267101841181165,14379.081280675677
ENSG00000269274,ENSG00000269274,9,0.23206731730943,0.022467689262012033,12691.435588982653
ENSG00000265630,ENSG00000265630,9,0.23904435530569043,0.029508130084359416,11756.016481197163
ENSG00000186912,P2RY4,9,0.2370018845477689,0.026305008996171164,22591.808863322854
ENSG00000124203,ZNF831,9,0.2369247654843581,0.031521565479689866,16302.871729422495
ENSG00000178226,PRSS36,9,0.245203878588794,0.06047348375382314,12359.870275511737
ENSG00000259669,ENSG00000259669,9,0.2595651327079315,0.10117780607336843,16369.234918247605
ENSG00000223431,MTND6P21,9,0.23096343556217228,0.013255693825557932,18891.53912428726
ENSG00000225871,ENSG00000225871,9,0.23679869029195522,0.03307852457011452,11248.284393038834
ENSG00000273432,ENSG00000273432,9,0.22566090774141356,0.012776874176430005,9622.098458029657
ENSG00000259648,ENSG00000259648,9,0.26037211922130643,0.11682748410467851,13906.65520069706
ENSG00000224568,LINC01886,9,0.234655675226105,0.02014693577094332,11548.212388574293
ENSG00000274286,ADRA2B,9,0.22485286840806182,0.033919373360523454,11620.489656313799
ENSG00000095627,TDRD1,9,0.24412394849604266,0.07891980865440704,9412.142971501007
ENSG00000260867,ENSG00000260867,9,0.23591537433015294,0.022643301906472273,13727.137731449968
ENSG00000287466,ENSG00000287466,9,0.24059252708379558,0.029849370413451443,11359.287815291667
ENSG00000106631,MYL7,9,0.23922859880189465,0.03499348010547667,10299.913408630835
ENSG00000104140,RHOV,9,0.23554688733774615,0.06918318606850611,13635.618657334604
ENSG00000225756,DBH-AS1,9,0.21964720002530008,0.007324160692173904,14774.820785788002
ENSG00000279771,ENSG00000279771,9,0.24994946464102674,0.06092399170997967,13942.476960587865
ENSG00000223872,ENSG00000223872,9,0.24490224566500784,0.04017583416347724,18386.88731480818
ENSG00000259672,ENSG00000259672,9,0.23772911994778662,0.026131797464762564,12910.725873645893
ENSG00000273044,ENSG00000273044,9,0.24203120558415625,0.034727544572906874,16472.73012724199
ENSG00000111405,ENDOU,9,0.2285330006422442,0.016003371980056632,10709.387204902609
ENSG00000225514,MTND1P34,9,0.2394960150763857,0.02798568806768646,10537.825728398006
ENSG00000291096,ENSG00000291096,9,0.26464104102836317,0.1061612943125566,27887.616463368075
ENSG00000225263,PCDH9-AS3,9,0.23066996199321874,0.01250024945464715,12169.468708593262
ENSG00000272662,TIMMDC1-DT,9,0.24325695124390384,0.043117697484746115,10827.116820946092
ENSG00000049768,FOXP3,9,0.23376288388449804,0.02407357224318238,9222.93408278552
ENSG00000225106,CDH4-AS1,9,0.2370853205310501,0.02324319032958435,16830.63581256981
ENSG00000273106,PPM1B-DT,9,0.2331035553730814,0.02069686533746641,11902.62036876838
ENSG00000272650,ENSG00000272650,9,0.24985286840801674,0.07743348050445072,11499.169021643771
ENSG00000260889,CKBP1,9,0.25138024699155015,0.05370011107162677,15282.599699917177
ENSG00000260640,ENSG00000260640,9,0.22655185664805985,0.014474651567292255,10895.463132781319
ENSG00000224610,ENSG00000224610,9,0.22731962561724203,0.015602043081701107,12304.047576193849
ENSG00000103375,AQP8,9,0.24194724319088584,0.039491441504138115,14788.571822210812
ENSG00000103522,IL21R,9,0.23990687807292121,0.034709774281968406,28851.583702411288
ENSG00000223351,ZNF385D-AS2,9,0.2503174252234464,0.09019381743602532,20604.609906491154
ENSG00000223353,ENSG00000223353,9,0.2538443721507861,0.09115229769110766,12824.257938255663
ENSG00000260018,MBTPS1-DT,9,0.2394375835675896,0.033549543266643916,10019.286046867528
ENSG00000224574,COL18A1-AS2,9,0.25677568617539737,0.0990198851703516,16338.587294078823
ENSG00000080007,DDX43,9,0.23762120590000999,0.023814785100776316,16721.14483031235
ENSG00000225913,ENSG00000225913,9,0.23043965762296317,0.022478633060095204,12651.080606747691
ENSG00000279621,ENSG00000279621,9,0.2253205836834245,0.010431627047889037,11575.540960830438
ENSG00000069812,HES2,9,0.25151027025887196,0.0858534560187402,12145.408324600421
ENSG00000259846,ENSG00000259846,9,0.23433877641263376,0.014865094725995322,15299.129280171004
ENSG00000224312,MCCD1P2,9,0.24922380847097647,0.048488351262640526,16359.891995297241
ENSG00000260389,WBP11P1,9,0.24998104924037579,0.056717838984375844,11871.858647876585
ENSG00000272764,ENSG00000272764,9,0.2301867176231744,0.022909362936134832,18187.814746612632
ENSG00000287478,ENSG00000287478,9,0.24189328616699765,0.03808226952298019,15214.851582577863
ENSG00000272791,ENSG00000272791,9,0.23675578787783907,0.02284493166774582,10849.89591898972
ENSG00000259720,ENSG00000259720,9,0.22562432224716736,0.011674308142179086,15137.198311126622
ENSG00000105369,CD79A,9,0.24538233157511738,0.03891644685418204,12697.878164838277
ENSG00000272808,GCAWKR,9,0.23180358590486355,0.019195801021827483,13683.254030624694
ENSG00000274414,ENSG00000274414,9,0.24731609867027862,0.04550793786034253,16694.79253842383
ENSG00000118137,APOA1,9,0.23379552130382583,0.020798925254136486,16437.578385807545
ENSG00000223800,ENSG00000223800,9,0.24860632955369752,0.057013517201873164,9963.13658891779
ENSG00000223806,LINC00114,9,0.2469362938631031,0.05185132146145427,13987.392643749059
ENSG00000274367,ENSG00000274367,9,0.23516287125065577,0.028212518644773938,13250.429042309277
ENSG00000105672,ETV2,9,0.238316330290689,0.024274549128600945,13286.666000043366
ENSG00000274922,ENSG00000274922,9,0.2416874598612381,0.032329829176118235,10668.79152573663
ENSG00000290794,SULT1C5P,9,0.2337478811998069,0.022400233481219126,10077.06354120004
ENSG00000290914,ENSG00000290914,9,0.23579193118769623,0.023733728106412794,11784.47309074548
ENSG00000225650,EIF2S2P5,9,0.24047750650116526,0.02486733205194751,17764.949949425183
ENSG00000105261,OVOL3,9,0.23909331143468188,0.035127189334912386,11677.924385939237
ENSG00000115665,SLC5A7,9,0.2335757451333541,0.04176031619965296,14855.340994062686
ENSG00000279822,ENSG00000279822,9,0.23691871176948273,0.028458197818530408,15339.976890405063
ENSG00000290929,ENSG00000290929,9,0.24463798785045204,0.05374464565946831,9533.378530485637
ENSG00000223602,ENSG00000223602,9,0.2246604655570234,0.010723484962113795,16165.165952504565
ENSG00000279440,ENSG00000279440,9,0.23141009443797042,0.022705300613458844,9219.22161197443
ENSG00000104499,GML,9,0.23779334196646382,0.025754579136929853,17155.218359758688
ENSG00000223647,LINC01946,9,0.24774301717148337,0.04929661178717761,13727.759437418947
ENSG00000272716,SLC30A6-DT,9,0.22457387111380703,0.012292505073101855,10891.432988303384
ENSG00000106565,TMEM176B,9,0.2636663929334403,0.13866643594662492,19665.18157624992
ENSG00000223863,LINC01805,9,0.212882568459656,0.007431846952687035,8816.404600851009
ENSG00000090382,LYZ,9,0.24125711969510363,0.037810163066562215,13092.67024697323
ENSG00000225559,ENSG00000225559,9,0.23814287819926247,0.02855689656993841,12652.875060632578
ENSG00000116882,HAO2,9,0.24249628880957486,0.052211885989784546,10266.483958182775
ENSG00000260331,ENSG00000260331,9,0.2371058505206269,0.025529746873931315,12072.199288969245
ENSG00000116703,PDC,9,0.24717212553824475,0.04756387178656226,16337.192290584093
ENSG00000104537,ANXA13,9,0.22969215543836305,0.018107353043096398,18799.53388460252
ENSG00000225216,NRP2-AS1,9,0.23785993283009163,0.030561396005371874,14235.772568962439
ENSG00000259631,ENSG00000259631,9,0.23222760915112764,0.017088316775031438,13688.517405192346
ENSG00000225605,ENSG00000225605,9,0.23734589347568225,0.02425317588553654,14462.858496749397
ENSG00000260194,ENSG00000260194,9,0.25697282671633576,0.08954484890451338,12938.966144796756
ENSG00000273199,ENSG00000273199,9,0.22208368866010667,0.009135755136997993,13872.013734287078
ENSG00000121858,TNFSF10,9,0.2541807481338566,0.09185299097064115,23979.03174040344
ENSG00000287816,ENSG00000287816,9,0.24732899571501327,0.1016546929050157,14837.647567513886
ENSG00000260019,LINC01992,9,0.24400340060852577,0.05082675236931461,19146.07757194231
ENSG00000224711,LINC01706,9,0.2546460945642694,0.0742302732087622,11177.484295001768
ENSG00000291119,ENSG00000291119,9,0.22788656917556233,0.012140793588571602,17055.821117536274
ENSG00000272979,ENSG00000272979,9,0.24407788762199123,0.0396102102400284,11668.994586285231
ENSG00000273145,ENSG00000273145,9,0.2295108071970997,0.01496035812358166,9220.598113411153
ENSG00000287828,ENSG00000287828,9,0.2152706273754607,0.004744460135088356,13783.41820656004
ENSG00000291281,COL6A4P1,9,0.23368339597613574,0.023309388224183054,10237.237189922174
ENSG00000275017,ENSG00000275017,9,0.23617936893971408,0.023597233913125286,10218.626754483877
ENSG00000272558,ENSG00000272558,9,0.23798890327743474,0.026559521468940445,13128.152050477234
ENSG00000273998,ENSG00000273998,9,0.25309634355619637,0.0636294106673058,16731.103667007614
ENSG00000007952,NOX1,9,0.22486076455789733,0.01256979286777858,16050.384985178807
ENSG00000274630,ENSG00000274630,9,0.23790151921923475,0.03422430006592051,12071.849430630047
ENSG00000287581,ENSG00000287581,9,0.24353989661307474,0.04190415603655292,19119.205950994503
ENSG00000121743,GJA3,9,0.2388745880841886,0.04000377060232732,16105.380104170543
ENSG00000274841,Metazoa_SRP,9,0.23013486623924265,0.01866317441586035,17162.97561000717
ENSG00000226101,LINC02097,9,0.24334433530210361,0.04805781363889076,13352.192850371071
ENSG00000101162,TUBB1,9,0.24146663087078787,0.05134354722161066,12861.291183849033
ENSG00000259548,ENSG00000259548,9,0.23269953570640517,0.01944793067329516,14594.288313538287
ENSG00000291108,SEPTIN7P11,9,0.23971921291178713,0.03525099811494966,10407.601887273713
ENSG00000287685,ENSG00000287685,9,0.2227272248718493,0.011105330247134457,12997.460854939267
ENSG00000004939,SLC4A1,9,0.25688175778821215,0.0939196111020235,15168.302686112249
ENSG00000260132,UNKL-AS1,9,0.24273633176462925,0.039322628076466595,19807.250302132536
ENSG00000224195,CAMK2G-AS1,9,0.240912584357202,0.02700720651632258,17356.67951605088
ENSG00000287434,ENSG00000287434,9,0.2501471315919546,0.051546338307632826,12962.707094446509
ENSG00000275097,ENSG00000275097,9,0.23474779697420706,0.024236538962770098,14818.752572373496
ENSG00000290601,ENSG00000290601,9,0.250195561310957,0.06063873348936673,13443.449576612487
ENSG00000224177,LINC00570,9,0.23927465967594597,0.03042614506312448,20005.45765775653
ENSG00000260092,ENSG00000260092,9,0.2362775444026913,0.03670268290132025,7874.87357182942
ENSG00000287440,ENSG00000287440,9,0.2341116305023132,0.021187495370311334,10104.492899382323
ENSG00000259920,ENSG00000259920,9,0.2464298874535361,0.04133610223205671,15626.45502873197
ENSG00000287524,ENSG00000287524,9,0.2240403545897982,0.009832575154849778,10861.956094938092
ENSG00000272625,ENSG00000272625,9,0.23434167166757428,0.018337217206217303,27508.320317354108
ENSG00000274272,ENSG00000274272,9,0.2441297390059229,0.04384363812393248,14876.723927403418
ENSG00000273165,ENSG00000273165,9,0.22814529968523165,0.010715372314933351,14809.399534748929
ENSG00000291121,ENSG00000291121,9,0.24814124632827922,0.05384547431825122,12913.498747011392
ENSG00000123610,TNFAIP6,9,0.21433177515980398,0.024750779450114543,11436.837833357285
ENSG00000110852,CLEC2B,9,0.23793915753345976,0.03020845978890402,11677.223360718102
ENSG00000272871,ENSG00000272871,9,0.22568143773099078,0.010720989788477048,12578.918890021952
ENSG00000290523,ENSG00000290523,9,0.25711943189831543,0.07699115204042847,13999.629455694485
ENSG00000290931,ENSG00000290931,9,0.23862006885443138,0.03044053642719659,15047.96454986749
ENSG00000225094,SETP20,9,0.23672104481855624,0.06535211348071378,13932.932731074936
ENSG00000291138,ENSG00000291138,9,0.22767416274494046,0.0449460808061177,8779.38825352313
ENSG00000273723,SUGT1-DT,9,0.22695034900984978,0.014693414017472402,15427.86649263646
ENSG00000222375,RN7SKP127,9,0.24607034943094314,0.0467140609801423,22418.05258680139
ENSG00000291052,ABCC13,9,0.2557936683406282,0.07890294799889173,12355.224389348552
ENSG00000108244,KRT23,9,0.2399605718918145,0.036275946185691334,11129.408519023484
ENSG00000273302,ENSG00000273302,9,0.24025799353568747,0.0300585270535447,15544.58607417321
ENSG00000224958,PGM5-AS1,9,0.22987455649960564,0.019279293292962848,10765.580927089552
ENSG00000100298,APOBEC3H,9,0.2518648073865673,0.05916667564581976,17152.909819790588
ENSG00000121351,IAPP,9,0.24479906930713347,0.04380220415292625,17982.560108292895
ENSG00000274124,ENSG00000274124,9,0.24230256993356572,0.04176675773924733,12607.119655823151
ENSG00000102878,HSF4,9,0.22655501510799453,0.018488211127703536,11900.450508920776
ENSG00000290538,ENSG00000290538,9,0.24428871482264766,0.040150298209508474,13866.930545416555
ENSG00000272911,ENSG00000272911,9,0.2419156585915366,0.033044014713439714,13018.718165760363
ENSG00000273877,ENSG00000273877,9,0.2533390185611971,0.08944925808273953,7582.64763737957
ENSG00000225279,ENSG00000225279,9,0.23804022825137724,0.021593024082211924,16476.406169594637
ENSG00000100276,RASL10A,9,0.23513418190624694,0.022632781957087632,13493.814443955156
ENSG00000224666,ETV7-AS1,9,0.23529947464284212,0.027020726903876566,21360.543076716473
ENSG00000224647,ENSG00000224647,9,0.22828321910239036,0.022005130379040165,17053.999923865656
ENSG00000221962,TMEM14EP,9,0.24623195729761382,0.04144387094625447,19834.73019926489
ENSG00000122862,SRGN,9,0.2471500163187,0.06735327525516273,18023.956111316365
ENSG00000225062,CATIP-AS1,9,0.24719160270784335,0.059942000911849404,8169.805170310458
ENSG00000235829,TBCAP2,8,0.22704931408781112,0.01334207367341107,11800.1260747474
ENSG00000235830,SRGAP3-AS4,8,0.23376446311446517,0.03399764952079908,15920.366207144565
ENSG00000167800,TBX10,8,0.2282032047840386,0.01447426030308177,10819.02790242752
ENSG00000235940,MTND1P21,8,0.2565959171641004,0.07946370537128228,11307.148296249607
ENSG00000273416,ENSG00000273416,8,0.24213859322194398,0.03433223665147463,13454.10954686084
ENSG00000254237,ENSG00000254237,8,0.23465041112621357,0.01751468597049663,12274.066754913283
ENSG00000086159,AQP6,8,0.2354650305844309,0.02939879144624366,13725.275236494757
ENSG00000166796,LDHC,8,0.23739985049957016,0.03010749397796597,6799.897265164445
ENSG00000268996,MAN1B1-DT,8,0.22684506701201906,0.01834556600135258,10123.57889251914
ENSG00000268983,KXD1-AS1,8,0.23910699809440003,0.025970752794068477,13277.83358266383
ENSG00000236013,LINC02941,8,0.22263510312374674,0.012907821454739123,12821.49657923585
ENSG00000249500,LINC01179,8,0.2564693155617089,0.0832451172492941,15549.765472449037
ENSG00000268812,LIF-AS2,8,0.25855284629878594,0.12468995358975994,17054.446716386217
ENSG00000268981,ENSG00000268981,8,0.24405472558246835,0.03661137108248512,12899.879608588712
ENSG00000283956,MIR3610,8,0.22881331396146906,0.016079117951361233,11675.825410932812
ENSG00000268836,ENSG00000268836,8,0.2234631460366893,0.016247615372437907,9926.838859947708
ENSG00000249493,ANKRD20A18P,8,0.2222592463914902,0.007099424518034324,17540.4714621991
ENSG00000167194,C16orf92,8,0.23500178979397457,0.03971476007467028,10448.714921285626
ENSG00000290490,ENSG00000290490,8,0.2329253655917527,0.023829241147619012,6800.575603802598
ENSG00000166670,MMP10,8,0.24051251276544397,0.0424800342016849,10933.59847100386
ENSG00000273265,CNNM3-DT,8,0.24067754229704408,0.04736873023233213,14930.803868794917
ENSG00000236467,KCNMA1-AS1,8,0.2508909489066306,0.08606243819065403,16677.067114220303
ENSG00000289511,ENSG00000289511,8,0.2251118621227242,0.010237984056057728,16059.350139042019
ENSG00000164303,ENPP6,8,0.23986660770875137,0.0657438579402232,12995.012640344701
ENSG00000248262,ENSG00000248262,8,0.2326068875483137,0.015278213672212914,14747.94747848283
ENSG00000099725,PRKY,8,0.22343445669228104,0.026095760059689332,9609.967917179847
ENSG00000286365,ENSG00000286365,8,0.2382368423823266,0.027538448519110068,12185.317069042614
ENSG00000248245,ENSG00000248245,8,0.2649992630259829,0.17720699171102128,12744.053787007355
ENSG00000163794,UCN,8,0.25190613057071637,0.06818912854327945,11184.017053246625
ENSG00000236510,ENSG00000236510,8,0.24128870429445298,0.03575393629979275,11013.739463198848
ENSG00000253983,ENSG00000253983,8,0.22815661749999894,0.03078211252842531,7041.13295460137
ENSG00000253968,ENSG00000253968,8,0.23758725245570916,0.024850847763579445,7713.841410621857
ENSG00000276172,ELMO2P1,8,0.23293852584148125,0.024428788555399577,8344.711154315535
ENSG00000236434,ENSG00000236434,8,0.23831685670067815,0.0334688691247615,10095.150293480783
ENSG00000249725,ENSG00000249725,8,0.23709900719076774,0.030457137066140564,11090.516336061093
ENSG00000163380,LMOD3,8,0.23039175431394998,0.018726666550403136,7943.044365650908
ENSG00000100012,SEC14L3,8,0.23233947127382315,0.017226598550253096,8641.215874942092
ENSG00000253930,TNFRSF10A-AS1,8,0.24409657517660607,0.050346125570637335,6695.458501256964
ENSG00000100033,PRODH,8,0.22063158670502112,0.008191775858546944,10513.230372544567
ENSG00000289535,ENSG00000289535,8,0.224786540749426,0.01516490099894442,6664.829266056767
ENSG00000100156,SLC16A8,8,0.21672062369058975,0.005058887480605717,10452.25239370631
ENSG00000249752,ENSG00000249752,8,0.24403445879788582,0.04571108214780819,10849.637496343026
ENSG00000236654,ENSG00000236654,8,0.248297853300053,0.08910869916914646,8461.99195348172
ENSG00000100170,SLC5A1,8,0.2433867113062304,0.04399374406445674,11438.534992977317
ENSG00000291026,ENSG00000291026,8,0.2509617510501721,0.07713168435222265,9901.523269878957
ENSG00000236444,UBE2L5,8,0.23026173104662875,0.0211343055705793,12079.884299333859
ENSG00000164691,TAGAP,8,0.24894191592178389,0.04463610666753493,11692.426253339294
ENSG00000254231,WWP1-AS1,8,0.23411952665215022,0.02489721535779331,10245.146015520602
ENSG00000165702,GFI1B,8,0.23638361601550603,0.02812199439242094,9473.985403055969
ENSG00000269072,ENSG00000269072,8,0.23467330996074176,0.02203774948184477,11777.299995468082
ENSG00000166148,AVPR1A,8,0.2359795963488302,0.037926423781851314,10578.937326935542
ENSG00000166143,PPP1R14D,8,0.23887379846920423,0.03589176354608888,8654.824178244366
ENSG00000166091,CMTM5,8,0.22990956276388422,0.018211378329635985,6863.142216021808
ENSG00000166049,PASD1,8,0.23731115041639742,0.026397436709509444,13004.07140049272
ENSG00000166035,LIPC,8,0.22785472137121784,0.018837693537656457,6688.648568906656
ENSG00000236253,SLC25A3P1,8,0.23678921491215038,0.022045778937539926,13561.562850127591
ENSG00000276417,ENSG00000276417,8,0.2345843466725744,0.02269468441431281,10815.72194364853
ENSG00000273363,ENSG00000273363,8,0.234070570523159,0.02516250784665257,12184.003065461698
ENSG00000269139,ENSG00000269139,8,0.24311955823673423,0.043412079990822035,9741.516601499716
ENSG00000165805,C12orf50,8,0.23952312519082708,0.03513919625709869,8497.65512179355
ENSG00000273319,ENSG00000273319,8,0.2176286809218829,0.007026393566637481,16718.064557667585
ENSG00000096996,IL12RB1,8,0.23828369287136159,0.02879016256745175,8880.877422664285
ENSG00000284377,ENSG00000284377,8,0.2432164176747388,0.037353310187971306,11104.884951986143
ENSG00000165376,CLDN2,8,0.2463846161944687,0.03657153780708827,13113.92136885325
ENSG00000254338,MAFA-AS1,8,0.24355779455270601,0.03754275117043676,11103.72612504634
ENSG00000248319,LINC02275,8,0.22107903519580324,0.007876851559201894,10622.21310887396
ENSG00000096088,PGC,8,0.24309508017223858,0.04501428959742849,12468.79955593041
ENSG00000236347,ENSG00000236347,8,0.24682811661033197,0.08090231443641877,15407.842033594963
ENSG00000165192,ASB11,8,0.2496520429971541,0.05114052993644636,15468.721989799305
ENSG00000165188,RNF183,8,0.24434583030647092,0.03819763359843862,12146.744285547375
ENSG00000165120,SSMEM1,8,0.23260872998327567,0.022256079342189383,12474.965244280633
ENSG00000164855,TMEM184A,8,0.2081779107840762,0.011259731684077737,7136.274025903308
ENSG00000164825,DEFB1,8,0.237372477180134,0.025122451637270057,8566.96919754784
ENSG00000083622,ENSG00000083622,8,0.22487524083259885,0.009883837723570515,11700.250322265723
ENSG00000235446,LINC02791,8,0.2333351757683095,0.025591785193145988,13089.676366303165
ENSG00000167914,GSDMA,8,0.24451717675794105,0.04022896559588549,17162.64429772022
ENSG00000175749,EIF3KP1,8,0.2218557531348022,0.009972116761809658,11616.756929353121
ENSG00000273796,BNAT1,8,0.24948227577565166,0.06398342640950155,10968.447085963047
ENSG00000285680,ENSG00000285680,8,0.22709405893688903,0.015280894339858016,10996.352515787336
ENSG00000267532,MIR497HG,8,0.23586352294622145,0.02312725616069764,10654.171694920893
ENSG00000267550,PTPRS-AS1,8,0.23737326679511775,0.023934598402694962,13492.523767020912
ENSG00000286585,ENSG00000286585,8,0.2469831443521378,0.051148555093294704,13207.329841919574
ENSG00000289217,ENSG00000289217,8,0.23651916658771388,0.021236278429733337,13838.992095568648
ENSG00000175206,NPPA,8,0.1996765210617063,0.0017862096591827424,9953.937957094493
ENSG00000027644,INSRR,8,0.23526578440353538,0.028306543135831534,8999.642325974666
ENSG00000267551,GNA15-DT,8,0.25045560784559956,0.08945803869634728,9168.473542750107
ENSG00000254756,ENSG00000254756,8,0.2384808334123,0.022997965669160708,8528.85911634054
ENSG00000254748,HNRNPCP8,8,0.24095127549140455,0.032438038357601444,10479.033300820714
ENSG00000049247,UTS2,8,0.2407167598412359,0.03354418161844921,6380.726153672801
ENSG00000267560,ENSG00000267560,8,0.24972047629574462,0.08734858630384562,6371.99936789289
ENSG00000234789,ASB6-AS1,8,0.24098312329574822,0.044234036859446414,8164.4574309501395
ENSG00000174977,PAIP1P2,8,0.24027668109030237,0.04352788832536671,8511.183632852386
ENSG00000234797,RPS3AP6,8,0.23182990640432102,0.019681691544495113,10224.276207493958
ENSG00000291213,DPY19L2P3,8,0.24173194150532162,0.03911737488850357,12346.044052053472
ENSG00000234817,ECI2-DT,8,0.23539817651580797,0.02643303402696363,7161.63442082353
ENSG00000289231,ENSG00000289231,8,0.24309955465714658,0.041488809170270986,10191.793920195376
ENSG00000267629,ENSG00000267629,8,0.235217091479539,0.01995268671895865,12088.849323282684
ENSG00000286572,ENSG00000286572,8,0.23775491403725516,0.027754992880661883,16836.466373361083
ENSG00000174403,CRMA,8,0.22719776170475278,0.021574346055629502,5393.58989241286
ENSG00000234884,GRK3-AS1,8,0.25369724055881715,0.08360336475435787,12178.617698923457
ENSG00000273675,ENSG00000273675,8,0.24229493698872306,0.049854622790286865,8879.997776655173
ENSG00000267638,ENSG00000267638,8,0.22833033279641907,0.020575041999997695,11026.531296971634
ENSG00000174080,CTSF,8,0.23930308581536033,0.029697570711605975,9259.837178924401
ENSG00000254701,ENSG00000254701,8,0.2511841592705905,0.08233998438817412,8764.48262330611
ENSG00000234929,ENSG00000234929,8,0.2633808155143238,0.11922793490086767,15903.322993850084
ENSG00000254688,ENSG00000254688,8,0.24292083846582818,0.04248483961612226,12488.55190965429
ENSG00000175728,LINC02873,8,0.23379209963889583,0.02824478062315004,7858.780034523835
ENSG00000273816,ENSG00000273816,8,0.24264368360653793,0.03611854935749863,9639.913055469558
ENSG00000286555,ENSG00000286555,8,0.22215870208356142,0.010972108629865718,10595.762421570962
ENSG00000283529,ENSG00000283529,8,0.24447480075381386,0.048357091391633064,14220.196052338679
ENSG00000285638,ENSG00000285638,8,0.24362385900634503,0.04191751523458573,19223.06612904886
ENSG00000277301,ENSG00000277301,8,0.22881831485636578,0.02079477774010656,10339.57036848026
ENSG00000283525,ENSG00000283525,8,0.25747660107595743,0.11318042877978994,10158.955488184973
ENSG00000004809,SLC22A16,8,0.23578482465284292,0.0276864849913387,11505.73182205667
ENSG00000178175,ZNF366,8,0.22722039733428667,0.016609747986027244,8086.6474043964545
ENSG00000178055,PRSS42P,8,0.22357079687947112,0.012624369813231364,8731.469879519667
ENSG00000234303,CLYBL-AS1,8,0.22542139119634785,0.012008635813595557,10406.229970315193
ENSG00000177710,SLC35G5,8,0.21959771748631965,0.005823359000486888,13722.296056616568
ENSG00000291342,ENSG00000291342,8,0.2448627649158213,0.0350201562028531,13995.779144788492
ENSG00000177363,LRRN4CL,8,0.22961450996496288,0.016388393830400236,8920.506961501596
ENSG00000274104,ENSG00000274104,8,0.23903619595085843,0.033359469768398355,6770.841114200583
ENSG00000234424,ENSG00000234424,8,0.23179595296002026,0.019496446700330773,11753.778446357772
ENSG00000267404,ENSG00000267404,8,0.2520295737131734,0.06901870678939356,11655.845854431096
ENSG00000234446,ENSG00000234446,8,0.23818946548330264,0.025645719901092913,11210.22141432273
ENSG00000249174,ENSG00000249174,8,0.24323984291925627,0.039638713076984654,11530.380844647083
ENSG00000291313,ENSG00000291313,8,0.2454652411484094,0.043162214476293044,10252.7569921255
ENSG00000267439,ENSG00000267439,8,0.23327595464453,0.025112264268756238,14666.27975337077
ENSG00000289190,ENSG00000289190,8,0.21987118747568582,0.008535025694858206,8881.97071193027
ENSG00000274049,INO80B-WBP1,8,0.2182848509733651,0.008259485757174306,12533.392592144102
ENSG00000286623,ENSG00000286623,8,0.2553793836791628,0.10201373723714827,19878.580134866697
ENSG00000234509,SOD1-DT,8,0.2453820683701227,0.055752457402652535,17543.355538332627
ENSG00000274227,ENSG00000274227,8,0.24362201657138272,0.040038094740778074,15655.518969465094
ENSG00000267475,NUDT19-DT,8,0.2360503984923709,0.031633496390382605,10890.63122869325
ENSG00000176125,UFSP1,8,0.24652937894148655,0.07012452504553325,15505.787817606877
ENSG00000234542,ENSG00000234542,8,0.22404324984473883,0.009715903388854835,10883.192913622652
ENSG00000234592,TJAP1P1,8,0.23975974648095272,0.05266624907582479,12121.37147311302
ENSG00000274248,ENSG00000274248,8,0.24988497941735507,0.06406944911045363,12155.079514059817
ENSG00000234597,ENSG00000234597,8,0.221596759420138,0.008796046445344515,13314.413456258355
ENSG00000176046,NUPR1,8,0.25472031837274073,0.09046323618107012,12445.617458765846
ENSG00000057593,F7,8,0.22025757240772612,0.006618128411300303,12451.068509085833
ENSG00000254672,WEE2P1,8,0.25202957371317347,0.06484014961456404,11376.669363462799
ENSG00000268764,ENSG00000268764,8,0.24017113588747668,0.029057309873596754,10201.703094604907
ENSG00000273455,ENSG00000273455,8,0.23783098028068808,0.031449308319433836,6259.915902799907
ENSG00000235387,SPAAR,8,0.22518003221632008,0.010983674253080418,13958.711461988936
ENSG00000273447,ENSG00000273447,8,0.23631570912690505,0.03138630134637369,10256.87979300739
ENSG00000273437,ENSG00000273437,8,0.22675899897879176,0.014054890373443565,11137.02106060945
ENSG00000268230,ENSG00000268230,8,0.24085573207837305,0.04001813092377918,8693.99558176859
ENSG00000249419,ENSG00000249419,8,0.2543892064895623,0.0923051702786192,10183.77140567802
ENSG00000286487,ENSG00000286487,8,0.24392970321004395,0.05057560511511255,10816.453750006038
ENSG00000247699,FABP6-AS1,8,0.2519953570638779,0.0708926420464294,11097.988619052028
ENSG00000170074,FAM153A,8,0.2531545118599982,0.08555751566633861,17578.870966474038
ENSG00000268461,ENSG00000268461,8,0.22024099049306745,0.011582057234035622,12585.549410853442
ENSG00000248516,ENSG00000248516,8,0.22638603750147543,0.012180016714042558,10045.233623754233
ENSG00000254458,ENSG00000254458,8,0.23878825684596636,0.03135999383045024,10183.536039202112
ENSG00000235512,TAB3-AS2,8,0.24182590568838577,0.04329575585599065,24054.68313945853
ENSG00000286472,ENSG00000286472,8,0.2404140740974719,0.03249893470327519,11443.600081996503
ENSG00000169435,RASSF6,8,0.21125661960565284,0.012174166357318557,9049.272452973977
ENSG00000289406,ENSG00000289406,8,0.24034485118389803,0.027076970109071206,13474.368218678512
ENSG00000254441,EIF2S2P6,8,0.23069838813263252,0.029063676454552535,8585.10173474444
ENSG00000285602,ENSG00000285602,8,0.21813561374143967,0.007291779945938233,7323.674106748357
ENSG00000254431,ENSG00000254431,8,0.24655648905592784,0.07199639950374306,9053.605275802709
ENSG00000273419,ENSG00000273419,8,0.23150800669595312,0.015108448286969457,9344.182819440797
ENSG00000235618,FAM21EP,8,0.2623074655464355,0.1183185010596672,12899.498580089896
ENSG00000268658,LINC00664,8,0.24198672394007267,0.03979527642200201,19331.596383316755
ENSG00000248464,FGF10-AS1,8,0.23956418516998076,0.03827419524753392,7659.166649106232
ENSG00000289434,ENSG00000289434,8,0.24857579777432667,0.0679530194528065,12517.19175445242
ENSG00000254380,ENSG00000254380,8,0.2276302075108435,0.01152679930582042,10433.646099931813
ENSG00000268678,ENSG00000268678,8,0.24352515713337863,0.03838354568411346,10161.8080967124
ENSG00000289444,ENSG00000289444,8,0.2406277965530689,0.036058806944123035,11504.34568846986
ENSG00000235736,ENSG00000235736,8,0.2292439173325976,0.017686709732384592,17176.953578616703
ENSG00000268751,SCGB1B2P,8,0.2319517703168105,0.02552169886470777,8085.8243454257745
ENSG00000082074,FYB1,8,0.2295250202668067,0.015721796451452615,11221.57654363215
ENSG00000276698,ENSG00000276698,8,0.24409236389669278,0.042858932688518245,13711.294205545248
ENSG00000248588,ENSG00000248588,8,0.23795284419317742,0.03620124481027551,14957.90607300687
ENSG00000173825,TIGD3,8,0.2258775254519509,0.012678144037459852,10577.055483383976
ENSG00000268170,ENSG00000268170,8,0.23768779676363788,0.035835912204943816,10399.952274455774
ENSG00000273618,ENSG00000273618,8,0.24937041365295612,0.06530180959001484,11275.756577478736
ENSG00000235023,ENSG00000235023,8,0.22389848709772045,0.01053494682203084,13367.296683979002
ENSG00000066336,SPI1,8,0.23921412252719296,0.029595653783501458,10988.889145154988
ENSG00000069764,PLA2G10,8,0.22654396049822237,0.011879656039023067,15669.23690782121
ENSG00000267743,ENSG00000267743,8,0.2352384110840996,0.024964359258283268,10450.290656286623
ENSG00000289257,ENSG00000289257,8,0.24182722171335858,0.034168860309857996,13491.39336661799
ENSG00000249332,LINC02149,8,0.24575081856752606,0.06498138211608781,9307.717686646789
ENSG00000267772,LINC01999,8,0.22947895939275517,0.017040971579965248,8825.392240771225
ENSG00000172974,VDAC2P5,8,0.24089416000758165,0.04829741866286937,6811.970943722309
ENSG00000267838,ENSG00000267838,8,0.23889538127875945,0.02566157090310777,14106.24691030019
ENSG00000286523,ENSG00000286523,8,0.22831006601183712,0.01395251372979487,11033.825852416265
ENSG00000172752,COL6A5,8,0.22563011275704759,0.02137522107283465,8107.310381996075
ENSG00000289303,ENSG00000289303,8,0.24940515671224028,0.05248669249680055,11601.249102153432
ENSG00000276952,ENSG00000276952,8,0.23407267616311567,0.019685715642423496,10348.372570997108
ENSG00000273523,ENSG00000273523,8,0.2356798058600061,0.028021482877693925,13093.963353695812
ENSG00000249346,LINC01016,8,0.23117215712287265,0.017827981001608574,10246.360277667909
ENSG00000286508,ENSG00000286508,8,0.22617836876075342,0.011452330707984761,10424.80998343963
ENSG00000070985,TRPM5,8,0.24687575671435055,0.06448421371645092,21165.062114675206
ENSG00000073067,CYP2W1,8,0.24355674173272787,0.040156644934020665,13909.648615316071
ENSG00000254559,ENSG00000254559,8,0.22105982123119897,0.0090462813993145,10969.105341599008
ENSG00000171954,CYP4F22,8,0.21274214859504978,0.011833336260628127,10800.597147870609
ENSG00000268001,CARD8-AS1,8,0.2249620984808096,0.010011098181681164,13622.728471837085
ENSG00000235271,ENSG00000235271,8,0.21989092785027892,0.007669871883954362,7915.470881931327
ENSG00000235303,ENSG00000235303,8,0.22667108851060314,0.017671990341326268,10194.242333578397
ENSG00000073754,CD5L,8,0.24134397734331456,0.036524188064571285,12360.850436640223
ENSG00000249379,GCLC-AS1,8,0.2497812766494918,0.06977693697489426,13767.81768218865
ENSG00000171459,OR1L6,8,0.24608245686069355,0.05965908388018945,7630.757947719856
ENSG00000276702,ENSG00000276702,8,0.23806365349589448,0.038076845421984064,10166.721315701168
ENSG00000235370,DNM1P51,8,0.2346054030721406,0.025146867828124565,13367.978333116349
ENSG00000249839,PPIP5K1P1,8,0.22572328732512845,0.011122519918679291,10634.103472430237
ENSG00000253678,ENSG00000253678,8,0.24812045313370756,0.04865888503974644,19013.35485936156
ENSG00000285564,ENSG00000285564,8,0.25452607308674247,0.08552293800166881,11649.461792112834
ENSG00000272669,ENSG00000272669,8,0.2457763494519998,0.045685586014310456,15223.01823031201
ENSG00000240280,TCAM1P,8,0.24072518240106236,0.040189347030521405,12091.036578644
ENSG00000243504,RPS23P1,8,0.2511878441405139,0.06531693480424237,16592.387454948203
ENSG00000272699,ENSG00000272699,8,0.2347499026141638,0.022953215384487916,10036.018452888684
ENSG00000118231,CRYGD,8,0.2219333986082024,0.009425240050226298,15133.581957178914
ENSG00000134470,IL15RA,8,0.22826295231780794,0.01885849634189276,9969.184534462422
ENSG00000272696,ENSG00000272696,8,0.25276575808300705,0.06764503612063207,7280.069907010126
ENSG00000251393,ENSG00000251393,8,0.22900519040251605,0.020654828208446257,8902.11732873067
ENSG00000272672,ENSG00000272672,8,0.22461098301804225,0.01677120606956242,11253.793633753132
ENSG00000285945,ENSG00000285945,8,0.24495199140898283,0.043421445392356664,10487.963511240665
ENSG00000250659,ENSG00000250659,8,0.23192544981735314,0.019994844537542043,8400.266394976605
ENSG00000134460,IL2RA,8,0.24183090658328266,0.03291405278472351,10305.16921821336
ENSG00000275489,SPMAP1,8,0.23746380931325253,0.025030399903236772,14232.474236389491
ENSG00000240423,LINC00636,8,0.2382036785530101,0.027635213678109193,13792.564239269084
ENSG00000240489,SETP14,8,0.24757851404987322,0.1002944765042515,16727.911036649173
ENSG00000240521,ENSG00000240521,8,0.23238842740281446,0.020718355637523247,8731.228711919466
ENSG00000269720,CCDC194,8,0.24337249823652352,0.040270273658272675,13678.242027982218
ENSG00000272668,ENSG00000272668,8,0.2221144836444724,0.010123516394552843,12660.15943189989
ENSG00000243224,TWF2-DT,8,0.23875719865660633,0.025667185838655012,12696.577671098303
ENSG00000286116,ENSG00000286116,8,0.23215864944254844,0.01586279219662396,12569.263120026324
ENSG00000250673,REELD1,8,0.23877325416127573,0.024441778556000864,10874.051166281228
ENSG00000240622,RPL7P15,8,0.23269427160651357,0.027203731102210776,6449.835427153088
ENSG00000132972,RNF17,8,0.23381973616332674,0.022196771721395857,11343.912935607012
ENSG00000285954,ENSG00000285954,8,0.22938815366962628,0.01887615802845187,7629.384797647413
ENSG00000240687,ENSG00000240687,8,0.22654422370321678,0.012593312664749645,12363.214702938356
ENSG00000240708,LINC02030,8,0.23960103386922205,0.029798041370959566,15858.579192806345
ENSG00000240747,KRBOX1,8,0.24378573007801,0.0437711650341593,13278.447604490644
ENSG00000250714,ENSG00000250714,8,0.2343974711264244,0.025141251003001963,9321.144128543892
ENSG00000285957,ENSG00000285957,8,0.23740458818947238,0.03064341811003407,12875.509257026994
ENSG00000272654,JTB-DT,8,0.23286535485298893,0.028457705577331963,10469.8937046516
ENSG00000290113,ENSG00000290113,8,0.2406491161576297,0.03319750457182633,13042.331286108682
ENSG00000290069,ENSG00000290069,8,0.2414092521819694,0.047435311451937065,14434.500146350421
ENSG00000117594,HSD11B1,8,0.25330111704197805,0.09691487381658201,10553.342371877286
ENSG00000290047,ENSG00000290047,8,0.21835565311690686,0.008469260790491628,14822.296538107514
ENSG00000135722,FBXL8,8,0.24821336449679346,0.0641816851805696,8936.073485089182
ENSG00000239254,MSL3P2,8,0.24131502479391095,0.03790681861006714,11578.407056503267
ENSG00000112706,IMPG1,8,0.24013139193329563,0.02173077020454537,15519.788379990892
ENSG00000239317,RPL35AP17,8,0.23917516818799545,0.030564852066079087,11733.929077453884
ENSG00000275638,ENSG00000275638,8,0.25519856184788786,0.06103030540776385,14015.840019392344
ENSG00000254873,ENSG00000254873,8,0.22939131212956082,0.016074966119307425,10817.37978677824
ENSG00000112761,CCN6,8,0.24688023119925814,0.04606673065860369,12926.944542882326
ENSG00000139874,SSTR1,8,0.23126164682102845,0.021512220621670512,7032.794129954012
ENSG00000139540,SLC39A5,8,0.22767890043484032,0.013180243558791709,11484.020635861627
ENSG00000272817,ENSG00000272817,8,0.20771874967103526,0.003026954574410682,11304.314727416724
ENSG00000286186,ENSG00000286186,8,0.22196919448746538,0.007403274878123806,10693.058061877655
ENSG00000271503,CCL5,8,0.2466562437488725,0.04590741730198955,7704.740397049683
ENSG00000284842,FAM91A2P,8,0.25997994377938616,0.11840118490815536,18700.668565038395
ENSG00000271607,RBISP4,8,0.2387393007169749,0.033254167319139785,8172.149916835841
ENSG00000239579,RN7SL325P,8,0.24841234747269392,0.07093425268204687,13168.692108140829
ENSG00000115085,ZAP70,8,0.23000142130699175,0.017336051043917167,12862.486052878568
ENSG00000289992,ENSG00000289992,8,0.23554794015772276,0.021806097414488818,9721.59457445831
ENSG00000137747,TMPRSS13,8,0.2570225724603116,0.1008032035421459,9500.423085855307
ENSG00000275557,ENSG00000275557,8,0.23612435909584759,0.023554336515049606,11848.48171151797
ENSG00000290015,ENSG00000290015,8,0.23970394702210168,0.033314742178610066,8109.201861679626
ENSG00000274944,ENSG00000274944,8,0.23349678363498017,0.024593623715172507,11489.731545055767
ENSG00000137204,SLC22A7,8,0.23736694987524823,0.03782175005718463,7962.075352244558
ENSG00000271737,ENSG00000271737,8,0.2232115220618727,0.00933092297815529,14752.078370867102
ENSG00000275494,ENSG00000275494,8,0.22565669646150013,0.014403506592188604,7997.106979068621
ENSG00000272733,ENSG00000272733,8,0.22947948580274477,0.01899416931453434,10701.75329947845
ENSG00000271763,ENSG00000271763,8,0.22976480001686717,0.0303577197602388,12340.842637458636
ENSG00000136869,TLR4,8,0.21959666466634115,0.007535282713521407,10025.937888358632
ENSG00000251520,ENSG00000251520,8,0.2358972131855271,0.02648628553092267,10751.23995890484
ENSG00000116981,NT5C1A,8,0.22026783740251457,0.006832206987020439,10533.501678621276
ENSG00000136286,MYO1G,8,0.24180906056873286,0.04603319201562418,8985.107889097862
ENSG00000131686,CA6,8,0.2438854847709549,0.04667261893003514,6935.505452116009
ENSG00000275410,HNF1B,8,0.23696872071845212,0.027769223290242034,10657.174287369244
ENSG00000250734,ENSG00000250734,8,0.2381139256498588,0.031426521625319614,7262.747139655078
ENSG00000242602,RPL35AP13,8,0.23027225924641187,0.015724831438345514,10302.021184565741
ENSG00000272256,ENSG00000272256,8,0.2256343240369612,0.012510178450954234,9172.397999786566
ENSG00000241597,ENSG00000241597,8,0.22931287704117728,0.011986343475277274,10867.405620420735
ENSG00000272324,DAP-DT,8,0.22250139498650165,0.007751493725710897,12262.527436380724
ENSG00000251075,HTT-AS,8,0.2387277196972136,0.028723267837326965,9934.971210576987
ENSG00000251059,PRKG2-AS1,8,0.22712090584633585,0.018649274266620268,8783.36372569185
ENSG00000242536,ENSG00000242536,8,0.23477438067865916,0.02039762516457084,11094.629639572546
ENSG00000272345,ENSG00000272345,8,0.22727488076816368,0.01666399026392324,11841.950848206978
ENSG00000242445,RPL7AP11,8,0.23614778434036485,0.024100619144621426,11710.57159262871
ENSG00000241765,RPS26P45,8,0.2357748228630484,0.03186990021715464,6782.151774737804
ENSG00000241767,LINC01324,8,0.2370718970763264,0.030296560315854943,10244.959616732136
ENSG00000125631,HTR5BP,8,0.2288329227335648,0.022249844575090046,9378.110114247964
ENSG00000242440,LINC02046,8,0.23829553709611742,0.024600296616753094,15207.69142787527
ENSG00000285212,ENSG00000285212,8,0.23662260615058248,0.029614311476217885,13010.720968887646
ENSG00000241787,MTND4P16,8,0.23995609740690704,0.036481407340876314,9674.32180834861
ENSG00000290441,ENSG00000290441,8,0.22937157175496778,0.01964220452810818,8193.468808772828
ENSG00000242375,ENSG00000242375,8,0.22294331617239924,0.02268152746750074,8196.354985790827
ENSG00000250882,ENSG00000250882,8,0.23566927766022316,0.02624966140439391,8518.23268890454
ENSG00000290585,ENSG00000290585,8,0.2370182032574327,0.026170860508473323,8146.188031765811
ENSG00000241884,ENSG00000241884,8,0.24522046050345236,0.043322868010099644,13464.41709871613
ENSG00000250969,ENSG00000250969,8,0.24769721950242657,0.05658070736399468,10099.114917373181
ENSG00000241923,RPL14P3,8,0.2390243517261026,0.030015316912090858,10314.58207971066
ENSG00000241933,DENND6A-DT,8,0.2365362749123612,0.021142716616507067,10390.014247768457
ENSG00000124557,BTN1A1,8,0.24661281492476705,0.04520803868678033,8939.901711435785
ENSG00000124479,NDP,8,0.2317930577050803,0.025857590243936603,10369.290885878436
ENSG00000286016,ENSG00000286016,8,0.23693029278924355,0.034884145470210834,5612.889051596313
ENSG00000241981,RPL21P49,8,0.24265552783129402,0.04286191553299003,6813.351183140005
ENSG00000272479,ENSG00000272479,8,0.2429900613794023,0.0330481327887716,22199.745279567287
ENSG00000242087,RPL36AP41,8,0.233754198119677,0.019264775415062312,9597.216241678927
ENSG00000272519,ENSG00000272519,8,0.24951859806490334,0.05723758324837917,9215.757426426337
ENSG00000241570,PAQR9-AS1,8,0.22675663013384098,0.01302774904630754,11755.82760950056
ENSG00000290397,ENSG00000290397,8,0.2310710864049544,0.01731913422322591,6263.027054150305
ENSG00000240898,RPL21P125,8,0.2278913068654644,0.020357692314294445,8133.906406604145
ENSG00000272249,ENSG00000272249,8,0.2207379215228303,0.009941320294867833,6699.407813299919
ENSG00000131233,GJA9,8,0.20884263499788178,0.003468719614377238,11945.842773388571
ENSG00000120440,TTLL2,8,0.26116699830493084,0.11820514784896737,17958.12703780441
ENSG00000272638,ENSG00000272638,8,0.23189044355307434,0.019111861919968214,8722.806708646065
ENSG00000251309,ENSG00000251309,8,0.23466014971101262,0.024225604749437423,8260.504815334241
ENSG00000131142,CCL25,8,0.23931335081014893,0.030821021985113554,13355.014865833164
ENSG00000131126,TEX101,8,0.2587857827189872,0.11466558298119284,8564.550088826501
ENSG00000272037,ENSG00000272037,8,0.22336786582865165,0.01017997925030161,8769.566182926274
ENSG00000272076,ENSG00000272076,8,0.23075997810136364,0.014980534445756769,11780.12007345771
ENSG00000130812,ANGPTL6,8,0.2183182780076765,0.008408809714813337,10343.382079015359
ENSG00000130755,GMFG,8,0.22087031363510284,0.010570991107714114,9948.808028754374
ENSG00000121314,TAS2R8,8,0.2465004263920827,0.049131841003468825,14282.263526559556
ENSG00000130561,SAG,8,0.2305096701515206,0.022095733857608095,4994.755742386661
ENSG00000251234,PSMA2P2,8,0.2318607013886864,0.019285201827137388,8198.9462894319
ENSG00000272097,TMEM14B-DT,8,0.2346654138109048,0.01673962705370556,22186.843620977623
ENSG00000286082,ENSG00000286082,8,0.24284108735247192,0.056931004250294806,19376.06418023259
ENSG00000241357,ENSG00000241357,8,0.22639946095619884,0.014791223847924173,11558.775627753392
ENSG00000290203,SPESP1-NOX5,8,0.21546197740651868,0.0055164349449486555,11038.957428201331
ENSG00000250790,ENSG00000250790,8,0.21968246949457326,0.006870942588965372,8926.954000198373
ENSG00000121446,RGSL1,8,0.2384274027984008,0.027695139450740956,7660.137769965913
ENSG00000242767,ZBTB20-AS4,8,0.22378741459000875,0.008743512167722754,13477.842648042817
ENSG00000241397,LINC00903,8,0.23702846825222146,0.03640165696622046,8187.516051957365
ENSG00000286076,ENSG00000286076,8,0.24187459861238278,0.038704064158390526,12409.855775333921
ENSG00000290318,ENSG00000290318,8,0.22964556815432266,0.016822900807889847,11029.018550350764
ENSG00000272170,KLC4-AS1,8,0.24056436414937554,0.037440606254974744,11449.6423071159
ENSG00000242741,LINC02005,8,0.24159139003821692,0.04891811770588825,10585.383942972805
ENSG00000128510,CPA4,8,0.23085999599930332,0.021354493353998825,21833.91768161916
ENSG00000272202,ENSG00000272202,8,0.2578211364138595,0.11573201832513426,9721.90384668457
ENSG00000290395,ENSG00000290395,8,0.25205484139265255,0.060537316413274894,9306.80029437329
ENSG00000241506,PSMC1P1,8,0.26204215491190175,0.11708812059835708,12426.521448547452
ENSG00000290805,ENSG00000290805,8,0.2521161681563891,0.05858828842770764,17904.220440227207
ENSG00000289950,ENSG00000289950,8,0.23580561784741388,0.03181246471105597,13679.684519372067
ENSG00000239212,RPL6P7,8,0.23003458513630853,0.016349962706899757,9386.280464106552
ENSG00000160471,COX6B2,8,0.22667345735555455,0.011310134367894069,9229.508649676192
ENSG00000253652,ENSG00000253652,8,0.2442205447290521,0.03568633351914524,12368.831761374771
ENSG00000286305,ENSG00000286305,8,0.21837697272146758,0.007200513340482423,11507.926822379852
ENSG00000237139,RPS26P41,8,0.25547992798709207,0.1203047534600569,8568.153557154494
ENSG00000285822,ENSG00000285822,8,0.2481965193771403,0.049967890809557144,15024.61719531434
ENSG00000237153,ENSG00000237153,8,0.2436672878304501,0.0480097584833893,12727.988947648457
ENSG00000237158,ENSG00000237158,8,0.21930819199228369,0.009525205309394802,9166.823280369297
ENSG00000159648,SPMIP8,8,0.23828185043639907,0.033306591952680056,10128.161925512133
ENSG00000253645,ENSG00000253645,8,0.23937915205879287,0.03163352407921701,9111.925504792229
ENSG00000237179,LINC01797,8,0.24645989282291772,0.05894480864018332,9986.853500733216
ENSG00000159337,PLA2G4D,8,0.24713053914910108,0.0493287089930713,13863.69574246255
ENSG00000289569,ENSG00000289569,8,0.23467436278072018,0.031554339136992994,9267.732560928283
ENSG00000253633,LINC03047,8,0.2195413916174806,0.014785875692764752,15604.876946887402
ENSG00000246022,ALDH1L1-AS2,8,0.24139082783234891,0.03610222299347324,8163.615877777569
ENSG00000158578,ALAS2,8,0.2440978912015791,0.03953856881542034,10041.367153433219
ENSG00000158525,CPA5,8,0.22807528715667397,0.017331917051369033,10660.316701154481
ENSG00000237251,ENSG00000237251,8,0.22059631723574724,0.009535845420926718,9277.07029004923
ENSG00000289599,ENSG00000289599,8,0.23936730783403712,0.0380049013429062,9140.175786974316
ENSG00000157873,TNFRSF14,8,0.23424218017962373,0.02314583892863791,9926.696645838128
ENSG00000273142,LINC02604,8,0.23464014613142473,0.02671589273996893,11016.817591573059
ENSG00000270111,CELF2-DT,8,0.24728398766094006,0.06416601689368148,6215.727116577177
ENSG00000253557,ENSG00000253557,8,0.2184817283093094,0.0075618514627301585,10508.03551408185
ENSG00000270124,GSE1-AS1,8,0.23974842866618562,0.05701074965060751,10937.8770145667
ENSG00000270139,ENSG00000270139,8,0.23215443816263537,0.01746508966777565,10484.76929501755
ENSG00000156194,PPEF2,8,0.2374145899792666,0.03190861130507816,9135.653888938694
ENSG00000285846,ENSG00000285846,8,0.2426113093922049,0.05050618508945425,11180.802724657447
ENSG00000250073,ESAM-AS1,8,0.2302317256772467,0.015978832257347426,8442.568367302614
ENSG00000105122,RASAL3,8,0.23138087868357385,0.051496594712712965,9160.725681524998
ENSG00000270184,ENSG00000270184,8,0.24299637829927176,0.03566751378886861,15762.346339372654
ENSG00000154133,ROBO4,8,0.22731462472234512,0.014162675327232735,8611.94586382842
ENSG00000270020,ENSG00000270020,8,0.24326721623869232,0.04246486671731304,10832.317819910644
ENSG00000253671,ENSG00000253671,8,0.22314808965817923,0.01057556334861984,7829.213962739676
ENSG00000275993,ENSG00000275993,8,0.24100812777023348,0.031228174473194197,9723.775286553337
ENSG00000250015,ENSG00000250015,8,0.2193316172368012,0.007078182712071831,8534.442649988248
ENSG00000269813,ENSG00000269813,8,0.23326963772465964,0.022486770548754847,8783.7759994406
ENSG00000236724,ENSG00000236724,8,0.2248970868471489,0.012701631055920204,8949.454985751747
ENSG00000274551,ENSG00000274551,8,0.23795679226809624,0.025515591817322783,11277.941343343311
ENSG00000247473,CARS1-AS1,8,0.22232425802515088,0.010831848265942415,17240.26905247438
ENSG00000100373,UPK3A,8,0.23721244854343104,0.027545105868432933,14204.372151943277
ENSG00000249906,NGFR-AS1,8,0.2250742238084994,0.012016643724696227,12330.227327367886
ENSG00000273226,ENSG00000273226,8,0.23791836433888786,0.024784168290139328,9546.247142658922
ENSG00000100565,LRRC74A,8,0.2624072202393809,0.11275503310553052,14879.762373016238
ENSG00000269845,CCNYL6,8,0.23392370213618474,0.0254618266694906,9194.490525579138
ENSG00000247049,ENSG00000247049,8,0.21131544592194043,0.0037933798705000257,14774.88581279492
ENSG00000291011,ENSG00000291011,8,0.2373164145162893,0.03884403308116623,10419.291522654627
ENSG00000162383,SLC1A7,8,0.2526054662413089,0.07063102139385653,9590.022934700786
ENSG00000100867,DHRS2,8,0.2459469062884862,0.03690146649134302,14503.07682775103
ENSG00000249936,RAC1P2,8,0.23634676731626542,0.026529328224805377,8576.180005282567
ENSG00000290958,ENSG00000290958,8,0.2367850036322369,0.021331171335895353,11007.06186175816
ENSG00000246640,PICART1,8,0.2575247675899654,0.11618905970775997,11185.695054666
ENSG00000284543,LINC01226,8,0.22369318720194997,0.008206602682384252,11203.5750668047
ENSG00000102802,MEDAG,8,0.23338255266733315,0.02547926976376107,9386.358814185154
ENSG00000269886,ENSG00000269886,8,0.2332859564343238,0.02141777364509038,15736.973724501811
ENSG00000161798,AQP5,8,0.2376391038396412,0.03460898392733951,10758.344031699402
ENSG00000284610,ENSG00000284610,8,0.2526662665950563,0.05837529712266371,13685.61625352548
ENSG00000236928,ENSG00000236928,8,0.24004848236000362,0.02988973505217235,8073.227044815459
ENSG00000289559,ENSG00000289559,8,0.23883379131002835,0.03402065844803897,7387.1554084074205
ENSG00000246526,LINC02481,8,0.24165034795700233,0.03220665263285089,11034.214404180308
ENSG00000253708,ENSG00000253708,8,0.2330551256540791,0.022161020578685815,9360.18087831193
ENSG00000286315,ENSG00000286315,8,0.23205205141974455,0.019391162915648352,11528.768233861314
ENSG00000237013,LINC01812,8,0.24407920364696403,0.04528084838988509,11344.888339905132
ENSG00000270000,ENSG00000270000,8,0.22435567417330235,0.011310377807760104,8402.647527312914
ENSG00000237027,ENSG00000237027,8,0.23026778476150395,0.01988328382368479,23639.468612431763
ENSG00000285848,ENSG00000285848,8,0.24637329837970165,0.0465278252494166,14346.51258804819
ENSG00000153165,RGPD3,8,0.22299990524623184,0.009381115725622207,10089.60489491565
ENSG00000271216,LINC01050,8,0.21474684943625205,0.015577270987580003,9858.135807478147
ENSG00000289853,ENSG00000289853,8,0.2514113051809102,0.07127082962847706,14296.015590198991
ENSG00000108825,PTGES3L-AARSD1,8,0.2381415621742895,0.03072670645880371,10570.156224654194
ENSG00000237840,FAM21FP,8,0.24791646926290983,0.054592850979871675,10632.197336940753
ENSG00000109511,ANXA10,8,0.23642204394471453,0.029498650944418982,7017.67318223678
ENSG00000143921,ABCG8,8,0.2385853257951475,0.03371010978524647,8498.496535544864
ENSG00000289879,ENSG00000289879,8,0.2660899845235155,0.14383228365058806,15943.57163115028
ENSG00000237950,LINC02918,8,0.23900882263142412,0.07954428104078366,14159.349199372757
ENSG00000253235,ENSG00000253235,8,0.25499615720705837,0.0892950377677151,14996.41072060628
ENSG00000286205,ENSG00000286205,8,0.25633271216952286,0.08500947585588296,15758.16901311023
ENSG00000272892,ENSG00000272892,8,0.23319251866124863,0.02848986601795745,12359.532740419712
ENSG00000272887,CSPG4P5,8,0.23468620700547546,0.02247876352292874,9058.15858348898
ENSG00000142677,IL22RA1,8,0.2306189002242715,0.04430627941123304,13833.216914469765
ENSG00000289904,ENSG00000289904,8,0.24579766905656045,0.041762427990382815,12675.879022621355
ENSG00000272864,ENSG00000272864,8,0.2400553256898628,0.03207876355619787,9956.247814611645
ENSG00000238120,LINC01589,8,0.24019166587705376,0.0343421357605237,8136.266282900051
ENSG00000272858,ENSG00000272858,8,0.2143649389891185,0.004010071902196408,11903.123461628491
ENSG00000238121,LINC00426,8,0.23788125243465238,0.040343427762289726,9796.775645105863
ENSG00000238137,ARPC3P2,8,0.23058731562492124,0.017374070775273403,13253.540158518581
ENSG00000111291,GPRC5D,8,0.23479622669320951,0.0219016141864182,10896.68746411453
ENSG00000142319,SLC6A3,8,0.23152485181560722,0.04636275866874515,7320.244087478397
ENSG00000142224,IL19,8,0.23604881926240365,0.028787827666311744,8320.348156230682
ENSG00000274895,ENSG00000274895,8,0.23330701283388952,0.019093341085265093,6910.944352834241
ENSG00000253147,LINC03023,8,0.23572639314404614,0.03132651397878473,8057.040147295854
ENSG00000238228,OR7E7P,8,0.2581003969131068,0.11589104989241403,19469.977315247866
ENSG00000275763,ZNF516-DT,8,0.2249552551509507,0.010062556075905555,12436.788878444751
ENSG00000250432,FAM242C,8,0.23598617647369435,0.02185907676439278,11666.218959982509
ENSG00000275709,ENSG00000275709,8,0.23943547792763253,0.04170003683120884,14706.249434539148
ENSG00000271199,ENSG00000271199,8,0.22934498805051542,0.01595246540666094,9868.404579111842
ENSG00000140522,RLBP1,8,0.2363846688354849,0.024246910825124313,12282.838515122352
ENSG00000239005,ENSG00000239005,8,0.23274454376047785,0.029256736585903793,13884.183881432518
ENSG00000285880,ENSG00000285880,8,0.24313903540633316,0.02526022632053856,11571.752014375497
ENSG00000286226,ENSG00000286226,8,0.2310942484444773,0.016995166262871,13170.9091290338
ENSG00000105675,ATP4A,8,0.2377820241516967,0.031893043212305655,10530.549075867302
ENSG00000108798,ABI3,8,0.2282139961888162,0.01223674536505015,16132.53119615148
ENSG00000275963,ENSG00000275963,8,0.22428171356982596,0.010384273611329398,17086.41899467303
ENSG00000253469,ENSG00000253469,8,0.247801185475285,0.06991479079305976,8230.269988031681
ENSG00000286248,ENSG00000286248,8,0.24822047103164666,0.0576781120521277,12060.810399355125
ENSG00000285869,LINC02858,8,0.23467989008560608,0.021683980035700396,10162.003163481773
ENSG00000237512,UNC5B-AS1,8,0.21984091890130988,0.016214749768698185,8294.04651655162
ENSG00000253385,AZIN1-AS2,8,0.23309460640326587,0.021632486818726177,21400.865593453447
ENSG00000270490,ENSG00000270490,8,0.24072860406599236,0.02853587658672678,12511.207731012071
ENSG00000274776,ENSG00000274776,8,0.2258862112167721,0.014151375521277605,8369.133576543876
ENSG00000275910,ENSG00000275910,8,0.21616960403444097,0.00593643249017576,9489.12110552416
ENSG00000289832,ENSG00000289832,8,0.2450372698272261,0.04442947215367404,13959.605926655435
ENSG00000286240,ENSG00000286240,8,0.23236368613332434,0.02401421312532731,14336.614950440828
ENSG00000149021,SCGB1A1,8,0.23826711095670342,0.02229397337534527,14873.972853329
ENSG00000148965,SAA4,8,0.23688423191519264,0.02031704201799046,9161.357713226847
ENSG00000148735,PLEKHS1,8,0.2506685406862128,0.059729786225925556,9740.842055782357
ENSG00000244604,ENSG00000244604,8,0.237312729646365,0.030877458061420476,15126.54097169971
ENSG00000107738,VSIR,8,0.2200306897024,0.007446756683511304,12062.881551073217
ENSG00000107859,PITX3,8,0.2261728414558675,0.012059183111521689,12491.714421055247
ENSG00000147613,PSKH2,8,0.22809134266134334,0.014621547303540927,11414.975347223311
ENSG00000275902,ENSG00000275902,8,0.2314503648021413,0.024156759229861557,17455.19975400159
ENSG00000237714,P4HA2-AS1,8,0.23468936546541083,0.023751010060966762,16476.093250810198
ENSG00000237718,ENSG00000237718,8,0.22219331354034838,0.009109610546704942,7591.744987490662
ENSG00000289848,ENSG00000289848,8,0.24710948274953515,0.05887168805914142,12191.087350997273
ENSG00000237734,ENSG00000237734,8,0.22611572597204385,0.0122080214027446,10281.510006043882
ENSG00000286230,ENSG00000286230,8,0.22987666213956168,0.01775778138398942,10508.207921007635
ENSG00000253314,LINC00293,8,0.24677231715148104,0.048113672352907026,12841.916094438577
ENSG00000145863,GABRA6,8,0.2546468841792534,0.07314037139711747,13295.927421077915
ENSG00000237768,ENSG00000237768,8,0.23775859890717937,0.025231930472704743,11562.60060922585
ENSG00000272973,ENSG00000272973,8,0.23385474242760557,0.02200906040993906,15504.242424407286
ENSG00000145321,GC,8,0.23226840592528727,0.029238182796933927,13871.7288987699
ENSG00000226339,RPS26P56,8,0.23779544760642007,0.029481336777305234,9576.406052971188
ENSG00000176840,MIR7-3HG,8,0.24790830990807794,0.046279418177322285,11534.846416861155
ENSG00000222019,URAHP,8,0.21992251244962838,0.006288570669428992,11965.08653629178
ENSG00000231040,LINC01911,8,0.23871034816757192,0.05169886920766933,12790.452185365719
ENSG00000258875,ENSG00000258875,8,0.22153280060645547,0.00976695406640519,15871.345829545437
ENSG00000288656,ENSG00000288656,8,0.23100265310636642,0.05243516808516421,11472.453079763605
ENSG00000228002,DHX9P1,8,0.235857995641335,0.02111224383933087,13583.892886696776
ENSG00000260467,ENSG00000260467,8,0.23396423570534988,0.020445213726093484,9332.518704218875
ENSG00000287657,ENSG00000287657,8,0.2205141972774395,0.007230739665105177,14162.928338599442
ENSG00000203972,GLYATL3,8,0.2273372603518789,0.010890395357585007,17273.206751464688
ENSG00000278915,ENSG00000278915,8,0.22530005369384723,0.011853313472197839,11977.720121631233
ENSG00000279499,ENSG00000279499,8,0.22973663708244654,0.015967724432030064,12238.957094294115
ENSG00000287673,ENSG00000287673,8,0.23309144794333073,0.01914035738445525,10271.888838012545
ENSG00000257038,ARHGEF17-AS1,8,0.23699872608783376,0.032584276507513554,10667.627274606946
ENSG00000204049,ENSG00000204049,8,0.24159191644820643,0.0404885943775909,6770.290312016455
ENSG00000280132,ENSG00000280132,8,0.23018382236823365,0.016450356861770144,12209.166669406659
ENSG00000260545,ENSG00000260545,8,0.2338097343735327,0.021719709496308384,7357.391200553729
ENSG00000204195,AWAT1,8,0.2513960392912251,0.05410691321550449,13178.033552809546
ENSG00000203724,C1orf53,8,0.2238705873682953,0.012167268514954813,18957.229150583207
ENSG00000256879,PDE3A-AS1,8,0.22808002484657655,0.011435231623387701,11568.004953976204
ENSG00000231114,ENSG00000231114,8,0.24334117684216863,0.053374828174709794,8947.732158549312
ENSG00000286957,ENSG00000286957,8,0.23598907172863456,0.024625781270947302,11710.193287149621
ENSG00000203706,SERTAD4-AS1,8,0.24665150605897035,0.0429608260311596,15192.624313832872
ENSG00000203688,LINC02487,8,0.23262531189793428,0.025137142241534183,5948.215203602613
ENSG00000260464,ENSG00000260464,8,0.22814503648023712,0.01276356988930176,10385.372824554666
ENSG00000231148,HMGB1P7,8,0.23464541023131635,0.02544163800270929,13206.46595012077
ENSG00000203684,IBA57-DT,8,0.24015429076782394,0.03287821902745796,11344.93128423079
ENSG00000288663,ENSG00000288663,8,0.23989634987313804,0.04411360416652638,11561.860031558332
ENSG00000256813,CCDC86-AS1,8,0.21991698514474253,0.006180412850997903,12196.696208094281
ENSG00000258887,ENSG00000258887,8,0.22778970973755724,0.01771827450404557,5305.288564113975
ENSG00000231193,ENSG00000231193,8,0.2301827695482556,0.01616123590591316,11243.615876337162
ENSG00000258888,ENSG00000258888,8,0.22664687365110242,0.01235386655361315,7884.318429014007
ENSG00000224292,PORCN-DT,8,0.22794894875927652,0.012405295002112748,16736.98224089891
ENSG00000278875,ENSG00000278875,8,0.2516197635366164,0.09064960650883316,11675.058192930002
ENSG00000288681,ENSG00000288681,8,0.23064495751873362,0.016270817668577825,10678.885708303676
ENSG00000280989,LINC00581,8,0.23306065295896528,0.022805686668042714,13783.632323068769
ENSG00000228137,ENSG00000228137,8,0.2107436330712201,0.003145563680413509,13893.207843559516
ENSG00000230641,ENSG00000230641,8,0.23416190265627762,0.028332354931994607,10519.367821146587
ENSG00000230715,ENSG00000230715,8,0.23498599749429958,0.026932049435766683,10651.80385971556
ENSG00000280890,ELDR,8,0.23133718665447217,0.021401541265932637,7725.746029109699
ENSG00000257207,ENSG00000257207,8,0.2563937757282655,0.1215157741967123,14368.88904683282
ENSG00000257226,ENSG00000257226,8,0.24424633881852068,0.05141042370601877,9108.414248230023
ENSG00000260689,HNRNPA3P11,8,0.2529865870734573,0.06823340284068231,9532.879591539619
ENSG00000260710,UBE2I-AS1,8,0.2437712538033084,0.039268433915122684,10406.306196128093
ENSG00000223831,PES1-AS1,8,0.2542544455323382,0.09025640627328331,12135.370138830163
ENSG00000287005,ENSG00000287005,8,0.23731667772128395,0.023907442303450304,10731.661110170255
ENSG00000262791,WDR81-AS1,8,0.23237237189814777,0.05389355224513677,12510.197842891168
ENSG00000230679,ENO1-AS1,8,0.2291723255740727,0.020714399292270848,6887.584112229296
ENSG00000280758,ENSG00000280758,8,0.22209079519496053,0.010337689747233177,12113.114621419698
ENSG00000204745,ENSG00000204745,8,0.23319699314615633,0.025900098183226656,12474.65956456454
ENSG00000288153,ENSG00000288153,8,0.24345593421980452,0.030797032542018665,17792.633295723455
ENSG00000262267,ENSG00000262267,8,0.24591426886915863,0.04450947757680815,13595.698068251153
ENSG00000230645,LINC01818,8,0.23152564143058937,0.0226672812692687,11526.335022164218
ENSG00000204655,MOG,8,0.2420556836486519,0.032694338411217744,8774.904578771595
ENSG00000228241,MOB1AP1,8,0.24291689039091002,0.08537883756944317,9876.976021826868
ENSG00000260650,ENSG00000260650,8,0.2374398576587458,0.028397032825595657,8778.968492233796
ENSG00000223944,ENSG00000223944,8,0.2361935820094214,0.02676477212504341,14024.318156287198
ENSG00000262445,ENSG00000262445,8,0.23304486065929056,0.018185566339867332,9537.077559565343
ENSG00000223979,SMCR2,8,0.22633444932253813,0.014914187733141127,7223.496826718649
ENSG00000258819,LINC02289,8,0.24158349388837974,0.03252161866615657,10600.628598413006
ENSG00000204571,KRTAP5-11,8,0.22385847993854455,0.010478273394063138,8749.147527272926
ENSG00000258820,ENSG00000258820,8,0.24877083267530872,0.06369691652169546,9390.77038894617
ENSG00000260593,ENSG00000260593,8,0.2441405304107004,0.05934388766719844,8789.318461359944
ENSG00000280913,CTSLP3,8,0.24021640714654438,0.033832879730280055,12004.343937868995
ENSG00000258823,ENSG00000258823,8,0.23647889622354354,0.028906003174464654,11363.28261285914
ENSG00000278934,ENSG00000278934,8,0.22783261215167364,0.01660852191197946,7510.622660153331
ENSG00000204422,ENSG00000204422,8,0.23606171630713804,0.02757859502565967,9247.065200386192
ENSG00000262686,GLIS2-AS1,8,0.23349230915007205,0.020485452772121205,14628.468823770945
ENSG00000224072,VEZTP1,8,0.22771653874906453,0.018628553292405592,9646.719828630848
ENSG00000286966,ENSG00000286966,8,0.21946479896405863,0.023195836017801338,5941.505150085223
ENSG00000288691,ENSG00000288691,8,0.22685770085175871,0.02030405689043633,7058.667992137442
ENSG00000263432,RN7SL689P,8,0.23911515744923167,0.02846806653405001,9675.478515626419
ENSG00000263489,ENSG00000263489,8,0.2632094690628532,0.09524734894181197,18269.98689466308
ENSG00000264519,RN7SL596P,8,0.2628041333712036,0.10310950592291053,14540.141448927048
ENSG00000258942,ENSG00000258942,8,0.24975916742994722,0.05853530298895735,11511.04344931537
ENSG00000196534,OR9K1P,8,0.24490619373992656,0.06080670661382801,12391.70060953766
ENSG00000288832,ENSG00000288832,8,0.23735615847047023,0.02771800634943535,10769.720490254133
ENSG00000196600,SLC22A25,8,0.24458824210647703,0.0468407982570561,7415.077124230482
ENSG00000224645,ENSG00000224645,8,0.2270714233073555,0.013012832801598387,9336.14272859991
ENSG00000287293,ENSG00000287293,8,0.22265905477825365,0.010564291493246497,14587.587221929623
ENSG00000288819,ENSG00000288819,8,0.22992877672848822,0.022133828911509994,9865.110287460908
ENSG00000200674,RN7SKP160,8,0.249782855879459,0.054807193689907246,9932.527830402882
ENSG00000231755,CHODL-AS1,8,0.22150674331199213,0.008931501233253304,12644.030141044219
ENSG00000196862,RGPD4,8,0.23636650769085907,0.02080693664136479,17938.47092146252
ENSG00000224626,ENSG00000224626,8,0.2620579472115756,0.09659423997439866,19461.86764257832
ENSG00000224614,TNK2-AS1,8,0.23398055441501361,0.026388078159670352,12228.950023693751
ENSG00000227616,ENSG00000227616,8,0.24266895128601756,0.04680284802572308,8972.898406597453
ENSG00000256315,CADM1-AS1,8,0.23698793468305637,0.03227506883223463,10488.758698451376
ENSG00000279642,ENSG00000279642,8,0.2307410273417544,0.021679929247840464,11316.214888456316
ENSG00000288833,ENSG00000288833,8,0.23291562700695329,0.016686791099571264,15201.553623039328
ENSG00000288843,ENSG00000288843,8,0.23234657780867654,0.024145309519652262,7326.199503042223
ENSG00000256195,ENSG00000256195,8,0.24367623680026573,0.044227387371745065,12336.446762271571
ENSG00000260213,CENPN-AS1,8,0.2311892654475196,0.020702563006972624,11202.675821922176
ENSG00000196114,IFITM3P3,8,0.23765621216428864,0.021614379499811747,14999.130654374738
ENSG00000288857,ENSG00000288857,8,0.22931761473107917,0.019150611722529756,7222.5734664966985
ENSG00000258968,ENSG00000258968,8,0.2622034995735778,0.11863662613018341,16436.68042849449
ENSG00000260190,ENSG00000260190,8,0.24475037638313651,0.03783970567687544,12141.22486546304
ENSG00000231903,ENSG00000231903,8,0.24555709969151687,0.055643909907518566,13980.44803213927
ENSG00000288858,ENSG00000288858,8,0.24918222208183324,0.048231081733456554,14832.919865683209
ENSG00000264750,ENSG00000264750,8,0.23915753345335888,0.02669919997560613,11366.339537405733
ENSG00000260185,ENSG00000260185,8,0.22229372624577995,0.00794138628890613,11718.843095778446
ENSG00000255966,GAPDH-DT,8,0.2417637893096656,0.047064691444452994,9414.77693951884
ENSG00000287574,ENSG00000287574,8,0.22771469631410304,0.014254171407953974,10569.427404499856
ENSG00000255964,HSPD1P12,8,0.23910805091437817,0.029469367701677865,8722.360358601216
ENSG00000278513,ENSG00000278513,8,0.23395607635051802,0.019508857700899326,10022.50502959849
ENSG00000224598,RPS5P2,8,0.2256734099786561,0.012476443642482894,13150.114768853859
ENSG00000224563,LPP-AS1,8,0.2324244864870719,0.013332098015221642,12953.212174539298
ENSG00000218358,RAET1K,8,0.23947548508680858,0.02735946638403334,13941.183972987332
ENSG00000231443,PPP4R2P2,8,0.24053041070507503,0.03712935720581338,5292.952392367931
ENSG00000231322,RPL13AP17,8,0.24118157986166006,0.03200983084371325,11625.312583436786
ENSG00000263499,ENSG00000263499,8,0.21294810650330634,0.005123576549846031,10356.502346477719
ENSG00000227857,ENSG00000227857,8,0.25361222534556904,0.0958897414570485,22944.514083672784
ENSG00000199420,RN7SKP170,8,0.22727198551322345,0.014357365102785414,7051.388680628402
ENSG00000263585,PYCR1-AS1,8,0.24352252508343267,0.03744607250730904,13274.655056940359
ENSG00000199094,MIR30C2,8,0.24166061295179117,0.040104153021136,13899.839741942365
ENSG00000263647,BPTFP1,8,0.2348117557878895,0.02264766872729259,19099.401871600072
ENSG00000227799,CDPF1P1,8,0.23431877283304567,0.029983440763154474,7263.626051584873
ENSG00000288711,ENSG00000288711,8,0.24049882610572582,0.03444954785233235,11741.469883503558
ENSG00000256533,ENSG00000256533,8,0.24332670056746825,0.10232354173878175,7509.069377613816
ENSG00000288722,F8A1,8,0.23996767842666886,0.06177909279539035,8355.393252306812
ENSG00000227777,RPL7AP19,8,0.2344793278797381,0.02254090882446082,11610.558757914387
ENSG00000198618,PPIAP22,8,0.22448780308058003,0.014042279632097107,6515.088211970442
ENSG00000287642,ENSG00000287642,8,0.22718591747999958,0.0477991519763257,6471.377221562681
ENSG00000198128,OR2L3,8,0.24375572470862825,0.041921837659961284,8780.405692183136
ENSG00000231707,PABPC1P1,8,0.22689718160094519,0.01519569896279652,8414.20165136968
ENSG00000256453,DND1,8,0.23261373087817283,0.018776647895188375,10532.374611671072
ENSG00000197882,OR7E13P,8,0.236187001884557,0.02419532511942855,18582.745280602536
ENSG00000263787,SKAP1-AS1,8,0.2389364412579134,0.03238120098736725,8253.226178305105
ENSG00000260366,ENSG00000260366,8,0.24372177126432773,0.046363026490149825,7297.519541795272
ENSG00000231539,ENSG00000231539,8,0.2226224692840097,0.031895078320237726,10645.876554858802
ENSG00000197692,CBX3P7,8,0.2378370339955635,0.02970867828837521,9580.17006348591
ENSG00000231562,RPL7AP44,8,0.23495520250993404,0.025995169361383103,8421.83662136251
ENSG00000224468,LAMC1-AS1,8,0.2383308065653907,0.02875900559661359,9546.251100458487
ENSG00000263826,ENSG00000263826,8,0.23067127801819134,0.021168372511964396,10176.319133628009
ENSG00000258920,FOXN3-AS1,8,0.2358482570565356,0.03231429889986477,13766.323059709523
ENSG00000231628,PREP-AS1,8,0.24762641735888546,0.0538301070508696,17065.601616556585
ENSG00000260277,ENSG00000260277,8,0.23199598875589947,0.016544957813743294,13212.960472779092
ENSG00000197506,SLC28A3,8,0.22030810776668458,0.010693624393077777,6762.685852457298
ENSG00000264019,ENSG00000264019,8,0.23073365760190606,0.019000213811854377,9722.353125204369
ENSG00000287738,ENSG00000287738,8,0.22136908709982867,0.00628636488322385,17509.06959338999
ENSG00000262235,TMF1P1,8,0.2316667193076826,0.020669787399843088,11802.05439510889
ENSG00000231991,ANXA2P2,8,0.24844919617193506,0.060373598385005806,11614.034768014537
ENSG00000279227,ENSG00000279227,8,0.2609709105839707,0.11077512613119449,12826.446130069486
ENSG00000279220,CMKLR2-AS,8,0.21874440689389807,0.006954630068086666,17079.107873842408
ENSG00000287896,ENSG00000287896,8,0.22515555415182403,0.01095356450748542,12372.105952754382
ENSG00000258064,ENSG00000258064,8,0.2289693945232539,0.01690714645617657,13968.827486834634
ENSG00000219553,ENSG00000219553,8,0.24666914079360666,0.039352389008619426,17693.258145864984
ENSG00000258099,ATXN2-AS,8,0.22252771548595984,0.008638876508496231,17016.58383973634
ENSG00000279382,ENSG00000279382,8,0.23036832906943253,0.021695561811648535,7096.968369898961
ENSG00000261305,ENSG00000261305,8,0.26088063127083094,0.16994925160887253,14511.189367833214
ENSG00000279325,ENSG00000279325,8,0.25187296674139986,0.07871638650788734,10781.417230638068
ENSG00000214992,AKAP17BP,8,0.22770758977924896,0.015182939558957794,11479.360210375242
ENSG00000215057,PKMP5,8,0.2386629712685476,0.03081519086508506,14048.652797952353
ENSG00000261019,ENSG00000261019,8,0.22469231336136694,0.015044760636817683,8953.031485557136
ENSG00000261216,ENSG00000261216,8,0.24345145973489626,0.03857553959136392,8364.497959437294
ENSG00000261208,ENSG00000261208,8,0.22468204836657915,0.011989915569812756,12556.082672422497
ENSG00000261207,ENSG00000261207,8,0.24798095448658125,0.054812752263045696,14554.2171088723
ENSG00000260996,ENSG00000260996,8,0.24165429603192104,0.03165100026189161,12147.6027079271
ENSG00000260983,ENSG00000260983,8,0.2486147521135239,0.04762143931823745,14710.38267871577
ENSG00000214485,RPL7P1,8,0.23295852942106923,0.023959268524337413,9144.635163783707
ENSG00000258038,LINC02327,8,0.24225387700956855,0.047004148621579776,8318.049476099493
ENSG00000261377,PDCD6IPP2,8,0.23389580240675945,0.02837915169782485,12086.642837423067
ENSG00000258018,LINC02457,8,0.2164382047314076,0.006127667471127939,15975.9443241984
ENSG00000257987,SPMIP11,8,0.2381820957434546,0.037161540215430965,9236.656005720228
ENSG00000260937,ENSG00000260937,8,0.24999973679499132,0.08050391658897256,10031.933402299166
ENSG00000229611,ENSG00000229611,8,0.23093316698779584,0.01375363754374562,13059.961809222905
ENSG00000280416,ENSG00000280416,8,0.23830948696082982,0.04090169170143096,9180.729262849756
ENSG00000257925,ENSG00000257925,8,0.24218202204604886,0.03920526151176089,10446.348825270916
ENSG00000287916,ENSG00000287916,8,0.2241853805418102,0.010586605376128955,8852.326092042622
ENSG00000228663,PSMD10P1,8,0.22294647463233258,0.011049739504456866,13863.165560207848
ENSG00000260908,PLA2G10CP,8,0.23906830696019687,0.040449430892977874,9242.182065869843
ENSG00000228653,HNRNPCP7,8,0.22915732288938204,0.015302432441640892,8406.22273946574
ENSG00000214043,LINC02347,8,0.2456594864344077,0.0390321221040153,14150.241530046207
ENSG00000261505,ENSG00000261505,8,0.2265760715075607,0.010873498773071068,13016.236314958462
ENSG00000228779,ENSG00000228779,8,0.2345725024478184,0.022621243489356027,7182.833622794712
ENSG00000280193,ENSG00000280193,8,0.2318449090890122,0.019755600725867954,11004.330352884377
ENSG00000204866,IGFL2,8,0.22474495436028252,0.012547283236165345,8869.183653825703
ENSG00000280229,ENSG00000280229,8,0.2318901803480792,0.023300803317107804,9895.407376508649
ENSG00000229083,PSMA6P2,8,0.22423144141586163,0.012275833881772991,11022.210915907479
ENSG00000218902,PTMAP3,8,0.2392459703315368,0.03615183479730177,8753.10122630476
ENSG00000229021,ENSG00000229021,8,0.20398637124542268,0.0018183256304048375,10152.153719030634
ENSG00000228843,ENSG00000228843,8,0.24736584441425388,0.04357473581168776,14114.75970302863
ENSG00000217181,RPL21P63,8,0.23617647368477357,0.03955929001454829,5898.227333829777
ENSG00000258400,ENSG00000258400,8,0.240076382089429,0.029256291993365265,13689.298934475586
ENSG00000228983,SLC47A1P1,8,0.2321962877567729,0.01870176864543724,7905.110866228954
ENSG00000287192,ENSG00000287192,8,0.24815703862795377,0.0632945803902731,8368.042419320747
ENSG00000218766,ENSG00000218766,8,0.2186817641051886,0.00849047653270692,14322.570258208449
ENSG00000228876,ENSG00000228876,8,0.2440031374035311,0.05174556430898697,13088.740343584801
ENSG00000217801,PTPN11BP,8,0.2333880799722199,0.02222477730877212,9494.493347566324
ENSG00000218233,NEPNP,8,0.25902240400911253,0.12996223325422637,15900.050094772467
ENSG00000287834,ENSG00000287834,8,0.2404743480412301,0.04053480060881745,8242.869117970096
ENSG00000228929,RPS13P2,8,0.25392596569910547,0.08695554432997409,13237.499404565402
ENSG00000229089,ANKRD20A8P,8,0.2373890590947924,0.025419623172020542,9569.075974313757
ENSG00000258377,ENSG00000258377,8,0.22288646389356898,0.010773339126305894,18361.771138577107
ENSG00000219163,HMGB1P20,8,0.23012038996454046,0.019498927519203426,10310.24249985643
ENSG00000228818,ENSG00000228818,8,0.2493551477632704,0.05400202870506471,11572.869413943003
ENSG00000216863,LY86-AS1,8,0.2203902277249928,0.008472171829527083,9663.401871228387
ENSG00000261124,ENSG00000261124,8,0.23294747481129688,0.025164232677092897,8820.024932937005
ENSG00000229161,TCP1P1,8,0.2456631713043316,0.054466309608235695,7703.611231400204
ENSG00000229169,RPS26P59,8,0.2305188823263307,0.020602072780660993,9648.753126296102
ENSG00000280299,ENSG00000280299,8,0.2278334017666572,0.013885510565292166,9738.104481185288
ENSG00000215869,THAP3P1,8,0.2509804386047866,0.06040030393412057,15688.83695010872
ENSG00000229190,ENSG00000229190,8,0.2273856900708808,0.011870993476995512,10481.593655337598
ENSG00000229192,ENSG00000229192,8,0.21121029552660658,0.004631810004154151,15245.409183844222
ENSG00000258294,ENSG00000258294,8,0.253168461724711,0.09147179605167226,14928.66157722581
ENSG00000215819,KRT18P12,8,0.23021830222252332,0.015961388693726375,14275.396632271943
ENSG00000215795,ENSG00000215795,8,0.2277349630986852,0.011248807521745735,15856.71210434873
ENSG00000287868,ENSG00000287868,8,0.24460877209605406,0.03692877553157443,14849.552113249518
ENSG00000215482,CALM2P3,8,0.23525236094881224,0.024712016126323948,16951.090261264195
ENSG00000213970,ENSG00000213970,8,0.2403653811734751,0.034624486086150694,10793.930352109764
ENSG00000257845,LINC02294,8,0.212078740406216,0.003991154138513034,8971.488069081
ENSG00000257838,OTOAP1,8,0.24002637314045944,0.03891702599667143,17675.763496284562
ENSG00000279029,ENSG00000279029,8,0.2547282145225778,0.0965573423466198,15874.552811115509
ENSG00000260777,ENSG00000260777,8,0.22745280734449802,0.01699810013169717,10888.979659805993
ENSG00000261872,ENSG00000261872,8,0.2509327985007685,0.0678603360724216,14245.190474630788
ENSG00000257548,ENSG00000257548,8,0.22959134792543995,0.01661423355481093,9131.109033423036
ENSG00000258731,DDHD1-DT,8,0.25582314730002104,0.09257309993520577,14161.139768826095
ENSG00000258730,ITPK1-AS1,8,0.23436825537202602,0.03176000475620258,11502.04514538518
ENSG00000260802,SERTM2,8,0.22570091490059074,0.028806086849854595,9346.433879581882
ENSG00000261819,ENSG00000261819,8,0.23758672604572031,0.027976366707440595,9737.698820141042
ENSG00000287945,ENSG00000287945,8,0.26598601855065584,0.1596033230105285,17719.56459559585
ENSG00000207088,SNORA7B,8,0.24089810808250017,0.044121449664927107,12542.163820502814
ENSG00000223542,ENSG00000223542,8,0.23979106787530674,0.034961293051761946,8117.493353699412
ENSG00000207955,MIR219A2HG,8,0.22968399608353124,0.0169856635145473,8366.151407541824
ENSG00000230313,HCG24,8,0.244395049640457,0.05105823019368374,7803.50209656152
ENSG00000261807,LINC02141,8,0.23108266742471556,0.01883904948369712,11752.940757130813
ENSG00000210164,MT-TG,8,0.23133508101451503,0.02541789035050929,6944.378833124364
ENSG00000261924,ENSG00000261924,8,0.25371171683351895,0.09591346686390945,10539.858906057705
ENSG00000288055,ENSG00000288055,8,0.23998399713633214,0.028341643325085434,10251.631241684872
ENSG00000257411,ENSG00000257411,8,0.2525738816419596,0.06880076713302705,13250.741373302913
ENSG00000287749,ENSG00000287749,8,0.23914489961361887,0.03278242610739038,8947.159371822847
ENSG00000257410,ENSG00000257410,8,0.23534790436184386,0.022699425727955694,9185.225389587238
ENSG00000230457,PA2G4P4,8,0.2408373077287524,0.033829622221923976,8024.09645756084
ENSG00000223749,MIR503HG,8,0.21761236221221894,0.008952378458691266,12602.295659351013
ENSG00000178562,CD28,8,0.2393730983439177,0.030551390946885477,7952.085200665744
ENSG00000223764,LINC02593,8,0.22247665371701128,0.011825977621401647,8691.288357854182
ENSG00000279443,ENSG00000279443,8,0.23920754240232853,0.029999420074258685,13148.572763636472
ENSG00000260742,ITPRID2-DT,8,0.24403998610277183,0.03930919128919369,15935.219392016887
ENSG00000262112,ENSG00000262112,8,0.23853847530611294,0.04208668196071881,11183.749531011246
ENSG00000257345,LINC02413,8,0.22235084172960295,0.010629886620608377,9130.822894095296
ENSG00000230562,FAM133DP,8,0.25249044565867895,0.07751583489075256,13874.777197781026
ENSG00000230563,ENSG00000230563,8,0.23092369160799087,0.021955052552127437,12444.157820428421
ENSG00000288084,ENSG00000288084,8,0.23592827137488703,0.03176308314594005,10277.44020134459
ENSG00000223784,LINP1,8,0.2298629754798442,0.024899363559185737,8477.01257409517
ENSG00000261790,ENSG00000261790,8,0.2380412810713557,0.02398888164534109,12163.142602523236
ENSG00000210196,MT-TP,8,0.2178508259373065,0.007567047279692082,15754.06257397467
ENSG00000260850,ENSG00000260850,8,0.23471700198984152,0.03639923585445728,18165.580641265544
ENSG00000260884,PCHILR,8,0.22013123401032894,0.006726757972450305,11982.879051777481
ENSG00000213839,TMX2P1,8,0.24194329511596724,0.04322413458940763,12705.323264758756
ENSG00000229950,TFAP2A-AS1,8,0.23649968941811486,0.029610063339751424,7856.959639185214
ENSG00000222031,ENSG00000222031,8,0.21725019213968014,0.007937386199673838,9229.81158964637
ENSG00000222533,RNU6-705P,8,0.22631997304783777,0.023373027195119096,13634.7382664796
ENSG00000213790,OLA1P1,8,0.2366310287104091,0.027010165958188347,7533.640660752511
ENSG00000287087,ENSG00000287087,8,0.24961177263298384,0.06280537231239777,10042.422234349187
ENSG00000287213,ENSG00000287213,8,0.22371240116655394,0.011147434624322794,7763.0392879756155
ENSG00000213700,RPL17P50,8,0.2263307644526138,0.014000259938133114,10177.178188475547
ENSG00000287216,ENSG00000287216,8,0.24016587178758514,0.03889574487949607,11826.70836776439
ENSG00000279404,ENSG00000279404,8,0.25509749112996977,0.07936187210467625,17432.729443586635
ENSG00000213409,C1QBPP2,8,0.25307607677161387,0.07047332426795534,9580.8129095934
ENSG00000258675,LINC02308,8,0.23869903035280504,0.022309480407552335,12293.218468102836
ENSG00000228586,ENSG00000228586,8,0.22454597138438215,0.00934856899895578,10126.000268417232
ENSG00000261636,LINC02191,8,0.2401224429634799,0.03341751713111878,9759.282832679195
ENSG00000213214,ARHGEF35,8,0.24360464504174068,0.041558978686945545,7801.028228882502
ENSG00000223450,ENSG00000223450,8,0.24477248560268125,0.048169645110635935,8864.70938918959
ENSG00000213120,LIN28AP1,8,0.24563658759987933,0.04451567853010808,11630.157316246028
ENSG00000258687,ENSG00000258687,8,0.23528842003306918,0.024427714186737774,12187.192215551797
ENSG00000261701,HPR,8,0.24855368855478205,0.04936373717346313,10708.898377751979
ENSG00000280425,ENSG00000280425,8,0.24827021677562208,0.05321507126930249,13227.2928276344
ENSG00000258689,LINC01269,8,0.22877988692715895,0.02893861480864191,13286.735368799977
ENSG00000230133,LINC01721,8,0.22821531221378988,0.020665239504035388,13278.759451229724
ENSG00000258690,ENSG00000258690,8,0.23127533348074675,0.017585279521686342,12402.631847734147
ENSG00000230149,ENSG00000230149,8,0.22821926028870762,0.022634106076104894,7573.264667243292
ENSG00000213055,EEF1B2P7,8,0.23640019793016506,0.027937556971731385,16485.290805986624
ENSG00000279405,ENSG00000279405,8,0.2360090753082224,0.025551985593781818,8967.635217083865
ENSG00000258699,ENSG00000258699,8,0.23421191160524696,0.022791783720879647,16708.26598246439
ENSG00000213049,HNRNPA1P34,8,0.22827084846764475,0.016259269590890017,5301.7111621773865
ENSG00000212789,ST13P5,8,0.25621505953694745,0.08652191619251123,11886.949977153543
ENSG00000212769,HMGN2P8,8,0.23729509491172798,0.03549839961648231,15892.886448998599
ENSG00000224795,NTM-AS1,8,0.2214309402735542,0.021626393094637954,9545.064021013359
ENSG00000197406,DIO3,8,0.2554114946885011,0.08976054016104817,15515.598002966964
ENSG00000232002,LINC01880,8,0.23800943326701166,0.02477799661873427,9182.47750327352
ENSG00000259751,TUBAP11,8,0.25225329795856444,0.06424505255627962,10542.539131040354
ENSG00000225588,ENSG00000225588,8,0.22653290588844996,0.015013377339391228,9386.55029632012
ENSG00000259283,ENSG00000259283,8,0.23376235747450888,0.024292857511298446,8900.25120310433
ENSG00000183281,PLGLB1,8,0.24550814356252548,0.050859490120978394,13882.64418289238
ENSG00000266824,ENSG00000266824,8,0.2428555636271731,0.04644282748314368,12931.991661860338
ENSG00000286755,ENSG00000286755,8,0.23231394038934866,0.028507765487659514,9980.773662459991
ENSG00000255193,LINC02726,8,0.2550230041165051,0.09000184939130805,11909.50856481695
ENSG00000289028,ENSG00000289028,8,0.2325202931050979,0.024390835949958133,10286.427616295283
ENSG00000233251,ENSG00000233251,8,0.2441913289746541,0.038541839675605295,12782.09216626701
ENSG00000259277,ENSG00000259277,8,0.22708116189215474,0.013317297076868174,16173.513370485189
ENSG00000225558,UBE2D3P2,8,0.24038012065317113,0.032890697699021906,8630.627064816994
ENSG00000259773,ENSG00000259773,8,0.2449619931987771,0.03918956370301201,13672.239313167955
ENSG00000183760,ACP7,8,0.23653416927240528,0.05563758260161237,7083.471952311211
ENSG00000266696,ENSG00000266696,8,0.24662413273953399,0.04768749619267695,18410.81166411879
ENSG00000286758,ENSG00000286758,8,0.2526075718812658,0.06754738919639988,13108.464446285234
ENSG00000233421,LINC01783,8,0.24671572807764716,0.05786350021925807,8340.458595786149
ENSG00000226816,ENSG00000226816,8,0.23535869576662136,0.02347104578854271,13195.184048710544
ENSG00000233431,LINC02596,8,0.22306149521496288,0.011807114650297178,14417.502416729563
ENSG00000225711,ENSG00000225711,8,0.227985797458518,0.014748715683248426,14511.528703094482
ENSG00000287383,ENSG00000287383,8,0.2378222945158671,0.029457145038776382,12808.494269526593
ENSG00000233448,PMS2P9,8,0.23061232009940574,0.017364437872308066,12622.047247158254
ENSG00000233469,ST6GALNAC4P1,8,0.23671525430867424,0.022674190219525894,13345.089557426178
ENSG00000286747,ENSG00000286747,8,0.23806602234084592,0.02875377934108485,16897.976330504356
ENSG00000255179,ENSG00000255179,8,0.22250639588139884,0.007040465855864138,11750.903618748609
ENSG00000259322,ENSG00000259322,8,0.2414979522651424,0.0499255828333727,10376.105878862489
ENSG00000266952,LINC01538,8,0.24928645125968607,0.06309411414745579,14125.773265217902
ENSG00000259685,IDH2-DT,8,0.21962509080575576,0.008177059291364584,6714.2611638757135
ENSG00000182791,CCDC87,8,0.230123022014486,0.021752309619947067,9470.823080006834
ENSG00000259684,ENSG00000259684,8,0.22898597643791135,0.01669714780493281,13127.410804549512
ENSG00000182585,EPGN,8,0.22548929808494897,0.009438386474073622,11128.218737925716
ENSG00000266976,ERVE-5,8,0.22468731246647022,0.011431014927437443,11513.488257843459
ENSG00000287398,ENSG00000287398,8,0.24976285229987166,0.07505736358003379,12201.325990743937
ENSG00000277782,ENSG00000277782,8,0.23596406725414978,0.02511937406109943,12210.754895961174
ENSG00000266613,COP1P1,8,0.22182337892046905,0.009870452832322374,11670.451097485693
ENSG00000232885,GPC5-AS2,8,0.22433961866863308,0.010444893048678072,12903.731452094045
ENSG00000259952,ENSG00000259952,8,0.22805528357708596,0.01490117926007515,14804.352023043391
ENSG00000184617,ZNF840P,8,0.2344509017403239,0.0269903184904515,12134.248136369073
ENSG00000255372,ENSG00000255372,8,0.23180779718477665,0.020674314372967385,11262.304682017959
ENSG00000232969,ENSG00000232969,8,0.2389109103734404,0.05541161840497351,13024.996554471623
ENSG00000184811,TRARG1,8,0.24246759946516572,0.036362855856607076,11654.885812508763
ENSG00000184845,DRD1,8,0.24802885779559442,0.04635324142649067,26108.357745236684
ENSG00000225342,LRRK2-DT,8,0.24253050545887,0.03842914492536363,12398.947391581061
ENSG00000232938,RPL23AP87,8,0.23198467094113256,0.02234277470331029,8064.938977088622
ENSG00000184227,ACOT1,8,0.22914521545963124,0.016579850382615634,7732.45280807577
ENSG00000184923,NUTM2A,8,0.24563316593494972,0.0477999860144705,13115.471421999799
ENSG00000232913,PLCE1-AS2,8,0.2485510565048363,0.05042945898435281,10267.25164093801
ENSG00000266306,ENSG00000266306,8,0.2332130486508253,0.02439398577503825,10420.209356256784
ENSG00000232893,IQCA1-AS1,8,0.24369676678984348,0.05991386668424947,10509.139340133817
ENSG00000185013,NT5C1B,8,0.23856848067549413,0.03164296156152797,7635.597707258444
ENSG00000259177,ENSG00000259177,8,0.2352057736647724,0.045070079579081546,19531.405618339468
ENSG00000288989,ENSG00000288989,8,0.23110372382428185,0.01749489790106096,7431.8876320636255
ENSG00000288996,ENSG00000288996,8,0.23010854573978473,0.017665736463124766,9479.905421567642
ENSG00000283118,ENSG00000283118,8,0.23745249149848552,0.02912531719756154,12739.786031758787
ENSG00000286790,ENSG00000286790,8,0.22707168651235016,0.01362406392086672,6893.980263169134
ENSG00000226957,ENSG00000226957,8,0.2463606645399622,0.04546778131261941,7317.167127503694
ENSG00000226948,RPS4XP2,8,0.2388122085004729,0.03282929887817645,9628.133014934598
ENSG00000255328,ENSG00000255328,8,0.2476964298874431,0.05072583242410447,15464.732250125873
ENSG00000255299,ENSG00000255299,8,0.23469357674532398,0.0231983953480222,7880.096299186887
ENSG00000259917,HNRNPLP2,8,0.24976469473483343,0.06879500853937304,13642.574129679746
ENSG00000266527,LYRM9-AS1,8,0.23407846667299667,0.019150002380351576,11959.279960172562
ENSG00000255921,BCAT1-DT,8,0.2357127064843282,0.026509530811397987,8812.915506186537
ENSG00000233178,ENSG00000233178,8,0.21817140962070267,0.006347254569848382,10620.69486327668
ENSG00000277825,ENSG00000277825,8,0.23855347799080345,0.028288987896266937,14204.68692551302
ENSG00000184343,SRPK3,8,0.23581588284220262,0.03175565483806398,11666.330084036654
ENSG00000233215,LINC01687,8,0.224505964225206,0.013835759544495637,10034.386593143807
ENSG00000277801,ENSG00000277801,8,0.23428508259374117,0.06359349987756158,15603.641960180388
ENSG00000225400,RAB28P5,8,0.24134292452333597,0.03997412649661594,11873.882483458181
ENSG00000259666,LINGO1-AS1,8,0.23880983965552166,0.0377470600249397,7178.64890906017
ENSG00000182308,DCAF4L1,8,0.22363896697306665,0.012926813295435186,8066.07548287796
ENSG00000277701,ENSG00000277701,8,0.2471426465788518,0.04361475432012217,12286.4510615516
ENSG00000179636,TPPP2,8,0.22912652790501611,0.01639620818538635,13621.146109535104
ENSG00000179141,MTUS2-AS1,8,0.25463214469955703,0.08770607976079643,11476.42325753474
ENSG00000226469,ADAM1B,8,0.23554530810777702,0.025486444352972443,10784.007639637868
ENSG00000226097,ENSG00000226097,8,0.2582956950190833,0.10557803023937241,10909.884916811558
ENSG00000289124,ENSG00000289124,8,0.2249105103018723,0.013810054654464173,8157.245655046543
ENSG00000279894,ENSG00000279894,8,0.2180548098081047,0.006196115941561508,10885.521021751012
ENSG00000179363,TMEM31,8,0.23647073686871134,0.02214867326663747,10967.479406906676
ENSG00000226545,ENSG00000226545,8,0.2232094164219158,0.011762411764903342,8819.700066189145
ENSG00000225877,PSG8-AS1,8,0.23394581135572928,0.020610865455286,10617.646892415836
ENSG00000286669,ENSG00000286669,8,0.24210911426255116,0.036525861248057345,13570.073837393593
ENSG00000234076,TPRG1-AS1,8,0.21885916427153404,0.007373730551577029,11872.895831917649
ENSG00000179774,ATOH7,8,0.2277920785825083,0.021746710638701164,9203.695044631308
ENSG00000259394,ENSG00000259394,8,0.2342766600339131,0.024692604742568756,7192.7576500464365
ENSG00000225956,ENSG00000225956,8,0.24320062537506398,0.039024018035789414,13062.383464691797
ENSG00000289103,ENSG00000289103,8,0.23755382542139764,0.03319488011591359,13418.500975681683
ENSG00000226468,ENSG00000226468,8,0.23306091616395982,0.02396134931016014,8892.796323567878
ENSG00000283511,ENSG00000283511,8,0.2293981554594204,0.013168726190242674,13892.939620383342
ENSG00000259563,ENSG00000259563,8,0.2349307244454383,0.024901581434041517,10123.484188600154
ENSG00000289146,ENSG00000289146,8,0.2202459913879646,0.0068914266748833644,16571.92992600463
ENSG00000289149,ENSG00000289149,8,0.24059147426381713,0.03151869325104047,10436.1774873871
ENSG00000234181,PIGO-AS1,8,0.23411689460220453,0.029063225075521826,12806.506912023686
ENSG00000286645,ENSG00000286645,8,0.24422343998399224,0.040421921862993655,9371.530918868364
ENSG00000259465,AHCYP7,8,0.2509383258056546,0.07166475706709025,14882.909657447159
ENSG00000279879,ENSG00000279879,8,0.22586515481720598,0.017111694178571446,7522.954321097999
ENSG00000226375,ENSG00000226375,8,0.2431345609214253,0.03370594429400176,16511.4109236186
ENSG00000234186,C16orf82,8,0.2246536222271649,0.009878154843805801,12673.865540633193
ENSG00000226258,GRM7-AS3,8,0.21509559605406636,0.0057448337472759065,10493.993963265597
ENSG00000259502,ENSG00000259502,8,0.24691234220859676,0.05342943387899853,13198.475138916476
ENSG00000259499,ENSG00000259499,8,0.21506874914461926,0.005349074234661789,9883.463128794838
ENSG00000234197,ETV5-AS1,8,0.23389790804671623,0.02400508525228093,13607.220486509277
ENSG00000267281,ATF7-NPFF,8,0.25024899192485595,0.06656825574021724,12987.254096120538
ENSG00000178631,ACTG1P1,8,0.2407220239411276,0.03425399383431497,9376.593753029896
ENSG00000234006,DDX39B-AS1,8,0.2323023593695876,0.01924480659334272,13006.85449580474
ENSG00000234005,GAPDHP22,8,0.24403156354294556,0.03487013790761926,12140.718508621007
ENSG00000179935,LINC00652,8,0.2387843087710478,0.03513282761745096,6833.2050188422445
ENSG00000289065,ENSG00000289065,8,0.23076840066119042,0.02460928607571993,10211.3084290344
ENSG00000255101,ENSG00000255101,8,0.24406104250233798,0.05226458053899699,13985.633134654629
ENSG00000181626,ANKRD62,8,0.24134002926839584,0.029570067383905874,14822.574444409745
ENSG00000181359,HSP90AA6P,8,0.24042881357716808,0.03278800481884727,11374.576678114863
ENSG00000233681,CEACAMP1,8,0.24131792004885122,0.03303303410713951,20810.38348154053
ENSG00000267033,ENSG00000267033,8,0.2643554636092465,0.14377680331537102,25486.731713285797
ENSG00000283232,CYP2C23P,8,0.2513673499468158,0.06095240102751194,11630.092372346006
ENSG00000277597,ENSG00000277597,8,0.23444826969037771,0.021878419180924633,9445.5861844819
ENSG00000226650,KIF4B,8,0.2352557826137415,0.02362339636796534,11791.554834252447
ENSG00000255075,CENPUP1,8,0.22290883631810796,0.010185441957786296,13099.3819437685
ENSG00000255071,SAA2-SAA4,8,0.22385742711856638,0.010517219829183659,14586.711290786241
ENSG00000181215,C4orf50,8,0.22704826126783353,0.02947679154028368,8602.545128176707
ENSG00000181143,MUC16,8,0.26219612983372914,0.1146072796801753,10516.413831562786
ENSG00000233791,BTG2-DT,8,0.2386634976785368,0.034599225665634045,9568.695922278364
ENSG00000283347,ENSG00000283347,8,0.24123685291052133,0.046015848658151406,10197.391428084224
ENSG00000233828,MIR4280HG,8,0.2358553635913891,0.026688502363575808,7773.037819267121
ENSG00000180043,GARIN5B,8,0.2550566943558105,0.08595967828416387,13200.936237526297
ENSG00000180764,PIPSL,8,0.24100997020519543,0.030318488633111283,11310.735600316588
ENSG00000267101,ENSG00000267101,8,0.23583983449670903,0.028120481672555944,7853.366625579924
ENSG00000225940,C5orf67,8,0.23935151553436262,0.03415536093844465,10307.675966663342
ENSG00000180574,EIF2S3B,8,0.22206921238540464,0.009992558931535453,19203.401687682388
ENSG00000180332,KCTD4,8,0.2192852931577556,0.007167426280443973,8572.975867608393
ENSG00000277541,ZNF630-AS1,8,0.21804401840332668,0.005802083691004148,8507.942817199488
ENSG00000259617,ENSG00000259617,8,0.22560431866757918,0.014501713927302765,13819.190085851476
ENSG00000289086,ENSG00000289086,8,0.23681369297664598,0.02415389729806822,11824.801068883244
ENSG00000233922,LINC01694,8,0.224992367055186,0.01268585953393904,11168.866852116023
ENSG00000233932,CTXN2,8,0.23529684259289546,0.029108225559124384,11002.730781762884
ENSG00000233953,ENSG00000233953,8,0.23952575724077318,0.05553077482526695,15572.438233209783
ENSG00000225953,SATB2-AS1,8,0.2469260288683145,0.06926782368973208,16147.632359264851
ENSG00000180061,TMEM150B,8,0.24663308170934947,0.05021790420799387,10138.143913833823
ENSG00000226604,PAPPA-AS2,8,0.2410502405693657,0.04304829278927658,8112.945263235836
ENSG00000185105,MYADML2,8,0.24255498352336544,0.03832213149261878,9122.877069943363
ENSG00000283125,ENSG00000283125,8,0.23832422644052637,0.03192185488276167,12019.715845613095
ENSG00000186645,SPDYE17,8,0.23569296610973473,0.029725294456631027,8388.290149983828
ENSG00000255516,ENSG00000255516,8,0.21974906035820205,0.011859118235553837,7237.64773041236
ENSG00000265254,ENSG00000265254,8,0.23194834865188094,0.02639981839037834,10846.03979775364
ENSG00000232628,ENSG00000232628,8,0.24572713011801384,0.04229876462534247,12392.64729490985
ENSG00000227121,LINC02672,8,0.22513449775225755,0.01444843886817006,11234.951866174457
ENSG00000265908,ENSG00000265908,8,0.24987971531746359,0.06308895296346786,10667.69527784197
ENSG00000259125,LRP1-AS,8,0.23487729383153935,0.03049434595074136,9332.60083370732
ENSG00000288908,ENSG00000288908,8,0.22820688965396285,0.02795638217389957,11141.130683553432
ENSG00000227290,LINC01364,8,0.24089284398260818,0.04504004819112462,9244.080033458764
ENSG00000255487,ENSG00000255487,8,0.22250507985642565,0.012560325658272819,14056.105579481622
ENSG00000232287,SLC6A1-AS1,8,0.23215022688272183,0.021061894488146483,11488.077020202269
ENSG00000224924,LINC00320,8,0.2512299569396469,0.08598538896930441,8554.490821454056
ENSG00000265912,ENSG00000265912,8,0.23482044155271034,0.020524653798965356,14307.884928000261
ENSG00000265962,GACAT2,8,0.2203225840413863,0.010373019908986062,14572.913029154575
ENSG00000287545,ENSG00000287545,8,0.24374124843392642,0.03201044808141174,12337.965286683664
ENSG00000232679,LINC01705,8,0.2406025288735893,0.060051757476553,6947.582057937625
ENSG00000286849,ENSG00000286849,8,0.23229077834982603,0.02177369409350046,10322.786945331742
ENSG00000265975,ENSG00000265975,8,0.21215375382967208,0.01834848947333925,6798.95655231758
ENSG00000280094,OR1B1,8,0.22186180684967755,0.010345296499183167,8301.25217498065
ENSG00000186160,CYP4Z1,8,0.23378999399893946,0.02209710896743523,8060.933662324933
ENSG00000288945,ENSG00000288945,8,0.23346335660066853,0.023886009428859895,7281.13116003256
ENSG00000187808,SOWAHD,8,0.26779055199348656,0.19119259870635835,16275.569725668971
ENSG00000186399,GOLGA8R,8,0.23603960708759342,0.022192190488087023,8518.645175984913
ENSG00000266002,ENSG00000266002,8,0.22686586020659066,0.01270996500115785,15541.579722026529
ENSG00000224910,LINC01766,8,0.23557768232211004,0.03681491213228307,11286.482821650989
ENSG00000255553,LINC02733,8,0.24459955992124385,0.04020821775839648,13150.168273132096
ENSG00000187185,ENSG00000187185,8,0.23495336007497197,0.02689425263021542,13347.800432553127
ENSG00000260042,ENSG00000260042,8,0.2580624953938869,0.08193466428199488,12959.730333345293
ENSG00000279694,ENSG00000279694,8,0.24695971910762035,0.04639005526376797,11994.773019756827
ENSG00000255566,ENSG00000255566,8,0.24691971194844448,0.05421370600737549,7592.389610734732
ENSG00000277969,ENSG00000277969,8,0.22376820062540453,0.010596465268592405,8874.740148354249
ENSG00000227256,MIS18A-AS1,8,0.2335138919596277,0.027082762102872,12634.146272517795
ENSG00000265692,LINC01970,8,0.2164961098302148,0.005834547739122742,14287.63930472987
ENSG00000187513,GJA4,8,0.25006738047859806,0.09902419584660567,5922.336560053819
ENSG00000287548,ENSG00000287548,8,0.23771727572303059,0.025471764283184425,12709.050510762532
ENSG00000286865,ENSG00000286865,8,0.2386687617784283,0.032558847585394256,13688.12918043305
ENSG00000225078,ENSG00000225078,8,0.24309981786214085,0.043463491883632015,8616.007382063312
ENSG00000278058,ENSG00000278058,8,0.2292912942316216,0.019913628685289658,9826.62408166292
ENSG00000232600,TONSL-AS1,8,0.23045413389766467,0.02043922726853649,9216.279782482787
ENSG00000227274,MYOCD-AS1,8,0.2372887779918584,0.02946733390151761,9433.504323826683
ENSG00000287347,ENSG00000287347,8,0.24485144710105433,0.03956800247609262,12569.078456551153
ENSG00000187758,ADH1A,8,0.2305525725656372,0.020254780816241554,6577.767875289807
ENSG00000288915,ENSG00000288915,8,0.24337328785150672,0.03881869851875395,16559.70722143212
ENSG00000232615,PPP4R2P5,8,0.22879383679187057,0.017225442026154864,14657.590239699344
ENSG00000232756,DDX3ILA1,8,0.2329748481307327,0.027099771383961812,7630.5636206773725
ENSG00000188013,MEIS3P2,8,0.2253687501974321,0.011737997329455607,10863.934063324596
ENSG00000265618,ENSG00000265618,8,0.25298421822850636,0.09014335785807229,14146.032307038877
ENSG00000185155,MIXL1,8,0.22017913731934238,0.020157390621922157,9149.0089687501
ENSG00000260097,SPDYE6,8,0.25098412347471105,0.06749218867292668,10106.139974662392
ENSG00000286838,ENSG00000286838,8,0.24085652169335642,0.044678870698529466,7323.937295492282
ENSG00000224846,NQO2-AS1,8,0.23208547845405564,0.020378584585951737,12634.125246577913
ENSG00000265091,ENSG00000265091,8,0.23752250402704325,0.04333132653579637,12476.237459917158
ENSG00000185303,SFTPA2,8,0.25184638303694684,0.058838598424095584,10626.115171251491
ENSG00000287539,ENSG00000287539,8,0.22718065338010524,0.012565735709292376,11153.192026631366
ENSG00000255404,ENSG00000255404,8,0.24395365486455067,0.03896589415736992,8463.843973126417
ENSG00000266290,DYNLL2-DT,8,0.23413874061675444,0.022591546260033287,6449.40170926395
ENSG00000286819,ENSG00000286819,8,0.23833238579535818,0.026536480387101026,10480.908007880651
ENSG00000282527,ENSG00000282527,8,0.22914495225463657,0.0144218020568137,8801.042930454703
ENSG00000224869,ENSG00000224869,8,0.23327095374963278,0.020594049395442356,10715.370574789988
ENSG00000224865,ENSG00000224865,8,0.24892954528703876,0.058030922882506664,12817.624493887803
ENSG00000225258,ENSG00000225258,8,0.23419506648559396,0.020570863991908595,9383.434230275816
ENSG00000188396,DYNLT4,8,0.2434011875809321,0.04666113507595905,12532.93304193851
ENSG00000232097,VPS51P2,8,0.23276323131509286,0.018827004323862164,11082.8239032564
ENSG00000255395,ENSG00000255395,8,0.26431756209002594,0.15068104773776103,17976.282851205924
ENSG00000232149,FERP1,8,0.25403335333689253,0.06174716231519873,17233.54525315943
ENSG00000185269,NOTUM,8,0.22890069801966859,0.016397393629910467,7721.776380283359
ENSG00000266010,GATA6-AS1,8,0.24341776949559077,0.03927718914284388,10084.099282181187
ENSG00000288896,ENSG00000288896,8,0.22946527273303702,0.015400351987336872,13289.14734671313
ENSG00000260166,ENSG00000260166,8,0.2371563858795863,0.03976822721855763,13101.55050817756
ENSG00000288892,PEARL1,8,0.2570473137298015,0.10347843958737478,10144.395074360977
ENSG00000227303,ENSG00000227303,8,0.25569786172260234,0.09282095557358491,14410.665356116793
ENSG00000232162,USP12-AS1,8,0.22226740574632184,0.009649026924068068,18980.217348578066
ENSG00000273209,ENSG00000273209,7,0.22592700799093135,0.013211455427594221,5880.067049699438
ENSG00000249279,LINC02057,7,0.20612004253396804,0.0036542338474199335,7414.998497649808
ENSG00000260951,ENSG00000260951,7,0.24053093711506457,0.05481690681563491,6785.615322691346
ENSG00000258628,RHPN2P1,7,0.22562563827213974,0.0182332557721042,8501.793268230052
ENSG00000261071,ENSG00000261071,7,0.22195577103274128,0.010938064515520948,7919.681822053878
ENSG00000279833,ENSG00000279833,7,0.2242581567228113,0.009544396038957886,8175.011011181508
ENSG00000260898,ADPGK-AS1,7,0.24965941273700207,0.07352283677906087,10191.0307427441
ENSG00000260979,USP7-AS1,7,0.25004184959412395,0.10363706299260782,9641.374379470119
ENSG00000272573,MUSTN1,7,0.22514449954205176,0.012068659326559998,9338.234253997476
ENSG00000259065,MIDEAS-AS1,7,0.22556299548343078,0.014576082728886924,10272.900164988661
ENSG00000273747,ENSG00000273747,7,0.23401292862934614,0.027992424937543153,4807.774671721169
ENSG00000275016,ENSG00000275016,7,0.2321281176631771,0.018317281595681776,10352.004441741454
ENSG00000249930,ENSG00000249930,7,0.22354500279000242,0.011901527331604907,6946.361792113699
ENSG00000260122,ENSG00000260122,7,0.23212364317826953,0.022391733558022864,6400.612536207479
ENSG00000279613,ENSG00000279613,7,0.2541338976448214,0.08797122461176607,9490.287881271379
ENSG00000259385,ENSG00000259385,7,0.23412663318700397,0.026240908453985915,7377.607295098194
ENSG00000250794,ALG1L12P,7,0.22784340355645077,0.015547369700704937,8036.5492874510155
ENSG00000273261,ENSG00000273261,7,0.23060731920450908,0.03038434253421909,7619.885693652352
ENSG00000279399,ENSG00000279399,7,0.22760230778141813,0.015822934064041335,18590.86223698109
ENSG00000280087,ENSG00000280087,7,0.2230112230609984,0.01764694653635413,6640.560631767271
ENSG00000279611,ENSG00000279611,7,0.24172825663539735,0.03783850892430545,12570.925091969924
ENSG00000275005,ENSG00000275005,7,0.2322776181000973,0.022485183331520543,7224.37622909174
ENSG00000250814,LINC02221,7,0.22665713864589065,0.011675628116499718,12064.825631254742
ENSG00000285577,ENSG00000285577,7,0.21852910520833363,0.006793543235624489,13941.018068112047
ENSG00000260910,SWINGN,7,0.2573368392238374,0.10921117830200176,9408.385283920077
ENSG00000273171,ENSG00000273171,7,0.2361509428002997,0.02263412500037145,9269.240608259257
ENSG00000285627,ENSG00000285627,7,0.22863328174517764,0.017182165220440172,7566.771537580905
ENSG00000274565,ENSG00000274565,7,0.2205934219808068,0.011793126192433034,10793.704806033249
ENSG00000273890,ENSG00000273890,7,0.2228406662245117,0.012144463129320538,5908.37585425517
ENSG00000272549,LINC02538,7,0.2193750460609064,0.0098954000729026,10821.97242320152
ENSG00000261028,ENSG00000261028,7,0.22369029194700935,0.011519747502389538,5248.2300942188085
ENSG00000261026,ENSG00000261026,7,0.22454386574442564,0.015310439546033863,8764.30851011876
ENSG00000259417,CTXND1,7,0.22007359211651586,0.0072417031991741316,12724.27959843083
ENSG00000249889,ALG1L11P,7,0.2318188517945485,0.027446674696832908,6523.893296419881
ENSG00000250877,ENSG00000250877,7,0.224560710864078,0.013322765331048732,7357.258381666358
ENSG00000258558,ENSG00000258558,7,0.23052598886118417,0.023426379875366974,5617.946194835235
ENSG00000249234,ENSG00000249234,7,0.2626298916647942,0.16516283435980583,10433.179232471584
ENSG00000259030,FPGT-TNNI3K,7,0.2205734184012193,0.008432566459171871,13590.178342395648
ENSG00000279847,LINC02906,7,0.23192939789227124,0.02687894540988047,5412.352749077384
ENSG00000273240,ENSG00000273240,7,0.24013955128812747,0.03399500224394538,9197.886578590682
ENSG00000258534,ENSG00000258534,7,0.23166592969269936,0.031540403008840825,8341.622713911489
ENSG00000249868,ENSG00000249868,7,0.24238258425191717,0.0467217671991413,5782.397972920164
ENSG00000249965,CDC42P4,7,0.22399008243583324,0.012384900132981479,6341.166301274469
ENSG00000260229,PPIAP51,7,0.24720344693259919,0.06034827166507056,9817.282964496817
ENSG00000280109,PLAC4,7,0.2143907330785867,0.005834207670661669,7007.141313307292
ENSG00000259018,ENSG00000259018,7,0.23990161397302914,0.03514675921927682,11220.231037855234
ENSG00000274270,ENSG00000274270,7,0.24118210627164904,0.039623890663640374,7677.593512935048
ENSG00000273254,ENSG00000273254,7,0.22288883273852012,0.011679843726240346,6077.5518893735225
ENSG00000272554,ENSG00000272554,7,0.229164166219241,0.02034192258970507,9967.757046800227
ENSG00000273172,LINC02091,7,0.22563853531687442,0.011821065089506776,11424.4630634981
ENSG00000285548,ENSG00000285548,7,0.22802764705265544,0.019377668939957644,10863.447946026445
ENSG00000259458,MGC15885,7,0.22719644567977987,0.0147417584061078,6082.151935627415
ENSG00000272556,GTF2IP13,7,0.22678321383829347,0.011897120880307376,11538.784007902223
ENSG00000260095,ENSG00000260095,7,0.22668161671038645,0.01437975411184365,7048.994024748914
ENSG00000272508,ENSG00000272508,7,0.23738063653496563,0.0294952642021097,8625.536658461137
ENSG00000250041,ENSG00000250041,7,0.2307594516913746,0.017221458407463815,6644.695706656485
ENSG00000273765,ENSG00000273765,7,0.24335670593684872,0.03810706165060668,7291.969745575446
ENSG00000250863,ENSG00000250863,7,0.2338860638219616,0.05547349966362277,6584.209078006467
ENSG00000272899,SPMIP1,7,0.22698588168411804,0.012708474891123657,8789.95197382722
ENSG00000260369,ENSG00000260369,7,0.22997207395009642,0.026029615378124964,15901.598401924079
ENSG00000273372,SFTPD-AS1,7,0.22683743406717616,0.013524453801037959,6348.25454286187
ENSG00000250508,LINC02701,7,0.23023435772719267,0.02806917186004119,8545.811755656248
ENSG00000273325,ENSG00000273325,7,0.2247178442458408,0.012210265316281495,6947.317422417259
ENSG00000258760,ENSG00000258760,7,0.25345088068389265,0.11292606231315161,6066.153279655432
ENSG00000249604,ENSG00000249604,7,0.24983154880345587,0.05711451420199975,14538.370761573755
ENSG00000259895,TEDC2-AS1,7,0.2191347399008567,0.007919271592387657,6589.641534644681
ENSG00000272990,ENSG00000272990,7,0.22622864091471764,0.017550261539366813,10245.262056989895
ENSG00000273320,NAMPT-AS1,7,0.23022119747746367,0.02574823891124973,8285.133710148692
ENSG00000272807,ENSG00000272807,7,0.22291489003298312,0.02127862623155204,6356.545512098968
ENSG00000259883,EHD4-AS1,7,0.22802764705265563,0.015352721697537295,7779.960316076738
ENSG00000260008,ENSG00000260008,7,0.22262510133395286,0.011115117847520525,5998.086931624061
ENSG00000273306,ENSG00000273306,7,0.22813319225548104,0.014430640050060976,4918.188236316885
ENSG00000272769,ENSG00000272769,7,0.235980122758819,0.029062106740770133,6703.739392524231
ENSG00000272767,JMJD1C-AS1,7,0.2379815335375866,0.022477888994001945,12502.367640651588
ENSG00000259818,CZIB-DT,7,0.23827527031153492,0.041884485899920866,7606.716882145753
ENSG00000273013,ENSG00000273013,7,0.2253168988135004,0.011419414420889482,6919.552214943444
ENSG00000260011,ENSG00000260011,7,0.2371903393238863,0.028217558813305798,7641.603432045655
ENSG00000273047,ENSG00000273047,7,0.2376748997189037,0.032102377208281165,8442.912644338558
ENSG00000250548,LINC01303,7,0.2320975858838065,0.027534307287774454,5455.52651910212
ENSG00000259237,LINC02490,7,0.2000497457440189,0.006671404122993318,4346.153480333071
ENSG00000259144,RANBP20P,7,0.2317130433867285,0.025789902093741286,5815.220182246807
ENSG00000273374,ENSG00000273374,7,0.23368313277114097,0.022400689985577364,9731.568800543082
ENSG00000250081,ENSG00000250081,7,0.21919080256470197,0.006843657062570442,8188.182778637696
ENSG00000260001,TGFBR3L,7,0.22758862112170009,0.012786834827526041,9646.527071428322
ENSG00000258837,ENSG00000258837,7,0.21029473695296746,0.003844035747637332,8210.60191359234
ENSG00000273387,ENSG00000273387,7,0.25375777770756985,0.08729960953672249,8307.449085527325
ENSG00000250343,STK32A-AS1,7,0.23474621774423945,0.021687942465008873,8746.092816057253
ENSG00000259180,ENSG00000259180,7,0.2212940736763734,0.00681708250595181,9124.897051523192
ENSG00000259954,IL21R-AS1,7,0.22714143583591262,0.014331198242550958,9019.242370248425
ENSG00000272885,ENSG00000272885,7,0.22788420033061085,0.01885584737685089,7374.183078429625
ENSG00000260628,ENSG00000260628,7,0.22378294010510075,0.014064668354090853,8825.848253697313
ENSG00000285402,ENSG00000285402,7,0.23085499510440635,0.01837892177862495,7114.411724241555
ENSG00000272855,ENSG00000272855,7,0.2320159923354874,0.03217957359943297,7569.362644333014
ENSG00000260563,ENSG00000260563,7,0.21837434067152156,0.009813624106431414,6330.9250089453035
ENSG00000258783,KRT18P6,7,0.22696614130952478,0.014894709700873105,5224.082708520455
ENSG00000279521,ENSG00000279521,7,0.23991293178779619,0.031691891807050974,7607.706115851487
ENSG00000274825,ENSG00000274825,7,0.23668498573429808,0.02893491213563272,13734.779479526758
ENSG00000258772,ENSG00000258772,7,0.22917179916408348,0.01797337095160464,5900.1464493409185
ENSG00000272954,ENSG00000272954,7,0.22357921943929776,0.009983469638878601,13458.116750490399
ENSG00000260672,ENSG00000260672,7,0.2173042807660652,0.007987148944755305,5194.291847156343
ENSG00000285518,ENSG00000285518,7,0.23400292683955273,0.024030756338415837,10343.636241800146
ENSG00000259163,TTC7B-AS1,7,0.2231767790025881,0.010152315166649233,8044.8878329648005
ENSG00000272829,ENSG00000272829,7,0.24179563711400953,0.04638516534977216,8833.135650409607
ENSG00000260744,ENSG00000260744,7,0.2282016255540708,0.021010347381169154,7893.532529562972
ENSG00000258735,PPP1R13B-DT,7,0.22694903298487676,0.013922430610495131,11184.004265381569
ENSG00000250564,LINC02999,7,0.21535985386862333,0.01511486026096775,7705.143657644998
ENSG00000250582,SMAD1-AS2,7,0.2316983039070324,0.018765835936015652,7267.997985425209
ENSG00000273271,ENSG00000273271,7,0.22788920122550743,0.01241016826767012,9025.232576178712
ENSG00000249330,ENSG00000249330,7,0.23786019603508615,0.03660987085652459,5880.2923334312445
ENSG00000259335,HNRNPMP1,7,0.227122221871309,0.01579703012741233,6084.540176716519
ENSG00000280116,ENSG00000280116,7,0.24863343966813906,0.05855706555298792,11118.223091202357
ENSG00000249309,ENSG00000249309,7,0.21144099470435349,0.004599998091432112,6568.478790840178
ENSG00000259175,ENSG00000259175,7,0.2243683080130421,0.010284284353515704,12990.511500444203
ENSG00000285599,ENSG00000285599,7,0.23096264594718835,0.025381817661638346,4508.450583105766
ENSG00000260886,TAT-AS1,7,0.23564743164567276,0.04239139000532721,5541.548090729697
ENSG00000259649,ENSG00000259649,7,0.2227538085763017,0.009376807463315453,8456.32580755428
ENSG00000273654,ENSG00000273654,7,0.22967057262880758,0.02036168646005633,10413.015067549039
ENSG00000260029,ENSG00000260029,7,0.2438704820862639,0.0555737231185136,6703.321560469259
ENSG00000285619,ENSG00000285619,7,0.2074494909615822,0.0038645333958924645,9422.193992084653
ENSG00000259087,ENSG00000259087,7,0.21978630386493414,0.01129203264131031,10857.465272726247
ENSG00000250098,ENSG00000250098,7,0.22913652969480983,0.01985895678087931,9677.86701275424
ENSG00000260378,ENSG00000260378,7,0.23123137824665183,0.020846749580706047,7461.289727768016
ENSG00000274698,ENSG00000274698,7,0.23475727235401148,0.02278721939657619,8320.125498503183
ENSG00000250748,MSRB3-AS1,7,0.2386524430687647,0.040908858318285196,6879.173247360761
ENSG00000259376,ENSG00000259376,7,0.21714701578180529,0.007471518634306252,7945.3494474908775
ENSG00000272609,ENSG00000272609,7,0.2398118610698784,0.033289969202980094,7204.7435845914015
ENSG00000273300,ENSG00000273300,7,0.2294639567080644,0.0159363788737996,6217.458801539396
ENSG00000249345,LINC02405,7,0.24328669340829082,0.04244043367875086,5020.532330482857
ENSG00000274717,ADAMTS7P5,7,0.23880878683554335,0.03629475939528289,6840.024051685787
ENSG00000260806,PAPOLA-DT,7,0.22571065348538835,0.01348264145707987,8401.841183764025
ENSG00000250583,ENSG00000250583,7,0.24068833370182172,0.03618496701200758,8334.710645394547
ENSG00000274949,ENSG00000274949,7,0.24102865775981047,0.027232525151765913,13970.44110917665
ENSG00000272721,EIF2B5-DT,7,0.23400003158461236,0.02113525979771038,10454.280618479981
ENSG00000273062,RALGPS2-AS1,7,0.2416919343461455,0.039805249267376074,9380.892482087243
ENSG00000280122,ENSG00000280122,7,0.22784550919640786,0.015615488338255802,6462.993781607934
ENSG00000259106,ENSG00000259106,7,0.23326332080478987,0.02700155662595822,5941.725879616911
ENSG00000259728,LINC00933,7,0.2546705726287652,0.07777270965219926,9666.817814966385
ENSG00000279437,ENSG00000279437,7,0.22330022214504497,0.010347765955778692,6983.083354649895
ENSG00000259312,ENSG00000259312,7,0.24712974953411757,0.060699002555573554,7073.002089815238
ENSG00000260879,ENSG00000260879,7,0.23014513123403074,0.019181975763843354,9638.424120671187
ENSG00000280176,ENSG00000280176,7,0.22311176736892732,0.01072831559723514,6822.874410903315
ENSG00000259321,ENSG00000259321,7,0.23145141762211865,0.023248970271997346,15154.1766760611
ENSG00000274996,ENSG00000274996,7,0.24544760641377247,0.04722488399332546,9453.701294045195
ENSG00000249373,ENSG00000249373,7,0.22969899876822264,0.0237305728528601,7495.012868233926
ENSG00000259104,PTCSC3,7,0.22920759504334576,0.0167196068060629,6318.992819674583
ENSG00000250144,EEF1A1P35,7,0.23326411041977355,0.025224075352579253,12757.582440426726
ENSG00000250140,ENSG00000250140,7,0.22697430066435642,0.012424400571153887,9371.758294582674
ENSG00000260418,ENSG00000260418,7,0.2487389848709651,0.09609653581342407,7599.049892277596
ENSG00000275103,ENSG00000275103,7,0.22932709011088398,0.021972183556510656,8948.894426570616
ENSG00000254877,ENSG00000254877,7,0.23694371624396707,0.03264122880875579,10002.536203097492
ENSG00000250950,ENSG00000250950,7,0.2273048861375455,0.015662524617879793,9320.3099575376
ENSG00000269313,MAGIX,7,0.23009117421014283,0.03155182098192006,8054.79134598939
ENSG00000255537,ENSG00000255537,7,0.23263768253267902,0.020698918009243124,11499.525348549829
ENSG00000269145,MAST3-AS1,7,0.22487550403759307,0.018932206522045227,11191.303781207405
ENSG00000269161,ENSG00000269161,7,0.23966630870787722,0.03108714680940732,11061.218187448212
ENSG00000269242,ENSG00000269242,7,0.2210650853310902,0.009880345061223624,6477.547522675792
ENSG00000254090,MTND2P32,7,0.23692634471432522,0.029979743762017355,5689.490771125068
ENSG00000265656,ENSG00000265656,7,0.21455444658521383,0.007721699163434214,6672.9254606181685
ENSG00000277971,ENSG00000277971,7,0.23131718307488408,0.019864582334296322,8308.050798101309
ENSG00000265487,ENSG00000265487,7,0.24291741680089848,0.04766702448611352,8021.576024901533
ENSG00000266248,ENSG00000266248,7,0.2362570144131143,0.03608730128490178,9211.097645629037
ENSG00000284391,ENSG00000284391,7,0.22596464630515609,0.013564423738832399,9686.630840086558
ENSG00000255587,RAB44,7,0.22570591579548635,0.014293143745619468,7515.2684920102165
ENSG00000265399,ENSG00000265399,7,0.2351718202204716,0.023422505334137422,15203.359728057405
ENSG00000276292,ENSG00000276292,7,0.24282187338786757,0.05313050555077256,7387.331083716496
ENSG00000276278,ENSG00000276278,7,0.2251842434962329,0.0128148242497428,6468.511124299049
ENSG00000265205,ENSG00000265205,7,0.2226574755482861,0.01159888160320835,8151.554048648563
ENSG00000269469,ENSG00000269469,7,0.2138927492288453,0.008270378727941594,10234.11859144764
ENSG00000284237,LINC02767,7,0.24677942368633454,0.04522195680211673,7649.935111625431
ENSG00000254177,ENSG00000254177,7,0.22612809660678884,0.012803553151353928,6830.017490218854
ENSG00000255524,NPIPB8,7,0.23661286756578334,0.028782225488956252,7821.340013138112
ENSG00000254178,ENSG00000254178,7,0.22917732646896943,0.020660080304081587,7740.173208398312
ENSG00000255438,ENSG00000255438,7,0.24164797911205121,0.04116334332006121,6131.102903236014
ENSG00000254305,MRPL9P1,7,0.25030058010379314,0.07892721002247848,10807.26306133005
ENSG00000277938,ENSG00000277938,7,0.21383326490007093,0.006669621602204974,11562.800358253156
ENSG00000276445,ENSG00000276445,7,0.23543055073014113,0.02779931155173856,12057.350548107139
ENSG00000268894,PLCE1-AS1,7,0.21346517271515406,0.005596910006336525,8030.983341399953
ENSG00000266100,ENSG00000266100,7,0.24317009359569317,0.04312931679345472,10231.550344365156
ENSG00000254300,LINC01111,7,0.24819388732719466,0.05230183820925681,12996.577781276152
ENSG00000254288,ENSG00000254288,7,0.2559226387879718,0.15771595527842217,18716.46689361969
ENSG00000283971,MIR4442,7,0.23618200098966,0.019829510256901973,10870.442052183162
ENSG00000255447,ENSG00000255447,7,0.23643204573450835,0.03496291275725339,8884.1565212422
ENSG00000269038,SF1-DT,7,0.21412305359910142,0.006027249201069548,9877.630706422811
ENSG00000265790,RNASEH1P1,7,0.2242422328206389,0.012194457257862128,7251.11464937507
ENSG00000265778,ZNF516-AS1,7,0.2199985786930613,0.008802502012985708,7476.55485291062
ENSG00000265735,RN7SL5P,7,0.23583641283177967,0.025526299393420403,7560.9899546782635
ENSG00000254198,ENSG00000254198,7,0.23129717949529646,0.018733542059929754,6711.633851695064
ENSG00000269516,CYP4F23P,7,0.2304899297769275,0.020341216891530334,6154.430707075264
ENSG00000265190,ANXA8,7,0.23509707000201113,0.024170532548720206,11634.398601335311
ENSG00000276250,ENSG00000276250,7,0.21601970879002869,0.008145291763171117,8555.784937658367
ENSG00000256189,DPPA4P3,7,0.24383837107692546,0.0491199563904163,7737.225085368869
ENSG00000284586,MIR92B,7,0.23793494625354616,0.03233049613216463,5469.995532863848
ENSG00000269889,ENSG00000269889,7,0.23273269953572184,0.026562576381487533,5720.435597211405
ENSG00000269901,ENSG00000269901,7,0.235350799616784,0.03140402265212395,8066.580553581249
ENSG00000256226,ENSG00000256226,7,0.21703489045411525,0.008594429271198039,8147.60425354731
ENSG00000256238,SUPT16HP1,7,0.22021980249100362,0.009386227164432041,9642.730939160865
ENSG00000269985,FARS2-AS1,7,0.2365125864628491,0.02614770425545342,11173.879750040582
ENSG00000253713,ENSG00000253713,7,0.24416053399028836,0.043293506756356674,8219.669436423177
ENSG00000256249,ENSG00000256249,7,0.22961951085985968,0.016353655325523644,12836.26792618918
ENSG00000278611,ZNF426-DT,7,0.22898202836299336,0.023679180730053512,10986.872974621316
ENSG00000270006,C16orf95-DT,7,0.21413713506631143,0.0049297993519894215,7801.093014619647
ENSG00000264339,ENSG00000264339,7,0.24014428897802978,0.031999175588298574,13686.814944743093
ENSG00000253673,ENSG00000253673,7,0.2100374540707674,0.004362740093611341,6297.962312998274
ENSG00000264149,ENSG00000264149,7,0.2379194171588662,0.021147215183015596,11510.199368486481
ENSG00000256340,ABCC6P1,7,0.22939341776951747,0.02002271622534376,9859.408894933516
ENSG00000270021,ENSG00000270021,7,0.22903045808199526,0.016216700963935377,7489.206086635607
ENSG00000256193,LINC00507,7,0.23324673889013164,0.020106308512880748,7463.126476374124
ENSG00000256037,MRPL40P1,7,0.24713132876408517,0.0382335788558842,15105.816258725436
ENSG00000276231,PIK3R6,7,0.22839271238013384,0.015386843072425011,11941.230696098904
ENSG00000264745,TTC39C-AS1,7,0.2297434804123053,0.01735478944128729,8734.76430563747
ENSG00000284471,ENSG00000284471,7,0.2349488855900639,0.031083817466254576,11307.856405825918
ENSG00000265115,ENSG00000265115,7,0.24740479875345137,0.06577967183410377,6082.662721608495
ENSG00000255693,LINC02389,7,0.24780144868027965,0.09124534306470157,6786.765443542429
ENSG00000253944,MTUS1-DT,7,0.2311711043028936,0.018159372135378226,10466.831028363958
ENSG00000269621,ENSG00000269621,7,0.2345851362875578,0.025628842358384658,5357.086349222958
ENSG00000278383,ENSG00000278383,7,0.2259291136308882,0.012562420650541044,7735.116264252201
ENSG00000255839,ENSG00000255839,7,0.2273464725266885,0.014987228218027462,11318.203664313607
ENSG00000282418,ENSG00000282418,7,0.21618342229665605,0.007882141197292981,9895.023708301751
ENSG00000255871,ENSG00000255871,7,0.22607229714793858,0.013761428334479872,7266.54682845286
ENSG00000278464,ENSG00000278464,7,0.25103650126863186,0.0632894158168657,7254.176212228766
ENSG00000253901,ENSG00000253901,7,0.21537104008089206,0.008403245835517843,10336.98163901063
ENSG00000269839,ENSG00000269839,7,0.21972774075364054,0.007946036728992056,7557.557265634321
ENSG00000253891,ENSG00000253891,7,0.23731272964636485,0.02696289570433653,10322.082599385998
ENSG00000269843,ENSG00000269843,7,0.23444511123044276,0.0187703188123598,8642.298796004729
ENSG00000264775,PPIAP14,7,0.23923386290178614,0.030035144481254182,8583.454199252481
ENSG00000266217,CTSLP2,7,0.2507777707589622,0.08061496924305905,8868.510790673397
ENSG00000255408,PCDHA3,7,0.22078135034693588,0.009056766484022458,5573.5047928184895
ENSG00000263829,SINHCAFP1,7,0.2416935135761131,0.04134434069347843,11504.49157933317
ENSG00000267104,TBC1D3P1-DHX40P1,7,0.22839192276515113,0.023814304810500595,12466.565712595931
ENSG00000254779,EGLN1P1,7,0.22094111577864414,0.013418733176306123,10536.498857085957
ENSG00000283445,ENSG00000283445,7,0.2334036090668996,0.02598948051852575,5878.878744652698
ENSG00000277144,ENSG00000277144,7,0.23259056883865015,0.023740094361090692,8313.720711641838
ENSG00000283408,MIR548A1HG,7,0.2463585589000053,0.049671249234995433,16398.725132937685
ENSG00000283544,ENSG00000283544,7,0.21110224987633203,0.004885056892561938,11318.454819113093
ENSG00000255008,LINC02739,7,0.22514581556702476,0.014560236502713595,8635.063385807096
ENSG00000267557,ENSG00000267557,7,0.24083651811376877,0.04867289407555487,11273.489292128934
ENSG00000255050,ENSG00000255050,7,0.22777128538793676,0.019671164524944818,6875.563588139152
ENSG00000255397,NASPP1,7,0.22722039733428656,0.016039420723637367,5740.343221388424
ENSG00000267077,ENSG00000267077,7,0.22935156817537988,0.015439448134728273,7437.937492893833
ENSG00000254730,ENSG00000254730,7,0.2300330059063413,0.029151340385219382,10477.298681185504
ENSG00000267640,ENSG00000267640,7,0.23421480686018742,0.019293924925841956,9292.565204499195
ENSG00000267065,LINC02080,7,0.22212027415435306,0.009452829204146852,9788.447517383542
ENSG00000267024,ENSG00000267024,7,0.24252392533400519,0.03697074171907946,6620.470222137996
ENSG00000255126,ENSG00000255126,7,0.23093500942275835,0.022053963233610606,8627.967097471275
ENSG00000277661,OR2W1-AS1,7,0.22390454081259564,0.012116906309039374,6620.8735345999485
ENSG00000267505,ENSG00000267505,7,0.22628680921851962,0.010417278765664116,10046.10594882044
ENSG00000283457,ENSG00000283457,7,0.24119526652137782,0.02886187514005388,8447.188557781368
ENSG00000254793,FDPSP4,7,0.2247017887411716,0.01655317115738793,4816.805710061193
ENSG00000254926,ENSG00000254926,7,0.26022182916940273,0.11506950921025717,9210.411209413725
ENSG00000267356,ENSG00000267356,7,0.2418709137424585,0.04784489277056127,9202.83335101721
ENSG00000277399,GPR179,7,0.23484097154228736,0.020345376302580234,10091.052118023363
ENSG00000254846,ENSG00000254846,7,0.24651569228176823,0.058834093525043166,12570.441467386318
ENSG00000267368,UPK3BL1,7,0.21850857521875644,0.007340254687206467,8097.095040925377
ENSG00000267382,GAD3P,7,0.2480996599391357,0.05504911764771904,12399.31415358059
ENSG00000254843,XIAPP2,7,0.24361438362653962,0.044673786490457196,6311.832466502865
ENSG00000267205,ENSG00000267205,7,0.2527418064284998,0.07618799022916384,8366.537200957548
ENSG00000254831,KRT18P58,7,0.2295310739816816,0.022241838224116472,7365.13958553166
ENSG00000277406,SEC22B4P,7,0.2381813061284705,0.030787473894070407,7289.271083095154
ENSG00000259483,ENSG00000259483,7,0.23511602076162086,0.02553637164019258,7262.440391054645
ENSG00000277423,ENSG00000277423,7,0.24497962793341377,0.03921703732802301,7313.636962040516
ENSG00000254905,ENSG00000254905,7,0.226539486013314,0.014703585716725903,6626.2514283097025
ENSG00000254827,SLC67A1-AS,7,0.24265631744627775,0.03716946882748065,9159.148419927153
ENSG00000254821,ENSG00000254821,7,0.23187307202343307,0.037680748316536984,8425.538834761463
ENSG00000267140,ENSG00000267140,7,0.2119542444437806,0.005763751640013763,6913.4886575211585
ENSG00000266977,ENSG00000266977,7,0.21639674994476157,0.006541379983999757,6019.187377653484
ENSG00000267703,ENSG00000267703,7,0.2380991861701625,0.03554748775581057,12379.09737810789
ENSG00000267705,ENSG00000267705,7,0.2337270880052355,0.021923438942419406,10776.864195764008
ENSG00000276778,LINC02227,7,0.22509606982304936,0.015049790721613495,5903.824670685513
ENSG00000255209,ENSG00000255209,7,0.23606671720203484,0.03136948953769125,6009.492995311654
ENSG00000255227,LINC03096,7,0.23544107892992386,0.02631537991024514,5020.418409612096
ENSG00000268191,ENSG00000268191,7,0.23627464914775104,0.03817582188929225,10256.300687597524
ENSG00000268289,ENSG00000268289,7,0.23560216038660595,0.023933753587321627,25378.176924870582
ENSG00000268458,ENSG00000268458,7,0.23958103028963396,0.04559784609693208,6619.649173622378
ENSG00000277879,ENSG00000277879,7,0.22261852120908882,0.00929761482592628,11507.001300807515
ENSG00000254452,ENSG00000254452,7,0.24583583378077442,0.04751627866139379,10316.425147248965
ENSG00000266445,NARF-AS1,7,0.23614252024047305,0.022713162018584768,8022.891773614734
ENSG00000254399,GLYATL1P4,7,0.2508580482823084,0.062479355197859895,11632.063712863863
ENSG00000268636,ENSG00000268636,7,0.2217096743628112,0.012127688502954277,8457.289355766125
ENSG00000268677,ENSG00000268677,7,0.23035569522969251,0.016195716933280865,11117.256250456818
ENSG00000254367,ENSG00000254367,7,0.2190765715970553,0.007740368215105905,9513.007684768962
ENSG00000254350,ENSG00000254350,7,0.24174273291009937,0.0325454207183905,10113.45829696492
ENSG00000268747,COX16P1,7,0.23469410315531314,0.02925761176978917,5324.197678460296
ENSG00000254340,ENSG00000254340,7,0.21958482044158506,0.007660653950832597,8472.446341242672
ENSG00000276768,ENSG00000276768,7,0.21538038385819927,0.006490388917839544,6162.318862929387
ENSG00000266765,ENSG00000266765,7,0.23620990071908496,0.03239672693307166,5941.342116851757
ENSG00000267717,SRSF10P1,7,0.20394860132870032,0.003316065218021497,11196.585859949739
ENSG00000255197,SLC39A13-AS1,7,0.22562932314206438,0.019816453360889913,6005.528687644414
ENSG00000277010,ENSG00000277010,7,0.2364904772433048,0.031724032787679095,8024.786450694115
ENSG00000255160,ENSG00000255160,7,0.23315988124192097,0.019986081763302535,8046.383092245705
ENSG00000267764,CTIF-AS1,7,0.22237216133416388,0.011473247815824187,8818.205548510616
ENSG00000276963,ENSG00000276963,7,0.22350947011573424,0.018819813999437645,13201.04294666166
ENSG00000255171,LINC01499,7,0.21812455913166712,0.008245873848581385,5869.802727545382
ENSG00000255178,LINC02720,7,0.2350017897939743,0.030265862885567964,8129.352934398162
ENSG00000267898,ENSG00000267898,7,0.2300314266763735,0.022456052596844196,5921.316794842286
ENSG00000254589,EIF4A2P3,7,0.2459984944674231,0.05435642284054755,8970.803996871726
ENSG00000254584,LINC03031,7,0.24230362275354372,0.04386895820179227,14431.2839776653
ENSG00000255187,LINC02748,7,0.2195111230431031,0.00854510685663116,10079.28548089493
ENSG00000267905,VSIG10L-AS1,7,0.2266679300506682,0.015004836482932543,6449.030427950971
ENSG00000254568,ENSG00000254568,7,0.22020361538383743,0.008688896878409675,7259.433692254575
ENSG00000266850,RBBP8-AS1,7,0.2470089384416062,0.046207248315737644,11552.171256214999
ENSG00000276846,ENSG00000276846,7,0.2271951296548066,0.015864163895884516,7753.084056901758
ENSG00000254563,ENSG00000254563,7,0.23003379552132458,0.01631058635118956,11648.369182020575
ENSG00000256349,ENSG00000256349,7,0.21817877936055025,0.009457834246296084,9512.376617267311
ENSG00000256399,ENSG00000256399,7,0.23599038775360753,0.022266789759810127,12778.164854590806
ENSG00000272426,ENSG00000272426,7,0.2299224598086182,0.018325257079380278,10972.157875588651
ENSG00000279107,ENSG00000279107,7,0.23191123674764563,0.023524264271826842,5880.756304154936
ENSG00000280433,ENSG00000280433,7,0.21391275280843533,0.01834667888232528,6414.083693708702
ENSG00000261716,H2BC20P,7,0.23390869945149403,0.03484369665769311,4338.733130445959
ENSG00000284882,ENSG00000284882,7,0.21847593779942842,0.011083994659412554,9238.947358244968
ENSG00000271874,RAI14-DT,7,0.23812603307960928,0.03334359367768686,5290.359216521097
ENSG00000271880,ENSG00000271880,7,0.22427855510989073,0.013131135518060525,6037.22918396115
ENSG00000271888,JARID2-DT,7,0.22813266584549222,0.028577581057825416,6849.946964316727
ENSG00000275491,LINC01730,7,0.227099059831786,0.012593491393354306,8931.173700432988
ENSG00000261582,ENSG00000261582,7,0.23865560152869914,0.03448055965336455,8259.806219605685
ENSG00000279026,ENSG00000279026,7,0.2236118568586252,0.010246655995978123,6153.0596144409365
ENSG00000284934,ENSG00000284934,7,0.2028489308613535,0.0023745941103596115,8372.347930265067
ENSG00000275479,ENSG00000275479,7,0.25388043123504384,0.07803825454659147,6834.429450682414
ENSG00000271967,ENSG00000271967,7,0.26180369118681424,0.09318662446908314,14457.980153860015
ENSG00000271984,ENSG00000271984,7,0.23736405462030752,0.028155159369372035,10857.515080648609
ENSG00000284969,ENSG00000284969,7,0.210161160418219,0.00793516917867024,5261.517511555068
ENSG00000261519,ENSG00000261519,7,0.23389238074183027,0.027685982841188735,4359.623619076485
ENSG00000279148,ENSG00000279148,7,0.22006227430175102,0.03013407436105853,8589.814303190946
ENSG00000271795,ENSG00000271795,7,0.21579229967471347,0.006508094977405931,11838.897084839937
ENSG00000251484,ENSG00000251484,7,0.23234289293875232,0.025046942730727835,8041.707152230795
ENSG00000251493,FOXD1,7,0.25248649758376035,0.09373215413352201,6749.000720131592
ENSG00000261764,KRT18P18,7,0.24097312150595446,0.034892211164126,12421.657022943395
ENSG00000271524,BNIP3P17,7,0.23860690860470252,0.029294093901177307,12986.401688748934
ENSG00000251598,ENSG00000251598,7,0.20416482423174773,0.00792503216635133,7339.4121052709
ENSG00000257530,BICD1-AS1,7,0.21857806133732455,0.009912355572912805,5849.851926947034
ENSG00000271547,ENSG00000271547,7,0.24123290483560256,0.03899737216506342,8546.549625718397
ENSG00000261868,MFSD1P1,7,0.24931013970919774,0.07013902447277325,12550.834215618494
ENSG00000251555,ENSG00000251555,7,0.24503305854731297,0.05364039354378383,8510.460692213801
ENSG00000280537,ENSG00000280537,7,0.2224553341124501,0.014503048836559007,7312.3827880842555
ENSG00000271657,ENSG00000271657,7,0.2234726214164938,0.009362651008436073,8425.969598900363
ENSG00000261832,ENSG00000261832,7,0.23200546413570444,0.018690655876777408,8316.907799322722
ENSG00000284844,TOMT,7,0.22935946432521687,0.013790285909143642,9414.981555137141
ENSG00000251537,ENSG00000251537,7,0.23958287272459622,0.04701843523553789,7149.148120034483
ENSG00000271716,ENSG00000271716,7,0.2161842119116397,0.005909280603858149,8674.462755942528
ENSG00000271730,ENSG00000271730,7,0.21926107829825417,0.00737438103818035,7003.421807951569
ENSG00000251532,ENSG00000251532,7,0.22258983186467973,0.008989785607948893,7346.400524005411
ENSG00000257653,ENSG00000257653,7,0.2579861659454603,0.1188697355829033,9200.306864832688
ENSG00000279168,ENSG00000279168,7,0.24112762283777156,0.03387074592748355,7850.3178974190605
ENSG00000279179,ENSG00000279179,7,0.23192360738239093,0.03177105865589599,10505.864336864752
ENSG00000279190,ENSG00000279190,7,0.23230235936958799,0.018318064404785485,7447.482419408517
ENSG00000279278,ENSG00000279278,7,0.22482023098873244,0.007535607294855686,12159.75456533785
ENSG00000272209,ENSG00000272209,7,0.2307797184759568,0.02195517890940662,7651.135741499631
ENSG00000272223,ENSG00000272223,7,0.225865681227195,0.015337499446451965,9757.680706135823
ENSG00000261175,LINC02188,7,0.23391422675638002,0.033522425019489994,6500.165514641758
ENSG00000261172,ENSG00000261172,7,0.22998326016236598,0.013774817956125937,10332.985361249603
ENSG00000272263,ENSG00000272263,7,0.24671125359273918,0.06259218034402604,9612.200335388861
ENSG00000275212,LINC02826,7,0.22990982596887832,0.01932155141349479,16098.970998118795
ENSG00000261141,ENSG00000261141,7,0.23884589873977885,0.03752382479620262,5639.087772149182
ENSG00000258376,PAPLN-AS1,7,0.2311153048440431,0.020958915462793434,5534.935037932304
ENSG00000261120,ENSG00000261120,7,0.24199935777981207,0.038404207048100665,7945.158269990756
ENSG00000285144,ENSG00000285144,7,0.21790662539615713,0.006777951210226613,7032.519404817909
ENSG00000272361,ENSG00000272361,7,0.22615468031124134,0.013648582821882157,9373.528438093417
ENSG00000261103,ENSG00000261103,7,0.24559526441573037,0.056945652764187796,10907.622870710275
ENSG00000258422,ENSG00000258422,7,0.22216080772351823,0.008272074596944156,9218.90854301315
ENSG00000261095,ENSG00000261095,7,0.23886221744944247,0.03443871668285199,8801.196139693377
ENSG00000261079,ENSG00000261079,7,0.23112135855891833,0.019756423968504976,6001.49195927579
ENSG00000258227,CLEC5A,7,0.25368881799899057,0.06587985185012815,13369.888207309952
ENSG00000261247,GOLGA8T,7,0.2334286135413845,0.025224863944872486,4429.40425708892
ENSG00000271992,ENSG00000271992,7,0.21405225145555992,0.005153419992937508,9793.836705124133
ENSG00000261272,MUC22,7,0.25142025415072605,0.07116994927663643,7220.267534777005
ENSG00000271993,ENSG00000271993,7,0.22397573776362892,0.014207077044573064,6003.36569664054
ENSG00000257943,ENSG00000257943,7,0.21957666108675336,0.006537908034249503,10046.884715433356
ENSG00000261394,ENSG00000261394,7,0.23521630186455508,0.02491113034652466,7846.351482074131
ENSG00000251321,PCAT4,7,0.2253953339018844,0.014379891725234548,7569.695192258656
ENSG00000257950,P2RX5-TAX1BP3,7,0.22802080372279634,0.016142611087334398,7635.630232063147
ENSG00000258001,R3HDM2-DT,7,0.2406354294979115,0.03764182571703606,9370.353373580316
ENSG00000280399,ENSG00000280399,7,0.24388995925586257,0.040776925265373666,14496.504637679398
ENSG00000261371,PECAM1,7,0.2243925228725436,0.009784622844673203,11919.551330032631
ENSG00000261360,OTULIN-DT,7,0.21644504806126644,0.010173812339339304,7601.898368479485
ENSG00000258044,ENSG00000258044,7,0.22625996230907214,0.014450910924855672,10359.685937115877
ENSG00000272081,FCHO2-DT,7,0.22652211448367207,0.015533750696143949,8220.64621242274
ENSG00000284994,ENSG00000284994,7,0.25265231673034416,0.06731730009388232,13225.958229944894
ENSG00000261338,ENSG00000261338,7,0.22567011991622332,0.0174701446932406,11513.422367913074
ENSG00000261336,EIF4BP5,7,0.23621806007391685,0.024921826348875135,7899.668854997608
ENSG00000280348,ENSG00000280348,7,0.2376046239853513,0.023760639942143193,8505.965634032324
ENSG00000257523,LINC02326,7,0.22788130507567025,0.01537332340882373,11349.42620130212
ENSG00000271380,PYGO2-AS1,7,0.23109556446945004,0.01563772769333661,14666.307734192835
ENSG00000276074,ENSG00000276074,7,0.2286038027857853,0.014670809191151197,8224.273222715627
ENSG00000256955,ENSG00000256955,7,0.22342208605753544,0.02139181749518962,9152.09714321044
ENSG00000263301,ENSG00000263301,7,0.2260830885527159,0.012873190462669359,9417.995505556348
ENSG00000256812,CAPNS2,7,0.24387048208626383,0.046771707149009606,8606.143421284723
ENSG00000270379,HEATR9,7,0.23139719739323544,0.018751816851335895,8890.380337035835
ENSG00000270402,ENSG00000270402,7,0.24855474137476033,0.05773738065531246,15692.216148621072
ENSG00000270442,ENSG00000270442,7,0.23722218712823012,0.030025091689960298,13985.754891469025
ENSG00000256940,PPP1R14B-AS1,7,0.22699088257901706,0.048984966505752285,5285.636859099307
ENSG00000256943,GALNT9-AS1,7,0.22684375098704754,0.0389429399623688,2705.5329524485537
ENSG00000270524,QTRT1P1,7,0.23838634281924662,0.033573291894155255,12698.665410832009
ENSG00000262052,ENSG00000262052,7,0.22368818630705287,0.00817719920867451,11383.830011358965
ENSG00000256969,LINC03141,7,0.23512418011645322,0.04050924477750896,6665.657100145742
ENSG00000263017,ENSG00000263017,7,0.23912436962404177,0.034671222212116735,7658.672605607384
ENSG00000253331,ENSG00000253331,7,0.24659939147004392,0.045326030093973624,10933.837330983286
ENSG00000275898,ENSG00000275898,7,0.22773627912365774,0.017145897984618685,8530.753753324294
ENSG00000262966,ENSG00000262966,7,0.23211890548836725,0.023559360448522557,4830.575409135062
ENSG00000262902,MTCO1P40,7,0.24387890464609036,0.046594092738873064,13689.565338355953
ENSG00000262880,ENSG00000262880,7,0.21857069159747652,0.007633723018681673,9170.346653910508
ENSG00000278899,ENSG00000278899,7,0.23030831833066903,0.015314731725978968,6720.097549889845
ENSG00000270281,ENSG00000270281,7,0.22595517092535136,0.017266460381017774,7220.837466391583
ENSG00000256576,LINC02361,7,0.20182269458749447,0.0020184397427285687,7962.30797302661
ENSG00000278865,ENSG00000278865,7,0.23145747133699388,0.0197055521724399,6014.443187510161
ENSG00000270025,BMS1P7,7,0.22348051756633078,0.01273749871603039,9708.850787254805
ENSG00000253634,ENSG00000253634,7,0.23492309150059534,0.033562990056824,6776.571852816266
ENSG00000276067,SLC23A4P,7,0.24782697956475347,0.055202132251022516,13732.552331446614
ENSG00000270075,ENSG00000270075,7,0.253558268321681,0.09800769776605996,12179.360914640192
ENSG00000256482,BCAT1-AS1,7,0.22396613078132674,0.010171661166781549,8210.504386558365
ENSG00000270091,ENSG00000270091,7,0.21588705347276196,0.0095890107448022,8394.69541664838
ENSG00000263727,ENSG00000263727,7,0.24503569059725872,0.052926010124141463,6539.7234969372375
ENSG00000253585,ENSG00000253585,7,0.24071123253634977,0.03373994679912418,7999.327208330179
ENSG00000270103,ENSG00000270103,7,0.21739995578159468,0.0069112195431269684,12357.60912211555
ENSG00000263683,ENSG00000263683,7,0.23192676584232572,0.020278341836761873,7549.734449978673
ENSG00000270117,ENSG00000270117,7,0.2559078993082752,0.0999641389176902,17326.998847562816
ENSG00000263620,ENSG00000263620,7,0.22438304749273838,0.011350284006697194,9262.799118328157
ENSG00000270135,ENSG00000270135,7,0.22811371508588218,0.012528753936174785,7337.951804851465
ENSG00000276030,LINC03085,7,0.2184830443342821,0.008054826410921761,5528.129333375558
ENSG00000253522,MIR3142HG,7,0.22418511733681568,0.012628764925316222,9482.104747884725
ENSG00000253327,RAD21-AS1,7,0.2477759177958056,0.041603857633352774,10507.869820239379
ENSG00000270673,YTHDF3-DT,7,0.22313782466339052,0.01086392239339477,8851.92034497854
ENSG00000253322,ENSG00000253322,7,0.23823394712738596,0.03295100025791521,9437.290002152347
ENSG00000257183,ENSG00000257183,7,0.23783598117558483,0.0411912024247198,4124.18513848885
ENSG00000253205,ENSG00000253205,7,0.23500626427888213,0.039760153427032985,5907.259103125134
ENSG00000253203,GUSBP3,7,0.21672509817549723,0.005940125450575542,6680.428732710414
ENSG00000253190,ENSG00000253190,7,0.2363446616763084,0.03027735741781487,8098.737526097871
ENSG00000262406,MMP12,7,0.23297853300065732,0.02437250026292862,9965.463662163927
ENSG00000270964,MAP2K5-DT,7,0.22650342692905703,0.012780374168417423,7933.647217204924
ENSG00000253175,ENSG00000253175,7,0.23044307928789254,0.023886661431550875,6418.881571419064
ENSG00000253170,ENSG00000253170,7,0.25429287346154617,0.07283917410986385,11748.491820846379
ENSG00000262213,ENSG00000262213,7,0.23577192760810828,0.021641769526568287,9916.989275105603
ENSG00000253125,EGR3-AS1,7,0.20738921701782348,0.0024198090824475863,9437.257789717936
ENSG00000253103,LINC01609,7,0.232943526736378,0.022076420916060633,5568.3778192277105
ENSG00000253092,ENSG00000253092,7,0.23797784866766206,0.042429047162395386,9437.067843605077
ENSG00000262098,ENSG00000262098,7,0.23979264710527418,0.03454417768808367,12980.345291768748
ENSG00000280683,LINC01242,7,0.25009080572311493,0.08157717618539297,8996.545850527982
ENSG00000280649,ENSG00000280649,7,0.2347754334986374,0.02556588752226737,8538.78635028805
ENSG00000257400,LNCHR1,7,0.22456808060392613,0.01122838013506934,12938.180676040107
ENSG00000262413,ENSG00000262413,7,0.2189694471642626,0.022825607842831618,8310.526146872533
ENSG00000270878,GCATP1,7,0.22539954518179756,0.014646855513871473,5377.399969296166
ENSG00000278931,ENSG00000278931,7,0.2166021814430292,0.007902290965961867,5433.444332471832
ENSG00000262420,TXNDC11-AS1,7,0.23276507375005479,0.02354312454777833,7037.61134563675
ENSG00000270679,ENSG00000270679,7,0.25778191886966745,0.09352223083575442,8787.94516466263
ENSG00000257119,EEF1B2P4,7,0.23311592600782644,0.020841557793753664,6780.295342526621
ENSG00000253301,LINC01606,7,0.2395707652948453,0.038799134430570106,7188.998301193112
ENSG00000262692,ENSG00000262692,7,0.24849762589093705,0.05487709708721475,9533.432930468716
ENSG00000278946,ENSG00000278946,7,0.2127983428613915,0.0041125600711165305,8555.836610025344
ENSG00000284696,LINC02808,7,0.22323836897131905,0.012479606513277852,5918.317816292514
ENSG00000270739,THAP5P2,7,0.2371192739753503,0.028297789566365094,9927.051887853911
ENSG00000257139,LINC02821,7,0.22730909741745847,0.02138761208329308,6076.011135605244
ENSG00000270772,PDHA1P1,7,0.2474634934672418,0.06364975204825342,8226.7338284965
ENSG00000278959,ENSG00000278959,7,0.22876962193236922,0.016104583534158782,8732.10254267366
ENSG00000275857,ENSG00000275857,7,0.22385321583865284,0.0165763392483653,6614.946703234249
ENSG00000270802,ENSG00000270802,7,0.23615752292516418,0.020362529503341775,11490.020213492531
ENSG00000262456,ENSG00000262456,7,0.22996378299276685,0.021679055610821216,6659.22853535196
ENSG00000270842,ENSG00000270842,7,0.23967920575261112,0.04035244170415702,3882.9693786168177
ENSG00000270874,RPAP2P1,7,0.2239313877220425,0.013938243613808115,6514.528960110217
ENSG00000271218,ENSG00000271218,7,0.23762331153996627,0.03508247042669364,6499.156724678316
ENSG00000234497,ERICH3-AS1,7,0.23857400798038034,0.028146066913416482,8352.77864176718
ENSG00000182111,ZNF716,7,0.24610009159533017,0.045244784630866605,5504.476824772565
ENSG00000288979,ENSG00000288979,7,0.23127401745577333,0.019672489174337494,7659.647181137653
ENSG00000225419,RPL21P3,7,0.22406035816938605,0.016365718636657495,8718.365027100625
ENSG00000225442,MPRIP-AS1,7,0.22919259235865513,0.016303721765222576,7592.956487792084
ENSG00000289831,ENSG00000289831,7,0.22820531042399506,0.014324058721183093,18633.110561192287
ENSG00000287516,ENSG00000287516,7,0.2125559310613849,0.00524789134985448,9661.989535747363
ENSG00000197520,FAM177B,7,0.22910915637537396,0.013388309782713628,9351.282960638026
ENSG00000149609,C20orf144,7,0.2291328448248859,0.016451750753417343,7074.048855392694
ENSG00000149634,SPATA25,7,0.22316993567272897,0.012111758617191359,6596.61240712507
ENSG00000287077,ENSG00000287077,7,0.22350775928326938,0.01603028575842841,9215.363259694024
ENSG00000184860,SDR42E1,7,0.23194440057696214,0.022243218698368605,11548.314599699866
ENSG00000234892,ENSG00000234892,7,0.23289272817242498,0.02808561665162288,11337.952257021205
ENSG00000234890,HNRNPDLP2,7,0.23217444174222326,0.014824457876729705,10038.549308390653
ENSG00000286562,ENSG00000286562,7,0.23754382363160387,0.033400001426279226,7857.7651256490735
ENSG00000234869,LINC02925,7,0.22783419138164096,0.014092121295530275,9114.71920201476
ENSG00000151631,AKR1C6P,7,0.22800527462811654,0.014820818746358589,13808.500288041218
ENSG00000286584,ENSG00000286584,7,0.23675262941790373,0.024162077461581614,8132.381927893956
ENSG00000234775,ADORA1-AS2,7,0.21765473821634615,0.006538586866831312,9722.908346814527
ENSG00000230107,ENSG00000230107,7,0.20884145057540632,0.008418511284353048,9909.4450501202
ENSG00000234763,ENSG00000234763,7,0.23223234684102972,0.019824725159758038,8576.918284549149
ENSG00000234742,RPL17P18,7,0.24568370129390849,0.058175431056932604,10714.32435096264
ENSG00000234680,VN2R3P,7,0.24309981786214102,0.042478521571216676,10994.45605181387
ENSG00000197320,CPAMD8P1,7,0.2452899466220206,0.05585209457327808,7053.482875037508
ENSG00000235035,ENSG00000235035,7,0.2295687122959061,0.017570543036512818,7472.346216207965
ENSG00000227638,HNRNPA1P14,7,0.226042818188546,0.018890013608616408,6460.638376807167
ENSG00000224597,SVIL-AS1,7,0.2085099438847355,0.0035401458021719436,14723.019813459943
ENSG00000227708,LINC01850,7,0.24666335028372618,0.06617785336053048,3715.7651490743747
ENSG00000287280,ENSG00000287280,7,0.238922491393201,0.040087420955977233,8747.833064131932
ENSG00000289875,ENSG00000289875,7,0.23150405862103496,0.020867320582150118,10312.816328107372
ENSG00000235385,LINC02154,7,0.22098717665269574,0.007822070951075165,9988.360916765536
ENSG00000235319,TGFBRAP1-AS1,7,0.22289909773330846,0.009972727233420766,6193.803732932811
ENSG00000225284,ENSG00000225284,7,0.23412531716203105,0.029741851020552552,6203.793573093859
ENSG00000235296,ENSG00000235296,7,0.23417716854596282,0.025880696281979094,11952.177399415037
ENSG00000198336,MYL4,7,0.23173146773634928,0.01751867380128258,7264.013337730696
ENSG00000229896,ENSG00000229896,7,0.24256209005821894,0.04021384004128656,20464.5499068506
ENSG00000287528,ENSG00000287528,7,0.24001294968573636,0.056199497211684185,15321.545693418364
ENSG00000225350,FREM2-AS1,7,0.23931387722013814,0.05560736498089439,6708.821322726743
ENSG00000289855,ENSG00000289855,7,0.22623943231949548,0.012536837912622128,10259.695541597079
ENSG00000184612,RPL7P26,7,0.23927360685596724,0.029131386060944463,5374.151261102073
ENSG00000145283,SLC10A6,7,0.22086004864031392,0.012859385599367256,6007.699697422699
ENSG00000235142,LINC02532,7,0.23707795079120195,0.0400744977073408,9645.420109493663
ENSG00000198125,MB,7,0.22282276828488107,0.01610309546326516,9883.26290862689
ENSG00000176177,ENTHD1,7,0.24154111788425275,0.04718152113109034,10989.861121747865
ENSG00000145451,GLRA3,7,0.22575381910449932,0.01357986631801351,8183.237858166537
ENSG00000225398,PGM5P4,7,0.2199931829906721,0.010608728153943574,7798.820283051815
ENSG00000288759,ENSG00000288759,7,0.23461435204195605,0.023329220664371625,7524.968575926399
ENSG00000235065,RPL24P2,7,0.2327263826158514,0.02258884074735607,9451.676080932875
ENSG00000235052,ENSG00000235052,7,0.243634387206128,0.04140710391687507,8461.191679804482
ENSG00000152266,PTH,7,0.242505500984385,0.045756621997635735,7769.791936076114
ENSG00000225549,SELENOKP3,7,0.24709474326983868,0.04852180759248514,11893.825311817192
ENSG00000227544,LINC03013,7,0.2345543413031928,0.02206821868534503,8100.401325011469
ENSG00000175520,UBQLN3,7,0.22939815545942016,0.01652567675822187,6011.195350007841
ENSG00000174990,CA5A,7,0.2393957339734514,0.030599760561436554,8016.890167297459
ENSG00000157551,KCNJ15,7,0.2364320457345086,0.02062276199253502,8576.856187884921
ENSG00000234003,MTATP6P27,7,0.24203199519913968,0.03655689198198266,7532.482564058417
ENSG00000158473,CD1D,7,0.22963372392956885,0.0369102851033093,6058.631098155937
ENSG00000287473,ENSG00000287473,7,0.23134271395935885,0.02710718083440552,7154.132590222155
ENSG00000225742,ENSG00000225742,7,0.229326563700895,0.01943264358997498,5813.663619093039
ENSG00000196566,ENSG00000196566,7,0.2266502953160316,0.018313696470508768,6102.749741722765
ENSG00000288851,ENSG00000288851,7,0.21038370024113484,0.00377369131843504,12236.26477765468
ENSG00000286672,ENSG00000286672,7,0.2306173209943026,0.018160094354425817,8322.866167849998
ENSG00000159247,TUBBP5,7,0.2162839666045851,0.023239718488685678,5196.287722706513
ENSG00000159339,PADI4,7,0.22360369750379347,0.010688407606430025,11477.40464421831
ENSG00000286679,ENSG00000286679,7,0.23538843793100872,0.023525352763033712,9415.66731062524
ENSG00000159618,ADGRG5,7,0.2192729225230102,0.009330541511313578,7406.99547653907
ENSG00000159650,UROC1,7,0.24696866807743603,0.04832540616377194,9257.159854829113
ENSG00000233830,EIF4HP1,7,0.22677347525349384,0.029436841883504764,6001.207903997403
ENSG00000286691,ENSG00000286691,7,0.24641146310391582,0.07876825478134775,11474.340527640697
ENSG00000184956,MUC6,7,0.21311129359994443,0.004222113400525203,10627.189808696377
ENSG00000160318,CLDND2,7,0.2219810387122213,0.00887756429663859,9854.94915659613
ENSG00000160683,CXCR5,7,0.21119147636949406,0.004989629277538505,13536.271448825364
ENSG00000189196,LINC00994,7,0.2319823020961815,0.028831527982318007,8382.97619881093
ENSG00000189166,TNRC18P3,7,0.24237837297200382,0.040192663835839984,5249.967861031637
ENSG00000156920,ADGRG4,7,0.2452917890569825,0.04680827988540257,9599.63701434034
ENSG00000234123,RHBDF1P1,7,0.2123040438815742,0.004754430038717215,7985.294116132339
ENSG00000225674,IPO7P2,7,0.23683211732626622,0.026902223966747314,5690.991649985375
ENSG00000175084,DES,7,0.20987124011669178,0.003984835954975743,6437.482012322633
ENSG00000234498,RPL13AP20,7,0.23781492477601882,0.028596791030565644,10107.383487706682
ENSG00000230162,CT45A11P,7,0.23071575966227484,0.015325416324534553,7930.8081195534305
ENSG00000153822,KCNJ16,7,0.2313045492351443,0.022751012997808413,6782.999075833032
ENSG00000197106,SLC6A17,7,0.24365044271079728,0.05042788177604087,10999.162522945711
ENSG00000287496,ENSG00000287496,7,0.22241190528834512,0.010951663806667605,6915.172843991721
ENSG00000234390,USP27X-DT,7,0.22726461577337534,0.011063802182760476,8377.205773577341
ENSG00000154262,ABCA6,7,0.24044855395176126,0.039205584385790936,8020.6978015632685
ENSG00000225611,CCDC13-AS2,7,0.23451407093902216,0.026489508281415865,8367.037791815577
ENSG00000175189,INHBC,7,0.22002331996255173,0.008816282885470678,6741.128497986516
ENSG00000286631,ENSG00000286631,7,0.23119479275240576,0.020807404563324857,7598.685917851775
ENSG00000196711,ALKAL1,7,0.2162966004443247,0.006378324904061278,19159.973714645013
ENSG00000286632,ENSG00000286632,7,0.23375498773466036,0.021405994468430663,6221.75794955063
ENSG00000234238,ENSG00000234238,7,0.2303064758957067,0.015062128065446937,8188.859425960608
ENSG00000230174,LINC01149,7,0.23131534063992207,0.0272883671507957,6088.738176655372
ENSG00000155714,PDZD9,7,0.232782971689686,0.031131035494519264,8284.421966697293
ENSG00000289635,ENSG00000289635,7,0.2146734152427633,0.006483444337295625,8250.590191430927
ENSG00000175077,RTP1,7,0.2241569544023962,0.027007254915098415,6000.824428761618
ENSG00000234215,CT66,7,0.23452907362371286,0.024630274212565785,10077.13615330573
ENSG00000234193,ACSL3-AS1,7,0.22638182622156192,0.013035639029643881,8878.055835065175
ENSG00000234170,LINC02645,7,0.2441831696198221,0.045808686216396895,9829.02549259714
ENSG00000143851,PTPN7,7,0.22809371150629415,0.017421435083443404,5602.235328365528
ENSG00000288717,ENSG00000288717,7,0.22584304559766108,0.013077724530625794,5966.9139162443325
ENSG00000143452,HORMAD1,7,0.22154490803620586,0.009297072751306562,8051.370438590151
ENSG00000201812,RNA5SP488,7,0.25306239011189535,0.0659176202318493,10465.154089369184
ENSG00000224727,FCF1P7,7,0.25482560037057206,0.11131446250348226,8114.859964129484
ENSG00000236493,EIF2S2P3,7,0.22926102565724624,0.03454871011396916,13887.295344847493
ENSG00000287594,ENSG00000287594,7,0.2226453681185353,0.010424561237488287,12734.590092166205
ENSG00000236475,TRIM26BP,7,0.2338355284630014,0.027895539474389268,5258.401910552323
ENSG00000236472,ENSG00000236472,7,0.20379067833195375,0.0022600050272365948,7922.083464283897
ENSG00000236456,DENRP1,7,0.20149789962418507,0.0034360082041453945,15513.636965403211
ENSG00000290018,ENSG00000290018,7,0.2225524567554494,0.010374700072944847,6382.3587211020385
ENSG00000137463,MGARP,7,0.23445774507018252,0.0239332704751815,7732.484118388793
ENSG00000287591,ENSG00000287591,7,0.23146615710181503,0.01734755525213955,10370.98158136728
ENSG00000137745,MMP13,7,0.24209332196287647,0.034641645203583836,7123.51195628778
ENSG00000137825,ITPKA,7,0.22889622353476127,0.025452138111424674,7397.588190251736
ENSG00000203446,SUGCT-AS1,7,0.21998620805831645,0.01273262611814402,8022.479148283145
ENSG00000137948,BRDT,7,0.23365391701674282,0.02894494422208431,7412.445747064017
ENSG00000227939,RPL3P2,7,0.23383315961805004,0.02311590890311692,5205.596017332957
ENSG00000138379,MSTN,7,0.23923991661666158,0.03571298127884317,6262.107776592612
ENSG00000236332,ENSG00000236332,7,0.24266579282608267,0.03286905610641468,12159.092180888232
ENSG00000229719,MIR194-2HG,7,0.23425665645432547,0.02165867673566223,7046.279846881306
ENSG00000138892,TTLL8,7,0.2506716991461474,0.08621317034422665,11241.310540694361
ENSG00000138964,PARVG,7,0.2187230872893371,0.007856447501037382,7555.987575191292
ENSG00000224810,ENSG00000224810,7,0.23577087478813055,0.042689513613166495,9408.769736962837
ENSG00000289971,ENSG00000289971,7,0.21825866207640454,0.00990669626678726,7502.004861542164
ENSG00000236514,ZNF248-AS1,7,0.22396323552638658,0.012306559899723438,6510.30204556889
ENSG00000286361,ENSG00000286361,7,0.23983660233936865,0.041226222087401954,12357.684864518878
ENSG00000137033,IL33,7,0.24225571944453078,0.0441718255149481,10442.715251669724
ENSG00000224682,SOCS5P2,7,0.23572928839898638,0.041312774923833256,8588.504413144445
ENSG00000290072,ENSG00000290072,7,0.23351573439458945,0.03630115983975051,7443.591590358982
ENSG00000236799,LINC02626,7,0.238017066211854,0.031122446773546034,10548.049216732368
ENSG00000290065,ENSG00000290065,7,0.22802396218273138,0.020645006479673052,6896.619525817835
ENSG00000184293,CLECL1P,7,0.22920022530349773,0.0153899943095159,6750.857774520099
ENSG00000287603,ENSG00000287603,7,0.22210211300972724,0.01171472918321583,12294.342913916176
ENSG00000288955,ENSG00000288955,7,0.23047940157714433,0.01196816346762285,11828.706455932013
ENSG00000177398,UMODL1,7,0.23159249549921218,0.021052406121035722,5201.314355352277
ENSG00000135409,AMHR2,7,0.23178963604015068,0.01739079419213778,10676.19642852691
ENSG00000287133,ENSG00000287133,7,0.23936836065401537,0.03253259350309238,8386.933285670377
ENSG00000236677,SETD4-AS1,7,0.24349015086909945,0.03808098980187667,11976.31771058294
ENSG00000177294,FBXO39,7,0.22498289167538105,0.012686944217751257,11925.6330584104
ENSG00000224702,LMX1A-AS2,7,0.2228131613025791,0.009702910966431236,6926.5841962735185
ENSG00000203585,LINC02408,7,0.2367278881484135,0.03146592880204323,4968.187573905398
ENSG00000136750,GAD2,7,0.22458360969860622,0.014737972891717492,5053.740196193276
ENSG00000236643,ENSG00000236643,7,0.2361901603444917,0.032020345774300185,5248.759701910711
ENSG00000236591,UST-AS2,7,0.22575960961437974,0.01561219323879071,6586.444018141631
ENSG00000236554,ASNSP3,7,0.22069791436365438,0.009395345275534695,10677.834391173168
ENSG00000184414,IRS3P,7,0.22848509733323102,0.017082630248989143,6560.968450303575
ENSG00000177338,LINC00469,7,0.2232223134666502,0.011070793683976113,6777.02047145842
ENSG00000286360,ENSG00000286360,7,0.2386166471895017,0.03362919211701742,7415.2932893103
ENSG00000236290,EEF1GP7,7,0.22364844235287182,0.007738543365749067,8077.386978531392
ENSG00000288699,ENSG00000288699,7,0.2234065569628542,0.010160792654445904,7334.2245068956245
ENSG00000225214,ENSG00000225214,7,0.23300985439501154,0.02096981130272434,7052.940848777608
ENSG00000224821,COL4A2-AS2,7,0.2147263194466735,0.0052873538797328515,10863.01156314488
ENSG00000199325,RNU4-39P,7,0.23920122548245878,0.04069044800834739,11839.882472392537
ENSG00000224969,ENSG00000224969,7,0.24158717875830385,0.04054326699133508,7940.592109724277
ENSG00000286430,ENSG00000286430,7,0.23089868713350578,0.0204114510686704,4983.105678400216
ENSG00000199102,MIR302C,7,0.2500092121747958,0.058266057555483565,20265.608832409554
ENSG00000141744,PNMT,7,0.2282705852626501,0.012927536469381154,8460.680073116226
ENSG00000289915,ENSG00000289915,7,0.22588884326671746,0.015625974805317872,7595.822324701756
ENSG00000289200,ENSG00000289200,7,0.22903861743682716,0.014801351540497438,8506.788364955526
ENSG00000227755,ENSG00000227755,7,0.23074813387660714,0.021764219459619875,9270.701548862791
ENSG00000225039,LINC01058,7,0.2374119579293206,0.025392932552224023,8279.051518402504
ENSG00000225112,ENSG00000225112,7,0.23151853489573587,0.018938717375840776,9245.035426994396
ENSG00000142513,ACP4,7,0.2176827695482686,0.007155558764772855,9083.533293265926
ENSG00000235615,ENSG00000235615,7,0.2436686038554227,0.0414938861585611,10096.734913133407
ENSG00000225137,DYNC1I2P1,7,0.21598812419067925,0.006090658693097017,8273.944365032383
ENSG00000228502,EEF1A1P11,7,0.22944000505355774,0.018251488468451475,10219.51876248203
ENSG00000235554,SRSF6P2,7,0.2298321804954783,0.021829204076684622,10201.47818168978
ENSG00000225194,LINC00092,7,0.25593737826766744,0.07146525092500321,15981.381684854134
ENSG00000143127,ITGA10,7,0.21841645347065405,0.0074269561488667915,7827.094301890179
ENSG00000235527,HIPK1-AS1,7,0.22856458524159337,0.014524469618956362,7187.764483672012
ENSG00000289886,ENSG00000289886,7,0.24132055209879702,0.03788980802827351,8002.295417318245
ENSG00000289884,ENSG00000289884,7,0.24809229019928739,0.05788891707934083,7776.551920626032
ENSG00000143257,NR1I3,7,0.21804112314838583,0.009171127913853827,6944.326513666457
ENSG00000199568,RNU5A-1,7,0.22446937873095948,0.012586147948714122,9189.87987282005
ENSG00000227877,MRLN,7,0.2417087794657986,0.04180158901002176,7496.347861616977
ENSG00000235880,ENSG00000235880,7,0.2429671625448737,0.03765154834392102,6619.467596177986
ENSG00000200312,RN7SKP255,7,0.2223368918648908,0.009837906248724434,10258.029538370389
ENSG00000286391,ENSG00000286391,7,0.23346493583063632,0.020820647249723278,15659.43476151698
ENSG00000224830,OR2X1P,7,0.2479433161723566,0.04706861523942994,7354.395708434615
ENSG00000139626,ITGB7,7,0.22742253877012183,0.022950440876626697,14133.48809795303
ENSG00000289181,ENSG00000289181,7,0.21665719128689656,0.01551024401386698,6719.933878814397
ENSG00000236199,SMARCA2-AS1,7,0.2395652379899592,0.034486406761046244,6439.417020399667
ENSG00000236154,ENSG00000236154,7,0.2377675478769947,0.03558106900934815,7284.837869374773
ENSG00000139914,FITM1,7,0.22951001758211548,0.0201350047433586,5501.554586452393
ENSG00000201364,RN7SKP37,7,0.23886642872935585,0.04146040188432628,12429.31984528875
ENSG00000286406,ENSG00000286406,7,0.23240948380238088,0.021303128552302597,5488.957680125861
ENSG00000224861,YBX1P1,7,0.2557081267173905,0.09892363176668084,7324.268839490054
ENSG00000140623,SEPTIN12,7,0.2368650179505882,0.02889189541206823,5561.096827229939
ENSG00000236018,ENSG00000236018,7,0.24267790025583297,0.04921841080884473,6945.811761865947
ENSG00000227914,KANK1-AS1,7,0.23350599580979026,0.026816199348116875,6554.036846003258
ENSG00000140368,PSTPIP1,7,0.22062895465507504,0.009071906777557367,6855.807361197501
ENSG00000235997,LINC01936,7,0.22553878062392976,0.02871971702876548,10866.117114487288
ENSG00000235984,GPC5-AS1,7,0.21856411147261212,0.00791714298620245,5311.667102198296
ENSG00000235974,VN2R19P,7,0.23705873682659762,0.026987373420106663,7850.5079504746145
ENSG00000286411,ENSG00000286411,7,0.22398297590097974,0.015337279950083445,8419.201989544506
ENSG00000184478,OR56A3,7,0.25006843329857575,0.0627531240777987,9218.463847160101
ENSG00000199879,RNVU1-22,7,0.2566522430329403,0.12364463040512012,12290.438167268696
ENSG00000160883,HK3,7,0.2169340829411922,0.006490388011505665,10028.42578963105
ENSG00000287453,ENSG00000287453,7,0.21488647968587402,0.0068171413666408285,9382.264199481022
ENSG00000225836,ENSG00000225836,7,0.22755598370237293,0.012058748145332523,9150.061261943045
ENSG00000230676,ENSG00000230676,7,0.23125190823622896,0.016098824610502844,8185.988070432526
ENSG00000226883,ENSG00000226883,7,0.2308181464051658,0.012339042360402884,15242.163558052589
ENSG00000286915,ENSG00000286915,7,0.2204376046240169,0.009578274970820769,6439.443661678553
ENSG00000173627,APOBEC4,7,0.22716091300551175,0.011164892352856807,10737.82021138988
ENSG00000186583,SPATC1,7,0.22323863217631384,0.011868340010764429,9988.68642042485
ENSG00000226899,ENSG00000226899,7,0.2131105039849608,0.004383455433596482,10732.380211949676
ENSG00000231724,ENSG00000231724,7,0.24352620995335686,0.08279897181262456,5883.2805429908485
ENSG00000170075,GPR37L1,7,0.23302696271965892,0.02452314013391281,13495.331731129532
ENSG00000287011,ENSG00000287011,7,0.22519950938591846,0.01438063295045238,4718.274589359705
ENSG00000231663,COA6-AS1,7,0.2191589547603582,0.0066688707260192945,10857.180290587765
ENSG00000170161,FAM88B,7,0.22153385342643336,0.009877991364875327,5248.680907801277
ENSG00000289382,ENSG00000289382,7,0.2467654738216225,0.07229942390267098,10305.690931592908
ENSG00000226913,BSN-DT,7,0.22243559373785687,0.011996139183641988,7109.6875966166035
ENSG00000230657,PRB4,7,0.2388551109145893,0.03396093991815021,9220.283909400714
ENSG00000231538,DPP10-AS3,7,0.22536190686757285,0.011473094991615347,9142.339253514432
ENSG00000170790,OR10A2,7,0.24113025488771725,0.040664253184049814,6474.349776312677
ENSG00000226976,COX6A1P2,7,0.24725029742163404,0.0537060893638451,10387.921657098823
ENSG00000170909,OSCAR,7,0.22128380868158445,0.012754590553908481,8638.646861992209
ENSG00000231503,PTMAP4,7,0.25985992230185845,0.13592825454060548,9085.625807160894
ENSG00000171051,FPR1,7,0.22399560974071955,0.00997425187856362,6551.219427315374
ENSG00000231422,LINC01516,7,0.22832585831151156,0.017788128462173692,9589.708023797473
ENSG00000171236,LRG1,7,0.2202294094733059,0.00842582856838146,12818.835927194377
ENSG00000186960,LINC01551,7,0.2331848857164056,0.024407222008771167,7246.986538395718
ENSG00000173662,TAS1R1,7,0.2409741743259327,0.037760417272673895,8340.696280334812
ENSG00000231787,H2BP9,7,0.2249328827264112,0.012261572504890272,6925.739295624239
ENSG00000287370,ENSG00000287370,7,0.2355532042576142,0.01983235733794778,9169.31499102771
ENSG00000168070,MAJIN,7,0.21647189497071329,0.007909381947635243,5738.131888990207
ENSG00000231971,CT69,7,0.24206384300348355,0.04154084528911986,12861.56498023811
ENSG00000168079,SCARA5,7,0.2263278691976736,0.014977657070084928,6859.935622657172
ENSG00000226808,LINC00840,7,0.2315345904004051,0.02162841292584604,5358.768170395246
ENSG00000187566,NHLRC1,7,0.24496094037879934,0.0678417559656798,9274.895806850898
ENSG00000226822,ENSG00000226822,7,0.2359261657349304,0.025533231723028526,7408.785903484735
ENSG00000226829,ENSG00000226829,7,0.20977148542374713,0.0033670236575118256,7947.583312801216
ENSG00000288919,ENSG00000288919,7,0.21599970521044065,0.007529959391547256,5749.418970167872
ENSG00000230533,LINC03004,7,0.24138793257740854,0.03590725740705076,7862.6269542676455
ENSG00000231875,ENSG00000231875,7,0.22965767558407363,0.013633672699049464,10649.0180500022
ENSG00000169551,CT55,7,0.21217033574432917,0.0034666977511371233,8674.284679222694
ENSG00000230555,LINC02916,7,0.23608356232168806,0.026924791501144713,9269.324316636694
ENSG00000286904,ENSG00000286904,7,0.2310808249897538,0.016970159846935694,11745.428772779489
ENSG00000187151,ANGPTL5,7,0.23392501816115782,0.028051172266839775,11409.065150309352
ENSG00000226862,SYT2-AS1,7,0.2454302348841305,0.0552401181374961,8650.84517399154
ENSG00000286911,ENSG00000286911,7,0.23847056841751124,0.031565335694675845,7087.379268128044
ENSG00000187066,TMEM262,7,0.2451888759041029,0.040973947343446046,10162.251790566708
ENSG00000227337,RPL23AP43,7,0.2338368444879743,0.024614310195713193,13862.265194859314
ENSG00000231799,PA2G4P6,7,0.21265015844944382,0.0049179640589890675,8138.7587929070605
ENSG00000231794,ENSG00000231794,7,0.22992035416866155,0.016219084439362968,8425.084707202492
ENSG00000289359,ENSG00000289359,7,0.23347335839046246,0.029661098559808426,9237.679804538457
ENSG00000226985,LINC01203,7,0.2275404546076924,0.01766284591641793,12726.266051508816
ENSG00000289446,ENSG00000289446,7,0.22600939115423443,0.012692731980328333,9105.909957487474
ENSG00000287001,ENSG00000287001,7,0.2227448596064859,0.009731725850509954,14316.248435279247
ENSG00000227213,SPATA13-AS1,7,0.2424926039396506,0.03222344017929407,7737.34470805179
ENSG00000289304,ENSG00000289304,7,0.22751518692821304,0.015076008062288104,8724.932836935779
ENSG00000289301,ENSG00000289301,7,0.2268513839318884,0.014363608301375973,10206.212899395441
ENSG00000231024,ENSG00000231024,7,0.22485286840805938,0.01387694210432849,7774.12493388683
ENSG00000227214,HCG15,7,0.2508719981470213,0.07755009262774566,8424.725437287208
ENSG00000231007,CDC20P1,7,0.22088847477972862,0.010867083340005627,9819.169159901257
ENSG00000186009,ATP4B,7,0.23902171967615676,0.03140566352728132,9834.810899622953
ENSG00000289285,ENSG00000289285,7,0.23511417832665885,0.028228172060660632,12180.484507525529
ENSG00000230987,ENSG00000230987,7,0.23924465430656383,0.037077296093474064,4662.1501968968
ENSG00000230956,CAPZA1P1,7,0.23587510396598235,0.02915147161153522,4652.950831007359
ENSG00000286989,ENSG00000286989,7,0.23273506838067276,0.019670510596631295,7150.166386594632
ENSG00000230914,KIF19BP,7,0.23424902350948257,0.026940630375668906,10462.164122860602
ENSG00000289267,ENSG00000289267,7,0.23501731888865404,0.024377550917526657,6774.955104665331
ENSG00000286961,ENSG00000286961,7,0.2360933009064874,0.034590237974389294,5878.700659524607
ENSG00000173198,CYSLTR1,7,0.23480412284304653,0.02649091459740636,7409.473873787744
ENSG00000185974,GRK1,7,0.2337555141446497,0.02583496481677653,8434.606094535557
ENSG00000227242,ENSG00000227242,7,0.23075208195152733,0.03514906835594421,9558.339455102692
ENSG00000230864,ENSG00000230864,7,0.23620595264416633,0.03272222934166226,5705.505906958808
ENSG00000230832,SSBL4P,7,0.23079972205554464,0.017879289941661193,7578.307932337855
ENSG00000286971,ENSG00000286971,7,0.2302693639914712,0.021682820608356954,7163.347188899641
ENSG00000230753,ZNF341-AS1,7,0.22898018592803113,0.023142380149761707,6348.850900719723
ENSG00000286990,ENSG00000286990,7,0.22638735352644834,0.015695386411984962,6913.131018533965
ENSG00000231081,ENSG00000231081,7,0.23262741753789037,0.02831196814494645,4130.881636333715
ENSG00000231084,RPL22P24,7,0.2432487918890717,0.03708967327088756,12182.126081397118
ENSG00000171847,FAM90A1,7,0.23794099996842144,0.02579292704803818,13474.75664087752
ENSG00000231246,LINC02884,7,0.22691244749063105,0.014643780490478176,9753.35997087118
ENSG00000231245,C1DP1,7,0.22573460513989493,0.01421782658678721,8640.04746135598
ENSG00000171596,NMUR1,7,0.23160539254394655,0.023482274581677426,9546.004424565548
ENSG00000231236,ENSG00000231236,7,0.2199469905141236,0.009994866516580478,8535.206681483742
ENSG00000186301,MST1P2,7,0.23457671372773164,0.03679621421066003,7661.851659410038
ENSG00000289341,ENSG00000289341,7,0.20991308971082978,0.003475579576539417,9986.7156043582
ENSG00000227060,LINC00629,7,0.2429924302243534,0.054551217482007704,11641.368914901206
ENSG00000171804,WDR87,7,0.23178226630030263,0.021214255112753766,5118.166803468376
ENSG00000231206,HNRNPA1P25,7,0.22581830432817096,0.016034497336411137,7395.573777436521
ENSG00000186265,BTLA,7,0.239145689228603,0.03665664810583496,10789.66773919094
ENSG00000231096,NDUFB4P3,7,0.24621879704788444,0.05030948721419917,7315.606703570573
ENSG00000173612,GPRC6A,7,0.2488974342777006,0.09286061215215285,5685.575619963965
ENSG00000172000,ZNF556,7,0.2187957318678408,0.00755981220978738,9315.70519469375
ENSG00000172209,GPR22,7,0.2342324415948242,0.02500385256246225,10381.129139307463
ENSG00000287322,ENSG00000287322,7,0.2269645620795571,0.014054669044934092,7366.3640507934415
ENSG00000173585,CCR9,7,0.23269848288642656,0.022318726146100618,7495.014486907174
ENSG00000172367,NHERF4,7,0.223917964267319,0.012838415093003333,8970.409866067625
ENSG00000186198,SLC51B,7,0.24517255719443917,0.047559503240318435,7399.917428775345
ENSG00000173572,NLRP13,7,0.23538554267606815,0.032200594449485816,7188.150620730591
ENSG00000230733,ENSG00000230733,7,0.22142857142860223,0.00865516189507442,10975.03211152583
ENSG00000173702,MUC13,7,0.21998989292824048,0.007539240851381161,10803.053040178329
ENSG00000185527,PDE6G,7,0.22581198740830105,0.012131113070174837,7256.282701816182
ENSG00000189068,VSTM1,7,0.22982533716561937,0.01888191229158417,10939.929847458974
ENSG00000226348,VN2R10P,7,0.24227151174420533,0.048651344107746006,8809.332859652055
ENSG00000233222,ENSG00000233222,7,0.218808102502586,0.007614794326147749,17656.30086928768
ENSG00000163421,PROK2,7,0.23082551614501376,0.021224466990803867,9290.6577419163
ENSG00000188761,BCL2L15,7,0.21954204962996565,0.010773625931205488,15736.171990717818
ENSG00000287059,ENSG00000287059,7,0.2308407820346991,0.0211594459728679,7023.112299326423
ENSG00000188626,GOLGA8M,7,0.21856411147261212,0.007263781404533698,12649.27378759014
ENSG00000163810,TGM4,7,0.23753461145679428,0.018355144174801698,15677.260475598216
ENSG00000286776,ENSG00000286776,7,0.24985392122799518,0.07156874771174555,7909.525201208931
ENSG00000287058,ENSG00000287058,7,0.2274233283851059,0.011687200160254393,13462.632511543276
ENSG00000226241,ENSG00000226241,7,0.2544726424728434,0.09852727955905669,7722.1780190533855
ENSG00000164122,ASB5,7,0.22980006948613946,0.014315589791193956,6706.744557060378
ENSG00000230375,GSTA11P,7,0.24967678426664447,0.06370032672429497,10715.414126110618
ENSG00000185245,GP1BA,7,0.2352384110840994,0.02661484772389282,9271.859558846854
ENSG00000286802,ENSG00000286802,7,0.2205489403367232,0.009866774520526981,7343.028231134558
ENSG00000287425,ENSG00000287425,7,0.22581883073816042,0.018820421388879398,9336.961086627589
ENSG00000188305,PEAK3,7,0.20394728530372752,0.0027351551423642714,10804.132694360553
ENSG00000164451,CALHM4,7,0.23508654180222835,0.022465747526359835,8898.867646254093
ENSG00000286805,ENSG00000286805,7,0.23320462609099923,0.01981630520633364,8113.130737139595
ENSG00000174417,TRHR,7,0.23104792436543153,0.02069447146833186,10545.924835588765
ENSG00000233021,ENSG00000233021,7,0.2279205226198623,0.020257923717329717,9830.877126935688
ENSG00000232949,ENSG00000232949,7,0.249497015255348,0.09623985064139957,9642.715091305963
ENSG00000287424,ENSG00000287424,7,0.2404190749923695,0.062207343509407535,10318.89255622109
ENSG00000226133,LINC02794,7,0.2363557162860811,0.024187798838796647,7360.832317794458
ENSG00000188763,FZD9,7,0.21796953138986094,0.008110452565258854,7153.655426787467
ENSG00000286756,ENSG00000286756,7,0.24317956897549775,0.051230194192473086,8906.09298571679
ENSG00000226055,PAICSP1,7,0.2373085183664518,0.01953520288513881,13545.109413705999
ENSG00000188985,DHFRP1,7,0.23392949264606533,0.038462821522833236,6747.538872516617
ENSG00000174930,VN2R1P,7,0.23862743859427965,0.02656331097215894,9664.997643888553
ENSG00000289553,ENSG00000289553,7,0.22634958360972604,0.016819398104458143,8099.302416176867
ENSG00000233622,CYP2T1P,7,0.21518863901964932,0.007538420315460487,7268.986152414962
ENSG00000227471,AKR1B15,7,0.23006748576063046,0.01788990082640354,16669.848942407363
ENSG00000174837,ADGRE1,7,0.24594637987849685,0.05281547119352521,12232.568722319493
ENSG00000225952,ENSG00000225952,7,0.2428392449175091,0.05360896859596992,5215.077201574422
ENSG00000225964,NRIR,7,0.23080051167052887,0.01948650830992508,7414.991364152176
ENSG00000225981,MICALL2-DT,7,0.22151411305184004,0.009595430836933495,6384.025978480367
ENSG00000233577,ENSG00000233577,7,0.23090553046336476,0.018187515620570253,13115.009687368018
ENSG00000174576,NPAS4,7,0.22855168819686061,0.04777606393457998,4940.540117807162
ENSG00000289550,ENSG00000289550,7,0.22543323542110377,0.013475571175593639,9105.844802452893
ENSG00000162621,LRRC53,7,0.23247581146101412,0.017812494809596693,9021.924949115346
ENSG00000162728,KCNJ9,7,0.2269916721939987,0.017447915973298905,4666.60263148379
ENSG00000162771,GARIN4,7,0.23016829327355356,0.020547645093906552,7147.724963401486
ENSG00000188828,GLRA4,7,0.22005858943182494,0.00809946133975476,9888.606804110806
ENSG00000286751,ENSG00000286751,7,0.21589126475267476,0.006357952544513745,10153.811346825147
ENSG00000233359,ENSG00000233359,7,0.23166566648770442,0.023079317872987577,8332.641958610744
ENSG00000230292,NAALADL2-AS3,7,0.22864065148502632,0.018279357492218398,7885.86785351366
ENSG00000233330,ENSG00000233330,7,0.22655475190299995,0.01353444837919771,12972.6163026563
ENSG00000232896,ENSG00000232896,7,0.24124922354526657,0.039733055841250565,7147.659394475983
ENSG00000188277,C15orf62,7,0.22026204689263368,0.009041168255833872,9376.805889781972
ENSG00000230521,ENSG00000230521,7,0.23784782540034077,0.030667904136404456,6654.592921871667
ENSG00000288888,ENSG00000288888,7,0.22844061568914756,0.01608535425624543,8473.973952058042
ENSG00000232415,ELN-AS1,7,0.23854110735605782,0.039285083133693034,9710.211812261743
ENSG00000230442,ASB15-AS1,7,0.22469863028123785,0.009835122399574469,12773.461951348687
ENSG00000232360,ENSG00000232360,7,0.23968841792742163,0.03824978720059622,9390.176562440844
ENSG00000287317,ENSG00000287317,7,0.2190902582567734,0.007047516789548248,8730.242584247266
ENSG00000232358,ENSG00000232358,7,0.23717244138425506,0.027778086364409406,7088.2464789297455
ENSG00000226626,NOP56P2,7,0.2454570817935774,0.03687402573185345,8958.534329192797
ENSG00000174038,SPATA31G1,7,0.23905672594043526,0.03450886824336605,5925.148189455097
ENSG00000226659,TSPAN14-AS1,7,0.24501516060768186,0.046800878905405865,14778.525228082031
ENSG00000289476,ENSG00000289476,7,0.20856429571611557,0.004801140945547625,11641.161217701998
ENSG00000286891,ENSG00000286891,7,0.22926523693715817,0.013427755386549453,11146.364976771945
ENSG00000167011,NAT16,7,0.23524946569387167,0.026371528929639145,15631.289347089669
ENSG00000173769,TOPAZ1,7,0.24068306960193003,0.03272613340929757,8843.538021522441
ENSG00000287033,ENSG00000287033,7,0.22785077329629969,0.020326758464409782,7254.302197175761
ENSG00000232125,DYTN,7,0.2393925755135163,0.035735848465667165,6498.990874697636
ENSG00000187690,EZHIP,7,0.21629423159937322,0.0070274078475569,7374.048181084521
ENSG00000173728,SPMIP3,7,0.21480620216252774,0.006594750224914368,9932.246130252337
ENSG00000287399,ENSG00000287399,7,0.23952286198583247,0.03488967481464944,7993.54994410538
ENSG00000226686,LINC01535,7,0.2267461019340576,0.013161669707305129,9411.369073705635
ENSG00000232072,ENSG00000232072,7,0.22990087699906273,0.016630867743710222,5829.35986603551
ENSG00000187682,ERAS,7,0.2193002958424463,0.0069077612751608395,9499.380480532762
ENSG00000187658,C5orf52,7,0.2496070349430813,0.0607580753027318,7713.730409372686
ENSG00000289238,ENSG00000289238,7,0.23098238632178145,0.021159938930180193,11834.991284560634
ENSG00000232453,LINC02777,7,0.23355837360371107,0.027087934480965727,14542.27755754476
ENSG00000166569,CPLX4,7,0.22766047608522028,0.016213779494017585,7618.169165738647
ENSG00000289506,DDIT4-AS1,7,0.21853621174318694,0.019017495149200817,12136.139754881628
ENSG00000165168,CYBB,7,0.2263154985629282,0.01339675516175527,9354.60514933047
ENSG00000286837,ENSG00000286837,7,0.22628628280853014,0.016056996289347494,7699.503194672489
ENSG00000226360,RPL10AP6,7,0.2377235926429004,0.028747611458248022,14105.216173281255
ENSG00000232832,LMLN-AS1,7,0.2311353084236311,0.019397009449918,7693.637027888956
ENSG00000226386,PARD3-DT,7,0.21747918048496256,0.007025937463835264,6755.985756028666
ENSG00000287419,ENSG00000287419,7,0.23457276565281304,0.03507913793166732,5197.595438597933
ENSG00000287055,ENSG00000287055,7,0.22318099028250135,0.01151972773845904,9067.451474994994
ENSG00000232654,FAM136BP,7,0.21242419696159914,0.011742735356282815,6177.762638602378
ENSG00000165462,PHOX2A,7,0.2239234915722055,0.009877265060622182,7325.304252942417
ENSG00000232645,LINC01431,7,0.22454018087450112,0.01475544338415565,7155.1653424055485
ENSG00000166292,TMEM100,7,0.24162929155743637,0.03984909039916316,8061.870101879303
ENSG00000188050,RNF133,7,0.23503679605825345,0.024908365233177285,9439.743070049879
ENSG00000230393,ENSG00000230393,7,0.2285314214122766,0.020247645559984886,6186.329515147279
ENSG00000230408,BZW1-AS1,7,0.2285503721718858,0.01529083192863948,8917.620095415536
ENSG00000286864,ENSG00000286864,7,0.22667003569062513,0.023881752477599733,5199.024782076194
ENSG00000165810,BTNL9,7,0.2577166440310125,0.11707599742526713,13324.057391541011
ENSG00000232560,LINC01549,7,0.23889011717886807,0.038973557633019934,7691.057490342656
ENSG00000185519,FAM131C,7,0.23239737637263005,0.019988484977340067,10909.974389196641
ENSG00000286870,ENSG00000286870,7,0.23126375246098488,0.029266904985736506,6526.790477807102
ENSG00000289484,ENSG00000289484,7,0.24467483654969277,0.052963635317889106,11215.743836153775
ENSG00000236809,SNX25P1,7,0.23090842571830536,0.016674563821098103,8949.102063847573
ENSG00000236772,ENSG00000236772,7,0.2298887695693129,0.01374306382749893,8936.87377605999
ENSG00000290075,ENSG00000290075,7,0.23519866712991805,0.028324810470777097,4490.423761720466
ENSG00000285900,ENSG00000285900,7,0.2403353758040932,0.03556866910309956,7471.827413177026
ENSG00000219274,RPS20P2,7,0.2428137140330353,0.03598862883209369,15373.557698718114
ENSG00000244461,LINC02077,7,0.24350857521871985,0.041051921545241295,7444.438728082982
ENSG00000244459,ENSG00000244459,7,0.21745970331536382,0.008554386327892112,11752.593697740851
ENSG00000290925,LRRC37A11P,7,0.22704852447282725,0.015078143609502404,6319.160116780517
ENSG00000244302,PEX5L-AS2,7,0.2352223555794307,0.05003633077335121,7111.38940800106
ENSG00000219355,RPL31P52,7,0.23443089816073537,0.03029179053783056,7245.035551034982
ENSG00000219430,MBL3P,7,0.23958813682448735,0.04139126430965274,6318.430032504588
ENSG00000244301,AOX3P,7,0.2450920164660982,0.053348115360583925,7449.163818411644
ENSG00000244268,ENSG00000244268,7,0.22460624532814005,0.011622099920763917,5297.686692653757
ENSG00000206531,CD200R1L,7,0.23639151216534346,0.04084681852336518,6757.211824209587
ENSG00000287829,ENSG00000287829,7,0.22694666413992584,0.015439454147613078,13837.613161184785
ENSG00000285884,ENSG00000285884,7,0.24429424212753373,0.04380633835345975,7621.516066733175
ENSG00000219451,RPL23P8,7,0.25420312055839583,0.09080878983155109,11279.522602501398
ENSG00000290902,ENSG00000290902,7,0.22373187833615277,0.013526708748014888,5490.1273028281785
ENSG00000285894,ENSG00000285894,7,0.22976480001686628,0.014817058591524658,9228.59783596977
ENSG00000105641,SLC5A5,7,0.23220339429162626,0.01956667579025281,9451.833677120147
ENSG00000244125,ENSG00000244125,7,0.22650895423394315,0.018414016281331318,6275.579139396575
ENSG00000244124,ATP1B3-AS1,7,0.22908362549090014,0.015107055477826712,8083.862118930226
ENSG00000288046,ENSG00000288046,7,0.22624101154946294,0.012602950344043419,6216.115987678037
ENSG00000228877,ENSG00000228877,7,0.2302627838666069,0.01701282654342156,10371.030663276733
ENSG00000244060,RPS2P41,7,0.24247338997504655,0.03849073354614738,5892.114128700606
ENSG00000288040,ENSG00000288040,7,0.21718781255596545,0.0048228468451242375,8989.96382692823
ENSG00000285872,ENSG00000285872,7,0.2343398292326117,0.023108499611636475,9062.954414505206
ENSG00000103269,RHBDL1,7,0.21798190202460613,0.008157668443488501,9409.647116521895
ENSG00000290997,ENSG00000290997,7,0.2529979048882247,0.05992222392330456,11293.965692232945
ENSG00000285845,ENSG00000285845,7,0.2332233136456151,0.038834770556654706,8907.59809448116
ENSG00000213013,RPS15AP36,7,0.21221981828330935,0.004856552998873347,6431.912492358642
ENSG00000101203,COL20A1,7,0.22972795131762538,0.017534495845446273,8383.814447085259
ENSG00000245479,LINC01585,7,0.217247560089734,0.008604180634095958,8847.544064745054
ENSG00000217404,RPS4XP9,7,0.21946743101400282,0.011839150462949814,5779.469228852989
ENSG00000245205,EEF1A1P4,7,0.23518787572514058,0.03426339058354715,7854.613919201808
ENSG00000290999,ENSG00000290999,7,0.22532137329840843,0.02042336398432944,8781.62221235993
ENSG00000245148,ARAP1-AS2,7,0.2292186496531179,0.018270678403467945,8106.593361223393
ENSG00000217442,SYCE3,7,0.23963709295347904,0.032091297458640936,12525.70454246185
ENSG00000102104,RS1,7,0.2203775938852536,0.007677512812453167,9558.87002573409
ENSG00000244573,RPL30P11,7,0.2350494298979929,0.02287869679095673,7843.278411173467
ENSG00000285849,ENSG00000285849,7,0.2249047197919914,0.012997569979180465,12405.229671944568
ENSG00000285850,ENSG00000285850,7,0.21472079214178746,0.005458156346692039,7672.635578013646
ENSG00000290981,ENSG00000290981,7,0.23961287809397777,0.036979716638624205,7497.455953852417
ENSG00000182798,MAGEB17,7,0.22875251360772134,0.01591081904275318,6022.5842935086275
ENSG00000180015,ENSG00000180015,7,0.2318575429287515,0.020543861343602858,10148.821089383677
ENSG00000287838,ENSG00000287838,7,0.23410294473749196,0.020739977153231483,9501.815107705408
ENSG00000212136,RNU6-696P,7,0.2273462093216941,0.017438117494529247,7024.711024678562
ENSG00000244586,WNT5A-AS1,7,0.25176189423368833,0.08016750645071506,9612.003101166123
ENSG00000289105,ENSG00000289105,7,0.24845182822188064,0.06950352604355535,9980.371246094475
ENSG00000205976,ENSG00000205976,7,0.22429855868947904,0.03147066319042834,9132.032343824392
ENSG00000243979,ENSG00000243979,7,0.2231082141015006,0.012270242664418595,14650.135411705149
ENSG00000113263,ITK,7,0.24206042133855424,0.041868251861468815,12133.418742160582
ENSG00000179709,NLRP8,7,0.251013339229109,0.07963825288264739,8508.873834830865
ENSG00000222030,ENSG00000222030,7,0.24638330016949547,0.04937516832680774,8039.819799352946
ENSG00000287805,ENSG00000287805,7,0.23848135982228924,0.02817812844844179,12314.15571870079
ENSG00000222693,RN7SKP120,7,0.23155775243992824,0.017164641390226738,8218.081967470327
ENSG00000223335,RNU6-603P,7,0.25571470684225456,0.08286240570070139,12722.045749180394
ENSG00000229111,MED4-AS1,7,0.23830553888591144,0.02805122946764574,13600.83113914234
ENSG00000110079,MS4A4A,7,0.23097949106684115,0.021339062336364557,7508.896979730292
ENSG00000242412,DBIL5P2,7,0.2196595706600452,0.012629540671710562,6083.784815836661
ENSG00000223387,LINC02068,7,0.25093174568079013,0.07651970643172123,11377.553495657881
ENSG00000242358,RPS21P4,7,0.2292004885084922,0.020894518521475763,6625.107952163996
ENSG00000242320,RPL21P126,7,0.23838818525420863,0.038265056115039255,5398.000010538525
ENSG00000223389,SDCBP2P1,7,0.23230367539456045,0.021095131674426927,6265.200082741605
ENSG00000228215,LINC02770,7,0.2200717496815533,0.0112073662693011,15760.201231498015
ENSG00000287789,ENSG00000287789,7,0.22594701157051916,0.014046067812303546,6222.894723045055
ENSG00000288064,ENSG00000288064,7,0.2425202404640813,0.050043124862466794,7695.484574294553
ENSG00000236852,SSBL2P,7,0.23067496288811493,0.02244392149362846,7999.507112810655
ENSG00000242071,RPL7AP6,7,0.2443310908267747,0.04225969454609271,7802.298559724818
ENSG00000111796,KLRB1,7,0.21625948854008908,0.007016009438323093,6617.185259912567
ENSG00000286015,ENSG00000286015,7,0.25394228440876926,0.08527610943509134,8687.315592973404
ENSG00000242009,ENSG00000242009,7,0.2304693997873502,0.016210849389649156,7961.367542386403
ENSG00000241947,HNRNPA1P24,7,0.25317635787454795,0.09218491810834624,10809.850085866006
ENSG00000241941,RPL32P26,7,0.24345119652990269,0.05926592148710223,14510.702255819646
ENSG00000229097,CALM2P2,7,0.22758019856187364,0.013871827766289457,4259.826739998288
ENSG00000179082,ENSG00000179082,7,0.22459992840827056,0.012215146582582033,5882.007793370179
ENSG00000108846,ABCC3,7,0.24540996809954801,0.04884524843357454,8829.164813107258
ENSG00000179447,SLC24A3-AS1,7,0.25043323542106083,0.09146585864331738,13145.678616774769
ENSG00000289114,ENSG00000289114,7,0.21562516450315675,0.005686857883929204,13182.584399694366
ENSG00000228255,ENSG00000228255,7,0.2264502595201524,0.012327586001954096,12189.092111984339
ENSG00000107014,RLN2,7,0.2177926576335052,0.005780621689504883,9884.59893413907
ENSG00000221858,OR2A12,7,0.23769648252845854,0.03068987905316178,7027.711617047734
ENSG00000243694,LINC02027,7,0.2516960929850434,0.06034617971721064,8698.758317200192
ENSG00000107147,KCNT1,7,0.20619729319987717,0.002462504015544737,7369.713361712676
ENSG00000107159,CA9,7,0.23057810345011065,0.022579016270191547,7130.002248065666
ENSG00000107187,LHX3,7,0.23262346946297227,0.02357396487677381,6839.009298310585
ENSG00000228988,ENSG00000228988,7,0.23377551772423738,0.02417631065149809,5644.174348363711
ENSG00000221916,C19orf73,7,0.22935709548026625,0.016528699029928255,9128.367375462813
ENSG00000108813,DLX4,7,0.23982133644968356,0.038772073809275096,6985.651070161304
ENSG00000108255,CRYBA1,7,0.22620442605521662,0.011550717541117906,8232.686549796426
ENSG00000243256,RPL30P14,7,0.2249263026015466,0.012638278828921165,5853.426312977927
ENSG00000205837,LINC00487,7,0.22730883421246478,0.01644886648658126,4602.636613443728
ENSG00000243199,RPL6P10,7,0.23186096459368102,0.022111259281968585,6561.392438922028
ENSG00000243064,ABCC13,7,0.22560747712751433,0.019051705354404497,4202.998276137069
ENSG00000290877,ROCK1P1,7,0.2068031910973957,0.002863787484250946,7649.313818707577
ENSG00000242950,ERVW-1,7,0.2373022014465828,0.05371556692561126,8107.145012739365
ENSG00000242908,AADACL2-AS1,7,0.21628646705203305,0.008908533910748834,7484.359295935726
ENSG00000221970,OR2A1,7,0.23675157659792603,0.04723090574537018,8199.053557269664
ENSG00000285842,ENSG00000285842,7,0.22676163102873786,0.012821633284900543,8810.441627291673
ENSG00000100558,PLEK2,7,0.22142041207377036,0.011987979629541234,8313.41645806013
ENSG00000182450,KCNK4,7,0.2335965383279249,0.037608020208179334,6675.9611450473385
ENSG00000216895,RBM33-DT,7,0.23420664750535558,0.021549616889097414,6506.085902547309
ENSG00000043462,LCP2,7,0.2209463798785359,0.01907089771828822,6627.788020647739
ENSG00000287894,ENSG00000287894,7,0.23162592253352354,0.018503349545040976,8253.125467240065
ENSG00000213979,RPL7AP14,7,0.2428821473316254,0.05086346283759755,7221.5382027348205
ENSG00000064195,DLX3,7,0.24264184117157603,0.03385145413836389,8589.546560960034
ENSG00000213917,RPL5P8,7,0.22539928197680323,0.008660524943261798,10201.56565943725
ENSG00000248576,ENSG00000248576,7,0.22998273375237663,0.021310148899045853,4409.54532453773
ENSG00000287891,ENSG00000287891,7,0.22845114388893012,0.016534348696566982,8127.227506758068
ENSG00000181631,P2RY13,7,0.22494630618113473,0.012488990491202105,5989.517718274434
ENSG00000285700,ENSG00000285700,7,0.24300690649905488,0.040960205735315836,5224.221765910041
ENSG00000287946,ENSG00000287946,7,0.24086415463819935,0.044048865226733694,5277.769697210925
ENSG00000069206,ADAM7,7,0.2106948085447255,0.0049820472893165055,5575.134194756784
ENSG00000285706,ENSG00000285706,7,0.2164997947001389,0.006817687001284389,10498.53644900094
ENSG00000287950,ENSG00000287950,7,0.219468747038978,0.024938747357888924,6338.970318124524
ENSG00000215014,SSU72-AS1,7,0.21121332238404425,0.005248864573938117,9349.99186194947
ENSG00000289052,ENSG00000289052,7,0.224246180895558,0.029609215136765094,7383.532693367587
ENSG00000248397,LINC00498,7,0.23844977522294003,0.030209744639725998,16427.88483818229
ENSG00000213684,LDHBP2,7,0.2369734584083543,0.0355030543891551,5587.139394514583
ENSG00000248375,ENSG00000248375,7,0.24520519461376655,0.04458866668903392,9246.992331021132
ENSG00000248373,ENSG00000248373,7,0.22092611309395335,0.01519594991389507,7810.217927711351
ENSG00000075073,TACR2,7,0.24813650863837644,0.05801698782437879,7383.430269213671
ENSG00000287960,ENSG00000287960,7,0.22949843656235402,0.016894952211013538,8000.743803005735
ENSG00000228625,ENSG00000228625,7,0.22053183201207582,0.00882570584485937,5373.1788778483
ENSG00000248693,LINC02100,7,0.24393575692491917,0.044532082379996056,8642.578642990386
ENSG00000248694,ENSG00000248694,7,0.23268426981671947,0.018759817390677672,6541.657665184746
ENSG00000228590,MIR4432HG,7,0.2184047408483952,0.007836486067369395,8436.376343242344
ENSG00000289045,ENSG00000289045,7,0.22362449069836565,0.026481564507680425,5849.031930804644
ENSG00000285645,ENSG00000285645,7,0.22068633334389312,0.009103259473546578,8629.463184014803
ENSG00000005844,ITGAL,7,0.22357184969944907,0.01573375881036861,7688.173094468968
ENSG00000181847,TIGIT,7,0.2280060642431,0.02290844489125189,4041.629286759388
ENSG00000008197,TFAP2D,7,0.22930471768634464,0.016128414140672946,5730.220138956107
ENSG00000214269,LGMNP1,7,0.24152137750965935,0.03300814211657893,9388.560922924247
ENSG00000249017,ENSG00000249017,7,0.23514392049104607,0.03110833725876872,6132.263383978583
ENSG00000291273,ENSG00000291273,7,0.2349170377857206,0.035871506162989106,9345.414361452576
ENSG00000248927,ENSG00000248927,7,0.23378920438395584,0.02594711793970816,6783.755026080722
ENSG00000291253,ENSG00000291253,7,0.22691876441050063,0.019088672484831454,6417.162123234365
ENSG00000287937,ENSG00000287937,7,0.2321539117526459,0.018739993063059686,8762.07578677534
ENSG00000287922,ENSG00000287922,7,0.21490319320302992,0.00597971487542382,9650.520575547172
ENSG00000291250,ENSG00000291250,7,0.22403430087492243,0.010732018347641318,16402.46078738887
ENSG00000248869,LINC02511,7,0.2167861617342396,0.006423720496361197,8260.55880823021
ENSG00000248851,ENSG00000248851,7,0.2300640640957009,0.015411272476441851,8242.442896611252
ENSG00000214465,SMARCE1P6,7,0.22676005179877026,0.014091071668809952,5676.419111401688
ENSG00000181781,CIMAP1D,7,0.23819841445311826,0.03522205393905435,8739.559036376264
ENSG00000248771,SMIM31,7,0.22981770422077646,0.018749167209442356,6973.793980059687
ENSG00000020633,RUNX3,7,0.21425518250637943,0.006686547164615458,8968.51641934566
ENSG00000214145,LINC00887,7,0.22871382247351882,0.01958314853892256,9035.569665789146
ENSG00000228484,ENSG00000228484,7,0.22502263562956223,0.013607690159644048,6037.436980817349
ENSG00000215097,ENSG00000215097,7,0.23732694271607221,0.02882152092711057,6100.6685964643275
ENSG00000075886,TUBA3D,7,0.23247475864103567,0.026307231230444948,9273.64719564964
ENSG00000246740,PLA2G4E-AS1,7,0.22805633639706385,0.02038291848225324,9934.919850462113
ENSG00000215630,GUSBP9,7,0.24040617794763453,0.03300611147218,9710.047541840473
ENSG00000228404,ENSG00000228404,7,0.2304436056978817,0.015241001168715585,9765.171991130554
ENSG00000285772,ENSG00000285772,7,0.2466791425834004,0.05877277119586267,5560.959687267562
ENSG00000213188,YBX1P4,7,0.251584757272337,0.058249009690491314,16203.059641396118
ENSG00000285788,ENSG00000285788,7,0.2415382226293127,0.03694324590996801,9271.146763021574
ENSG00000228386,ENSG00000228386,7,0.22844640619902784,0.017463174039015122,9105.322866562272
ENSG00000099998,GGT5,7,0.23842292831349274,0.04520550909341201,4371.8681183757635
ENSG00000228789,HCG22,7,0.23670130444396137,0.03124688384029968,9712.876324273913
ENSG00000246777,DYNC1LI2-DT,7,0.2388888011538949,0.03189023022805708,7960.376065767142
ENSG00000291029,ENSG00000291029,7,0.24447980164871097,0.06404450404505159,9094.191340997531
ENSG00000181171,FER1L6-AS1,7,0.23015776507377045,0.017611346978303785,7539.44933315427
ENSG00000100336,APOL4,7,0.22604966151840442,0.016593200732607526,7886.360394863759
ENSG00000100342,APOL1,7,0.2329219439268229,0.020661743738276006,7624.831811031734
ENSG00000228809,ENSG00000228809,7,0.23332649000348857,0.02404920412879681,6520.071793833764
ENSG00000246394,ZNF84-DT,7,0.23980159607509016,0.03160255592538771,8291.077990075999
ENSG00000246375,PPM1K-DT,7,0.2155111967405048,0.005128031261388721,13521.125246969854
ENSG00000285819,ENSG00000285819,7,0.23833686028026618,0.027661441236621218,10290.121871989117
ENSG00000228368,ENSG00000228368,7,0.22053920175192418,0.009931617740766953,8878.199382311974
ENSG00000216588,IGSF23,7,0.22747439015405369,0.01578442968965788,5671.953288038496
ENSG00000228814,ENSG00000228814,7,0.24082388427402962,0.05100280437319956,6971.7429627462225
ENSG00000095464,PDE6C,7,0.2185401598181053,0.010228986680619664,10227.927142088165
ENSG00000213215,OR2F1,7,0.2164921617552957,0.005719609678579732,6497.723360080025
ENSG00000077420,APBB1IP,7,0.21480791299499236,0.008604179830246621,10101.882610484248
ENSG00000215262,KCNU1,7,0.22141014707898218,0.009399172455215127,8071.974588272508
ENSG00000077800,FKBP6,7,0.24053804364991807,0.03474403556263909,5594.820061907182
ENSG00000213553,RPLP0P6,7,0.2583049071938936,0.10794057897728201,15120.039556774556
ENSG00000291116,PLAC9P1,7,0.22948343387766323,0.01832118774514616,10905.437069836738
ENSG00000248238,LINC02438,7,0.21859385363699962,0.009108136822112976,10744.106899623568
ENSG00000213513,IMPDH1P5,7,0.2308726298390427,0.023713486464820636,6315.778846619048
ENSG00000213440,H2AZP1,7,0.22470231515116082,0.014696514766865872,6755.707417466527
ENSG00000087494,PTHLH,7,0.23908225682490947,0.04108622968507578,6848.605002137228
ENSG00000248211,TRPC7-AS1,7,0.23675763031280084,0.03141706634383226,6494.3212367704655
ENSG00000213424,KRT222,7,0.23849741532695842,0.03583437102496977,12902.657291578022
ENSG00000215283,HMGB3P24,7,0.24959150584840137,0.09986555845025014,10075.460721531916
ENSG00000287226,ENSG00000287226,7,0.2302388322121007,0.017227393570178908,8458.62628057633
ENSG00000088827,SIGLEC1,7,0.2326034658833838,0.021136773605505595,7480.2190807102725
ENSG00000285729,ENSG00000285729,7,0.22886595496038456,0.0217223173331555,5420.368978990361
ENSG00000248176,ENSG00000248176,7,0.23440299843131052,0.023741982125562163,7265.301140063616
ENSG00000090534,THPO,7,0.25259414842654243,0.11464231027962489,6170.081420901038
ENSG00000287969,ENSG00000287969,7,0.24352147226345403,0.04105418629874502,7465.5559245013565
ENSG00000090539,CHRD,7,0.2285632692166202,0.013034934868500853,9565.59799753896
ENSG00000289041,ENSG00000289041,7,0.2192029099944528,0.006665671620144197,8386.011374661879
ENSG00000287876,ENSG00000287876,7,0.23063074444902637,0.018746734168826655,6082.8253766502
ENSG00000291065,ENSG00000291065,7,0.228691186843985,0.01760886497620953,5534.73676519631
ENSG00000223461,ENSG00000223461,7,0.23483939231231996,0.025281329183837114,8453.839907839694
ENSG00000111348,ARHGDIB,7,0.235874577555993,0.028465186544234994,9077.552947398546
ENSG00000229150,CRYGEP,7,0.20936878178204285,0.01102116234347785,6686.266389361949
ENSG00000237766,GGTA2P,7,0.2426468420664732,0.04988442837993492,7646.3306613244895
ENSG00000237728,CAMTA1-AS2,7,0.23580193297749014,0.0339164450061819,11552.352889245323
ENSG00000228084,ENSG00000228084,7,0.24185985913268607,0.042107608771226386,7515.79974699235
ENSG00000237672,KRR1P1,7,0.22017518924442306,0.007768008805081042,8234.926611429719
ENSG00000126856,PRDM7,7,0.23938520577366806,0.0393225330184704,6315.40808105175
ENSG00000126860,EVI2A,7,0.23726061505743842,0.03733241028296898,9729.642831030462
ENSG00000237655,IFT70A-AS1,7,0.22465678068709916,0.0128386229567572,6633.118770115815
ENSG00000229312,ENSG00000229312,7,0.24713817209394393,0.05134917414894284,10686.690500576611
ENSG00000289012,ENSG00000289012,7,0.2334036090668997,0.025704464286702207,8211.674264936759
ENSG00000237621,OR9A1P,7,0.2373122032363758,0.027804976649013158,8841.163635255405
ENSG00000126952,NXF5,7,0.2297105797879837,0.021570897470904,6519.206770310406
ENSG00000237579,LINC01514,7,0.2414639988208415,0.03825688768121396,7774.01619603817
ENSG00000286245,ENSG00000286245,7,0.22856669088154982,0.016656499841651205,8285.326197351855
ENSG00000178597,PSAPL1,7,0.245264152532552,0.050325634928223645,14996.508409309668
ENSG00000287655,ENSG00000287655,7,0.2498476043081253,0.07530556808419908,8710.992216639836
ENSG00000127589,TUBBP1,7,0.22600886474424536,0.020104138690430606,6325.859056076203
ENSG00000237530,ENSG00000237530,7,0.241631923607382,0.0338771367887067,7511.387149024756
ENSG00000224349,FAM135A-AS1,7,0.22817135697969432,0.013729363657784393,10023.028109829776
ENSG00000184100,BRD7P2,7,0.2498370761083422,0.0719654260041213,13707.632323341355
ENSG00000237484,LINC01684,7,0.2205163029173958,0.008982207115182423,14500.304889490897
ENSG00000229431,MED8-AS1,7,0.23450854363413573,0.02853118164537816,8215.530761115575
ENSG00000224361,ENSG00000224361,7,0.21704410262892526,0.008985549116996184,4574.751507179221
ENSG00000287698,ENSG00000287698,7,0.22617389427584578,0.012248450556049608,16781.650134386946
ENSG00000224153,LINC02054,7,0.23888748512892197,0.0326199841858621,7686.674955081629
ENSG00000229248,WBP2P1,7,0.2581693566216863,0.11149295198648096,8456.858066073246
ENSG00000125931,CITED1,7,0.22475232410013085,0.01482360749934443,11479.666196634436
ENSG00000228141,ENSG00000228141,7,0.2270027268037709,0.014046583223431233,7185.108627088028
ENSG00000238212,LINC02096,7,0.23735352642052435,0.030006173681076928,6980.3845307791635
ENSG00000238169,LINC01053,7,0.21919606666459346,0.00948131531132073,5827.2704069808005
ENSG00000114349,GNAT1,7,0.22849825758295988,0.015791860848877896,6612.2712060204085
ENSG00000290459,ENSG00000290459,7,0.22798342861356638,0.02096819965171945,10601.619892056955
ENSG00000224079,CHLSN-AS1,7,0.23074076413675912,0.0219729591093407,7381.1672715892955
ENSG00000238062,SPATA3-AS1,7,0.22457860880370942,0.015358817369533076,13524.212917516932
ENSG00000124818,OPN5,7,0.22119195013847676,0.008828945915445186,7197.456566251498
ENSG00000287261,HPS1-AS1,7,0.24037827821820934,0.03679988951319697,12119.387677390414
ENSG00000238022,LMX1A-AS1,7,0.2384318772833085,0.029530135991769877,10074.48459312128
ENSG00000286218,ENSG00000286218,7,0.22499684154009306,0.016003774698240228,4443.983051138144
ENSG00000287708,ENSG00000287708,7,0.224676784266687,0.014249505133185916,7473.870414323323
ENSG00000204420,MPIG6B,7,0.21837591990148894,0.006919671614312423,11108.209743735926
ENSG00000237919,LRRC7-AS1,7,0.22985481612501205,0.017262709363429357,8272.928098481578
ENSG00000237917,PARP4P1,7,0.2284564079888218,0.021919434161669752,5417.8660392043075
ENSG00000288557,ENSG00000288557,7,0.2503190044534136,0.0670010190409017,9675.264734702843
ENSG00000224116,INHBA-AS1,7,0.2338544792226109,0.03163358538760434,6817.510515318912
ENSG00000289152,ENSG00000289152,7,0.226103881747288,0.011449165296052168,14947.198963317775
ENSG00000237851,ENSG00000237851,7,0.22896886811326414,0.024545182440690445,6909.367926831036
ENSG00000286225,ENSG00000286225,7,0.2311924239074544,0.020309628065420006,4190.219379989915
ENSG00000224117,PTPN2P2,7,0.2516197635366163,0.08224922483534725,7614.499536705357
ENSG00000237463,LRRC52-AS1,7,0.21363217628421394,0.004373980152639025,15972.267496730496
ENSG00000204118,NAP1L6P,7,0.22307860353961023,0.013317292589415495,8749.382553870513
ENSG00000287646,ENSG00000287646,7,0.24893638861689782,0.05692458896000202,9162.78922775377
ENSG00000128604,IRF5,7,0.24526415253255182,0.04817560851857021,7723.561951325119
ENSG00000177627,C12orf54,7,0.2378773043597336,0.03384578890332301,6865.532689119371
ENSG00000132207,SLX1A,7,0.22912968636495085,0.02466066571923805,6118.397640164136
ENSG00000286308,ENSG00000286308,7,0.2519808807891766,0.06410717697597682,8738.891237523789
ENSG00000132357,CARD6,7,0.23563742985587918,0.032980128547257015,8650.65757227062
ENSG00000229558,SACS-AS1,7,0.23674341724309372,0.02937767120720417,10569.46283775361
ENSG00000203914,HSP90B3P,7,0.22276433677608454,0.011067966551110229,9290.642913576883
ENSG00000203908,KHDC3L,7,0.23839608140404592,0.03175919842388886,5695.52660002671
ENSG00000289174,ENSG00000289174,7,0.23109924933937454,0.03559140600254383,8237.37541026568
ENSG00000133433,GSTT2B,7,0.21370324163275156,0.02584722185491419,5175.264821438092
ENSG00000203877,RIPPLY2,7,0.24486118568585388,0.053051389568925064,6796.364410865669
ENSG00000237000,PTMAP6,7,0.24265236937135898,0.03801553835770919,5219.126109762667
ENSG00000290095,ENSG00000290095,7,0.2302267247823498,0.012476374551152565,9404.905778655391
ENSG00000287623,ENSG00000287623,7,0.22095269679840548,0.009719708004503452,6312.74435740229
ENSG00000134538,SLCO1B1,7,0.22260957223927266,0.009714362244609673,7362.192608302436
ENSG00000286333,ENSG00000286333,7,0.22630497036314523,0.01366021961643293,7232.712075289421
ENSG00000286335,ENSG00000286335,7,0.23454986681828469,0.022344784604513054,7044.578925300023
ENSG00000134588,USP26,7,0.2510025478243314,0.0706380143559921,13081.40369224734
ENSG00000236908,LINC02827,7,0.22826295231780755,0.019977378882721324,6002.100460699974
ENSG00000286342,ENSG00000286342,7,0.23157854563449934,0.020483850338737314,11527.413936415576
ENSG00000287139,ENSG00000287139,7,0.2480915005843036,0.061434872708730784,6065.523388608735
ENSG00000224546,EIF4BP3,7,0.23277770758979457,0.01984583215158791,9300.883882058035
ENSG00000131400,NAPSA,7,0.22339313350813106,0.01157044108342042,12398.597996716144
ENSG00000229495,ENSG00000229495,7,0.21538169988317238,0.004933670836739752,10070.866844922279
ENSG00000237226,RPS3AP39,7,0.24005269363991757,0.05421386939693583,10204.263018643689
ENSG00000130300,PLVAP,7,0.22316493477783217,0.01404199280434292,6519.628653065031
ENSG00000288580,ENSG00000288580,7,0.23616120779508823,0.03078280344033825,8158.418871201181
ENSG00000287637,ENSG00000287637,7,0.22305096701517999,0.011009132583778336,6486.416319550659
ENSG00000287153,ENSG00000287153,7,0.23673762673321294,0.028219945996334414,6662.974389988541
ENSG00000288586,ENSG00000288586,7,0.22872698272324735,0.015741580488827633,8150.402973829809
ENSG00000204071,TCEAL6,7,0.24501858227261092,0.05681887177189834,9293.840086007824
ENSG00000129437,KLK14,7,0.2216586125938634,0.010498348433782598,11680.05225580586
ENSG00000290242,ENSG00000290242,7,0.2295939799753854,0.02239021299566806,8920.01094923078
ENSG00000237325,MTRES1P2,7,0.2365852310413527,0.040730740152066604,11926.032453010508
ENSG00000130173,ANGPTL8,7,0.24117973742669774,0.03291397661585448,14662.986210621695
ENSG00000289163,ENSG00000289163,7,0.23063969341884186,0.02061095666650506,5781.889155165448
ENSG00000224493,ENSG00000224493,7,0.22497420591055986,0.012938180187071378,5324.842811575337
ENSG00000130600,H19,7,0.22910968278536287,0.01668999943197795,11681.952950614033
ENSG00000224452,RSL24D1P6,7,0.2468249581503968,0.05217622656486874,7715.211687414468
ENSG00000177721,ANXA2R,7,0.24240706231641312,0.03845969627830349,10930.583092304794
ENSG00000130711,PRDM12,7,0.22854931935190761,0.02003529071375878,10638.958201559199
ENSG00000290184,ENSG00000290184,7,0.22517555773141182,0.014128866015610251,6233.109600829774
ENSG00000290166,ENSG00000290166,7,0.2377701799269403,0.027933030113138545,11486.294558988424
ENSG00000204022,LIPJ,7,0.237904414474175,0.03312980495335102,5763.425041482662
ENSG00000237234,ENSG00000237234,7,0.2315024793910668,0.018701207023702496,9377.950811165454
ENSG00000177669,MBOAT4,7,0.23501152837877368,0.02240530717014168,6753.1420531560725
ENSG00000238213,TARDBPP2,7,0.2493962077424245,0.05751027836775895,11733.731829194037
ENSG00000288553,ENSG00000288553,7,0.22607756124782988,0.012399033344900685,8295.787439125199
ENSG00000121053,EPX,7,0.23612804396577128,0.03813369785817319,4207.302288607712
ENSG00000204754,LINC01951,7,0.24508754198119045,0.0586598362256396,6684.617851409369
ENSG00000223697,ENSG00000223697,7,0.21498768200628962,0.004462827699029352,9724.785474796203
ENSG00000290690,ENSG00000290690,7,0.22643130876054263,0.01328585613730971,6902.905712839
ENSG00000118972,FGF23,7,0.22983955023532637,0.015129765948016408,7368.06751613788
ENSG00000288087,ENSG00000288087,7,0.2276133623911904,0.018372785869031464,7954.0139151665735
ENSG00000120054,CPN1,7,0.21961587863094573,0.014037770265172068,8606.05134272552
ENSG00000204832,ST8SIA6-AS1,7,0.22725698282853232,0.023392709033588355,11139.381548014506
ENSG00000287166,ENSG00000287166,7,0.21224219070784836,0.004755335487975727,8676.40675550899
ENSG00000287739,ENSG00000287739,7,0.25482007306568516,0.0790130725447015,12739.730122104187
ENSG00000286127,ENSG00000286127,7,0.23764594716950005,0.023003169855611173,10434.40814398231
ENSG00000223791,UBE2E1-AS1,7,0.22236637082428318,0.009871314805592219,8585.777449321233
ENSG00000223799,IL10RB-DT,7,0.22124617036736005,0.00781618647348522,8969.297979192079
ENSG00000290653,ENSG00000290653,7,0.22026915342748685,0.009956252860192997,5314.052351588372
ENSG00000120337,TNFSF18,7,0.2413853005274628,0.04176943127091313,7371.8839520852625
ENSG00000240240,ENSG00000240240,7,0.2382178916227167,0.035126147700458736,6731.7012321684015
ENSG00000223834,ENSG00000223834,7,0.2336539170167428,0.02653134576398916,6969.252332582331
ENSG00000178997,EXD1,7,0.2230509670151798,0.010484049995000012,6510.09090359457
ENSG00000286150,ENSG00000286150,7,0.2249066938294507,0.011177592748179475,8919.207731835368
ENSG00000120555,SEPTIN7P9,7,0.22447095796092711,0.013412133479575768,10256.7441424833
ENSG00000178977,LINC00324,7,0.21725335059961506,0.005742854526742417,10235.567379974776
ENSG00000290616,ENSG00000290616,7,0.22546587284043115,0.013245160722098779,8679.403850551658
ENSG00000240160,RN7SL263P,7,0.23267163597697996,0.022339847552267526,8182.115946855032
ENSG00000286086,TMEM41A-DT,7,0.24381810429234296,0.0441340577050916,10629.073819751939
ENSG00000118156,ZNF541,7,0.2277299622037883,0.018184957571581378,7630.90562971344
ENSG00000229204,PTGES3P3,7,0.255012475916722,0.08752819962971203,11316.106827494921
ENSG00000205301,MGAT4D,7,0.23629965362223593,0.02433738909588364,15396.658054027634
ENSG00000223476,VN1R42P,7,0.23273427876568908,0.020060378882245745,10262.25067246747
ENSG00000114487,MORC1,7,0.2429126791109961,0.03990565385570416,7742.877728817565
ENSG00000286023,ENSG00000286023,7,0.2263789309666221,0.012156777035948751,13262.018164270838
ENSG00000114638,UPK1B,7,0.2230193824158304,0.010910312264802616,7598.337744743013
ENSG00000241741,RPL7AP30,7,0.23874746007180703,0.04197876028257079,7114.761179681836
ENSG00000241735,FABP5P3,7,0.22219976206271522,0.011745773002960766,9591.474125113162
ENSG00000114786,ABHD14A-ACY1,7,0.22406062137438043,0.011777081410282176,6697.771035763526
ENSG00000290765,ENSG00000290765,7,0.2294360569786392,0.017122370239365428,8269.912181706373
ENSG00000290760,UBE2Q2P13,7,0.23927887095585912,0.03879360341050511,8107.558393224635
ENSG00000229154,KCNQ5-AS1,7,0.24447743280375986,0.029731393805555405,13283.548542725173
ENSG00000117601,SERPINC1,7,0.23024830759190562,0.01580656360383569,10179.871188783032
ENSG00000287783,ENSG00000287783,7,0.23491730099071506,0.048034863135068495,4597.310213606116
ENSG00000286043,ENSG00000286043,7,0.23087473547899956,0.024111604736673085,6175.533931108998
ENSG00000183395,PMCH,7,0.2009612246402407,0.0036604942066274767,9475.012317854103
ENSG00000205143,ARID3C,7,0.24332670056746686,0.03781003654020387,9619.015957166705
ENSG00000116690,PRG4,7,0.23939994525336467,0.03467589740986841,11175.663977030112
ENSG00000228201,ENSG00000228201,7,0.23081867281515409,0.023565415397478782,8230.543748989407
ENSG00000117472,TSPAN1,7,0.2326847962267083,0.020132615156719987,9908.152504660004
ENSG00000241458,RPL7P19,7,0.2451438678500301,0.0493516676742867,7034.742747915871
ENSG00000229196,LINC03008,7,0.2346569912510776,0.029326731511502484,8270.628272498745
ENSG00000240152,LINC02271,7,0.22517029363152033,0.01633897995408284,4065.3344202175704
ENSG00000173389,IQCF1,7,0.2427252771548574,0.046382476946678894,9736.868749456766
ENSG00000239333,RN7SL658P,7,0.2405972647736978,0.04874986881739009,10643.327265809898
ENSG00000239705,HSPA5-DT,7,0.23300511670510912,0.03223364315461759,14227.26410188953
ENSG00000286172,RNVU1-8,7,0.24376835854836754,0.037442343591166674,10875.004693834564
ENSG00000286174,ENSG00000286174,7,0.2468323278902448,0.0522654979953471,7472.0916961913135
ENSG00000183562,ENSG00000183562,7,0.21425570891636866,0.0053457008429277884,9200.647600205233
ENSG00000240132,ETF1P2,7,0.23238921701779822,0.026295739529999057,10160.482400958948
ENSG00000286176,ENSG00000286176,7,0.2279239442847915,0.02181364560628575,8970.067096316372
ENSG00000288321,ENSG00000288321,7,0.22013149721532305,0.0095315496217741,12712.28431410387
ENSG00000122145,TBX22,7,0.2260222881989689,0.01411860291201498,7345.833401909083
ENSG00000122122,SASH3,7,0.23327516502954584,0.01901370724345942,7954.992344337885
ENSG00000178821,TMEM52,7,0.22217975848312968,0.03564583717619493,15477.124100152292
ENSG00000122121,XPNPEP2,7,0.22941052609416515,0.022440381911826682,8867.770879230739
ENSG00000239661,ENSG00000239661,7,0.2293742038049131,0.026740846115179493,8077.5971720259995
ENSG00000287733,ENSG00000287733,7,0.2413518734931516,0.03282931370654495,16643.017913944637
ENSG00000223882,ABCC5-AS1,7,0.23609566975143856,0.026627041547017435,9452.945808349858
ENSG00000204652,RPS26P8,7,0.24256998620805612,0.041555853844318216,9188.362372694792
ENSG00000122711,SPINK4,7,0.22618652811558532,0.0137149421007414,10609.978573946813
ENSG00000223947,ENSG00000223947,7,0.24152716801953997,0.04745264105395148,6548.8904908077275
ENSG00000249069,ENSG00000249069,7,0.21431045555524114,0.004301674082192792,10252.431473772556
ENSG00000183571,PGPEP1L,7,0.23422691428993803,0.02196950538464365,12152.978600641494
ENSG00000124466,LYPD3,7,0.2357435014686937,0.02659458296412055,17115.652298981036
ENSG00000288473,ENSG00000288473,7,0.25222855668907446,0.08247241073182937,13337.37218649216
ENSG00000238324,RN7SKP198,7,0.2235389490751277,0.010039061183988654,9025.153148318186
ENSG00000204625,HCG9,7,0.23417453649601697,0.027506051434299555,9948.941812484223
ENSG00000239311,ENSG00000239311,7,0.20857271827594204,0.0056486740362962085,5490.425512127241
ENSG00000290615,RAB6C-AS1,7,0.2567056736468394,0.08628990788489754,8672.466960457785
ENSG00000124249,KCNK15,7,0.22478548792944766,0.016105880301044935,7156.685302921082
ENSG00000288234,ENSG00000288234,7,0.2334359832812329,0.022370409944356705,14180.65483664055
ENSG00000121900,TMEM54,7,0.23535632692167027,0.02374390379321945,10526.412564226459
ENSG00000240031,OR9A3P,7,0.21884258235687573,0.007586573266335998,13466.626032047301
ENSG00000183484,GPR132,7,0.24520440499878285,0.044576364547126386,8115.142784180904
ENSG00000239718,HLTF-AS1,7,0.21409857553460568,0.005274618146740193,8135.55037397285
ENSG00000289030,ENSG00000289030,6,0.2332556878599469,0.02278476285015229,5526.700239849332
ENSG00000277763,ENSG00000277763,6,0.24894165271678922,0.07954397813800713,5345.395083752719
ENSG00000277734,TRAC,6,0.229084415105885,0.05673143526905647,3994.085962871957
ENSG00000289034,ENSG00000289034,6,0.23890485665856404,0.03571466125094331,4297.421862062072
ENSG00000266401,DLGAP1-AS6,6,0.23323621069034842,0.01805514054439295,10027.401358697183
ENSG00000266261,ENSG00000266261,6,0.25466504532387924,0.0949220597419533,6738.602447844577
ENSG00000184459,BPIFC,6,0.22000647484289834,0.010469709703201434,3923.621541590393
ENSG00000183239,RPL29P16,6,0.23653048440248034,0.02611941031033944,5927.423943314601
ENSG00000288966,ENSG00000288966,6,0.2247475864102282,0.012103624461013512,4850.876722679955
ENSG00000185792,NLRP9,6,0.23679737426698225,0.035665883440122406,4429.1449530917525
ENSG00000183979,NPB,6,0.22779523704244314,0.017582379663252594,4826.114732839887
ENSG00000289031,ENSG00000289031,6,0.2328769358727503,0.023072598533276603,6173.625840061963
ENSG00000266921,ZNF230-DT,6,0.22445016476635543,0.011708156014286602,5278.6289513289485
ENSG00000266677,ENSG00000266677,6,0.2085849573081899,0.0033500466892316615,7970.539663256027
ENSG00000289018,ENSG00000289018,6,0.21853976501061326,0.010325005488064323,5721.777724804344
ENSG00000266910,ENSG00000266910,6,0.21418174831289152,0.006653021448236577,5993.941400593405
ENSG00000266171,ENSG00000266171,6,0.23510733499679962,0.02188187545141411,5013.299994933065
ENSG00000185860,CCDC190,6,0.2324418580167136,0.02353670442450147,6379.896287362415
ENSG00000185332,TMEM105,6,0.23093132455283388,0.017984671558739417,5734.089456019173
ENSG00000185888,PRSS38,6,0.22396586757633213,0.01339257837283148,3880.551258018076
ENSG00000184911,DMRTC1B,6,0.22861117252563284,0.018803606648477415,3962.4720304792213
ENSG00000184698,OR51M1,6,0.22742780287001335,0.016054088124843265,3708.2872613933355
ENSG00000183878,UTY,6,0.23389343356180842,0.02276981638077945,4616.408897142085
ENSG00000182255,KCNA4,6,0.24437188760093406,0.04322760975206097,6948.938934069263
ENSG00000183114,FAM43B,6,0.22047958582065266,0.01789109686114249,4954.907673401766
ENSG00000184507,NUTM1,6,0.19976390511990805,0.00963797233915916,3780.777063772627
ENSG00000288967,ENSG00000288967,6,0.23099554657151122,0.0355330174981527,7127.8528153172665
ENSG00000266987,ENSG00000266987,6,0.23418795995074035,0.023184271809477627,10470.367481190073
ENSG00000288998,ENSG00000288998,6,0.22846851541857222,0.017379246846831804,6307.706172647913
ENSG00000183801,OLFML1,6,0.22409720686862616,0.013121714262618264,4936.292958330655
ENSG00000249094,ENSG00000249094,6,0.23885853257951853,0.037714961490568945,3843.3259164749734
ENSG00000266101,ENSG00000266101,6,0.22311545223885146,0.010327642972004916,4825.4499212352075
ENSG00000204694,OR11A1,6,0.24690707810870507,0.05921671235265443,6584.374501115921
ENSG00000204421,LY6G6C,6,0.2047466388722607,0.0023818384529022962,5670.022567513345
ENSG00000288551,ENSG00000288551,6,0.22607124432796005,0.014584365445684457,5382.901679757582
ENSG00000204464,TMEM51-AS2,6,0.1989891612183653,0.0020178256157565052,5694.16133659421
ENSG00000204472,AIF1,6,0.2195453396923988,0.021013805098639725,4991.148603341648
ENSG00000278952,ENSG00000278952,6,0.21913868797577518,0.010507688013484806,3927.1244687765584
ENSG00000288534,ENSG00000288534,6,0.22474837602521186,0.012068252298348153,4172.250307476722
ENSG00000204659,CBY3,6,0.21918501205482108,0.00806922265898642,6862.11769149472
ENSG00000278971,ENSG00000278971,6,0.21903998610280864,0.008735602298810024,4454.057215151991
ENSG00000288111,ENSG00000288111,6,0.22689481275599388,0.014777475092455803,4809.25493594731
ENSG00000288951,ENSG00000288951,6,0.22350367960585363,0.015796332510297047,11928.843372310888
ENSG00000288102,ENSG00000288102,6,0.23131665666489526,0.017220636962612737,5746.587363574752
ENSG00000279006,ENSG00000279006,6,0.22039575502987904,0.010475143345415421,7043.768764671794
ENSG00000204909,SPINK9,6,0.22756440626219845,0.01629462052508863,7980.4837270493435
ENSG00000262165,C17orf114,6,0.2204849815230408,0.010001030825431472,8239.569157753132
ENSG00000204962,PCDHA8,6,0.22248218102189699,0.014486005064813758,8194.892495909076
ENSG00000205177,C11orf91,6,0.21899734689368727,0.006436200094716039,6242.493498895251
ENSG00000262116,ENSG00000262116,6,0.22277354895089455,0.011743855536884451,5353.06362257977
ENSG00000205238,SPDYE2,6,0.22124353831741417,0.008985815443123593,8428.781747485229
ENSG00000204393,NOL4L-DT,6,0.23085657433437382,0.021902513656813203,5021.237047279452
ENSG00000262769,ENSG00000262769,6,0.2241909078466964,0.01068615448926094,8935.336610363704
ENSG00000262772,LINC01977,6,0.2254979838497696,0.015964356611012104,6173.52131942779
ENSG00000262777,CRK-AS1,6,0.22533505995812578,0.01615954940054322,4596.289231001426
ENSG00000278901,ENSG00000278901,6,0.22512923365236587,0.014500644786356884,3705.9008574528248
ENSG00000203772,SPRN,6,0.2172222924102545,0.007393792431996212,5227.064447163906
ENSG00000288640,ENSG00000288640,6,0.2199114578398556,0.013477664650468894,5874.336229625897
ENSG00000203900,ENSG00000203900,6,0.2376804270237895,0.03959291344565081,5241.340861028374
ENSG00000288622,PDCD6-AHRR,6,0.2124253813840746,0.0058347653608529495,9641.802221893371
ENSG00000263051,ENSG00000263051,6,0.2475140288262006,0.06512260937404465,5169.040583999394
ENSG00000263050,DPH1-AS1,6,0.2144642988745708,0.007070125604748613,5167.128718271625
ENSG00000278921,EPB41L4A-DT,6,0.23247554825601965,0.025853866203320735,3957.3029116965313
ENSG00000263011,ENSG00000263011,6,0.2517618942336878,0.07217059112351788,5804.033503709459
ENSG00000278922,ENSG00000278922,6,0.2210790351958031,0.008256383174892667,3912.713345074353
ENSG00000262904,TMPOP2,6,0.21057004937729573,0.011991547514893766,6689.810497964085
ENSG00000262898,ENSG00000262898,6,0.22563379762697194,0.01203982694738483,7786.948975769749
ENSG00000204136,GGTA1,6,0.2186988724298357,0.011124123892796933,10101.91480432145
ENSG00000204161,TMEM273,6,0.22051261804747146,0.008476436560582317,5084.430600329161
ENSG00000262873,ENSG00000262873,6,0.22304122843038046,0.009866513455045118,7541.208400903402
ENSG00000288577,ENSG00000288577,6,0.2293341966457376,0.017997202286227167,3405.7910201550008
ENSG00000288573,ENSG00000288573,6,0.22953225840415734,0.029082725602680538,3782.954099425491
ENSG00000205293,LINC01602,6,0.2312808607856327,0.022122458001230146,5891.361617815985
ENSG00000205413,SAMD9,6,0.22282434751484825,0.011203496272563153,4630.886765519475
ENSG00000205667,ARSH,6,0.21693908383608856,0.007700483805875024,3422.8851741671115
ENSG00000261714,ENSG00000261714,6,0.22476166787743762,0.019125772671153236,6184.576243009558
ENSG00000261691,ENSG00000261691,6,0.21849199330409777,0.007855990442510816,7486.069104219981
ENSG00000279073,ENSG00000279073,6,0.22037390901532922,0.008542514764310637,6347.4921824569155
ENSG00000261670,ENSG00000261670,6,0.22285803775415475,0.00906118215010424,7502.885309570121
ENSG00000261663,ECI1-AS1,6,0.23152406220062183,0.02317015693930497,5095.0334819471755
ENSG00000261655,ENSG00000261655,6,0.23191176315763423,0.02254500670883814,4551.30011273881
ENSG00000213212,NCLP1,6,0.20491166840386088,0.0034760635465269493,4353.566054107977
ENSG00000213228,RPL12P38,6,0.20809723845323783,0.0027542261434923792,6275.464993492135
ENSG00000287979,ENSG00000287979,6,0.2023796363560211,0.002285233092558958,6165.810339038378
ENSG00000261587,TMEM249,6,0.22730988703244248,0.021573478703056374,8335.951925505471
ENSG00000213740,SERBP1P1,6,0.21341529536868117,0.0077399147353862325,6616.197597513479
ENSG00000287944,ENSG00000287944,6,0.22042497078427695,0.01099835378524016,5150.98277496581
ENSG00000287940,ENSG00000287940,6,0.22418353810684757,0.016022058291792502,3052.9002507557116
ENSG00000213994,PFKFB3-AS1,6,0.22489840287212104,0.017096405967931848,3526.3420018291026
ENSG00000287929,ENSG00000287929,6,0.22568538580590908,0.01750776368014371,4006.975152727195
ENSG00000261465,COQ7-DT,6,0.22988087341947494,0.02096800202550121,2329.748036865462
ENSG00000261442,ENSG00000261442,6,0.22846272490869224,0.034493172800568676,3870.6037620184748
ENSG00000214309,MBLAC1,6,0.2101503690134413,0.003356896455183631,4461.745119308403
ENSG00000213076,ENSG00000213076,6,0.22042154911934772,0.009004898718559322,6390.998257707674
ENSG00000213057,C1orf220,6,0.22556036343348446,0.016742810030158123,9765.17801238675
ENSG00000288059,ENSG00000288059,6,0.21705515723869753,0.008518975567889395,5716.449507203877
ENSG00000212663,ENSG00000212663,6,0.21013839318618807,0.006491227025054501,4811.5619868421745
ENSG00000205704,SMIM45,6,0.21098828211367981,0.0053279229362680975,8343.50447986836
ENSG00000205710,C17orf107,6,0.21968904961943786,0.006623593416260093,8426.663528178377
ENSG00000205790,DPP9-AS1,6,0.23161592074372933,0.026367094658469932,5525.120830938294
ENSG00000261915,ENSG00000261915,6,0.22205447290570818,0.015464409361125106,4422.611726253767
ENSG00000205846,CLEC6A,6,0.2204183906594123,0.010251569065435848,8089.122218061766
ENSG00000205861,PCOTH,6,0.22003332175234605,0.01384267269802773,7663.677986007034
ENSG00000205882,DEFB134,6,0.2160129970626665,0.0070126166216981116,4212.081802220675
ENSG00000261857,MIA,6,0.20740079803758485,0.0024704575530122104,7249.119698800945
ENSG00000261838,ENSG00000261838,6,0.21391749049833556,0.007474696602416228,7405.437231524554
ENSG00000205918,PDPK2P,6,0.23061837381428069,0.01768116729486116,6191.068767334953
ENSG00000288050,ENSG00000288050,6,0.23634229283135746,0.025236955342998923,5107.871169102341
ENSG00000261823,ENSG00000261823,6,0.22577276986410863,0.021646336877100887,8817.489422025012
ENSG00000279033,ENSG00000279033,6,0.22318599117739824,0.011730909659843315,4442.10620374742
ENSG00000210077,MT-TV,6,0.23029436846595588,0.019825383072215173,5214.6338397212785
ENSG00000288012,ENSG00000288012,6,0.22165229567399344,0.009818433421491241,4682.319175252593
ENSG00000279035,ENSG00000279035,6,0.2247546929450816,0.023916184456899966,4800.288228459696
ENSG00000287997,EBF3-AS1,6,0.23814761588916475,0.04092699156576675,8841.519500356297
ENSG00000203618,GP1BB,6,0.21819351884024646,0.008529639439252836,9631.035970376628
ENSG00000203527,SCUBE1-AS1,6,0.21572992009099845,0.007672416343864702,7536.874292944337
ENSG00000263317,LINC01982,6,0.2210040217723486,0.01177654065713752,6462.10592232873
ENSG00000265460,ENSG00000265460,6,0.22279750060540135,0.010609171584814059,5440.6183915276715
ENSG00000187627,RGPD1,6,0.2161007759283593,0.010894421454985438,5933.364807782056
ENSG00000187688,TRPV2,6,0.2321739153322337,0.027229114045936927,14800.304257430444
ENSG00000187730,GABRD,6,0.2333820262573443,0.03454174701799334,6069.476101367002
ENSG00000288913,ENSG00000288913,6,0.22331654085470848,0.01494031972018461,4738.522369120556
ENSG00000278213,CNTNAP3P5,6,0.22937367739492417,0.01956354220839736,4072.9634129246174
ENSG00000187942,LDLRAD2,6,0.20820541570600928,0.008367202241239737,5258.6427244167935
ENSG00000187959,CPSF4L,6,0.20693216154473837,0.0034076223150882995,3711.7129435053066
ENSG00000187999,HNRNPA1P61,6,0.20947353736988478,0.003709663387404386,7208.295650035034
ENSG00000265194,ENSG00000265194,6,0.22661081456684495,0.017378354297951686,7829.960186352827
ENSG00000188038,NRN1L,6,0.21977274880771336,0.008555767756372987,5090.6494816044715
ENSG00000265188,ENSG00000265188,6,0.23377709695420515,0.018759489878107192,5475.433214386083
ENSG00000278276,ENSG00000278276,6,0.23340387227189427,0.01925536323204069,8314.578392720467
ENSG00000278338,VWA8-AS1,6,0.2238542686586314,0.011826786705486748,8407.58274794299
ENSG00000265118,ENSG00000265118,6,0.22774812334841382,0.015087464383349345,6734.311888998236
ENSG00000288890,ENSG00000288890,6,0.21922659844396442,0.00853567505486752,3810.571716546825
ENSG00000188282,RUFY4,6,0.22905914742640449,0.017259417341197042,11125.23053043533
ENSG00000188365,TNRC18-AS1,6,0.21800453765413944,0.01125203677915391,5351.293141146135
ENSG00000278002,ENSG00000278002,6,0.24252181969404865,0.049761555235470566,6808.143908732613
ENSG00000187553,CYP26C1,6,0.22027704957732422,0.010624039460086481,6112.267439305369
ENSG00000288868,ENSG00000288868,6,0.22202394112633697,0.012582535217489851,4970.708569173202
ENSG00000265485,LINC01915,6,0.2348486044871299,0.02629731291862521,4583.553728609959
ENSG00000288946,ENSG00000288946,6,0.23106792794501926,0.02708152717496882,3395.068363961606
ENSG00000186056,MATN1-AS1,6,0.21046384616198352,0.005102782858985263,7474.053149963452
ENSG00000186118,TEX38,6,0.23732931156102338,0.029274126026766687,5145.101113370842
ENSG00000186212,SOWAHB,6,0.22377767600520887,0.01393256258969094,6652.063837022745
ENSG00000265967,ENSG00000265967,6,0.21226377351740405,0.0036685111987067457,10881.888732761337
ENSG00000186244,ENSG00000186244,6,0.24911405198823763,0.06558604711583971,5872.57308285163
ENSG00000288942,ENSG00000288942,6,0.2339589716054581,0.025034881097999145,6558.001856159459
ENSG00000186335,SLC36A2,6,0.2605389911878692,0.12298389796775189,5507.757654729817
ENSG00000265758,LINC01900,6,0.23401477106430815,0.03085144367950695,6199.848398442059
ENSG00000265737,ENSG00000265737,6,0.22904098628177827,0.017701295633627046,3930.4651407045803
ENSG00000265727,RN7SL648P,6,0.2345346009285991,0.023971223923149824,6868.200066715027
ENSG00000186510,CLCNKA,6,0.2118492256509436,0.005630129679030316,4321.41609192322
ENSG00000186517,ARHGAP30,6,0.21791583757096675,0.009861149657594322,4102.783236273785
ENSG00000186676,EEF1GP1,6,0.24252787340892384,0.054639389520946595,5055.521874580959
ENSG00000187021,PNLIPRP1,6,0.24280555467820314,0.04492228428458972,4634.542517041467
ENSG00000187045,TMPRSS6,6,0.2291617973742894,0.014806110443585851,7305.391711911142
ENSG00000288933,ENSG00000288933,6,0.21580295947699363,0.007788274801892559,3632.1385521121915
ENSG00000188451,SRP72P2,6,0.23271769685103072,0.030868243712271457,3771.9565048625404
ENSG00000288866,ENSG00000288866,6,0.22640919954099753,0.017209673410727995,4589.808966511476
ENSG00000203469,ENSG00000203469,6,0.23111767368899502,0.032399216397379194,5538.294405115129
ENSG00000278769,ENSG00000278769,6,0.2253311118832072,0.015347005457129628,5642.66743776444
ENSG00000288761,ENSG00000288761,6,0.2564653674867902,0.09997934295826902,8828.162277063007
ENSG00000197658,SLC22A24,6,0.23096475158714458,0.021245086623943855,7658.799553476636
ENSG00000197880,MDS2,6,0.21543078761466047,0.00884712002070997,9952.208967352386
ENSG00000263756,ENSG00000263756,6,0.22621232220505372,0.01860334314259288,5469.474754232338
ENSG00000263724,DLGAP1-AS3,6,0.2257875093438049,0.01601480298729013,5733.52988193835
ENSG00000198711,SSBP3-AS1,6,0.21907236031714158,0.011232144848959166,7036.272458426525
ENSG00000288713,ENSG00000288713,6,0.2273491045766345,0.016294859082093854,3968.311738754174
ENSG00000198883,PNMA5,6,0.2256143204573728,0.01340512050589194,8383.964458411347
ENSG00000263627,PPP4R1-AS1,6,0.2216213690871305,0.014708843975423847,3527.627943418457
ENSG00000288704,ENSG00000288704,6,0.21445416548227988,0.00567726313054225,5581.630023546294
ENSG00000263563,UBBP4,6,0.23615910215513164,0.0283347290205918,5520.439293785023
ENSG00000263513,FAM72C,6,0.22889832917471722,0.015943365226745165,9526.925118442494
ENSG00000263503,MAPK8IP1P2,6,0.22319836181214334,0.011930023515865855,3979.3301855153027
ENSG00000200488,RN7SKP203,6,0.2187970478928133,0.009742816615894717,5038.72482033804
ENSG00000263477,ENSG00000263477,6,0.2256522219765923,0.016961207559635844,2996.1763039661496
ENSG00000202343,ENSG00000202343,6,0.22990087699906325,0.023875009650039223,5484.165880832741
ENSG00000203441,ENSG00000203441,6,0.23547108429930597,0.0336740194863575,4540.498905599976
ENSG00000197614,MFAP5,6,0.22358395712919965,0.012978105655488268,5357.582561263184
ENSG00000197550,ENSG00000197550,6,0.22398902961585504,0.014554562836117854,4297.544760888577
ENSG00000264920,ENSG00000264920,6,0.20612820188880035,0.0024534962129971597,9154.53554936537
ENSG00000197487,GALP,6,0.22742596043505098,0.015469802021911505,4587.833661475903
ENSG00000188771,PLET1,6,0.22184759377997026,0.011678095557969047,6277.552314741542
ENSG00000188820,CALHM6,6,0.2409696998410248,0.04096787537412307,5446.573436870941
ENSG00000188937,NYX,6,0.22649921564914355,0.02071669968312161,9418.434825006736
ENSG00000188959,C9orf152,6,0.23434009243760612,0.02971041616257747,4338.797653293819
ENSG00000264772,ENSG00000264772,6,0.23124164324144006,0.016942602395121683,5327.546919587562
ENSG00000288852,ENSG00000288852,6,0.21964140951541916,0.007104445048138565,6007.499450773911
ENSG00000264558,ENSG00000264558,6,0.24283161197266628,0.040480947789255095,7399.30580823566
ENSG00000196993,NPIPB9,6,0.22063843003487962,0.01239916190181555,8126.358629935491
ENSG00000278638,ENSG00000278638,6,0.22914047776972854,0.01608572925090769,8116.342199940771
ENSG00000264448,MIR378D2HG,6,0.21451654506599496,0.004984929262329664,5249.287396415272
ENSG00000278668,ENSG00000278668,6,0.22348209679629802,0.013109360159201583,3715.2620475452327
ENSG00000197142,ACSL5,6,0.2312376951665217,0.03172743508304213,3549.6074954090086
ENSG00000264273,ENSG00000264273,6,0.22190128759886404,0.009781191330219763,4623.818860139845
ENSG00000197191,CYSRT1,6,0.25292604992470463,0.08274444992866532,7058.107055981702
ENSG00000197245,FAM110D,6,0.21994541128415612,0.010650147320499072,3761.4239152563414
ENSG00000197360,ZNF98,6,0.22837928892541046,0.02265263807087181,7446.104404751591
ENSG00000264083,ENSG00000264083,6,0.2171185896423908,0.008885514657276475,9320.05584777524
ENSG00000263677,ENSG00000263677,6,0.2188120505775044,0.009469127423780425,3980.661156479875
ENSG00000168970,JMJD7-PLA2G4B,6,0.25008948969814204,0.053402027427314536,7364.592204150884
ENSG00000277688,ENSG00000277688,6,0.2069412421170514,0.0035771374186814114,6047.777886383858
ENSG00000275374,GUSBP19,6,0.22256351136522168,0.009606279683575667,8956.128056349815
ENSG00000125899,LINC02871,6,0.22714643673080978,0.015207310459282522,4792.581731354935
ENSG00000272338,ENSG00000272338,6,0.21506716991465166,0.006312227863515262,4452.161152581326
ENSG00000290439,HSD17B7P2,6,0.21981578282432626,0.010195506270347293,5595.43166513025
ENSG00000290426,ENSG00000290426,6,0.2037106640136018,0.002827371152973068,7377.595324833382
ENSG00000126467,TSKS,6,0.23459329564239012,0.023245971360766036,6177.529555952147
ENSG00000275223,ENSG00000275223,6,0.23358100923324468,0.021654584838259827,5848.064231665378
ENSG00000272273,IER3-AS1,6,0.2455149868923843,0.04924336382841527,6409.113539964573
ENSG00000272269,NUP153-AS1,6,0.23212548561323165,0.023436801206888326,6707.075263282646
ENSG00000127399,LRRC61,6,0.24132055209879733,0.08772073216966181,8318.70570396707
ENSG00000272235,ENSG00000272235,6,0.23295063327123172,0.0253755209674973,9514.392906626956
ENSG00000275325,PDCD6IPP1,6,0.2460435025214958,0.048728037338561014,4829.905691103389
ENSG00000272221,MICA-AS1,6,0.2418785466873011,0.04711771404175441,10646.201850619223
ENSG00000272217,ENSG00000272217,6,0.2262431171894193,0.012676779013459311,8246.112594176944
ENSG00000127666,TICAM1,6,0.21409094258976247,0.005894908488339805,5315.089498433232
ENSG00000127743,IL17B,6,0.22428513523475527,0.010251734216776241,7999.932976507411
ENSG00000127951,FGL2,6,0.2231899392523171,0.010641040994461094,6239.042224392437
ENSG00000128253,RFPL2,6,0.23629570554731733,0.030817903826276485,11609.882823142536
ENSG00000128274,A4GALT,6,0.21422780918694317,0.005315628172965452,7087.340259769525
ENSG00000272173,ENSG00000272173,6,0.22811634713582737,0.013161775895844791,7814.941837359054
ENSG00000128815,WDFY4,6,0.23664418896013803,0.03534471783417823,5228.866138365744
ENSG00000290316,ENSG00000290316,6,0.21231312445388809,0.01735455367866745,5712.906656424232
ENSG00000272150,NBPF25P,6,0.20969805123025942,0.004169036416673573,6813.635071046911
ENSG00000272149,ENSG00000272149,6,0.22706984407738753,0.0159293962899725,8051.734463298844
ENSG00000290192,ENSG00000290192,6,0.2162042154912274,0.007309224294200335,5177.051240803655
ENSG00000272084,ENSG00000272084,6,0.220903345861922,0.00999651545654866,4698.36151459709
ENSG00000125787,GNRH2,6,0.22405798932443421,0.012720167554077235,5529.931184996089
ENSG00000125538,IL1B,6,0.23730430708653807,0.03130263560482031,6327.25146204701
ENSG00000125148,MT2A,6,0.21314419422426611,0.005857270395039539,5585.486063012519
ENSG00000124003,MOGAT1,6,0.21436743943656658,0.0050148820261127405,6949.383137921707
ENSG00000120471,TP53AIP1,6,0.2264039354411062,0.017849755451882818,3868.605017608693
ENSG00000120500,ARR3,6,0.21427860775089685,0.004460526665986652,7701.137907885514
ENSG00000120937,NPPB,6,0.22405298842953741,0.01136792026762612,6205.81741274163
ENSG00000121594,CD80,6,0.22344840655699225,0.01574697592260664,3979.1427517178545
ENSG00000272583,ENSG00000272583,6,0.21582783234898142,0.007667315561601948,4248.167971221396
ENSG00000272572,ENSG00000272572,6,0.2269287662002939,0.01827112549911687,4492.499916098699
ENSG00000290611,CYP2G1P,6,0.2092806081088592,0.004126286145884554,6598.282263247024
ENSG00000275074,NUDT18,6,0.22940289314932205,0.020759279391163628,3770.034919765018
ENSG00000123838,C4BPA,6,0.2209863870377113,0.008631854126970408,4403.237765376158
ENSG00000272514,CFAP206,6,0.22514581556702437,0.01715114286181981,4461.85524811882
ENSG00000272509,ENSG00000272509,6,0.240508564690525,0.0415231470395591,5702.445682486717
ENSG00000124208,PEDS1-UBE2V1,6,0.2244398997715669,0.009473531390288914,8042.953057198074
ENSG00000125089,SH3TC1,6,0.22040575681967267,0.014859983872214162,2823.1260440636515
ENSG00000272501,ENSG00000272501,6,0.22518108503629766,0.013353507840759626,5901.488933731303
ENSG00000290469,ENSG00000290469,6,0.22345498668185615,0.01454213213783904,10002.718842994978
ENSG00000272465,ENSG00000272465,6,0.2312637524609851,0.02129392884706928,6251.560581178179
ENSG00000272455,MRPL20-DT,6,0.19984312982327407,0.0031292970619865635,9559.598447556296
ENSG00000272447,ENSG00000272447,6,0.2429666361348844,0.03599807091813482,6153.754499116782
ENSG00000124469,CEACAM8,6,0.2394786435467432,0.04106102864475012,5384.497381740188
ENSG00000272419,LINC01145,6,0.2457452912626398,0.0710202278691452,4802.684863247412
ENSG00000124701,APOBEC2,6,0.19182695850840809,0.001014835622536928,6560.01775681903
ENSG00000272416,ENSG00000272416,6,0.23045466030765355,0.02164614860838553,5224.732131547903
ENSG00000272405,ENSG00000272405,6,0.2118847583252122,0.0036071247351660285,6026.413250485926
ENSG00000124827,GCM2,6,0.2240885211038054,0.01155117664324599,7459.639549983934
ENSG00000130675,MNX1,6,0.23586562858617743,0.02782437290149902,9528.643676080796
ENSG00000272056,ENSG00000272056,6,0.21346267226770557,0.005299323306302853,11581.175937383212
ENSG00000290666,ENSG00000290666,6,0.2439497067896316,0.0556944181441985,4912.16244345778
ENSG00000131094,C1QL1,6,0.24085678489835152,0.042870188943119156,4203.694362155562
ENSG00000139193,CD27,6,0.2261017761073312,0.011354833905543867,7516.7522392443025
ENSG00000271398,ENSG00000271398,6,0.23192571302234716,0.030630202333071965,3614.509117279576
ENSG00000139344,AMDHD1,6,0.20295210721922843,0.0019214264258735688,5839.408928145165
ENSG00000275586,Metazoa_SRP,6,0.23234394575873082,0.024456750079162818,6845.0117631704225
ENSG00000139899,CBLN3,6,0.2261981091353463,0.01473801090715255,4410.335441447665
ENSG00000140093,SERPINA10,6,0.22905598896646925,0.02294588111080076,5798.952635063168
ENSG00000140254,DUOXA1,6,0.19663887221928164,0.0015676249321955784,5611.440640409613
ENSG00000275649,ENSG00000275649,6,0.22873461566809034,0.017078217059653355,5560.723904904355
ENSG00000275695,UBE2Q2P6,6,0.24334538812208162,0.043633398007266656,7539.998945351191
ENSG00000140285,FGF7,6,0.21974774433322822,0.012151155357712828,4523.5576581428
ENSG00000140519,RHCG,6,0.23144878557217297,0.030170727545545773,14310.327411491182
ENSG00000271200,PATJ-DT,6,0.22518055862630865,0.014967526476545185,4739.277981909348
ENSG00000140675,SLC5A2,6,0.21800585367911288,0.0069140787688416454,6383.7349177256965
ENSG00000140968,IRF8,6,0.1869076571597366,0.0008614193288396695,8078.8566200814585
ENSG00000275719,ENSG00000275719,6,0.21244275291371675,0.008742420613039875,5482.595656543462
ENSG00000140986,RPL3L,6,0.22623864270451127,0.014429875840904082,5773.542097153695
ENSG00000141096,DPEP3,6,0.20023122558778095,0.011619295222888742,5644.549356316347
ENSG00000141255,SPATA22,6,0.2239548129665598,0.013201875728201591,5518.665715160739
ENSG00000141469,SLC14A1,6,0.20867931629874598,0.004631996823434032,6543.922530587863
ENSG00000289914,ENSG00000289914,6,0.23134376677933668,0.023581598416390754,6049.473954764184
ENSG00000270986,HMGB1P51,6,0.2211011444153478,0.011870292167991188,4787.177484558313
ENSG00000270975,MAGOH3P,6,0.2336528641967646,0.022035676651573983,10396.659518347136
ENSG00000289912,ENSG00000289912,6,0.230729183116998,0.018658939051808928,6665.067304713274
ENSG00000289907,ENSG00000289907,6,0.22896781529328594,0.016844120796280188,3044.086890269807
ENSG00000142661,MYOM3,6,0.22731699356729604,0.016343469964575617,4358.343656346779
ENSG00000289980,ENSG00000289980,6,0.22991745891372098,0.018586925139318804,4875.643325456662
ENSG00000289981,ENSG00000289981,6,0.22397455334115318,0.014042290501809003,5722.479762817039
ENSG00000138315,OIT3,6,0.21579387890468082,0.00732204214757403,9119.960668700212
ENSG00000271869,DCTN6-DT,6,0.20636653401139038,0.003331864823727666,4854.05049404434
ENSG00000290121,ENSG00000290121,6,0.21889206489585586,0.007917421508195068,3549.8897917699123
ENSG00000272004,ENSG00000272004,6,0.2399634671467552,0.04656988340125334,6698.903433568895
ENSG00000132481,TRIM47,6,0.23459040038744972,0.03245571008298899,3853.831651953269
ENSG00000132518,GUCY2D,6,0.21965483297014224,0.01100537165233539,6574.632362837213
ENSG00000133048,CHI3L1,6,0.20742461808959375,0.004238553302746382,16871.243641843477
ENSG00000271986,RN7SL827P,6,0.22828953602226001,0.015389877448670642,4897.877672509911
ENSG00000275465,ENSG00000275465,6,0.226222060789853,0.017126001801542383,4310.5513641157895
ENSG00000134339,SAA2,6,0.22612020045695144,0.014689563049831947,10684.68751433485
ENSG00000134765,DSC1,6,0.22345209142691627,0.014773503369263133,9671.42515746209
ENSG00000271911,ENSG00000271911,6,0.21622053420089127,0.007643511956730405,3590.068373048869
ENSG00000290074,ENSG00000290074,6,0.22310281839911145,0.010800146954995423,6350.742556364031
ENSG00000135355,GJA10,6,0.2191063137614424,0.007491828001689025,8162.637787621305
ENSG00000137860,SLC28A2,6,0.22351736626557145,0.009350977036523432,5873.90376841158
ENSG00000271855,ENSG00000271855,6,0.21768448038073357,0.005263936558381108,6816.634479817593
ENSG00000135744,AGT,6,0.21907999326198416,0.009407083474831485,5407.168435913104
ENSG00000135902,CHRND,6,0.22621732309995124,0.010232873469092558,7292.887066412492
ENSG00000136011,STAB2,6,0.21280018529635328,0.004966318287301087,5958.197379847627
ENSG00000136688,IL36G,6,0.2243225103439848,0.0143233771995221,5796.728883098869
ENSG00000271780,ENSG00000271780,6,0.21374535443188183,0.006429695523003316,7248.414524045506
ENSG00000290034,ENSG00000290034,6,0.21651084930991074,0.00639458277762905,5705.115672851464
ENSG00000136999,CCN3,6,0.20822607729808293,0.00460621083190189,4342.8445311714
ENSG00000137225,CAPN11,6,0.21175578787786878,0.012502827879373552,7998.248614145364
ENSG00000271723,MROH7-TTC4,6,0.2178897802765035,0.012128528313377187,3735.9273232629043
ENSG00000137491,SLCO2B1,6,0.2233781308234401,0.01654496039774805,6131.792515083218
ENSG00000120217,CD274,6,0.1982034943095502,0.0021602143916454957,4037.632609754192
ENSG00000272663,PPP1R21-DT,6,0.2359730162239652,0.0223398844789757,7252.21483378065
ENSG00000275833,ENSG00000275833,6,0.2183690765716299,0.009289245607148368,4616.000842037875
ENSG00000102981,PARD6A,6,0.21516692460759648,0.006464257805164008,6915.67357746543
ENSG00000088002,SULT2B1,6,0.22609888085239066,0.017336197766920823,5258.996718546584
ENSG00000273391,ENSG00000273391,6,0.23045992440754545,0.01908446357029575,6541.109607308943
ENSG00000274428,RNVU1-25,6,0.23836476000969128,0.03154376029191795,8641.232366268156
ENSG00000091128,LAMB4,6,0.22262589094893656,0.011540470269199866,5079.490672776065
ENSG00000291071,FAM86JP,6,0.22012991798535525,0.00943342180280551,5611.373886930626
ENSG00000273355,ENSG00000273355,6,0.19693129296825837,0.0012101614284312579,7428.01819681449
ENSG00000273338,ENSG00000273338,6,0.2294644831180539,0.022763748113930775,4492.673943349009
ENSG00000291053,CATSPER2P1,6,0.22354184433006719,0.01053567635453953,5890.866561093584
ENSG00000095585,BLNK,6,0.20648194940151277,0.003957538479570408,19576.427154701916
ENSG00000291044,ENSG00000291044,6,0.22559300085281214,0.012083765330458131,6057.364011026221
ENSG00000273297,LINC03060,6,0.21541617973746227,0.01716755090743743,4903.907920967443
ENSG00000099866,MADCAM1,6,0.21585296842596388,0.007576203054940738,5185.679197303155
ENSG00000291039,DHRS4L1,6,0.22567748965607176,0.016928390538482784,4600.886637572271
ENSG00000100079,LGALS2,6,0.22721381720942166,0.018359050155522118,3708.548691737979
ENSG00000274554,ENSG00000274554,6,0.23566927766022291,0.025809857881306474,5718.068248045332
ENSG00000273245,ENSG00000273245,6,0.2062195340219185,0.0032393091324152234,7787.054026730842
ENSG00000273243,ENSG00000273243,6,0.2260393965236159,0.015624389271718596,5133.2794772193765
ENSG00000100351,GRAP2,6,0.23423033595486764,0.03487518157221684,10556.111653532445
ENSG00000100385,IL2RB,6,0.21820167819507819,0.007875975732242038,8685.161162411945
ENSG00000273221,ENSG00000273221,6,0.23223129402105136,0.028654433551375535,5885.061079050406
ENSG00000100985,MMP9,6,0.22682532663742655,0.03369216823013565,5053.64399363574
ENSG00000101213,PTK6,6,0.21624422265040397,0.004600797444134337,7521.118081908052
ENSG00000273204,ENSG00000273204,6,0.234342461282558,0.01854674909717216,7919.873520386595
ENSG00000273179,SPON2-AS1,6,0.22386242801346326,0.011682183382611712,6269.1810805150435
ENSG00000273177,ENSG00000273177,6,0.2245996652032756,0.01607267338417085,5368.207182617519
ENSG00000274387,ENSG00000274387,6,0.21935741132626943,0.009787805216615581,5555.844306877961
ENSG00000273413,ENSG00000273413,6,0.23431561437311038,0.033165099396778544,4223.349771530965
ENSG00000086205,FOLH1,6,0.22660265521201295,0.016949344989848344,6493.717310241359
ENSG00000054938,CHRDL2,6,0.22862512239034594,0.028658315943408365,4037.1563463844923
ENSG00000004799,PDK4,6,0.22695534990474658,0.019468257742610677,5863.48902066088
ENSG00000274026,FAM27E3,6,0.22487682006256585,0.015884609109062104,6912.093307993548
ENSG00000009790,TRAF3IP3,6,0.22118273796366636,0.01000127640562414,7311.9360570587905
ENSG00000273901,ENSG00000273901,6,0.23352942105430755,0.029776437172051775,5119.6635193535085
ENSG00000011083,SLC6A7,6,0.2419838286851323,0.03235158582921887,7733.420438315703
ENSG00000017427,IGF1,6,0.2172628259794195,0.007844038933495475,6298.205536308422
ENSG00000018607,ZNF285CP,6,0.22204868239582784,0.008770078745456005,6510.714999792525
ENSG00000039987,BEST2,6,0.23708637335102803,0.03619307197472363,8179.086080427432
ENSG00000273727,U1,6,0.22290330901322145,0.017508303430322284,4232.077384589827
ENSG00000043039,BARX2,6,0.2311547855932297,0.02534095028983491,2669.7965993741595
ENSG00000273680,ENSG00000273680,6,0.22323968499629193,0.014881244285689302,2949.57038770576
ENSG00000291212,ENSG00000291212,6,0.21666482423173877,0.006675864318147202,4937.736580978461
ENSG00000080572,DNAAF6,6,0.23080603897541488,0.021990179402358843,4047.7541905503213
ENSG00000065618,COL17A1,6,0.23548134929409414,0.02567213599871118,6094.944740720875
ENSG00000274315,ENSG00000274315,6,0.2075788562164164,0.003962569944339947,4846.848492768044
ENSG00000273599,ENSG00000273599,6,0.2093566743522925,0.004523209038774901,7939.559855529346
ENSG00000273597,ENSG00000273597,6,0.2460642957160677,0.051547972351800066,5976.570476759224
ENSG00000291181,FGF7P3,6,0.22097980691284738,0.0074853975359476035,6997.044545203196
ENSG00000273487,ENSG00000273487,6,0.23185464767381073,0.022388153370127086,4423.577895553597
ENSG00000070915,SLC12A3,6,0.24711895812933987,0.05871742502982246,4213.139693572886
ENSG00000291156,ENSG00000291156,6,0.2211966878283788,0.013836890010865131,3454.647908922542
ENSG00000075673,ATP12A,6,0.21484607771920658,0.014653364017372985,3613.262965553298
ENSG00000273454,ENSG00000273454,6,0.2248444458482328,0.01366429636498269,4915.332846366315
ENSG00000274376,ADAMTS7P1,6,0.2244138424771035,0.010896574516970688,6513.404201731497
ENSG00000102683,SGCG,6,0.22045471294866437,0.009902539188010975,7541.0886873333275
ENSG00000103023,PRSS54,6,0.2203194255814517,0.008637792243186292,6596.921120272377
ENSG00000272667,ENSG00000272667,6,0.229275501931947,0.016270496091679063,5925.7348523258215
ENSG00000274695,ENSG00000274695,6,0.22449569923041762,0.01042080024454242,8140.288747801328
ENSG00000290865,RRN3P3,6,0.2201909815440972,0.025016026244053913,11516.5657486553
ENSG00000272906,ENSG00000272906,6,0.21183369655626377,0.0040996519649304005,5812.941917395831
ENSG00000272902,TBC1D8-AS1,6,0.2280452817872915,0.01761051352173764,4803.778324809414
ENSG00000109846,CRYAB,6,0.2296210900898271,0.027869988671319193,5657.027025119569
ENSG00000290858,ENSG00000290858,6,0.23221918659130092,0.01775065906125157,6416.863459137291
ENSG00000110934,BIN2,6,0.23547503237422462,0.02139227929975324,6881.492745543457
ENSG00000290843,ENSG00000290843,6,0.23402582567408053,0.03152518893019458,4625.769356141291
ENSG00000111181,SLC6A12,6,0.2297366370824463,0.019469427410612812,4273.451812066177
ENSG00000272851,ENSG00000272851,6,0.22795789772909278,0.02159498419818264,12426.343191418819
ENSG00000272842,ENSG00000272842,6,0.22799158796839808,0.01554751986505637,8242.488902812735
ENSG00000113555,PCDH12,6,0.21439994525339684,0.007613379574902436,5071.737052680933
ENSG00000272824,ENSG00000272824,6,0.23793073497363285,0.02992756710234691,4733.91610715897
ENSG00000115523,GNLY,6,0.21425070802147103,0.006539636484118501,3740.3369238925848
ENSG00000272754,ENSG00000272754,6,0.256735415811227,0.10670252735758676,6934.9996098818765
ENSG00000115616,SLC9A2,6,0.21832722697749318,0.019896063558198493,6114.619897201184
ENSG00000272742,ENSG00000272742,6,0.22855379383681568,0.013614600799413056,9354.456369472515
ENSG00000115919,KYNU,6,0.2316085510038822,0.04299158447777955,6258.427621805337
ENSG00000290721,ENSG00000290721,6,0.21863122874622923,0.012097622265299141,9262.637020759743
ENSG00000272734,ADIRF-AS1,6,0.2238224208542876,0.010952386490582356,10534.710481973168
ENSG00000290705,ENSG00000290705,6,0.23090842571830536,0.025391310338141893,7141.018659746245
ENSG00000117507,FMO6P,6,0.20744580609165691,0.004930807907144399,13032.78292021958
ENSG00000117983,MUC5B,6,0.23940099807334286,0.025956772630267837,7693.617580512886
ENSG00000118702,GHRH,6,0.2377657054420328,0.02273811486952589,6156.183247081745
ENSG00000119457,SLC46A2,6,0.2365928639861952,0.0366493461244614,5597.414747565878
ENSG00000120055,C10orf95,6,0.21458260951963407,0.012718915390786251,7042.7576746905115
ENSG00000109610,SOD3,6,0.21668035332642152,0.027580330182821137,5394.35110850657
ENSG00000290871,GTF2IP1,6,0.23340439868188298,0.025040771073553892,5070.414188188085
ENSG00000272933,TRIM8-DT,6,0.20875393491470914,0.0035492490380174546,7139.239050993466
ENSG00000273076,ENSG00000273076,6,0.22821373298382097,0.01590771255442933,4501.2603764232435
ENSG00000273148,LCDR,6,0.21221034290350418,0.00492644214712313,7407.498072721899
ENSG00000103355,PRSS33,6,0.23024909720688858,0.019815869284650036,6178.470106326262
ENSG00000104237,RP1,6,0.21371192739757056,0.006750686267023203,7513.709201497269
ENSG00000104879,CKM,6,0.21604918774942125,0.007279694781007566,5997.826089274625
ENSG00000273133,ENSG00000273133,6,0.21454444479542006,0.006402712833566462,5654.618787684757
ENSG00000273113,ENSG00000273113,6,0.23482728488256915,0.03248286426229731,4041.1835594591284
ENSG00000274751,ENSG00000274751,6,0.23204678731985268,0.021367912780097184,5162.691542076043
ENSG00000273108,ENSG00000273108,6,0.23369524020089139,0.024540745501438335,7657.719606571348
ENSG00000273091,ENSG00000273091,6,0.2264257814556565,0.018248555842518586,7681.648242946268
ENSG00000273090,ENSG00000273090,6,0.24733899750480656,0.05133784513947774,7721.328965769298
ENSG00000105679,GAPDHS,6,0.20739513913020105,0.004508723781306994,6634.279574527534
ENSG00000105697,HAMP,6,0.2141322657739112,0.005364377203577223,5374.270880067195
ENSG00000272950,ENSG00000272950,6,0.2328621963930539,0.020744076042210582,4555.233352520616
ENSG00000105967,TFEC,6,0.2119242390743981,0.0052697358305263285,3819.636676656212
ENSG00000274756,ENSG00000274756,6,0.22131828853587387,0.011912586466209843,3845.166289064928
ENSG00000106526,ACTR3C,6,0.21043265637012626,0.003883808244507881,8637.395718431739
ENSG00000106927,AMBP,6,0.2243448827685242,0.017840150026345473,6546.142928528278
ENSG00000273045,C2orf15,6,0.22369397681693337,0.012997161544206643,7633.045176451447
ENSG00000107485,GATA3,6,0.23242501289706036,0.02241504938290192,4845.169882874317
ENSG00000273002,ARHGEF2-AS2,6,0.2129586347030888,0.007875306490838372,6253.199584537765
ENSG00000108242,CYP2C18,6,0.21222639840817406,0.00412011288879349,7880.821739672069
ENSG00000290879,ENSG00000290879,6,0.22091874335410544,0.00875816377722177,7602.391221599613
ENSG00000108576,SLC6A4,6,0.22635734815706618,0.012634237035717434,6206.578690011864
ENSG00000108785,HSD17B1P1,6,0.22328679869032134,0.01271345997990314,4773.523400108316
ENSG00000289901,ENSG00000289901,6,0.2318217470494889,0.020325127520780972,6694.8052865026875
ENSG00000289881,LINC01461,6,0.2195492877673169,0.007901929701981399,9041.639004564258
ENSG00000182035,ADIG,6,0.23916990408810396,0.03215057067886566,8709.228640674899
ENSG00000175544,CABP4,6,0.2232517924260424,0.012938217803022348,3480.659657004222
ENSG00000172543,CTSW,6,0.2509972837244398,0.07297708951093183,7532.471057547266
ENSG00000289309,ENSG00000289309,6,0.22900676963248343,0.023566484520678853,9666.511670620695
ENSG00000172818,OVOL1,6,0.2242103850162954,0.022359388505320602,5678.28979631348
ENSG00000267809,NDUFV2P1,6,0.22927760757190344,0.019656529820406842,4869.017470977498
ENSG00000289274,ENSG00000289274,6,0.22284198224948473,0.015000564053777274,8002.033102574838
ENSG00000173200,PARP15,6,0.2112168756514718,0.017774100085205004,4371.057879729628
ENSG00000173253,DMRT2,6,0.22169572449809885,0.012700999847919978,8387.570794550144
ENSG00000289256,ENSG00000289256,6,0.23087605150397233,0.020132631790439025,3847.2955668088625
ENSG00000267760,ENSG00000267760,6,0.22749386732365204,0.015204200129215853,6841.779848765922
ENSG00000289255,ENSG00000289255,6,0.20866944611144958,0.00509066241354084,7740.45557977979
ENSG00000267732,ENSG00000267732,6,0.2128080814461906,0.004073072379420965,6314.805761318054
ENSG00000173626,TRAPPC3L,6,0.23600012633840664,0.02899076261908904,4311.504092266392
ENSG00000267709,ENSG00000267709,6,0.2221047450596727,0.008216226652308367,6120.293480261729
ENSG00000267696,ERVK-28,6,0.22565037954162992,0.015806165421885992,5760.448444200556
ENSG00000267694,ENSG00000267694,6,0.22904703999665377,0.021013823024112213,5792.260276819819
ENSG00000267688,ENSG00000267688,6,0.2224579661623959,0.011185188952502173,4820.235206054275
ENSG00000174059,CD34,6,0.2323028857795764,0.024924821037955076,3244.079572227597
ENSG00000267649,ENSG00000267649,6,0.22612862301677916,0.020722505663224255,6699.168741918791
ENSG00000174225,ARL13A,6,0.2233970815830494,0.014878150951180134,6579.453721178527
ENSG00000289234,ZNF496-DT,6,0.24694629565289686,0.0485839846736511,8682.457322970115
ENSG00000174370,KCNJ5-AS1,6,0.23532842719224498,0.026028038536300587,9084.315001963507
ENSG00000277039,Metazoa_SRP,6,0.22686901866652545,0.02260537782572341,5356.27319548499
ENSG00000267601,ENSG00000267601,6,0.22529610561892807,0.02033381571890802,5389.559413464648
ENSG00000174912,METTL15P1,6,0.23454170746345268,0.023383281598359257,6052.900065094764
ENSG00000267565,ENSG00000267565,6,0.22784945727132613,0.024890537619378997,7366.554398512023
ENSG00000172508,CARNS1,6,0.22274433319649675,0.01249674760631205,6141.275491915409
ENSG00000267892,ENSG00000267892,6,0.22057657686115378,0.012745251834903356,3287.2102444537272
ENSG00000172404,DNAJB7,6,0.2295745028057872,0.017340059360533223,6453.736736324589
ENSG00000268278,ENSG00000268278,6,0.21240643062446507,0.00474835526994914,9722.441906682227
ENSG00000169252,ADRB2,6,0.2080274891296747,0.0031175651733862373,11819.451055907412
ENSG00000169291,SHE,6,0.22276512639106855,0.020338408441140515,7401.565307145458
ENSG00000268480,NFILZ,6,0.2580767084635949,0.11181436566206504,5905.122044859769
ENSG00000268465,ENSG00000268465,6,0.22164255708919417,0.011352032007495032,6783.6745629538145
ENSG00000169896,ITGAM,6,0.1964009349041842,0.006088865607409142,3965.8059235598403
ENSG00000169906,S100G,6,0.22572434014510645,0.016428963417997468,4226.212667776614
ENSG00000170044,ZPLD1,6,0.21452049314091362,0.005525185550916206,5829.423684378676
ENSG00000276527,ENSG00000276527,6,0.22807502395167928,0.015261604401029296,5736.84405850225
ENSG00000276571,ENSG00000276571,6,0.2198543423560325,0.007919096371829281,5113.248644551713
ENSG00000268309,ENSG00000268309,6,0.2319317667372227,0.03329114382003329,4263.993482494588
ENSG00000170214,ADRA1B,6,0.21833354389736162,0.010810654400976545,3541.557768718629
ENSG00000170819,BFSP2,6,0.21235300001056612,0.011332077232009859,5607.2663411825615
ENSG00000276855,ENSG00000276855,6,0.22242480233307935,0.009647904974792343,7638.714935585191
ENSG00000171433,GLOD5,6,0.2333814998473552,0.025429804409565868,7196.651338499771
ENSG00000171532,NEUROD2,6,0.23835817988482694,0.04055643082614355,7425.95048172004
ENSG00000268133,ENSG00000268133,6,0.22402219344517207,0.010830071739558392,5385.330094418878
ENSG00000276742,ENSG00000276742,6,0.2250407967741881,0.011130126496440863,5246.790636460653
ENSG00000289344,ENSG00000289344,6,0.24649226703725058,0.060502773019598874,8302.963923023204
ENSG00000171631,P2RY6,6,0.22479733215420333,0.012670022405693064,6375.988420630338
ENSG00000268069,ENSG00000268069,6,0.22673294168432886,0.01454962378032318,13579.645039664918
ENSG00000268055,ENSG00000268055,6,0.22800606424310066,0.027890301592102082,7223.960242744398
ENSG00000267984,ENSG00000267984,6,0.23105792615522588,0.014627463484236542,7190.057452681961
ENSG00000267980,ENSG00000267980,6,0.21507743490944,0.008609028133794168,4129.708072268443
ENSG00000172215,CXCR6,6,0.23504416579810106,0.029862618480626588,4357.767101561589
ENSG00000175463,TBC1D10C,6,0.2308739458640157,0.017851442604660265,5666.43364452907
ENSG00000175591,P2RY2,6,0.21643978396137506,0.0085053365596464,13474.357761892286
ENSG00000279206,ENSG00000279206,6,0.22185233146987218,0.01292600382224697,7216.879194838492
ENSG00000289213,ENSG00000289213,6,0.2341179474221829,0.0236757455293415,7503.188265246674
ENSG00000289151,ENSG00000289151,6,0.24032405798932627,0.03182521493954761,6706.571445931187
ENSG00000267223,ENSG00000267223,6,0.22063132350002596,0.011339384884986667,5748.930062887624
ENSG00000179038,ENSG00000179038,6,0.2286440731499554,0.017996353196046404,4895.32099958375
ENSG00000267201,LINC01775,6,0.21583836054876437,0.0063334640352770335,6338.442829252559
ENSG00000267198,ENSG00000267198,6,0.22274354358151316,0.015679298006810522,5908.522013588387
ENSG00000267193,ENSG00000267193,6,0.24865528568268871,0.058572124803996185,7323.713924699476
ENSG00000179292,TMEM151A,6,0.22218423296803697,0.03021517403715697,4958.924187194948
ENSG00000267172,ENSG00000267172,6,0.21557041786428416,0.011176569127047904,16966.289631408607
ENSG00000179452,LINC01699,6,0.23193729404210842,0.020681998957421354,3804.2308502106066
ENSG00000277463,ENSG00000277463,6,0.22215580682862052,0.010409990526628766,4454.579517181405
ENSG00000277491,ENSG00000277491,6,0.2406222692481826,0.04475846264274727,6480.07311314191
ENSG00000267130,ENSG00000267130,6,0.21821983933970493,0.00584810152459292,6928.379261638408
ENSG00000179862,CITED4,6,0.22726645820833746,0.011596324473684574,6685.363185713598
ENSG00000267122,DOT1L-AS1,6,0.22664029352623766,0.013617318926161545,12920.958426284928
ENSG00000180089,TMEM86B,6,0.22645683964501673,0.014910332390055278,11383.08855877432
ENSG00000180209,MYL11,6,0.23564348357075418,0.023820847192101636,5527.21224838403
ENSG00000289083,ENSG00000289083,6,0.2250510617689761,0.015636305881697506,5131.935309491023
ENSG00000180581,SRP9P1,6,0.2236550224777355,0.012707216386426483,4321.45822756512
ENSG00000180712,LINC02363,6,0.219638251055484,0.012815744553057288,5880.418118629773
ENSG00000289072,ENSG00000289072,6,0.23913384500384643,0.03496259613476355,7781.24404122039
ENSG00000289060,ENSG00000289060,6,0.22708800522201342,0.01537049901202847,6135.329665619267
ENSG00000289055,ENSG00000289055,6,0.22091861175160762,0.010310284988661343,8116.464112101705
ENSG00000181323,SPEM1,6,0.22603281639875175,0.01252187370431992,4017.7591314127158
ENSG00000289046,ENSG00000289046,6,0.23517603150038452,0.025867775031177175,5024.478642438094
ENSG00000267006,ENSG00000267006,6,0.24335486350188643,0.05185512299057808,7616.395699564928
ENSG00000277383,BICRA-AS2,6,0.22302254087576506,0.01297545502040999,3433.111224174905
ENSG00000277369,ENSG00000277369,6,0.21776028341917145,0.010310228331516224,5651.62460631587
ENSG00000178809,TRIM73,6,0.21536353873854622,0.007487930133619082,4942.058505066625
ENSG00000267423,ENSG00000267423,6,0.21551277597047164,0.006680441014733066,7845.066744225723
ENSG00000175967,LINC02880,6,0.22531953086344592,0.01272690754441591,4808.689422632801
ENSG00000267498,UQCRFS1-DT,6,0.22074450164769466,0.008821718879468228,5732.503195447655
ENSG00000176153,GPX2,6,0.21310523988506863,0.005823081301033559,4187.191485033457
ENSG00000267489,LINC01837,6,0.22416432414224388,0.012187248825173344,7686.9199027168925
ENSG00000176302,FOXR1,6,0.24593506206372986,0.04674392950659492,5733.650726709217
ENSG00000176349,ENSG00000176349,6,0.23194150532202157,0.02690287619572179,3801.4851698559687
ENSG00000176381,PRR18,6,0.2182743227735824,0.0071535339732075025,9958.08519532585
ENSG00000176435,CLEC14A,6,0.22340971542278895,0.016219301836264674,5691.764254351653
ENSG00000277270,ENSG00000277270,6,0.2113036016971837,0.00769829138314033,7481.261680177723
ENSG00000176826,FKBP9P1,6,0.24159428529315755,0.03747066682482324,4927.34812060492
ENSG00000267424,RTBDN-AS1,6,0.22769258709455786,0.01924866365006482,9138.651864194486
ENSG00000176933,TOB2P1,6,0.2183019592980126,0.009048996850032711,6587.4090487838
ENSG00000267283,ENSG00000267283,6,0.21254237600416415,0.009288639182386793,4438.636428735851
ENSG00000177191,B3GNT8,6,0.21608287798872863,0.017783004935890617,11871.831571596507
ENSG00000267385,ENSG00000267385,6,0.2327771811798051,0.021661058870644977,4853.690210677531
ENSG00000177414,UBE2U,6,0.22640130339116107,0.011353625667770036,5797.522958488764
ENSG00000267341,ENSG00000267341,6,0.2475708811050295,0.062193420645128984,8909.767548124153
ENSG00000289161,ENSG00000289161,6,0.2249831548803777,0.057116348894149696,1200.5654333128532
ENSG00000267325,LINC01415,6,0.21392091216326545,0.004885904695202146,7209.47319685273
ENSG00000277332,ENSG00000277332,6,0.23974105892633704,0.043286361828242095,7829.787243918424
ENSG00000178645,C10orf53,6,0.2223668972342721,0.00867220343017046,6408.101903394133
ENSG00000267309,ZNF566-AS1,6,0.24394260025477824,0.052591480765501124,5842.909468425833
ENSG00000267296,CEBPA-DT,6,0.2254406051609515,0.01674856624905446,4555.1228401428025
ENSG00000267291,MAP4K1-AS1,6,0.21468604908250302,0.006135989852420495,4926.761707459548
ENSG00000268530,ENSG00000268530,6,0.21686801848755288,0.00753667899261398,5547.177185835743
ENSG00000289412,ZEBTR,6,0.2162871250645197,0.005969491224347714,6330.366100572861
ENSG00000143994,ABHD1,6,0.2136000652748752,0.005090508883139361,6189.461458500025
ENSG00000289551,ENSG00000289551,6,0.21494109472224915,0.005706871316919451,8299.97370231531
ENSG00000154252,GAL3ST2,6,0.23121137466706398,0.023130586946379025,3835.246746693036
ENSG00000270190,ENSG00000270190,6,0.2241111567333392,0.009878613864873471,9393.40050108497
ENSG00000154611,PSMA8,6,0.22739990314058825,0.01222222346911799,8638.786030487041
ENSG00000270177,PPP2CA-DT,6,0.22070449448851875,0.009167521364382925,6297.490378746164
ENSG00000154997,SEPTIN14,6,0.23439905035639175,0.016846937946213957,6122.939182431503
ENSG00000270171,ENSG00000270171,6,0.2137225871998514,0.004204072359121328,6727.137111537924
ENSG00000156222,SLC28A1,6,0.22056525904638696,0.007616365707933751,5081.095458926976
ENSG00000270127,ENSG00000270127,6,0.23981344029984608,0.03885332212150988,9330.49321919977
ENSG00000156414,TDRD9,6,0.2339165956013311,0.02704896989039746,4284.64161035062
ENSG00000289602,ENSG00000289602,6,0.22025204510283933,0.01161940403755096,7190.285089616286
ENSG00000158516,CPA2,6,0.20728025015006799,0.0032431765340984096,14920.43550521503
ENSG00000158806,NPM2,6,0.2195019108682935,0.012310875325236016,14759.018764832947
ENSG00000158869,FCER1G,6,0.1966880915532676,0.00218143085574841,17712.830189977576
ENSG00000289570,ENSG00000289570,6,0.2241601128623305,0.012497957858865984,4202.486268216405
ENSG00000159761,C16orf86,6,0.22061421517537858,0.009180466066651573,7354.290993407079
ENSG00000160862,AZGP1,6,0.24755824726528997,0.07276239178285894,6316.391892958074
ENSG00000160868,CYP3A4,6,0.2344232652158929,0.026859298802443123,4604.767044361519
ENSG00000276127,ENSG00000276127,6,0.2180416495583752,0.00701849369723485,7388.46674604419
ENSG00000269956,MKNK1-AS1,6,0.22627338576379594,0.01729003435185532,10834.926513994684
ENSG00000269947,ENSG00000269947,6,0.23345019635093958,0.0237903486121831,4985.69991231006
ENSG00000269921,ENSG00000269921,6,0.21113304486069767,0.005028891707144932,5605.099172478241
ENSG00000161031,PGLYRP2,6,0.23803127928156123,0.04073675562005487,3169.749983607882
ENSG00000269907,PTMAP11,6,0.22278749881560705,0.015078160148992149,3979.9407550608685
ENSG00000161609,KASH5,6,0.22741122095535485,0.019660955265910256,6399.02226966976
ENSG00000161905,ALOX15,6,0.232799027194355,0.02997113093783677,3608.846745302626
ENSG00000153303,FRMD1,6,0.22756256382723702,0.021646485596904474,5934.970469793538
ENSG00000270249,ENSG00000270249,6,0.21909841761160467,0.008521821294426824,5432.7317210515075
ENSG00000153294,ADGRF4,6,0.22638787993643694,0.014711503217146926,5873.600441875468
ENSG00000270617,URGCP-MRPS24,6,0.20402071949721468,0.00271805153423361,6758.184536517538
ENSG00000270760,ENSG00000270760,6,0.21928042386535573,0.006720739633641451,6862.565849937265
ENSG00000289870,ENSG00000289870,6,0.2394696945769275,0.047894124515634816,3461.2054365772633
ENSG00000289866,ENSG00000289866,6,0.22610967225716824,0.015687887276313216,3891.8894017799703
ENSG00000144488,ESPNL,6,0.2102028784098597,0.0044962938855291215,9650.613742551755
ENSG00000289862,ENSG00000289862,6,0.1976201004390679,0.0017376927604970539,10718.345831924325
ENSG00000145198,VWA5B2,6,0.2282913784572219,0.01608035045307508,5393.298044463669
ENSG00000145309,CABS1,6,0.21387511449420868,0.007234810102897697,4156.59649903351
ENSG00000275897,ENSG00000275897,6,0.24459034774643343,0.06090189719583305,3445.2916977169675
ENSG00000146013,GFRA3,6,0.20945419180278357,0.006468381262268964,5288.147841567753
ENSG00000146809,ASB15,6,0.2517579461587688,0.0655257941491998,5646.238077228332
ENSG00000270627,ENSG00000270627,6,0.22133302801557048,0.011567132443125386,4633.830830988
ENSG00000146839,ZAN,6,0.2120858469410691,0.0055138291525128865,5369.950885147649
ENSG00000153029,MR1,6,0.23651232325785446,0.03525370365239182,7101.5613869060135
ENSG00000147434,CHRNA6,6,0.22510422917788087,0.015562019445588245,3223.48423810621
ENSG00000148377,IDI2,6,0.2266452944211342,0.018850038980347286,8556.089299236057
ENSG00000148604,RGR,6,0.25402414116208283,0.09522037506937413,4608.361993165717
ENSG00000149488,TMC2,6,0.22079029931675123,0.01023067765507247,6915.894560367817
ENSG00000149489,ROM1,6,0.21660244464802375,0.006348731999194826,6429.213157027366
ENSG00000289828,ENSG00000289828,6,0.23100897002623355,0.022160510061917018,4164.40718715563
ENSG00000151365,THRSP,6,0.2338431614078437,0.032294388157411015,4236.856345998247
ENSG00000151475,SLC25A31,6,0.21349425686705492,0.005521451422712578,4673.284589246837
ENSG00000151715,TMEM45B,6,0.21281479317355198,0.008260376800112035,7567.446629768651
ENSG00000289731,ENSG00000289731,6,0.24435846414621087,0.047669663188020656,7054.849622681472
ENSG00000152430,BOLL,6,0.2213704031248004,0.013739501118966744,4045.4074044099084
ENSG00000161944,ASGR2,6,0.24827021677562197,0.060893741515379476,6161.14768242693
ENSG00000162068,NTN3,6,0.2206469841972032,0.009891253377490963,4476.040451096837
ENSG00000268635,ENSG00000268635,6,0.24839655517301923,0.054154353696622554,5911.061551584267
ENSG00000269807,ENSG00000269807,6,0.21726190476193816,0.00799402152995107,4634.761330127419
ENSG00000165874,SHLD2P1,6,0.2207360790878681,0.010555601919371186,9287.498050072463
ENSG00000289487,ENSG00000289487,6,0.21873414189911122,0.020007748941429964,5669.078483264525
ENSG00000166664,CHRFAM7A,6,0.20971805480984726,0.004589075280216142,8783.345411125198
ENSG00000166763,STRCP1,6,0.22583278060287265,0.012637589997683298,10119.19000748804
ENSG00000166800,LDHAL6A,6,0.22580461766845297,0.014799417724346385,7164.400482512054
ENSG00000166816,LDHD,6,0.2424628617752632,0.035480169507256805,7892.781037460816
ENSG00000166819,PLIN1,6,0.22067448911913704,0.011993008309503306,7734.487177446874
ENSG00000268985,ENSG00000268985,6,0.22405772611943992,0.013448602440694844,6189.6364629540585
ENSG00000289473,ENSG00000289473,6,0.2175670909531513,0.007688710516641438,7357.307316991902
ENSG00000167419,LPO,6,0.22093901013868772,0.010331413514257272,7328.7422452640485
ENSG00000289465,ENSG00000289465,6,0.22665740185088493,0.019698249776315176,3837.055114665211
ENSG00000167588,GPD1,6,0.23980738658497075,0.0384842613353428,4191.8722332079315
ENSG00000167634,NLRP7,6,0.21228851478689456,0.012716426301162851,7316.015099280086
ENSG00000289457,ENSG00000289457,6,0.2242303885958825,0.018790452822308804,7000.438156634229
ENSG00000167701,GPT,6,0.22687033469149817,0.013869500751089206,6305.015535174209
ENSG00000167705,RILP,6,0.2215812303254574,0.009058410235429163,6162.625613466901
ENSG00000276500,BMS1P14,6,0.21578861480478911,0.0071389652579200436,4585.796939672057
ENSG00000268790,ENSG00000268790,6,0.2221381720939839,0.012823952630287972,5782.505699632098
ENSG00000168065,SLC22A11,6,0.2324292241769736,0.026595184347533055,4832.660540514761
ENSG00000168350,DEGS2,6,0.2142717644210376,0.006148449781695547,6185.408918089208
ENSG00000168447,SCNN1B,6,0.24381731467735915,0.04364745532696373,8541.686911319857
ENSG00000268686,ENSG00000268686,6,0.2457660844572112,0.052527507470266584,8288.303174909286
ENSG00000168509,HJV,6,0.23488203152144124,0.030571169458873466,3207.1113484131597
ENSG00000168619,ADAM18,6,0.2255601002284901,0.016618389239061407,7254.0075474645955
ENSG00000168631,MUCL3,6,0.22124274870243008,0.009175606381457455,6119.437315424902
ENSG00000165828,PRAP1,6,0.23357284987841279,0.0256982693177584,4073.7806790744776
ENSG00000289499,ENSG00000289499,6,0.23353705399915026,0.023756178874747715,8264.05503254977
ENSG00000269148,SYMPK-AS1,6,0.23118689660256833,0.019031536458930094,7406.3820663884135
ENSG00000269399,ENSG00000269399,6,0.2090321425939777,0.0037389349384502053,6214.148873316459
ENSG00000269802,ENSG00000269802,6,0.2385719023404239,0.03539636975323404,7352.97562668708
ENSG00000289538,ENSG00000289538,6,0.22587857827192911,0.013738087041349602,4268.939287485349
ENSG00000162997,PRORSD1P,6,0.19969126054140224,0.0015522181893144738,7067.29280619273
ENSG00000163239,TDRD10,6,0.22264694734850293,0.012228515814568977,5333.162810572552
ENSG00000163357,DCST1,6,0.2148347599044394,0.00637450045510911,6420.210106680155
ENSG00000269590,ENSG00000269590,6,0.224580714443666,0.014985165948003774,5586.0326667557865
ENSG00000269570,ENSG00000269570,6,0.22845640798882214,0.014348704492838765,4329.872389771577
ENSG00000163749,CCDC158,6,0.22919180274367087,0.023359359335358452,3685.116662143519
ENSG00000163898,LIPH,6,0.21788451617661217,0.008802344260685975,6169.578084450632
ENSG00000269502,DMRTC1,6,0.23540475664067242,0.03142073443061749,4216.268715452001
ENSG00000289520,ENSG00000289520,6,0.21717596833120867,0.008346826542772938,6551.182790493732
ENSG00000269392,NR1H2-AS1,6,0.21609156375354815,0.007516870010636322,6820.612152575893
ENSG00000269172,PAK4-AS1,6,0.20840229304195312,0.003997142862082373,6275.824322241978
ENSG00000164270,HTR4,6,0.23166777212766118,0.019658618000790443,9668.443603322548
ENSG00000164532,TBX20,6,0.24603639598664223,0.05737467418927998,4754.296205476069
ENSG00000164694,FNDC1,6,0.21695263889330926,0.00894406555734609,4780.476191359146
ENSG00000164900,GBX1,6,0.23973658444142923,0.04588433957317575,9296.647134374934
ENSG00000165125,TRPV6,6,0.23238500573788454,0.024461218838487498,7907.066708615068
ENSG00000269307,ENSG00000269307,6,0.21435256835437314,0.006796888783016757,7988.6308391186985
ENSG00000165182,CXorf58,6,0.23048782413697036,0.020842163078158525,3808.7894628086983
ENSG00000269288,ENSG00000269288,6,0.21465104281822436,0.0052253861422270195,6377.40678994522
ENSG00000165370,GPR101,6,0.23429139951360956,0.024347868828873014,4899.127391686895
ENSG00000165383,LRRC18,6,0.22113167619471832,0.011410263604842942,4032.7921990093473
ENSG00000269194,ENSG00000269194,6,0.23101607656108739,0.022440117732621712,5531.594232142125
ENSG00000214322,CBX1P2,6,0.23633229104156347,0.032581948464662766,7766.832242722803
ENSG00000260635,ENSG00000260635,6,0.2367910573471118,0.033477832625215476,3712.3025561638383
ENSG00000261419,PLA2G10DP,6,0.23504074413317197,0.04892612135298739,8539.140559534952
ENSG00000254669,ENSG00000254669,6,0.2187849404630628,0.01019411635628296,6628.419819562107
ENSG00000233974,ENSG00000233974,6,0.24862738595326356,0.05329222605197381,5391.91739200949
ENSG00000233981,ENSG00000233981,6,0.21993146141944342,0.011142801460743824,4859.7482863998675
ENSG00000286670,ENSG00000286670,6,0.22990798353391606,0.02527904149315905,4363.299283052492
ENSG00000234043,NUDT9P1,6,0.2236963456618846,0.013297628290605731,6764.571054084444
ENSG00000234118,RPL13AP6,6,0.2459211121990173,0.04757967214700087,5217.373430800486
ENSG00000234134,ENSG00000234134,6,0.22019545602900525,0.009044373708108108,5440.050034824677
ENSG00000254898,ENSG00000254898,6,0.23597906993884055,0.028473539123608314,6438.718639140616
ENSG00000254880,PKNOX2-DT,6,0.2287032942737352,0.014993967023156213,6521.578973435084
ENSG00000283517,ENSG00000283517,6,0.25703573271003993,0.09269421549716649,8824.294804420038
ENSG00000234235,BOK-AS1,6,0.21951559752801064,0.009561880136756254,9718.633138159797
ENSG00000254862,LGR4-AS1,6,0.23927518608593482,0.034461003889377215,7570.592493940767
ENSG00000234300,LINC00229,6,0.21264989524444905,0.006412724188077157,4454.381162369477
ENSG00000234332,BCAS2P2,6,0.2364544181590477,0.025932256906704868,7429.662423666446
ENSG00000286628,ENSG00000286628,6,0.2192238347915214,0.009458139969696145,7096.798658374706
ENSG00000234445,FGF14-AS1,6,0.23121848120191768,0.018634305532093373,4771.211925990375
ENSG00000234459,ENSG00000234459,6,0.21631923607385822,0.0070452064337492145,6612.162283735456
ENSG00000286606,ENSG00000286606,6,0.2313177094848731,0.023577148523481837,5033.443823307912
ENSG00000234540,ENSG00000234540,6,0.22521556489058772,0.014561575050103427,7005.657451228072
ENSG00000286597,ENSG00000286597,6,0.24192960845624914,0.05875244192140337,2816.1492059110765
ENSG00000254788,CKLF-CMTM1,6,0.22788235789564795,0.023446773505743052,4873.085099973998
ENSG00000286590,ENSG00000286590,6,0.23492940842046509,0.02444246200720467,4586.54628372809
ENSG00000254783,ENSG00000254783,6,0.22999589400210518,0.017027627297728838,5262.966945531601
ENSG00000234769,WASH4P,6,0.23500573786889284,0.023646943837591927,4398.080565843329
ENSG00000286583,ZBTB7C-AS1,6,0.23669077624417825,0.03153011020018871,3513.439090851376
ENSG00000234917,ENSG00000234917,6,0.22129538970134538,0.012599848180472648,10698.125685599854
ENSG00000234928,LINC01659,6,0.22389072255038,0.01575999433213457,4979.654797623896
ENSG00000283629,ENSG00000283629,6,0.24372966741416505,0.04786097636865332,6289.331667391178
ENSG00000233906,ENSG00000233906,6,0.2094040512513162,0.008424317024400742,5895.057376627493
ENSG00000255005,ENSG00000255005,6,0.2317785814303784,0.01718757735656289,6544.532192938403
ENSG00000255026,ENSG00000255026,6,0.23704426055189615,0.048840821039566815,4229.589578241484
ENSG00000283221,ENSG00000283221,6,0.22404825073963502,0.01678338804247616,4251.551588738643
ENSG00000233175,FMNL1-AS1,6,0.2193710979859876,0.009526622396953826,6632.05441879241
ENSG00000233217,MROH3P,6,0.2117981638819956,0.00479203566555032,6082.884343661487
ENSG00000255229,ENSG00000255229,6,0.23918806523272948,0.04336627713272301,4746.573060701991
ENSG00000233220,PRDM10-DT,6,0.24897429013611677,0.053735954808413894,6811.741081863064
ENSG00000233262,SLC28A3-AS1,6,0.24139267026731093,0.04311627212928018,4597.2966778659875
ENSG00000233321,LINC02669,6,0.22538348967712787,0.019460353490754534,4496.90900641324
ENSG00000233334,FAM53B-AS1,6,0.20402743122457634,0.0030326654677693236,6436.81539378929
ENSG00000233478,ENSG00000233478,6,0.23338702715224113,0.03695544672056711,6481.492435896852
ENSG00000286743,ENSG00000286743,6,0.2310679279450191,0.019582873896117046,5567.656185921195
ENSG00000233517,ENSG00000233517,6,0.20649721529119855,0.003897985371579582,4928.146549627875
ENSG00000233554,B4GALT1-AS1,6,0.2172436120148153,0.007809522871186148,3603.364998324579
ENSG00000233578,EIF4EP1,6,0.22662423802156828,0.014106070985161756,4347.21217028603
ENSG00000255152,MSH5-SAPCD1,6,0.22779444742745966,0.018435891463545614,9865.339044979744
ENSG00000255043,NAV2-AS5,6,0.2127757072318573,0.0082426628692357,10360.31806473399
ENSG00000286738,ENSG00000286738,6,0.23070180979756255,0.020099237147383073,6021.431557445309
ENSG00000255142,ENSG00000255142,6,0.2308610488192814,0.023975465934541904,5876.682216692311
ENSG00000255136,TPBGL-AS1,6,0.20893396713100026,0.004327363312379911,6819.617992446496
ENSG00000233661,SPIN4-AS1,6,0.21879915353276985,0.007799454059102475,19072.361197062448
ENSG00000255117,LINC02546,6,0.24035616899866477,0.036744369940811636,7225.387916123881
ENSG00000286729,ENSG00000286729,6,0.225900424286479,0.022050161870670996,4389.006060277594
ENSG00000286723,ENSG00000286723,6,0.23376630554942734,0.024599711397351117,7086.297795685251
ENSG00000233706,ENSG00000233706,6,0.21360217091483186,0.005244491956388651,5564.276310103146
ENSG00000233735,ENSG00000233735,6,0.2503484834128059,0.0517479935551379,7867.865808765885
ENSG00000233737,ENSG00000233737,6,0.24723476832695396,0.04357215547352358,9107.636895193322
ENSG00000233754,ENSG00000233754,6,0.2342966636135008,0.02697001837616499,4399.693375152624
ENSG00000233785,SAT1-DT,6,0.21434914668944288,0.006993698240287663,3608.9760651048023
ENSG00000234995,RPS3AP28,6,0.23612725435078785,0.031087967675927523,5613.909392219211
ENSG00000283632,EXOC3L2,6,0.22529136792902593,0.01846914080763289,3813.317894265951
ENSG00000230449,RPL7P4,6,0.229550024741291,0.01940703456291486,5654.270992544316
ENSG00000254656,RTL1,6,0.23121242748704218,0.027722089131973122,3970.665142981303
ENSG00000254361,ENSG00000254361,6,0.24423502100375388,0.06093409194723462,6194.706134663843
ENSG00000235701,PCBP2P1,6,0.24422291357400333,0.05006255005762198,7325.185153661911
ENSG00000254346,MTND1P6,6,0.23398450248993227,0.02128625115572016,7283.940752469172
ENSG00000254343,ENSG00000254343,6,0.24341934872555807,0.05781334975785533,7787.074154960383
ENSG00000235779,ENSG00000235779,6,0.24539654464482438,0.049804371039590414,5079.093701535865
ENSG00000235828,RPL36AP26,6,0.24297137382478692,0.04530292132106068,5167.3436099154815
ENSG00000235865,GSN-AS1,6,0.23458829474749307,0.03583916170492614,4536.032756372891
ENSG00000254317,ENSG00000254317,6,0.22584725687757454,0.013555157640265058,7148.70461454208
ENSG00000254314,ENSG00000254314,6,0.2388372129749576,0.034198123865481295,4797.561864912368
ENSG00000283881,MIR3916,6,0.208370840045101,0.005682084530225167,4633.5955533408405
ENSG00000286425,ENSG00000286425,6,0.227713117084135,0.01771851705956573,4778.621603885978
ENSG00000283952,ENSG00000283952,6,0.2192005411495013,0.0077071482231794945,6530.040016021567
ENSG00000254254,PENK-AS1,6,0.21687275617745494,0.00986904175411033,7828.29678168167
ENSG00000236003,ENSG00000236003,6,0.2415253255845782,0.04290072310636112,5652.249279866259
ENSG00000236086,HMGN2P28,6,0.2344253708558494,0.01774170000420482,9424.884252674192
ENSG00000236234,ENSG00000236234,6,0.22104771380144794,0.010316427371107518,6544.121101861988
ENSG00000286394,ENSG00000286394,6,0.2313903540633767,0.021140954121231775,4598.473235922017
ENSG00000254162,ENSG00000254162,6,0.2241427413326887,0.011682894171774205,5804.129684415146
ENSG00000286385,ENSG00000286385,6,0.22041733783943404,0.01126481721482981,5783.174579004262
ENSG00000286383,ENSG00000286383,6,0.22567143594119626,0.015169221210222319,5124.006924109147
ENSG00000254106,LINC01848,6,0.2210527146963455,0.008001204594883349,7072.806668962414
ENSG00000254099,ENSG00000254099,6,0.23059021087986106,0.021356379099607692,7475.208319791082
ENSG00000236308,ENSG00000236308,6,0.2351578703557588,0.026396380222130193,6117.762859949453
ENSG00000236325,RPL32P5,6,0.23351441836961653,0.03063841241933876,4776.5173683309085
ENSG00000236341,ENSG00000236341,6,0.23650153185307707,0.02638620873432469,5740.780902826778
ENSG00000236397,DDX11L2,6,0.23705320952171133,0.029729002437328466,5704.6276190084045
ENSG00000254066,LINC01938,6,0.21904735584265664,0.010887374847857708,5280.698529035638
ENSG00000235663,SAPCD1-AS1,6,0.22650053167411674,0.01622792946775252,6613.098997735426
ENSG00000283839,ENSG00000283839,6,0.22431106092672137,0.013700423445040407,4327.571569614872
ENSG00000235631,RNF148,6,0.2354344988050597,0.026004935168504655,8640.144644033891
ENSG00000254551,ENSG00000254551,6,0.22271564385208825,0.00821894964196229,6915.289724029006
ENSG00000286534,ENSG00000286534,6,0.21558068285907253,0.00886312264475986,6701.329456982464
ENSG00000235047,ENSG00000235047,6,0.22201157049159215,0.010439775974502458,5275.958504061776
ENSG00000286530,ENSG00000286530,6,0.22288620068857398,0.014464571982657529,5140.4109163195435
ENSG00000283653,ENSG00000283653,6,0.2200670119916516,0.00674063552848212,7704.229412840868
ENSG00000235077,ENSG00000235077,6,0.235953802259361,0.030655602186394706,5790.404792077647
ENSG00000254598,CSNK2A3,6,0.220817672636187,0.01028050430384442,4977.970380198353
ENSG00000254595,ENSG00000254595,6,0.22043523577906537,0.012191445583063553,3984.9522081774066
ENSG00000235112,HSPE1P27,6,0.22098796626767886,0.0094010053480389,4307.205275349547
ENSG00000235140,ENSG00000235140,6,0.2160218144299854,0.005975011899127828,6045.2822168170915
ENSG00000235156,TMEM30CP,6,0.24072544560605666,0.03411407069180638,5354.698549903047
ENSG00000286518,ENSG00000286518,6,0.23606276912711605,0.03648700847155812,5240.485892412066
ENSG00000235221,LINC00383,6,0.2223497889096251,0.016310465524950427,5465.407767088775
ENSG00000283667,ENSG00000283667,6,0.22983612857039692,0.018461553392693602,5667.472626736414
ENSG00000235575,ENSG00000235575,6,0.2195121758630815,0.007765827957597677,5979.91785319696
ENSG00000254531,PPP3CA-DT,6,0.22098401819276028,0.012080793013416748,8091.7380982840095
ENSG00000235411,DRG1P1,6,0.2302383058021113,0.023062613119938607,3731.608893125296
ENSG00000283698,VINAC1P,6,0.2351028605118918,0.025710908029256876,4368.534948340887
ENSG00000254486,LINC02547,6,0.22696035079964338,0.015725416902068693,6475.142337007697
ENSG00000235436,DPY19L2P4,6,0.21573202573095462,0.007536443251046821,3560.1359345065976
ENSG00000235489,DBF4P1,6,0.23320173083605827,0.020989815004740533,5081.440661659193
ENSG00000254461,ENSG00000254461,6,0.22260957223927275,0.013528635235343053,6501.50722506556
ENSG00000286485,ENSG00000286485,6,0.23940099807334292,0.045913495015107636,4821.810823255307
ENSG00000254451,CAPS2-AS1,6,0.2352257772443594,0.027895373542379687,6188.0430139921455
ENSG00000286446,ENSG00000286446,6,0.23637887832560392,0.028772078508320115,6700.666398725872
ENSG00000254432,ENSG00000254432,6,0.2307791920659679,0.02845175717665299,4682.319577849137
ENSG00000283773,ENSG00000283773,6,0.23274138530054256,0.023035784736577133,6892.751072731069
ENSG00000255289,ENSG00000255289,6,0.2611127780760481,0.11828224971641736,8177.682105049799
ENSG00000255300,LINC02745,6,0.23977106429571865,0.03572949801458445,8084.677179648129
ENSG00000255321,ENSG00000255321,6,0.24184143478306552,0.04893656092944044,5239.751892653415
ENSG00000286782,ENSG00000286782,6,0.21750497457443058,0.01180520371010312,4019.505827323787
ENSG00000286954,ENSG00000286954,6,0.21897642209661822,0.009813166700268137,4400.32121354157
ENSG00000256862,PARP11-AS1,6,0.2254271817062281,0.015923487439589736,4933.96182782788
ENSG00000256861,ENSG00000256861,6,0.2520630007474849,0.08662840754879417,7744.542226739271
ENSG00000231165,TRBV26OR9-2,6,0.21881915711235794,0.009590490933210159,8703.891037499057
ENSG00000231172,EVA1A-AS,6,0.21455326216273818,0.007815980833018554,5390.269785810536
ENSG00000286953,ENSG00000286953,6,0.22480654432901376,0.012117108231582088,6568.067912042593
ENSG00000231188,ENSG00000231188,6,0.21806849646782211,0.00716764003536591,4586.7740354089465
ENSG00000256723,ENSG00000256723,6,0.22466204478699045,0.011927549822010204,5223.470715781269
ENSG00000281538,ENSG00000281538,6,0.2166295547624653,0.007895058155698914,6614.014401524136
ENSG00000231208,ZBTB46-AS1,6,0.2257348683448897,0.01494650793263554,13121.857304506228
ENSG00000231210,COMETT,6,0.23726245749240027,0.040173902915771456,2534.716980804758
ENSG00000256658,ENSG00000256658,6,0.2371058505206269,0.025885612568929496,6085.425462165142
ENSG00000256628,ZBTB11-AS1,6,0.21488003116350693,0.0061375423329172105,5362.630869290912
ENSG00000256612,CYP2B7P,6,0.23657207079162348,0.032600020999429324,15267.972296075917
ENSG00000286952,ENSG00000286952,6,0.2194024193803427,0.006204750766008389,4790.017419007071
ENSG00000281732,ENSG00000281732,6,0.21746602023523323,0.008544006427742204,5748.913687511816
ENSG00000231274,SBK3,6,0.2311005653643468,0.020793925219032974,5112.090796132849
ENSG00000231333,RPL34P6,6,0.21501913500314104,0.009318621744791974,5901.620366303686
ENSG00000286951,ENSG00000286951,6,0.21901366560335078,0.012271937424357737,4347.092089234982
ENSG00000231416,ENSG00000231416,6,0.2126255487824512,0.006738441168439994,8086.5852564385605
ENSG00000231507,LINC01353,6,0.2285056273228079,0.020969699589754916,4249.465702824758
ENSG00000256452,ENSG00000256452,6,0.22245980859735806,0.010720223672269418,6650.1931873718995
ENSG00000231509,ENSG00000231509,6,0.23324437004517998,0.019947397727572837,5494.673253544931
ENSG00000231612,ENSG00000231612,6,0.22991403724879153,0.02181960976466021,7082.079161424674
ENSG00000231625,SLC47A1P2,6,0.22046313550849087,0.009521449612212771,5101.997269645974
ENSG00000231638,LUARIS,6,0.23443484623565428,0.03128816078629341,4214.894658521888
ENSG00000256343,RIMBP2-AS1,6,0.23888090500405756,0.03237304912632765,8371.38292017507
ENSG00000231105,ECE1-AS1,6,0.24940805196718063,0.050220491767305454,5575.077939657471
ENSG00000256925,ADGRA1-AS1,6,0.2211171999200168,0.009666234861896078,6155.833597703972
ENSG00000256928,ENSG00000256928,6,0.23603118452776678,0.03210601337144396,9558.748264723088
ENSG00000230730,ENSG00000230730,6,0.21718675973598653,0.008159245659624484,12138.052177137886
ENSG00000257386,ENSG00000257386,6,0.22904940884160463,0.019924671562938954,4096.817804202255
ENSG00000230523,LINC01756,6,0.21291441626399987,0.007804012966805541,5778.554169646546
ENSG00000287029,ENSG00000287029,6,0.20981254540290098,0.004130918050418113,11024.95045086469
ENSG00000257325,ENSG00000257325,6,0.22456176368405584,0.01602525528629624,4938.90956337381
ENSG00000257319,DBX2-AS1,6,0.23506574860765736,0.039253299733020414,6528.870062452391
ENSG00000230598,OR2H4P,6,0.22885858522053598,0.020819667337810686,3878.2109438605626
ENSG00000257270,ENSG00000257270,6,0.2291399513597395,0.02227971504480975,7444.087259766883
ENSG00000230724,LINC01001,6,0.23028805154608606,0.02109208100023957,4231.63450306361
ENSG00000257225,ENSG00000257225,6,0.19685588473731097,0.00175597127913415,6247.327172625935
ENSG00000257222,ENSG00000257222,6,0.21847488497945028,0.007574602631493671,4475.922258984267
ENSG00000286992,ENSG00000286992,6,0.2329106261120561,0.025965809999715483,4440.965712765387
ENSG00000257210,NACAP8,6,0.2295821357506296,0.018784880718917728,6752.800632083986
ENSG00000230772,VN1R108P,6,0.2365757556615478,0.03791493129683165,3204.608865352385
ENSG00000231098,ENSG00000231098,6,0.23059179010982875,0.018644415827770034,6684.330363995031
ENSG00000230790,ENSG00000230790,6,0.22285909057413214,0.01288755028442791,7626.517051907182
ENSG00000286984,ENSG00000286984,6,0.20688044176330403,0.004327776466578,7484.572730086305
ENSG00000257108,NHLRC4,6,0.23497494288452747,0.023762895410132902,5804.4608439919075
ENSG00000280953,LINC01163,6,0.23698372340314283,0.027254391057625043,13149.006997887229
ENSG00000281167,ENSG00000281167,6,0.24210306054767586,0.055916790056755136,7756.462915577435
ENSG00000230955,INPP5B-AS1,6,0.22271985513200082,0.01133831667385346,6783.044169413367
ENSG00000281189,GHET1,6,0.22893702030892013,0.019781023986847272,5235.508323061392
ENSG00000281196,LINC00934,6,0.22077845509199467,0.014379220980170812,6431.231709151755
ENSG00000281376,ABALON,6,0.23390369855659676,0.02687054723065732,7887.219573586449
ENSG00000231043,ENSG00000231043,6,0.2344882768495534,0.02485411742585726,5758.033888297697
ENSG00000231073,ENSG00000231073,6,0.24277949738374036,0.05200203369316936,7384.658330328557
ENSG00000256967,ENSG00000256967,6,0.20748397081587125,0.0029149446683187897,4986.74931228367
ENSG00000231718,LINC02789,6,0.23702688902225366,0.03139935160765986,5632.189793782533
ENSG00000286931,ENSG00000286931,6,0.21674299611512796,0.011537363739252572,6207.676386924021
ENSG00000256311,ENSG00000256311,6,0.22914942673954422,0.01803272353647396,5339.226621737435
ENSG00000232653,GOLGA8N,6,0.23532632155228816,0.03684204945452371,4160.140206835302
ENSG00000255650,FAM222A-AS1,6,0.2172757230241539,0.010296759097305173,5142.221102557568
ENSG00000282804,ENSG00000282804,6,0.21679458429406542,0.008240171047262036,5740.138910669957
ENSG00000232335,CLSPN-AS1,6,0.23077445437606517,0.01759002316220684,7016.853808584142
ENSG00000232363,ENSG00000232363,6,0.23103055283578922,0.028398564512773287,6303.895847782158
ENSG00000232434,AJM1,6,0.22154832970113525,0.008929483933170189,6013.635760524263
ENSG00000232517,CSPG4BP,6,0.2412815977595994,0.05537557898438031,6814.618489094527
ENSG00000232520,GCSIR,6,0.21902050893321004,0.008381569485827134,7841.262419911396
ENSG00000255532,NOX4P1,6,0.23189465483298677,0.025403501763783615,3483.464806509892
ENSG00000255526,NEDD8-MDP1,6,0.22663055494143802,0.018500819006256535,4001.9521309465244
ENSG00000286869,ENSG00000286869,6,0.21638714296245912,0.006927828602211517,5570.481555988253
ENSG00000232606,LINC01412,6,0.20980201720311792,0.0033295763663283053,5398.800128493627
ENSG00000232627,ENSG00000232627,6,0.22580409125846365,0.01659330243426552,4013.972663716311
ENSG00000255469,BOLA3P1,6,0.2239466536117282,0.01242725395430131,4325.353667370211
ENSG00000286894,ENSG00000286894,6,0.22544139477593553,0.00941924321563424,6761.155325057397
ENSG00000286854,ENSG00000286854,6,0.24884663571374674,0.06211148716367218,6475.784531392502
ENSG00000286840,ENSG00000286840,6,0.21675720918483551,0.00687997104394245,6028.977348748973
ENSG00000232788,ITGA6-AS1,6,0.2413547687480917,0.03954915895050985,6964.997646599219
ENSG00000232812,LINC01717,6,0.240792826084669,0.03317701186410736,6153.359724605278
ENSG00000232842,KAT7P1,6,0.23287456702779907,0.03209027520935649,6690.308111716358
ENSG00000232860,SMG7-AS1,6,0.22460650853313416,0.014244469894873109,3947.098526857306
ENSG00000286834,ENSG00000286834,6,0.22324942358109154,0.01577239889987918,5781.648871413889
ENSG00000232876,ENSG00000232876,6,0.22355158291486676,0.014507513934844932,3455.133714513267
ENSG00000286810,ENSG00000286810,6,0.22979980628114507,0.026709864208886616,4372.467664508817
ENSG00000233024,NPIPA9,6,0.23008011960037036,0.0218813606151496,5379.9384895362355
ENSG00000283101,BMS1P21,6,0.23969394523230778,0.039863622967886654,6452.765990619361
ENSG00000255348,ENSG00000255348,6,0.20942115957596377,0.003636695722183699,7678.92626088963
ENSG00000232194,ENSG00000232194,6,0.2445258625227619,0.05258560833657986,5922.898650656948
ENSG00000232131,NCOA7-AS1,6,0.23669209226915128,0.02450250936505481,7547.420516140122
ENSG00000286923,ENSG00000286923,6,0.21889811861073163,0.007108113983412025,9874.753547062526
ENSG00000256013,ENSG00000256013,6,0.2202638893275951,0.009122133256470788,7984.031084474026
ENSG00000231758,ARHGAP15-AS1,6,0.21407462388009876,0.006066272317152154,3408.8310885130854
ENSG00000256250,ENSG00000256250,6,0.22897597464811814,0.018797496747403955,6852.721635354228
ENSG00000231760,ENSG00000231760,6,0.22259351673460348,0.015278827552259684,5181.159636893656
ENSG00000256237,ENSG00000256237,6,0.22082688481099746,0.011956602959691939,6143.313807545049
ENSG00000231822,SMC3P1,6,0.239519966730892,0.042636592549631654,5614.082307213378
ENSG00000231841,FAM192BP,6,0.23302406746471901,0.02583265917945957,5181.268877900716
ENSG00000256152,ENSG00000256152,6,0.24289636040133253,0.05007282069509561,8569.189234264317
ENSG00000231873,ENSG00000231873,6,0.23320067801608035,0.035907670390104784,3694.022111849724
ENSG00000282111,ENSG00000282111,6,0.21823694766435195,0.008236290957339139,7585.389944219577
ENSG00000231877,ENSG00000231877,6,0.22642972953057516,0.015600574929182532,5256.2008032313
ENSG00000231888,MTND5P15,6,0.21937846772583575,0.008877227894137316,4711.559990456542
ENSG00000231908,IDH1-AS1,6,0.21552567301520612,0.00764874477425207,4622.279173604365
ENSG00000231937,ENSG00000231937,6,0.21932187865200134,0.009126442404503107,4769.289871081007
ENSG00000232118,BACH1-AS1,6,0.21201004390263073,0.005409444014799119,6689.282159043857
ENSG00000287915,ENSG00000287915,6,0.22078003432196253,0.009937628658805348,4474.042995483753
ENSG00000231966,LINC02818,6,0.2190144552183348,0.008182769895692475,8633.481486938354
ENSG00000255959,ENSG00000255959,6,0.24559131634081172,0.07618245564658373,6731.601312796687
ENSG00000255949,RPS6KB2-AS1,6,0.24641988566374184,0.05993913314894391,7144.849589892071
ENSG00000231987,LINC01787,6,0.2367534190328876,0.03466505270143363,6710.658614796174
ENSG00000232004,CAP1P2,6,0.22274143794155613,0.012759156685975888,4612.594125893872
ENSG00000232024,LSM12P1,6,0.24478985713232299,0.046796044808398676,5555.473993226025
ENSG00000232063,ENSG00000232063,6,0.2259879399471762,0.01393243637619699,4963.8219911990645
ENSG00000286899,ENSG00000286899,6,0.23085341587443878,0.018486873959618757,4620.429083598656
ENSG00000232073,ENSG00000232073,6,0.236058557847203,0.03366990760320677,3207.1483482194744
ENSG00000286898,ENSG00000286898,6,0.23108450985967732,0.020434326632383173,3742.4798377837888
ENSG00000232093,DCST1-AS1,6,0.21571307497134515,0.008041270443982874,5606.436260170372
ENSG00000236423,LINC01134,6,0.21968194308458422,0.01541842205150811,5171.269967823384
ENSG00000254043,ENSG00000254043,6,0.23153116873547558,0.01721392533209,5377.505294015972
ENSG00000254034,INTS9-AS1,6,0.218246159839162,0.009731142010989879,6044.365877728752
ENSG00000241696,LINC02053,6,0.23048914016194372,0.022955089919729513,6485.799164953722
ENSG00000285911,ENSG00000285911,6,0.21394460061277712,0.0065767760761601245,5687.459552680771
ENSG00000243847,RN7SL610P,6,0.22805265152714008,0.016938546453222954,4410.83975426713
ENSG00000285902,ENSG00000285902,6,0.22615283787627907,0.01741019510729513,3903.015990127979
ENSG00000244050,DEFB109F,6,0.21339134371417487,0.004611205032489899,4672.206325290172
ENSG00000250501,ENSG00000250501,6,0.215191665877087,0.0053578500463177985,6072.6785098064465
ENSG00000244063,ENSG00000244063,6,0.24200435867470924,0.03927334498721337,9129.864058242858
ENSG00000250490,LINC02145,6,0.20217209921779636,0.0018520691000179417,4915.832344492441
ENSG00000250447,LINC02105,6,0.2390740974700777,0.024170173140777414,8343.33177163053
ENSG00000285898,ENSG00000285898,6,0.23543660444501616,0.03512460356052571,3801.3583698954835
ENSG00000285890,ENSG00000285890,6,0.2272143436194108,0.017623955086612183,4638.698599870522
ENSG00000285887,ENSG00000285887,6,0.21944690102442593,0.00838352816566922,4443.30510563141
ENSG00000244247,ENSG00000244247,6,0.2104109419580733,0.004762874944254852,5214.410281943357
ENSG00000250406,ENSG00000250406,6,0.21103697503767674,0.004162123714277776,5906.930742146738
ENSG00000250379,ENSG00000250379,6,0.22437462493291155,0.01287922863614072,5227.002956963563
ENSG00000250361,GYPB,6,0.22626443679398034,0.018318333876638355,6203.040399822248
ENSG00000244306,DUXAP10,6,0.23184464588401743,0.022780369893989717,5149.038924741951
ENSG00000285876,ENSG00000285876,6,0.2266642451807436,0.01872476776149622,3446.474802984665
ENSG00000250306,ENSG00000250306,6,0.21618447511663394,0.009042322334360043,5724.284575921463
ENSG00000250286,ENSG00000250286,6,0.22364975837784457,0.011859724759969733,7514.120566685512
ENSG00000244541,LINC01213,6,0.22595635534782688,0.01680994971901463,4930.0128628882985
ENSG00000244556,ODCP,6,0.22417906362194015,0.012155782766087904,5992.708411480284
ENSG00000244588,RAD21L1,6,0.21813166566652095,0.009055984431892851,8498.44685119226
ENSG00000244617,ASPRV1,6,0.2225995704494786,0.014809022982909042,5837.042032091477
ENSG00000285856,ENSG00000285856,6,0.23273927966058605,0.03250993734068128,3999.8417183400693
ENSG00000245059,C16orf46-DT,6,0.22655554151798324,0.013491526591524554,6076.076142755126
ENSG00000245146,MALINC1,6,0.2180224355937711,0.010427189450591094,10662.110069797658
ENSG00000250102,LINC02377,6,0.23590905741028256,0.02750848889175607,3692.840165551329
ENSG00000243795,LINC02044,6,0.2281863596643852,0.019408462480273156,3522.8776736783043
ENSG00000285923,ENSG00000285923,6,0.230361748944568,0.02372235723605736,5957.64959707168
ENSG00000243715,CACNA2D3-AS1,6,0.22007780339642885,0.011791288105044795,4652.8000725145475
ENSG00000285970,ENSG00000285970,6,0.2212593306170887,0.01323975830771163,6752.35166747536
ENSG00000241818,SCG5-AS1,6,0.22831190844679858,0.017455636054216774,4627.753631354537
ENSG00000286018,ENSG00000286018,6,0.22141567438386817,0.017641856039325433,6117.563361544409
ENSG00000241882,ENSG00000241882,6,0.2226064137793379,0.01089847413039688,5712.277378273406
ENSG00000250971,ENSG00000250971,6,0.2527491761683491,0.09274482422685962,7532.010499582397
ENSG00000241921,ENSG00000241921,6,0.24276528431403266,0.03805246674134573,8440.16917024949
ENSG00000242034,ENSG00000242034,6,0.24105076697935474,0.04373401505276829,7400.357634672208
ENSG00000242104,LRRC78P,6,0.21807744543763766,0.009043448062573465,5205.991824451308
ENSG00000242147,LASTR,6,0.2158223050440956,0.0049094520347358235,5710.103662511437
ENSG00000242261,ENSG00000242261,6,0.2413163408188833,0.04425088259700752,6994.612910065281
ENSG00000250892,ENSG00000250892,6,0.21792741859072853,0.007582329723740008,4521.412409757051
ENSG00000242366,UGT1A8,6,0.2193997873303968,0.008007978697458498,9941.989697792093
ENSG00000242671,LINC02010,6,0.2516108145668008,0.08140191698833783,6932.718259011044
ENSG00000250803,ZNF475,6,0.22674610193405748,0.01946068697217153,3180.7498970161364
ENSG00000250603,ENSG00000250603,6,0.21071744417425903,0.005245144683179697,5768.909546258658
ENSG00000242816,ENSG00000242816,6,0.22377320152030078,0.013458265438275814,6415.06008880364
ENSG00000285964,ENSG00000285964,6,0.22836770790564956,0.014715854286185678,5423.646382557726
ENSG00000242999,RN7SL239P,6,0.21943768884961606,0.0066349184969660404,7105.075090623545
ENSG00000285955,HTRA1-AS1,6,0.22084162429069357,0.009773904435911519,4985.9734967087215
ENSG00000250698,ENSG00000250698,6,0.21551685564788745,0.006130858942829313,3835.0243771055766
ENSG00000243230,ENSG00000243230,6,0.1952773127823301,0.0014664889183317947,5279.730999312825
ENSG00000243303,ENSG00000243303,6,0.2205715759662565,0.010306916545777544,7385.455387001944
ENSG00000243388,RPL3P3,6,0.23541002074056422,0.03835612509944392,4528.245663464807
ENSG00000250644,ENSG00000250644,6,0.21419964625252305,0.007723769144894028,7214.890744613525
ENSG00000243431,RPL5P30,6,0.22157201815064706,0.0090141092310448,5016.812920578216
ENSG00000285938,BCL6-AS1,6,0.22265510670333524,0.007952793066831394,10781.490931349468
ENSG00000243659,ENSG00000243659,6,0.22227266984621324,0.010799862460308033,5590.920937777322
ENSG00000245468,LINC02447,6,0.20150632218401157,0.002093715152610226,6263.901719303337
ENSG00000250072,SH3TC2-DT,6,0.21399434635675266,0.00728336211967998,4145.250697437218
ENSG00000285540,ENSG00000285540,6,0.21446337765709073,0.004643311251186645,10941.140071760849
ENSG00000248663,LINC00992,6,0.23273454197068347,0.02478173779570975,6275.1474045203495
ENSG00000248359,ENSG00000248359,6,0.2330564416790523,0.023508231944760944,12689.757829696271
ENSG00000248388,HAFML,6,0.22278276112570483,0.013234894799229815,7695.1791279092095
ENSG00000248406,ENSG00000248406,6,0.20981215059540895,0.004034976946535933,8617.41290003598
ENSG00000249487,LINC01586,6,0.2379107313940447,0.031727418674844673,7234.7756767145265
ENSG00000248431,ENSG00000248431,6,0.23324015876526705,0.030512282344191226,3695.4105730215006
ENSG00000248484,ENSG00000248484,6,0.25999626248904933,0.08787606047826868,8335.6542981735
ENSG00000248545,ENSG00000248545,6,0.22691376351560333,0.012931936641417532,5894.133972291295
ENSG00000248554,C5orf34-AS1,6,0.2284664097786154,0.02065952291030128,8542.071922548237
ENSG00000248585,ENSG00000248585,6,0.22422565090598062,0.01763059500039894,7410.665038358713
ENSG00000248599,SLEAR,6,0.22969083941338997,0.02086201913106953,4363.789045093301
ENSG00000248656,ENSG00000248656,6,0.2231386142783739,0.015321710979626523,3390.38057283894
ENSG00000248659,CARMIL2P1,6,0.25695519198169914,0.09931335523360915,11044.480644584197
ENSG00000248677,LINC02102,6,0.21797611151472543,0.009660535841750674,5242.741875655547
ENSG00000248347,ENSG00000248347,6,0.22516002863673185,0.01372049452643576,6704.409326867658
ENSG00000248685,LINC02484,6,0.22142093848376007,0.023082999186134646,4759.185038908217
ENSG00000248733,ENSG00000248733,6,0.23720534200857712,0.03200484499094261,4679.73705475281
ENSG00000248753,ENSG00000248753,6,0.21901577124330754,0.008635973618697992,5622.889844365038
ENSG00000248758,ENSG00000248758,6,0.2260588736932148,0.017681116530158834,3461.2938724699547
ENSG00000248810,LINC02432,6,0.2038909594348877,0.0021350412595997903,6906.251389052268
ENSG00000248885,SEPTIN7P10,6,0.2446956297442643,0.058507433572678666,12459.361724334312
ENSG00000285629,ENSG00000285629,6,0.20684898876645202,0.0030372674759436766,5552.118124076483
ENSG00000249222,ATP5MGL,6,0.22023098870327298,0.011712115586544471,4265.023957622326
ENSG00000249193,HSPD1P5,6,0.22145331269809435,0.030207690607001896,9000.932973411896
ENSG00000249160,LINC02213,6,0.24137108745775554,0.05002369607571814,7824.925865768045
ENSG00000249150,ENSG00000249150,6,0.22675320846891117,0.017458182743574743,2457.89999829516
ENSG00000249125,ENSG00000249125,6,0.2151606076877268,0.006575476587190411,7344.22719724232
ENSG00000248356,ENSG00000248356,6,0.23231394038934866,0.024260944099792247,5221.540869624178
ENSG00000248343,ENSG00000248343,6,0.23770858995820948,0.026930737611610266,6832.428437770482
ENSG00000245975,MINDY2-DT,6,0.22182759020038206,0.010786472320636427,6422.906640071359
ENSG00000247775,SNCA-AS1,6,0.23557741911711502,0.026812951159232767,8380.030310858549
ENSG00000285840,ENSG00000285840,6,0.22851036501270966,0.017774641925397936,8788.63592989675
ENSG00000250031,PTPN11P2,6,0.2240606213743798,0.013110748782941465,3602.338276333239
ENSG00000285813,ENSG00000285813,6,0.23038201572915049,0.01459538090103963,11110.176751290304
ENSG00000285807,ENSG00000285807,6,0.23142641314763387,0.0217511949549938,4840.989841472491
ENSG00000285805,ENSG00000285805,6,0.2327016413463615,0.022934129428534653,4151.711266370474
ENSG00000246876,LINC02466,6,0.21538275270315074,0.01591205785410492,8013.418402145266
ENSG00000249917,LINC00536,6,0.2128324279081885,0.006919149709584919,4655.279104886514
ENSG00000247627,MTND4P12,6,0.24017982165229787,0.04877976333113841,4716.429593165056
ENSG00000249881,ENSG00000249881,6,0.21204307612944984,0.007076850129682185,8686.925233448172
ENSG00000249875,ENSG00000249875,6,0.21974405946330397,0.0104301601629077,5766.347556449274
ENSG00000247765,ENSG00000247765,6,0.21556910183931127,0.0069201156811899275,6125.340413487052
ENSG00000249849,ENSG00000249849,6,0.21499215649119696,0.0059048825624495455,8593.332353454769
ENSG00000285769,ENSG00000285769,6,0.2313148142299329,0.01887330098796232,5450.252466230477
ENSG00000249609,ENSG00000249609,6,0.22466257119697958,0.014911111869004116,4090.9416211503703
ENSG00000248115,SCFD2-AS1,6,0.22412036890814938,0.013317738686683718,4639.662616917326
ENSG00000249754,NDUFB4P9,6,0.23885300527463246,0.0344613089945867,5912.0753097971965
ENSG00000285752,CDC42-AS1,6,0.21330277523349908,0.005776597446679442,10599.809160790677
ENSG00000248159,HSPA8P11,6,0.2334978364549584,0.023949869565897283,6028.233023073201
ENSG00000249721,ENSG00000249721,6,0.21891364770541138,0.008392863780315488,5376.869287712903
ENSG00000249717,PARM1-AS1,6,0.21574097470077072,0.006077809081075307,5006.368687492642
ENSG00000249690,LRBA-AS1,6,0.23110398702927673,0.025489150418803612,4748.115763396216
ENSG00000248235,ENSG00000248235,6,0.22299148268640526,0.010225763500001725,5742.8448574813065
ENSG00000249650,CEP72-DT,6,0.22258746301972834,0.009135022024121897,4638.9073477208185
ENSG00000248265,ENSG00000248265,6,0.2170777928682314,0.007688936313677355,8323.539171107868
ENSG00000249618,LINC02465,6,0.22893807312889852,0.0262161470552878,5918.59056980264
ENSG00000285724,ENSG00000285724,6,0.2361277807607767,0.02538913892895718,7350.857018054047
ENSG00000251015,SLC25A30-AS1,6,0.23619489803439428,0.03143223741616652,4838.001294055312
ENSG00000286031,ENSG00000286031,6,0.23961893180885263,0.03638186354027089,3435.3523465943936
ENSG00000254031,ENSG00000254031,6,0.2139872398218992,0.0049087614409076465,6111.293667560145
ENSG00000251128,WWC2-AS1,6,0.21509835970650928,0.006637543609904437,7206.709050042534
ENSG00000237232,ZNF295-AS1,6,0.20827569143956154,0.0026155464103797595,7838.485728384628
ENSG00000237276,ANO7L1,6,0.20856548013859105,0.0046757699390927105,6694.064670633768
ENSG00000253598,SLC10A5,6,0.21576229430533125,0.00702638674369032,5010.8830739776195
ENSG00000237278,RLIMP2,6,0.22610730341221694,0.0167741257973904,6362.845390794779
ENSG00000237285,HNRNPA1P2,6,0.21260462398538155,0.007239129121447102,8111.664625710269
ENSG00000253577,ENSG00000253577,6,0.22862986008024827,0.013824948167927273,5949.890512835937
ENSG00000237290,LINC01343,6,0.21568622806189858,0.008944635297907379,5080.742035331795
ENSG00000284646,ENSG00000284646,6,0.23246344082626913,0.0303979816765464,5163.6937351724155
ENSG00000237300,MTCO1P19,6,0.23432324731795318,0.02023425570609948,8864.975591464538
ENSG00000237312,ENSG00000237312,6,0.2183469673520852,0.007818912425919165,3687.152047406487
ENSG00000237324,ENSG00000237324,6,0.21712674899722248,0.009005423757254966,3107.114968974111
ENSG00000253524,ENSG00000253524,6,0.22635261046716376,0.013479711058300026,4853.569169882861
ENSG00000286262,ENSG00000286262,6,0.23663155512039816,0.034776793159473296,4038.8795853034812
ENSG00000253519,ENSG00000253519,6,0.2292454965625651,0.016663081845923997,6603.384823169573
ENSG00000237365,CAMTA1-AS3,6,0.2217033574429412,0.00938241812689331,3859.5019642446937
ENSG00000253513,SQLE-DT,6,0.238819578240321,0.0315090132925061,5421.626155631551
ENSG00000253500,ENSG00000253500,6,0.22487287198764697,0.02309015860352848,2146.5991895580387
ENSG00000237413,MGC27382,6,0.2294492172283677,0.02254521956547839,3793.745334355973
ENSG00000237429,ENSG00000237429,6,0.22615678595119798,0.01761659620327738,5576.030428453788
ENSG00000253471,ENSG00000253471,6,0.20461543118246514,0.00914664997145996,8281.48109091431
ENSG00000237470,DCLRE1CP1,6,0.21292362843881008,0.005097343530835735,12168.900494331729
ENSG00000284669,ENSG00000284669,6,0.21820865312743465,0.009433456415115704,5881.562763111114
ENSG00000253431,SRPK2P,6,0.23794073676342656,0.031194563028936036,10727.34399280961
ENSG00000237522,NONOP2,6,0.2211661560490082,0.009834052468522222,4144.844069156165
ENSG00000237551,RPL21P74,6,0.21928397713278222,0.008726061257573102,5432.914764667554
ENSG00000253404,CTNNA1-AS1,6,0.23082235768507806,0.02537061220688769,3521.0498498249
ENSG00000253361,ENSG00000253361,6,0.22283908699454452,0.012718533439861587,6180.671852561345
ENSG00000237170,RPS7P15,6,0.24086468104818837,0.035593296772374675,5107.342862511414
ENSG00000253653,ENSG00000253653,6,0.22459150584844345,0.012507007358542594,6542.153875617055
ENSG00000284632,ENSG00000284632,6,0.2397536927660767,0.035499441831120734,8545.743395968495
ENSG00000236797,SPA17P1,6,0.20335178400349468,0.002967692489969311,4088.145303259019
ENSG00000236478,ENSG00000236478,6,0.21499531495113164,0.008061105219926657,3938.0162629495367
ENSG00000236495,ENSG00000236495,6,0.22188233683925485,0.009418188631865795,8257.894840502802
ENSG00000236528,ENSG00000236528,6,0.21441231588814205,0.005371571334857229,12275.802810903135
ENSG00000253965,ENSG00000253965,6,0.21066401356036,0.004815135077259603,6808.173231421833
ENSG00000236552,RPL13AP5,6,0.221635187349346,0.0186217632009064,9197.493591162136
ENSG00000253911,ENSG00000253911,6,0.2269879873240745,0.017162245305973902,5433.936742441524
ENSG00000236719,OVAAL,6,0.22480417548406254,0.012282714832575,5808.546988504179
ENSG00000236733,ENSG00000236733,6,0.19494712211663145,0.0016344166133517202,9735.941772445502
ENSG00000286343,ENSG00000286343,6,0.2345803985976556,0.03660824835292132,6446.958564351531
ENSG00000236754,ENSG00000236754,6,0.20220684227708058,0.0019777736880249976,5626.124513858062
ENSG00000253851,ENSG00000253851,6,0.23656970194667243,0.027242307286098024,8029.3566222647005
ENSG00000236776,RPL21P23,6,0.2348228103976614,0.02779317417595546,4616.5366597002485
ENSG00000236819,LINC01563,6,0.22918601223379037,0.017513806536294044,4360.866087404523
ENSG00000286310,ENSG00000286310,6,0.22820557362898916,0.01758126838903728,4942.647881960289
ENSG00000253824,ENSG00000253824,6,0.2269845656591447,0.015659792296579947,5389.368799051558
ENSG00000236854,ENSG00000236854,6,0.21511717886362133,0.005972637879370141,6809.747760144187
ENSG00000236856,ENSG00000236856,6,0.22038838529003102,0.010964846375044768,7488.821658821616
ENSG00000253754,ENSG00000253754,6,0.2280642325469017,0.014171717042774873,5256.174119614286
ENSG00000236991,EDRF1-AS1,6,0.22839560763507416,0.022630642060964216,11723.002035615345
ENSG00000253720,ENSG00000253720,6,0.21798558689453,0.007930973910533243,11482.337918544488
ENSG00000237015,ENSG00000237015,6,0.21337739384946203,0.006667645541885474,5094.590418610736
ENSG00000284626,ENSG00000284626,6,0.22178968868116258,0.012232543085287529,3585.608971079718
ENSG00000286313,ENSG00000286313,6,0.2321752313572066,0.023502309427971203,4274.113428893534
ENSG00000237019,ENSG00000237019,6,0.2275196614131219,0.02615936855015174,6309.9739459610455
ENSG00000286311,ENSG00000286311,6,0.223327595464481,0.011932931504421712,5616.365991621462
ENSG00000237074,LINC02942,6,0.2177621258541335,0.008627125947387435,7232.131359404093
ENSG00000253356,ENSG00000253356,6,0.2177916048135262,0.007959884099781376,6857.734808168326
ENSG00000237669,ENSG00000237669,6,0.21715833359657216,0.006770823264209309,6021.130812039841
ENSG00000253328,SUMO2P19,6,0.233509943884709,0.021979945636910185,4837.1732785458735
ENSG00000286118,ENSG00000286118,6,0.22623706347454403,0.01458452197948248,5886.712884975831
ENSG00000240045,STRIT1,6,0.22774970257838137,0.01827365456129477,6579.029364852566
ENSG00000286154,ENSG00000286154,6,0.23159486434416343,0.019401770394746845,8600.916195195934
ENSG00000240083,RPS3AP22,6,0.23601749786804888,0.030759336976342585,4698.018024300843
ENSG00000251471,ENSG00000251471,6,0.2184667256246183,0.010904490399878832,6152.148422746901
ENSG00000251448,ENSG00000251448,6,0.19594032616367152,0.0015361367920768822,7822.396136329591
ENSG00000240198,ARHGEF3-AS1,6,0.2187836244380898,0.007751300121459656,9617.436831288676
ENSG00000240211,PPP1R35-AS1,6,0.21296508322545593,0.007653976996064338,3712.9060076323944
ENSG00000251417,ENSG00000251417,6,0.215264573660585,0.007389037814186954,11196.914093031575
ENSG00000284917,EEF1AKMT4-ECE2,6,0.2295702915258734,0.03162277545015321,4470.877276264045
ENSG00000240311,ENSG00000240311,6,0.228621963930411,0.016884331409560235,3809.028238641639
ENSG00000240327,RN7SL93P,6,0.22409299558871337,0.011231843420082457,5935.004076321079
ENSG00000240409,MTATP8P1,6,0.22506053714878152,0.014826403219559057,4775.950299942262
ENSG00000286104,ENSG00000286104,6,0.24019166587705376,0.042286425923882556,5381.65320426477
ENSG00000239608,RUVBL1-AS1,6,0.2314114104629428,0.015132090336914945,8692.027679948873
ENSG00000240889,NDUFB2-AS1,6,0.2115910215512629,0.00401599371416859,6212.141216676335
ENSG00000240915,ENSG00000240915,6,0.2277865512776221,0.018546389233420696,3925.5487813656146
ENSG00000241007,SEPTIN7P6,6,0.22813003379554572,0.014052662155857812,4258.409397012011
ENSG00000286093,ENSG00000286093,6,0.21782371582286458,0.01009823253321433,10135.516664630299
ENSG00000251259,ENSG00000251259,6,0.2198359180064117,0.010549739651968532,4428.576669376093
ENSG00000241383,LINC01997,6,0.20324321194323136,0.0030260810198562064,4630.1918225873205
ENSG00000241520,ENSG00000241520,6,0.2174302243559713,0.005787828627125772,6102.327560704848
ENSG00000251210,LINC02270,6,0.22979296295128646,0.014646119177676158,7770.983059240201
ENSG00000241525,ENSG00000241525,6,0.21112291146840614,0.0077721030940101,4398.591356315003
ENSG00000286048,ENSG00000286048,6,0.22570723182045901,0.013129857213360886,6936.438403704042
ENSG00000251161,ENSG00000251161,6,0.22025757240772567,0.015702313505608294,7242.280402738534
ENSG00000286034,ENSG00000286034,6,0.21310010738767446,0.007275955158158419,6549.104996353965
ENSG00000239985,ENSG00000239985,6,0.24275580893422788,0.0532115209630445,3787.2550558151574
ENSG00000239602,RPL35AP16,6,0.2199256709095629,0.013507426886809719,3429.3518872641107
ENSG00000237761,ENSG00000237761,6,0.2516289757114265,0.08525579175834802,8632.709615783739
ENSG00000238168,IFITM3P5,6,0.2344680100649708,0.028158516979768754,6617.955939155885
ENSG00000253317,ENSG00000253317,6,0.22340287209293022,0.017537415507993807,3856.555815193118
ENSG00000253311,LINC01847,6,0.22732594253711166,0.01577215090336343,6706.575291974865
ENSG00000253302,STAU2-AS1,6,0.2187449333038872,0.008807624570982216,8473.153330604644
ENSG00000237787,LINC02877,6,0.216185264731618,0.007422160018653329,4477.655838432296
ENSG00000237880,LINC01885,6,0.20498799785228827,0.003084022690652548,4756.419784084454
ENSG00000284716,ENSG00000284716,6,0.217604992472371,0.00534287770080623,6660.556606026319
ENSG00000253256,ENSG00000253256,6,0.22177889727638508,0.013518456086506423,10383.902221748298
ENSG00000237921,ENSG00000237921,6,0.24333564953728243,0.05340508054305494,7343.745230387716
ENSG00000237971,ENSG00000237971,6,0.23854742427592782,0.03336060086560094,5667.379558592285
ENSG00000238042,ENSG00000238042,6,0.2221289599191762,0.03843834266861258,4776.9541258681
ENSG00000238043,ENSG00000238043,6,0.22344051040715482,0.01436440272538975,3775.0894011715905
ENSG00000284748,ENSG00000284748,6,0.23023146247225232,0.021263463358731832,7099.197914281502
ENSG00000238258,ENSG00000238258,6,0.21308063021807555,0.0066414827993357736,4408.066173918677
ENSG00000251569,ENSG00000251569,6,0.22122300832783742,0.011685473334669046,6225.780605337313
ENSG00000238260,ENSG00000238260,6,0.21618684396158536,0.00663375693300217,5314.949922518581
ENSG00000253111,TRIB1AL,6,0.22811213585591444,0.017371856830757457,4145.760985628193
ENSG00000253108,ENSG00000253108,6,0.2334738848004515,0.0343456437657264,4093.410448214064
ENSG00000238282,ENSG00000238282,6,0.23204204962995023,0.02504936570180096,6366.264179465662
ENSG00000253058,RNA5SP437,6,0.2224513860375317,0.010986828904437891,4302.284596833796
ENSG00000238517,MIR1270,6,0.23072286619712848,0.02755806587838053,8039.877725955855
ENSG00000284820,ENSG00000284820,6,0.20884658307280035,0.008907707619789032,7708.45975391253
ENSG00000251687,ENSG00000251687,6,0.2410618215891274,0.053605784553531606,4361.683786304876
ENSG00000286192,ENSG00000286192,6,0.20704586610239648,0.0043608565637966385,6052.921104129625
ENSG00000239465,RPL21P15,6,0.21881757788239042,0.010215133496411273,3643.6179447288882
ENSG00000251611,FHIP1A-DT,6,0.22222713538215116,0.015053807154465693,4047.5178968600662
ENSG00000239524,RPL32P34,6,0.2444142636050611,0.04978158141123893,5602.437015735844
ENSG00000230499,ENSG00000230499,6,0.2237413537159568,0.016392698945686558,5486.782330710725
ENSG00000231944,PHKA1-AS1,6,0.23161749997369666,0.030399522659137295,5057.50257226392
ENSG00000230444,TFAMP1,6,0.2320207300253896,0.026049499445438704,4516.947477872197
ENSG00000226079,ENSG00000226079,6,0.22112535927484855,0.0116747791517538,5681.42392093039
ENSG00000279785,ENSG00000279785,6,0.2196582546350722,0.007667481220326038,9401.733111219599
ENSG00000259702,ENSG00000259702,6,0.23435720076225333,0.03313489959397749,5317.054302778996
ENSG00000287476,ENSG00000287476,6,0.23094764326249756,0.02146020951057349,5362.4406147391655
ENSG00000287470,ENSG00000287470,6,0.23193176673722216,0.0209068593853538,5025.907840742869
ENSG00000259675,ENSG00000259675,6,0.23483860269733606,0.026700966246758894,3697.1477939574593
ENSG00000225826,LINC00626,6,0.23470489456009067,0.028578754431718992,4764.231655166102
ENSG00000225839,TRMT2B-AS1,6,0.2145054904562225,0.006771595076882616,6965.867236123259
ENSG00000287452,ENSG00000287452,6,0.23049308823686218,0.01868748180846575,9598.433275015728
ENSG00000225934,FAM133FP,6,0.22549245654488323,0.01727556546628718,3062.4135462235586
ENSG00000225938,S1PR1-DT,6,0.224211701041268,0.011357246364207582,6920.955414028748
ENSG00000225945,ZFAND3-DT,6,0.2005640483034228,0.001948261090010067,6864.730641914668
ENSG00000226102,SEPTIN7P3,6,0.2251895075961242,0.017447642988490754,10542.749111446881
ENSG00000259754,ENSG00000259754,6,0.2201654506596234,0.010986336803639033,6307.4781440660245
ENSG00000226132,RPS3AP46,6,0.2351707674004927,0.02236113680766872,5179.141311486064
ENSG00000259575,ENSG00000259575,6,0.21846146152472656,0.008753256407227015,6494.20800704874
ENSG00000279865,ENSG00000279865,6,0.21336712885467407,0.004856528959123246,7199.44914840542
ENSG00000226158,CLCP2,6,0.2354147584304665,0.03008246752621025,6224.858125161563
ENSG00000259544,ENSG00000259544,6,0.21441073665817464,0.006185527771846074,5362.353309988648
ENSG00000226235,LEMD1-AS1,6,0.21249302506768059,0.00679473751757015,4554.806540382051
ENSG00000226249,ENSG00000226249,6,0.23230762346947917,0.020243640808542893,9109.484035779129
ENSG00000226272,ARHGAP26-AS1,6,0.20665698072290734,0.0035027771597130756,6730.954045825617
ENSG00000259504,ENSG00000259504,6,0.22833533369131623,0.01687077267090007,6320.544798647141
ENSG00000257438,ENSG00000257438,6,0.2268900750660913,0.01785138353806244,7062.109797063852
ENSG00000226317,LINC00351,6,0.22152516766161218,0.011673965326582799,3868.9699696859934
ENSG00000225572,DOCK4-AS1,6,0.2123656338503053,0.0068529244767917726,6477.842065328554
ENSG00000259756,ENSG00000259756,6,0.2260667698430521,0.021502097976923356,2232.9847649149465
ENSG00000260115,CDH8-AS1,6,0.23283877114853613,0.023518294998948617,7348.641000975204
ENSG00000225316,TPTE2-AS1,6,0.21531747786449523,0.006154476716452515,6924.554681198995
ENSG00000287563,ENSG00000287563,6,0.22671320130973546,0.01749894622365286,7693.204112626502
ENSG00000224919,ENSG00000224919,6,0.22317941105253392,0.01057879770041759,4901.234348374125
ENSG00000279662,ENSG00000279662,6,0.22707826663721456,0.015039814313563405,11333.388603791269
ENSG00000260081,MRFAP1P1,6,0.21508375182930975,0.008613199356971996,4832.438313280509
ENSG00000260063,ENSG00000260063,6,0.23313066548752284,0.024050901878931243,5474.897152953739
ENSG00000224950,ENSG00000224950,6,0.21325210827204338,0.005317356724459516,8094.429073987217
ENSG00000279667,ENSG00000279667,6,0.2378738826948041,0.029235734862501493,5509.279551734505
ENSG00000224977,RC3H1-DT,6,0.24766537169808298,0.06691661009342761,4322.838977471007
ENSG00000225140,DIP2C-AS2,6,0.2250331638293449,0.015650377030966608,4222.05179874957
ENSG00000259995,ENSG00000259995,6,0.21533208574169382,0.00908139767674259,2670.354969903436
ENSG00000259955,ENSG00000259955,6,0.21459445374439,0.00536900708351694,5819.985268734403
ENSG00000225358,MIPEPP1,6,0.21805586262808221,0.008967188525438003,6300.2533957079095
ENSG00000259763,LINC02157,6,0.215243254056024,0.00512486092557159,8532.365281553384
ENSG00000287525,ENSG00000287525,6,0.24377520187822707,0.059754719232293536,10908.558588452952
ENSG00000279721,ENSG00000279721,6,0.20571418043232914,0.0028110546295127643,4894.743198133417
ENSG00000259849,VENTXP1,6,0.2091674299611903,0.0050893610885887714,9337.828987425723
ENSG00000259847,LINC02126,6,0.24336460208668603,0.04510329482050422,4282.620479740383
ENSG00000225411,ENSG00000225411,6,0.24453481149257741,0.05470347263055129,4712.367536681693
ENSG00000259843,HEATR3-AS1,6,0.22193234578822413,0.008724834295201177,4390.4133844738635
ENSG00000287513,ENSG00000287513,6,0.2316380299632741,0.03151072282431198,3533.9796930756147
ENSG00000259783,LINC02259,6,0.23553767516293403,0.03467739874112745,5781.077975287231
ENSG00000225528,TMA7B,6,0.21469052356741095,0.005806584768512503,7151.843682675151
ENSG00000225542,ZNF385D-AS1,6,0.22562155859472371,0.01523407000130049,4137.953669180857
ENSG00000225555,ENSG00000225555,6,0.2293589379152277,0.019957157775735323,6854.529141240302
ENSG00000259479,SORD2P,6,0.2353542212817135,0.041318712682222064,6413.024907632791
ENSG00000226355,ENSG00000226355,6,0.2289999263026244,0.017543917573564872,5063.095652220822
ENSG00000259447,ENSG00000259447,6,0.22565880210145672,0.016921073841083024,7182.419332299322
ENSG00000287343,ENSG00000287343,6,0.23493677816031347,0.030300853605315054,5355.058498615012
ENSG00000226983,LINC01692,6,0.22647500078964247,0.01344704601934868,4742.664636340046
ENSG00000226994,ENSG00000226994,6,0.21745496562546174,0.016151466988104223,5997.332669060437
ENSG00000280070,ENSG00000280070,6,0.21470710548206903,0.007857250182772463,10363.780512161515
ENSG00000287358,ENSG00000287358,6,0.2312153227419826,0.022997228631218426,5006.61186154853
ENSG00000227012,LINC02527,6,0.23894802227767503,0.050984288800126856,5288.1945038046315
ENSG00000259137,ENSG00000259137,6,0.23370761083563846,0.05629842381706241,5006.44833435329
ENSG00000280073,ENSG00000280073,6,0.21848462356424947,0.007704870819047384,6616.35116972004
ENSG00000287352,ENSG00000287352,6,0.2312095322321018,0.023589375133729357,4627.647577580722
ENSG00000227107,ENSG00000227107,6,0.2533092763968103,0.11531929286992029,4427.939922212796
ENSG00000227166,STSP1,6,0.234010033374406,0.02791693304366565,5878.936799756406
ENSG00000287346,ENSG00000287346,6,0.2332662160597326,0.06114075491792354,5950.723864760758
ENSG00000259083,PNN-AS1,6,0.22793026120466103,0.0160028577635682,4232.323034892317
ENSG00000226438,ENSG00000226438,6,0.20069828285065738,0.0018618301404759302,6901.8891439384915
ENSG00000259076,ENSG00000259076,6,0.23539264921092182,0.02746003921302346,5257.532594170346
ENSG00000227230,ENSG00000227230,6,0.21775080803936678,0.009639119922273271,4401.134523127944
ENSG00000227262,HCG4B,6,0.21599101944561983,0.006255482472475924,6554.615350393875
ENSG00000287321,ENSG00000287321,6,0.218807312887602,0.009686287692055862,3188.858858251395
ENSG00000259020,ENSG00000259020,6,0.2379989050672286,0.04279537602334935,5083.8503895634985
ENSG00000259017,ENSG00000259017,6,0.22057894570610506,0.01147516101163334,4433.751188175753
ENSG00000227365,ENSG00000227365,6,0.22261115146923996,0.017548401530608267,3864.544505921639
ENSG00000259005,ENSG00000259005,6,0.22358000905428113,0.017570314979620742,6001.761741815877
ENSG00000258998,ENSG00000258998,6,0.22237742543405517,0.01308225732995768,6562.133916265571
ENSG00000227417,ENSG00000227417,6,0.23444353200047519,0.02780767742763017,4501.80619667738
ENSG00000258985,ENSG00000258985,6,0.23497467967953253,0.030534122569836352,7156.5302742403455
ENSG00000226928,RPS14P4,6,0.23670051482897775,0.02547511553975368,6895.479908649115
ENSG00000226900,ENSG00000226900,6,0.24586873440509638,0.057996853530285435,6133.411310014243
ENSG00000259219,ENSG00000259219,6,0.19573173620547005,0.00400888694793046,4366.907952982217
ENSG00000259225,LINC02345,6,0.22150542728701872,0.011123663840911987,4156.540290432498
ENSG00000259440,NPM1P43,6,0.22998826105726214,0.02029666026012153,3477.5262028041116
ENSG00000226510,UPK1A-AS1,6,0.22295147552723213,0.04168936020243832,6045.464766715203
ENSG00000287414,ENSG00000287414,6,0.23258267268881241,0.02632134562137787,6424.772348134548
ENSG00000259418,ENSG00000259418,6,0.21317446279864422,0.023840792033499706,10096.341462567663
ENSG00000226576,ENSG00000226576,6,0.22176073613175937,0.01024949522644171,7170.57525467563
ENSG00000259411,HNRNPA1P45,6,0.22986929239971365,0.024460344486847325,4029.202123370635
ENSG00000226578,ENSG00000226578,6,0.2176647400061397,0.00836740863253395,11959.57181466969
ENSG00000279923,ENSG00000279923,6,0.2180874472274315,0.011739437076352036,7357.856410128736
ENSG00000287405,HDAC4-AS2,6,0.23994504279713483,0.044479283241433076,3830.6159359361554
ENSG00000279926,ENSG00000279926,6,0.21761920554207806,0.007272049382656471,4922.898404095639
ENSG00000259362,ENSG00000259362,6,0.24785935377908624,0.04830425601895052,4976.848402480707
ENSG00000287402,ENSG00000287402,6,0.2373348388659091,0.034415534439541436,5536.185814457116
ENSG00000259327,ENSG00000259327,6,0.20943221418573563,0.003959165115148636,5368.368090412226
ENSG00000287385,ENSG00000287385,6,0.2219115525936527,0.009874071384878303,4750.134100661815
ENSG00000226764,ENSG00000226764,6,0.2380386490214095,0.03185893183423807,5566.983265080697
ENSG00000226782,ENSG00000226782,6,0.23823473674236983,0.028920671875323958,4474.142667088275
ENSG00000226840,PAICSP3,6,0.20598422875676634,0.004500310434987213,6218.265166856024
ENSG00000280007,ENSG00000280007,6,0.2259641198951669,0.018205827193414896,7516.487586018519
ENSG00000259256,LINC01895,6,0.234192171230654,0.021080462825651996,7193.058422047054
ENSG00000259250,ENSG00000259250,6,0.2177342261247085,0.0065372341721067605,9913.179200299655
ENSG00000226868,ENSG00000226868,6,0.2382294726424782,0.033334007453545075,4105.663281197253
ENSG00000259234,ANKRD34C-AS1,6,0.21864807386588236,0.007888718051966103,4371.076766148469
ENSG00000226876,SMYD3-AS1,6,0.22220371013763354,0.013270766935097196,3651.9474446980344
ENSG00000260109,ENSG00000260109,6,0.2235103913332154,0.010091973540320999,7040.648711767554
ENSG00000260121,ENSG00000260121,6,0.2324326458419041,0.03370309187994183,6078.992035589128
ENSG00000287307,ENSG00000287307,6,0.25444053146350465,0.09254081601268109,6734.466704115908
ENSG00000279390,ENSG00000279390,6,0.24021903919648968,0.03499669977555892,5635.603605364164
ENSG00000215915,ATAD3C,6,0.22817188338968397,0.022770920715733937,6606.1385308874105
ENSG00000287858,ENSG00000287858,6,0.21419438215263276,0.013171596990297482,7333.459963204917
ENSG00000217334,ENSG00000217334,6,0.22302148805578725,0.010956773748115536,6966.366482859344
ENSG00000218537,MIF-AS1,6,0.2153769621932716,0.027864098376169828,2789.274171201127
ENSG00000218757,ENSG00000218757,6,0.2230936062243014,0.012295257080926165,7255.06181313724
ENSG00000219102,HNRNPA3P12,6,0.2292749755219578,0.016148120016553847,5578.2033858266905
ENSG00000279364,ENSG00000279364,6,0.2275136076982455,0.021300485251654993,6140.461750831396
ENSG00000261029,MPHOSPH6-DT,6,0.21587047155810282,0.006421332687385614,7492.45045937019
ENSG00000220161,LINC02076,6,0.2396020866892002,0.039141999921929786,5494.449787984282
ENSG00000220201,ZGLP1,6,0.24132397376372638,0.04508800056827131,5627.154362964891
ENSG00000220506,ENSG00000220506,6,0.22530347535877643,0.012189839436161618,4895.561412608313
ENSG00000260969,WWOX-AS1,6,0.21927081688305342,0.010916522987208719,7580.364132287909
ENSG00000215840,ENSG00000215840,6,0.2150447974901125,0.0060491485809133876,5899.046866511307
ENSG00000260949,ENSG00000260949,6,0.22828242948740607,0.02479411268187283,3623.454508858996
ENSG00000221479,MIR1251,6,0.22403851215483572,0.013668120346441274,5793.497380883482
ENSG00000287809,ENSG00000287809,6,0.22709642778184003,0.019065471796814875,8044.367219738779
ENSG00000260919,ENSG00000260919,6,0.22045260730870767,0.008741270876122382,4910.962930637139
ENSG00000260914,ENSG00000260914,6,0.22891833275430526,0.022921744508065087,5432.726040079604
ENSG00000279401,ENSG00000279401,6,0.2312274301717331,0.018611451174252853,7493.074764460345
ENSG00000221949,LINC01465,6,0.22656633292276127,0.018714069322993323,8196.540743210788
ENSG00000221986,MYBPHL,6,0.21090747818034392,0.005597132531670046,7104.3875651210465
ENSG00000222020,HDAC4-AS1,6,0.22199998947183053,0.012573857687752755,4025.902925695799
ENSG00000223356,ENSG00000223356,6,0.21784424581244194,0.006798442715468744,8329.357471526006
ENSG00000223392,CLDN10-AS1,6,0.24179326826905811,0.04271910149911533,7557.274752615151
ENSG00000215859,PDZK1P1,6,0.2080095911900431,0.0030629229901512015,6153.520112473044
ENSG00000261159,ENSG00000261159,6,0.23459882294727624,0.024448543815263287,4787.201749373999
ENSG00000224817,LINC03046,6,0.2321389090679552,0.027860760865458512,6395.500727499316
ENSG00000279266,ENSG00000279266,6,0.23322173441564645,0.02287808000291352,5058.378798116648
ENSG00000287912,ENSG00000287912,6,0.2130862891254594,0.004511779773369542,5090.30151532877
ENSG00000214369,CYB5AP2,6,0.24320615267994997,0.04449650485288552,9865.545569333295
ENSG00000214455,RCN1P2,6,0.22878172936211952,0.019565260844507753,8334.978906560402
ENSG00000261359,PYCARD-AS1,6,0.226446837855223,0.013088179552128246,10356.39048875556
ENSG00000214510,SPINK13,6,0.2309381678826924,0.019836107314432565,5327.05499727079
ENSG00000214562,NUTM2D,6,0.2141793794679406,0.005806656644215827,4524.657097896592
ENSG00000214688,C10orf105,6,0.2227214343619682,0.016656519549844647,3775.6432933407345
ENSG00000279255,ENSG00000279255,6,0.21928397713278278,0.009714067943850067,5541.795219140445
ENSG00000214832,UPF3AP2,6,0.2275530884474319,0.015472626587922917,8568.304589841124
ENSG00000214842,RAD51AP2,6,0.20241122095537045,0.0032057496363715795,9438.034805205563
ENSG00000279259,ENSG00000279259,6,0.22053578008699465,0.007441017257121629,6899.205361294271
ENSG00000214999,ENSG00000214999,6,0.21907999326198518,0.01792698919579147,5239.547047379439
ENSG00000215812,ZNF847P,6,0.2174974732320856,0.00742865599232758,8575.532500190955
ENSG00000261253,ENSG00000261253,6,0.23278376130466955,0.023026433946173864,8057.534638789318
ENSG00000261248,ENSG00000261248,6,0.234605666277135,0.027584971994752024,8349.985343415769
ENSG00000261241,LINC02128,6,0.2366302390954253,0.027832781626721308,6668.83754754428
ENSG00000215165,TCEA1P3,6,0.22819425581422284,0.01636876767096859,4354.895015501734
ENSG00000215246,LINC02982,6,0.22953502205660017,0.025307864517992103,3309.7636986699686
ENSG00000215302,WHAMMP4,6,0.21594864344149262,0.007001439654638551,4901.408106386423
ENSG00000215458,AATBC,6,0.22179679521601642,0.013273072679982933,3516.3182188346627
ENSG00000279302,ENSG00000279302,6,0.21794557973535425,0.007393393698413658,8395.324885534981
ENSG00000215481,BCRP3,6,0.24362991272121984,0.06487982890153811,6730.1489715275175
ENSG00000215595,C20orf202,6,0.22173810050222584,0.009193866036877983,5801.831783889423
ENSG00000215720,MFFP1,6,0.23214575239781376,0.025003285571548486,9348.671417297712
ENSG00000223459,TCAF1P1,6,0.220102807870914,0.007993933492089338,4937.77811551138
ENSG00000223475,VOPP1-DT,6,0.2272282934841236,0.01515206924291323,4529.189682400757
ENSG00000223492,ENSG00000223492,6,0.22317046208271812,0.012241263678529516,5945.491778792296
ENSG00000279631,ENSG00000279631,6,0.22702931050822298,0.01869268635512323,4434.914663916911
ENSG00000224280,ENSG00000224280,6,0.2369276607392978,0.032239930098827016,4228.455300590354
ENSG00000260441,ENSG00000260441,6,0.23838581640925738,0.03265208953501874,7509.251064182768
ENSG00000287635,ENSG00000287635,6,0.22431619342411502,0.014331865655932696,6605.605206935232
ENSG00000224404,ENSG00000224404,6,0.22945290209829208,0.01327384516958932,8326.767429386327
ENSG00000287626,DTNBP1-AS1,6,0.24006058978975423,0.04296012042700413,6378.581839358025
ENSG00000260339,HEXA-AS1,6,0.222862249034067,0.016331892690791203,4714.917879210217
ENSG00000260337,ENSG00000260337,6,0.21118173778469404,0.005727616884369973,1902.491110534033
ENSG00000224467,TANK-AS1,6,0.21517574197491451,0.008269876111167121,3160.3698373289517
ENSG00000260314,MRC1,6,0.21463103923863652,0.004673892907633265,7794.729698194258
ENSG00000260306,ENSG00000260306,6,0.23349099312509933,0.030396023297348203,5576.340881293578
ENSG00000224523,ENSG00000224523,6,0.2086319393997222,0.0035041205179454664,5483.274238875627
ENSG00000224525,ENSG00000224525,6,0.23468857585042707,0.026285125387030435,4242.566608338187
ENSG00000260807,CEROX1,6,0.2301509217439116,0.02341368155708812,4777.179420465253
ENSG00000260279,ENSG00000260279,6,0.21859622248195035,0.008787976813458618,5470.355658324734
ENSG00000279641,ENSG00000279641,6,0.23694950675384785,0.037860848456157094,4023.0664046421193
ENSG00000287613,ENSG00000287613,6,0.21585941694833088,0.0066278530164904925,7494.168830122418
ENSG00000224713,ENSG00000224713,6,0.211727361738454,0.005876564513573085,6909.271691143361
ENSG00000260209,LINC03136,6,0.22493735721131855,0.016409900276463708,5069.451655688455
ENSG00000260206,ENSG00000260206,6,0.2378165040059862,0.036881511451240793,4385.459582941337
ENSG00000224714,LINC02671,6,0.22141804322881897,0.012371731663560495,6628.961355159626
ENSG00000287567,ENSG00000287567,6,0.22995878209787,0.022717842432241668,5021.210270685044
ENSG00000260173,ENSG00000260173,6,0.2259578029752968,0.023179048523386498,4954.635115880385
ENSG00000260170,ENSG00000260170,6,0.21960561363615647,0.009151027500328724,5872.1998958884415
ENSG00000260163,ENSG00000260163,6,0.22992403903858544,0.02077486115493431,6998.765240767158
ENSG00000224276,ARHGEF2-AS1,6,0.2231846751524254,0.012904631550020336,3973.9824311464904
ENSG00000287672,ENSG00000287672,6,0.23262978638284215,0.03204545904040757,3828.1422906726475
ENSG00000224215,C10orf67-AS1,6,0.24593321962876802,0.0881703502962866,3606.426633348675
ENSG00000260526,AP1AR-DT,6,0.20794615878634978,0.0032330577512472308,6073.940298555211
ENSG00000223523,ENSG00000223523,6,0.22682085215251774,0.01637868151966102,7652.191616946914
ENSG00000287766,ENSG00000287766,6,0.21982960108654162,0.010355761235358673,4584.142221829958
ENSG00000260790,CDR2-DT,6,0.22664818967607453,0.014334362156387828,4654.878776664591
ENSG00000223635,NUP133-DT,6,0.23535711653665445,0.060958164067799754,3336.851779450147
ENSG00000287763,ENSG00000287763,6,0.2446132465809623,0.06687962078472358,9386.235166778115
ENSG00000223691,ENSG00000223691,6,0.2232973268901045,0.012413209673609439,3743.64181790492
ENSG00000260755,ENSG00000260755,6,0.237488813787737,0.03260788575920208,4006.0994925147456
ENSG00000260706,ENSG00000260706,6,0.21394381099779358,0.00596576171686315,4677.965267864741
ENSG00000260698,ENSG00000260698,6,0.2355113546634766,0.04918637911911229,6540.800370991942
ENSG00000260694,ENSG00000260694,6,0.2275501931924916,0.016414443536170404,6388.01427512921
ENSG00000287729,ENSG00000287729,6,0.228123190465687,0.017708056893271002,5435.0906706968735
ENSG00000260669,ENSG00000260669,6,0.2279847446385391,0.01703415043941385,5539.776540971677
ENSG00000223878,PPIAP53,6,0.22534506174791963,0.014217713137193298,12654.50248170519
ENSG00000223989,CTNNBIP1-AS1,6,0.21393696766793482,0.004964880862515657,8266.683593421032
ENSG00000260625,RUSF1-DT,6,0.2029964572608145,0.0022409207682030385,7058.172074633707
ENSG00000260621,ENSG00000260621,6,0.2290507248665779,0.016530379951749455,7743.580786588139
ENSG00000260616,CYLD-AS2,6,0.1977539401788109,0.0019084690816994988,5835.432786283294
ENSG00000260604,TGILR,6,0.21713885642697323,0.008564123813646433,9803.47314815103
ENSG00000224014,ENSG00000224014,6,0.2268392765021381,0.011890841510930525,5801.08835242919
ENSG00000287710,ENSG00000287710,6,0.21334554604511877,0.0036644154279794703,9726.329247815522
ENSG00000279518,ENSG00000279518,6,0.20738013644550982,0.003938984072546115,5951.042758894489
ENSG00000260558,ENSG00000260558,6,0.20849257235509322,0.005109052329769004,8699.600881016862
ENSG00000224101,ELMO1-AS1,6,0.20887856247964143,0.0044686497294445975,4761.531249418732
ENSG00000258979,LINC02299,6,0.23015223776888413,0.014935208788005982,4798.00547037477
ENSG00000274191,ENSG00000274191,6,0.21934240864157856,0.007843663252666026,4395.175128889003
ENSG00000227492,CHUK-DT,6,0.20649313561378282,0.0047812134450592545,4879.612056810409
ENSG00000228655,ENSG00000228655,6,0.22455070907428423,0.010907573195612265,13054.72262558394
ENSG00000280422,ENSG00000280422,6,0.2178158196730274,0.010106198516753514,6537.774123090618
ENSG00000258698,ENSG00000258698,6,0.2131745944011402,0.004100778353107682,8096.621201785428
ENSG00000257906,LINC02156,6,0.24640409336406724,0.057619382193333415,5404.527770708204
ENSG00000229766,TMX4-AS1,6,0.23130665487510094,0.02708478728342032,4918.759097312722
ENSG00000229728,ENSG00000229728,6,0.21579940620956717,0.006500395875096601,7387.57666283739
ENSG00000229666,MAST4-AS1,6,0.21738679553186588,0.007033307826223755,9937.293751527392
ENSG00000287221,ENSG00000287221,6,0.21662034258765528,0.006836748690741767,4877.265214983218
ENSG00000228539,ENSG00000228539,6,0.21962719644571177,0.009918463594535978,6344.040397965214
ENSG00000229613,LINC01501,6,0.223581851489243,0.01239674561171162,6916.47737573009
ENSG00000228548,ITPKB-AS1,6,0.22763178674081083,0.016847098856946432,10167.99324752218
ENSG00000229582,PBX3-DT,6,0.2375861996357308,0.025764468003954464,5391.458388571442
ENSG00000228577,ENSG00000228577,6,0.2131412989693258,0.005716430868560797,3869.8370273506107
ENSG00000258010,ENSG00000258010,6,0.23440405125128866,0.036911245614883174,7215.501676787419
ENSG00000229543,ENSG00000229543,6,0.2314195698177752,0.018435528914669905,5018.425412709903
ENSG00000229491,ENSG00000229491,6,0.23594406367456164,0.034586580571370595,3176.9036004719783
ENSG00000228594,FNDC10,6,0.21634884663574805,0.015019982513012722,4181.129443824567
ENSG00000258660,ENSG00000258660,6,0.22763494520074587,0.012765999237345137,7536.397880138034
ENSG00000287225,ENSG00000287225,6,0.21852410431343805,0.027408005389058656,4297.1611241180235
ENSG00000287164,ENSG00000287164,6,0.2486960824568482,0.06105722112347383,4975.497081531876
ENSG00000258701,VESTAR,6,0.21518113767730365,0.007520000443420332,7006.873491855339
ENSG00000287245,ENSG00000287245,6,0.24251813482412451,0.04433257659819655,7198.24982547459
ENSG00000257750,LINC02445,6,0.22391559542236794,0.017521505559963242,3867.7024593882115
ENSG00000228212,OFD1P17,6,0.22812161123571917,0.022145550143065025,3164.198283720711
ENSG00000280160,ENSG00000280160,6,0.2327292778707922,0.02746912502466489,5432.742085214573
ENSG00000287252,ENSG00000287252,6,0.22799000873843017,0.017656950488367528,4865.072130586676
ENSG00000258763,ENSG00000258763,6,0.23678105555731813,0.026800631181356907,10425.314360066493
ENSG00000287085,ENSG00000287085,6,0.21956810692442885,0.009831508389944453,11930.23115773631
ENSG00000287104,ENSG00000287104,6,0.2123124664414004,0.006403699885515396,3933.403858933462
ENSG00000228293,IDH3B-DT,6,0.23142641314763382,0.028983825938784655,4458.348115069025
ENSG00000228437,LINC02474,6,0.2371587547245369,0.03560667372911725,5457.70103531653
ENSG00000258758,ENSG00000258758,6,0.23687344051041492,0.03190230831225475,9541.995066373716
ENSG00000228316,MTATP6P19,6,0.23137482496869669,0.015542099167530878,9957.678197422181
ENSG00000228322,GLIS3-AS2,6,0.235975121863922,0.028134232914262536,6620.225328150163
ENSG00000257839,PHLDA1-DT,6,0.23129138898541568,0.021921681989593857,5471.137032804642
ENSG00000257842,NOVA1-DT,6,0.22174862870200876,0.011496606065034574,6018.895393488556
ENSG00000229876,CASC20,6,0.21893865217989672,0.012861220964358298,6589.418072040318
ENSG00000229869,LARP4B-DT,6,0.22443279323671345,0.011308249783968164,5627.307266185488
ENSG00000258651,SEC23A-AS1,6,0.23572218186413327,0.018893462337354856,9508.812530082461
ENSG00000258630,LINC02292,6,0.22532229451588895,0.015278995852061912,4941.611132256237
ENSG00000228175,GEMIN8P4,6,0.22973768990242469,0.024070414251187066,5837.071828978296
ENSG00000287205,ENSG00000287205,6,0.2211972142383684,0.009200265276618729,4822.152056816782
ENSG00000228863,ENSG00000228863,6,0.2091858543108125,0.016490400651945555,3452.666969697095
ENSG00000258430,ENSG00000258430,6,0.2167982691639897,0.0077081478604192994,4803.344522177915
ENSG00000258429,PDF,6,0.23197230030638763,0.025892464562273683,11174.072809893356
ENSG00000280234,ENSG00000280234,6,0.20836228588277728,0.0035043831834190705,5509.3087557594945
ENSG00000258427,RMB8AP1,6,0.2092835033637993,0.00380687742583068,5296.417725766314
ENSG00000287170,ENSG00000287170,6,0.23935467399429697,0.04058973788024369,5652.980376892093
ENSG00000258416,ENSG00000258416,6,0.21284335091546353,0.00637786515548837,4300.723860980367
ENSG00000258256,ENSG00000258256,6,0.22659239021722427,0.013278413411115417,7363.292231116379
ENSG00000258402,ENSG00000258402,6,0.22779497383744876,0.02049761912228028,5854.580828424302
ENSG00000229009,TMPRSS11GP,6,0.21570860048643734,0.007576015231821951,5225.838920296382
ENSG00000258260,ENSG00000258260,6,0.23290404598719122,0.019392931244257033,6172.831222956387
ENSG00000229066,ENSG00000229066,6,0.21752287251406233,0.00712811947246298,4909.473863281691
ENSG00000258272,ENSG00000258272,6,0.22815898634494913,0.015597341389365717,7359.052393026765
ENSG00000229118,ENSG00000229118,6,0.23246923133614947,0.021392111667828114,4207.419256884
ENSG00000229175,LINC00382,6,0.23477201183370794,0.02437583930640838,6045.992047281571
ENSG00000229178,ENSG00000229178,6,0.22121879704792397,0.008820324410536531,6391.091020130097
ENSG00000280303,ERICD,6,0.22033021698622893,0.012605491414176571,8860.085518413203
ENSG00000280310,ENSG00000280310,6,0.22043628859904393,0.00877520106566628,4825.076800189117
ENSG00000229243,LINC01981,6,0.23241316867230427,0.026048992266941965,4947.529787974124
ENSG00000287188,ENSG00000287188,6,0.2173775833570552,0.010262352335341235,3338.3190979276346
ENSG00000228768,MIR365BHG,6,0.21753919122372628,0.007980009708149566,5234.001999062464
ENSG00000258084,ENSG00000258084,6,0.22350762768077212,0.015616550188499315,5202.830845450895
ENSG00000287155,ENSG00000287155,6,0.21156680669176173,0.005375180197805185,20269.087144148267
ENSG00000229390,MICD,6,0.2249863133403099,0.013240536367632725,7941.894301834096
ENSG00000229372,SZT2-AS1,6,0.2509446427255244,0.07282109606315236,4893.4667081516645
ENSG00000228701,TNKS2-DT,6,0.21058373603701397,0.0038426397786004516,5116.306772707155
ENSG00000228718,LINC02521,6,0.21772869881982213,0.00645873016078498,6156.031773065172
ENSG00000280326,ENSG00000280326,6,0.24385205773664334,0.04234959839063427,5208.103979100204
ENSG00000258171,LINC02412,6,0.21903998610280853,0.011742080351943247,3517.8028779736883
ENSG00000280213,UCKL1-AS1,6,0.2135626901656448,0.006842895335609939,7168.584399029062
ENSG00000229269,ENSG00000229269,6,0.23954023351547432,0.04316638481295303,10059.12096486713
ENSG00000258535,ENSG00000258535,6,0.2305357274459841,0.019676807833131096,4554.955868228589
ENSG00000229258,LPGAT1-AS1,6,0.2298032279460748,0.017648285379851383,6270.4208473400695
ENSG00000228826,ENSG00000228826,6,0.2133089605508719,0.005923858160515828,6197.19136357975
ENSG00000229257,ENSG00000229257,6,0.23183016960931568,0.02033530060432696,3641.47813240075
ENSG00000228830,ENSG00000228830,6,0.2216546645189443,0.010047027533130443,9538.248507765813
ENSG00000280211,ENSG00000280211,6,0.21855121442787773,0.00810103826428059,9488.87206532626
ENSG00000258792,ENSG00000258792,6,0.2101531326658846,0.00333858459084954,12713.559176216942
ENSG00000287109,ENSG00000287109,6,0.21377878146619342,0.006117982766658623,8118.491753047344
ENSG00000258311,ENSG00000258311,6,0.22932551088091635,0.019391964878258068,4765.18294004549
ENSG00000228156,ENSG00000228156,6,0.24130765505406257,0.04878414924909323,9223.374336486851
ENSG00000287054,ENSG00000287054,6,0.24088310539780886,0.04077894705187935,6153.005826670704
ENSG00000230148,HOXB-AS1,6,0.2519890401440087,0.09008184040016783,7702.544217883986
ENSG00000230437,ENSG00000230437,6,0.22465941273704454,0.01576538838749112,4347.591770040519
ENSG00000228142,ENSG00000228142,6,0.2367399955781643,0.02525594210819575,6957.518118064582
ENSG00000227790,SPECC1P1,6,0.26232404746109483,0.12959450541150902,9193.477973435229
ENSG00000258856,ENSG00000258856,6,0.2400313740353561,0.040738483417414345,3878.108255884109
ENSG00000257703,ENSG00000257703,6,0.2356174262762911,0.030333849233688006,5319.077478469391
ENSG00000228079,ENSG00000228079,6,0.21544513228686507,0.007127460743906678,5952.517125634735
ENSG00000287265,ENSG00000287265,6,0.23229498962973938,0.030118541395588627,4956.074138389235
ENSG00000257683,LINC02463,6,0.23407372898309398,0.029075369750296183,6862.432438122574
ENSG00000287279,ENSG00000287279,6,0.22926365770719137,0.014983668685716586,6513.550954844206
ENSG00000228048,ENSG00000228048,6,0.2246451996673375,0.013886716477720353,6068.4432470994625
ENSG00000227907,ENSG00000227907,6,0.23880299632566268,0.03400270493289925,4905.937554244734
ENSG00000280580,LINC02342,6,0.24470063063916123,0.057329260218639225,4595.9321072165
ENSG00000257556,LINC02298,6,0.2216791425834404,0.009937286068987286,7655.115664967074
ENSG00000230320,BEND7P1,6,0.22577645473403274,0.018422617413736925,3100.0455750048645
ENSG00000230176,LINC01433,6,0.22318362233244696,0.009858849656119646,5345.682992798698
ENSG00000257599,OVCH1-AS1,6,0.2215212195866935,0.009828157013024405,6611.470143144114
ENSG00000258883,NBEAP4,6,0.22415037427753107,0.014260665095870715,4634.061828117247
ENSG00000230257,NFE4,6,0.22848720297318814,0.0188275486451059,8755.928562644502
ENSG00000227959,EPHA2-AS1,6,0.24303191097353988,0.039302611785676386,6043.250167624852
ENSG00000257622,ENSG00000257622,6,0.21430598107033247,0.006337035255370933,8721.483349553875
ENSG00000230258,ENSG00000230258,6,0.21658954760328913,0.0087570991595578,4230.62984589637
ENSG00000257732,TXNRD1-AS1,6,0.22036693408297248,0.010930403370355,4838.168363420849
ENSG00000230392,LINC03098,6,0.21659112683325676,0.010810581527738186,3552.9166681055776
ENSG00000258940,MIA2-AS1,6,0.23515497510081823,0.025063017828876107,6446.026897012529
ENSG00000258928,ENSG00000258928,6,0.23023962182708416,0.022519367253220048,4918.592927617317
ENSG00000287256,ENSG00000287256,6,0.22221081667248763,0.010865133901989553,11365.605432757475
ENSG00000258918,ENSG00000258918,6,0.2138535316846548,0.021042960404967552,3488.3638801533225
ENSG00000230020,NHS-AS1,6,0.21003626964829175,0.005528838871120168,4251.645865198951
ENSG00000227582,ADGRF5P1,6,0.22516002863673173,0.011517397979617774,4594.120607327855
ENSG00000257456,ENSG00000257456,6,0.24042986639714634,0.04442664453363939,4901.52648756426
ENSG00000280148,ENSG00000280148,6,0.22407509764908315,0.022825352957403736,7020.256494580304
ENSG00000230046,BIRC6-AS1,6,0.2188828527210459,0.006454891111884262,8448.641959875682
ENSG00000229990,ENSG00000229990,6,0.21730599159853028,0.0063714260662449465,6932.672143623671
ENSG00000287284,ENSG00000287284,6,0.2169919880399992,0.01035658455568614,5606.880509337767
ENSG00000290837,LRRC37A5P,5,0.2162479075203272,0.007934782377505237,2654.421853871481
ENSG00000290817,ENSG00000290817,5,0.22426723729512343,0.01593130524561786,3771.578579219703
ENSG00000285980,ENSG00000285980,5,0.21354426581602465,0.0059100869232895726,4732.153248129804
ENSG00000278932,ENSG00000278932,5,0.2117918469621256,0.0045903419982325985,3607.912493009417
ENSG00000279489,ENSG00000279489,5,0.21759735952752787,0.006842421487661726,5046.539717637239
ENSG00000286004,ENSG00000286004,5,0.21401750839627506,0.008062570356732052,5133.052872118032
ENSG00000290848,ENSG00000290848,5,0.2246941557963289,0.012340931926664226,2729.9499685879546
ENSG00000277013,SUNO1,5,0.21417240453558495,0.010734355362097223,3719.7124768579047
ENSG00000291225,ENSG00000291225,5,0.22730936062245294,0.01851713628026971,1592.534106299828
ENSG00000286092,ENSG00000286092,5,0.23259293768360087,0.02388458598188629,2213.5513109284025
ENSG00000285984,ENSG00000285984,5,0.2202430961330235,0.012721225343949009,4442.496451773783
ENSG00000287907,ENSG00000287907,5,0.22633655496249433,0.01695628790390122,2745.77594812709
ENSG00000280344,ENSG00000280344,5,0.22626917448388228,0.017195158351675222,3110.4622358338647
ENSG00000291242,ENSG00000291242,5,0.2021940768348435,0.0029499345605362064,6490.155305080372
ENSG00000285978,ENSG00000285978,5,0.2144720634219112,0.006044985237972018,4135.431848862418
ENSG00000285973,ENSG00000285973,5,0.24004005980017704,0.042152137621061146,3710.7346111391776
ENSG00000276542,ENSG00000276542,5,0.20934456692254141,0.004481967947735876,3312.8102553885574
ENSG00000287941,ENSG00000287941,5,0.2073571060084845,0.0039046715271923286,3077.4957830969965
ENSG00000289428,ENSG00000289428,5,0.21323894802231383,0.007244136264286205,2836.909953727501
ENSG00000276578,ENSG00000276578,5,0.2054966415043115,0.00525832736690643,3786.999936187248
ENSG00000280451,ENSG00000280451,5,0.23970578945706345,0.03395807192694567,3704.0413675230916
ENSG00000285231,OOSP3,5,0.21580861838437673,0.009684512225536061,4978.184184087179
ENSG00000285960,ENSG00000285960,5,0.23192966109726582,0.024196752932667057,3114.51388596566
ENSG00000286901,ENSG00000286901,5,0.23719797226872902,0.03345570734913978,2647.3785562523303
ENSG00000287715,ENSG00000287715,5,0.2366957771390751,0.029442204254667377,5927.438955183666
ENSG00000280375,ENSG00000280375,5,0.21487884674103117,0.006469840667589735,3718.235313164791
ENSG00000279198,ENSG00000279198,5,0.21162471179056846,0.00545802629109572,4336.987775169683
ENSG00000286085,ENSG00000286085,5,0.23442589726583857,0.029805421324682894,4624.093240711811
ENSG00000288568,ZCCHC14-DT,5,0.21354058094610004,0.005874099468355861,3871.725391453838
ENSG00000291246,ENSG00000291246,5,0.19872832506873875,0.0017067268617399936,5148.899876753037
ENSG00000279572,ENSG00000279572,5,0.2338089447585486,0.03190948605320527,1444.5396736096961
ENSG00000285085,ENSG00000285085,5,0.20763820894269347,0.0045462899336849265,4183.5786626089
ENSG00000279571,ENSG00000279571,5,0.23285640588317275,0.025503486183356978,2894.584881465084
ENSG00000286037,ENSG00000286037,5,0.2272332943790202,0.021214697206230825,2333.1091110222246
ENSG00000279561,ENSG00000279561,5,0.229011244117391,0.020754411398490123,1982.7128226147333
ENSG00000285018,ENSG00000285018,5,0.21353558005120366,0.005370317731215039,4424.403205223953
ENSG00000291263,SMG1P7,5,0.21789636040136826,0.013869098999941673,9445.586665315906
ENSG00000287651,ENSG00000287651,5,0.23403793310383128,0.025084987364662432,4078.759067049871
ENSG00000290707,MED15P9,5,0.20841703252164923,0.004092747816423176,2230.3871419340726
ENSG00000285652,ENSG00000285652,5,0.21378430877107923,0.007176072402342243,3224.5008888074667
ENSG00000285632,ENSG00000285632,5,0.212341945400793,0.005881965870693407,3764.9660436934355
ENSG00000285675,ENSG00000285675,5,0.19983733931339281,0.004119494499505413,3091.7297434552333
ENSG00000285117,ENSG00000285117,5,0.2064787909415783,0.003381027220217454,3710.02557077726
ENSG00000287931,ENSG00000287931,5,0.22414353094767187,0.014928347847293015,2776.3840516590017
ENSG00000280623,PCAT14,5,0.2289628143983886,0.02258405412070397,3619.7688789924605
ENSG00000279594,ENSG00000279594,5,0.20620400492723848,0.004102347000431969,2313.656309834293
ENSG00000280383,ENSG00000280383,5,0.20486718675977705,0.0035438568079880863,3359.573218853902
ENSG00000285684,ENSG00000285684,5,0.22897808028807454,0.015632105782780886,6139.12855970322
ENSG00000290767,ENSG00000290767,5,0.21068204310248823,0.005235489666045845,4428.001380405789
ENSG00000276524,LINC03065,5,0.22858669446113786,0.020202356617990448,2519.599766429335
ENSG00000287935,ENSG00000287935,5,0.22532716380828846,0.015404043498814374,2132.2034286269645
ENSG00000287159,ENSG00000287159,5,0.19857724540185034,0.0023075518937449467,2520.644331679
ENSG00000290778,ENSG00000290778,5,0.21512757546090702,0.0060244530682910125,3594.4327747404272
ENSG00000290784,ENSG00000290784,5,0.2235268416453761,0.012408643072840349,3082.658441351214
ENSG00000291293,ENSG00000291293,5,0.21715570154662625,0.0067508400314457186,5289.800421217606
ENSG00000286020,ENSG00000286020,5,0.22556931240330003,0.01576672624677932,2268.768464380618
ENSG00000286913,ENSG00000286913,5,0.21988408452041996,0.007599203298386115,4769.022051057894
ENSG00000287630,ENSG00000287630,5,0.2106866491898936,0.007230432333962777,4149.3404060067
ENSG00000284999,ENSG00000284999,5,0.2321768105871739,0.019255425382357718,4198.279071247827
ENSG00000287688,ENSG00000287688,5,0.23065048482361938,0.030919037201861423,2211.353295156763
ENSG00000287063,ENSG00000287063,5,0.21348372866727136,0.0075481710834010155,2575.1172076225716
ENSG00000285572,ENSG00000285572,5,0.20686267542617012,0.0031699422477530327,3633.5119726725648
ENSG00000279467,ENSG00000279467,5,0.22681795689757667,0.018154335998003757,2545.9967527320996
ENSG00000290885,ENSG00000290885,5,0.21245328111349973,0.004580306905424475,4258.660166350895
ENSG00000285557,ENSG00000285557,5,0.2177242243349141,0.01067493858123349,3724.8579788613947
ENSG00000285549,ENSG00000285549,5,0.2364967941631743,0.032843850353765795,2430.917949791339
ENSG00000285826,ENSG00000285826,5,0.21167235189458686,0.007911377440249698,2144.707603588203
ENSG00000285593,ENSG00000285593,5,0.21633502837353294,0.0059794516156243035,6679.518030659058
ENSG00000285836,ENSG00000285836,5,0.21853831738314317,0.009660324279839708,2713.8615161047146
ENSG00000280424,ENSG00000280424,5,0.2255416758788693,0.01632013762847764,1885.184885603803
ENSG00000289296,ENSG00000289296,5,0.22105429392631243,0.012457492895551666,3848.475847989325
ENSG00000287106,ENSG00000287106,5,0.23149853131614895,0.037569604183306474,5703.384509855689
ENSG00000289318,ENSG00000289318,5,0.218339992419729,0.009264698302584452,2702.0015300869395
ENSG00000287820,ENSG00000287820,5,0.24424265394859646,0.04010836416714536,8505.61537055955
ENSG00000279328,ENSG00000279328,5,0.21798216522960034,0.011076259357260221,2838.993882878975
ENSG00000287814,ENSG00000287814,5,0.20980122758813372,0.004285697734887557,4663.905633823101
ENSG00000285532,LINC02788,5,0.20806038975399652,0.0033287206298086873,4171.767455831467
ENSG00000290994,ENSG00000290994,5,0.21852620995339261,0.011036075138949518,2083.514063055371
ENSG00000285852,ENSG00000285852,5,0.21223521577549187,0.007289628223575557,3155.579198688746
ENSG00000291146,RP9P,5,0.20470005158822027,0.0027989117242846213,4686.595109062124
ENSG00000289340,ENSG00000289340,5,0.2133068549109151,0.008073717537871119,5285.212705939769
ENSG00000289202,ENSG00000289202,5,0.2098907172862902,0.004937332689712997,6584.0299000718005
ENSG00000279378,ENSG00000279378,5,0.21730967646845448,0.0067807160234195805,4670.347783826787
ENSG00000285592,ENSG00000285592,5,0.2169343461461861,0.007990533803285155,2790.2100787275504
ENSG00000289210,ENSG00000289210,5,0.216806165313827,0.006175747770393856,4259.1045179602015
ENSG00000279048,ENSG00000279048,5,0.22073739511284077,0.010624684664732499,2166.9226761089626
ENSG00000279344,ENSG00000279344,5,0.20638640598848138,0.0029746870551631693,4080.114497590784
ENSG00000291058,ENSG00000291058,5,0.23534474590190876,0.03432641397309985,2624.5994448563456
ENSG00000291056,SEPTIN7P9,5,0.21811218849692204,0.007610151648803715,4002.1762632034443
ENSG00000291090,ENSG00000291090,5,0.23055020372068563,0.014834635982214652,4414.129349541381
ENSG00000285565,ENSG00000285565,5,0.2156983354916492,0.006092946002284598,3351.556895550257
ENSG00000287853,ENSG00000287853,5,0.22561247802241047,0.018024198785688596,1792.916015811497
ENSG00000274525,ENSG00000274525,5,0.20732104692422731,0.0038065900920667365,5653.6362690726655
ENSG00000285790,ENSG00000285790,5,0.22691297390061949,0.019579415602204595,2520.3891571112354
ENSG00000286960,ENSG00000286960,5,0.21440573576327757,0.005772316430331524,3245.1276799361185
ENSG00000288002,ENSG00000288002,5,0.2142149121422087,0.006087220727300637,5511.981944530043
ENSG00000291048,ENSG00000291048,5,0.21396381457738148,0.005407441337683924,4149.80846938758
ENSG00000277182,ENSG00000277182,5,0.223877957108143,0.015964886514834953,2497.098255248188
ENSG00000289313,LINC01512,5,0.21591811166212208,0.017514184329654854,2792.9662511472384
ENSG00000285783,ENSG00000285783,5,0.21234655148819806,0.005647384040588829,3941.231165891477
ENSG00000288045,ENSG00000288045,5,0.21041818009542437,0.004477098677688991,5390.005964671629
ENSG00000277125,PMS2P14,5,0.22755335165242663,0.013591519678551496,4351.506327307485
ENSG00000279022,ENSG00000279022,5,0.20430195403392104,0.003500347141845409,2312.0294444187307
ENSG00000290956,FAM21EP,5,0.2260988808523905,0.016471781345670608,2158.461399506721
ENSG00000287743,ENSG00000287743,5,0.2419188170514715,0.03392654743723049,4370.3919116518555
ENSG00000286943,ENSG00000286943,5,0.22717538928021289,0.017657906138922104,2048.414028940987
ENSG00000276627,ENSG00000276627,5,0.2273562111114878,0.018349412524865626,3139.058539570656
ENSG00000287879,ENSG00000287879,5,0.2351712938104821,0.03200212600082762,2105.7309275018656
ENSG00000276997,ENSG00000276997,5,0.21310708232003073,0.006616879664926418,2656.306121242237
ENSG00000291199,ENSG00000291199,5,0.2185693755725035,0.00913085289622421,4079.6520895623275
ENSG00000287886,ENSG00000287886,5,0.22723882168390627,0.01851950420078601,2327.876223959842
ENSG00000287750,LINC03026,5,0.23299379889034233,0.02627292977204457,2632.6502064495658
ENSG00000285703,ENSG00000285703,5,0.21046253013701044,0.0043854449432883585,3472.6046531302723
ENSG00000274340,ENSG00000274340,5,0.2338218418032832,0.032396692697783426,2251.6992494978663
ENSG00000278999,ENSG00000278999,5,0.21774738637443708,0.008346463768790235,2860.630617088347
ENSG00000287839,ENSG00000287839,5,0.21317972689853376,0.0069287153357053596,5642.422087081738
ENSG00000291206,GTF2IRD1P1,5,0.22348078077132508,0.013251293314089552,3224.4390329204925
ENSG00000287142,ENSG00000287142,5,0.21502610993549742,0.010052260752383179,5592.2533975518845
ENSG00000289373,ENSG00000289373,5,0.22338155248836972,0.013346341901310153,4225.021111822539
ENSG00000278981,ENSG00000278981,5,0.20801209163749093,0.005256927746619563,3697.2768731436913
ENSG00000286940,MICB-DT,5,0.21594101049664968,0.014903607904281333,8558.462304670717
ENSG00000288080,ENSG00000288080,5,0.21419464535762578,0.006641881813192975,2748.087969822568
ENSG00000291166,ENSG00000291166,5,0.224833128033466,0.016366367803531612,3247.1229477140832
ENSG00000285520,ENSG00000285520,5,0.20212630154873976,0.0025402573235033294,3067.974889028691
ENSG00000287130,ENSG00000287130,5,0.20201944032094263,0.006690127321910985,2925.7042482207794
ENSG00000285519,ENSG00000285519,5,0.21261620500514306,0.0068074946783622655,3654.736342279327
ENSG00000286965,ENSG00000286965,5,0.20687965214832,0.0031164602196996393,5813.023325347356
ENSG00000287064,ENSG00000287064,5,0.21967246770477888,0.010448588740317124,5739.166749397661
ENSG00000289342,ENSG00000289342,5,0.22555194087365782,0.0165369926293205,2726.200296466932
ENSG00000277283,RAB35-AS1,5,0.2160944590084887,0.0069304614058964134,2893.494460681435
ENSG00000279085,ENSG00000279085,5,0.2341192634471555,0.029447971118711145,2071.032062457809
ENSG00000285600,ENSG00000285600,5,0.236666561384677,0.027498783880274394,3837.9711864429037
ENSG00000290911,ENSG00000290911,5,0.2138072076056077,0.00538546701309341,5171.307528569098
ENSG00000280401,ENSG00000280401,5,0.21128333491260157,0.004633861313773184,5263.139352441262
ENSG00000288065,ENSG00000288065,5,0.21940820989022292,0.010043453798532255,2395.5369464978467
ENSG00000280443,ENSG00000280443,5,0.22475311371511433,0.013331596276962124,2938.395609993749
ENSG00000288071,ENSG00000288071,5,0.220447343208816,0.011260035555383553,2514.1252162679198
ENSG00000287132,ENSG00000287132,5,0.22161702620471974,0.011712361056864639,2932.1583117611376
ENSG00000279269,ENSG00000279269,5,0.22979164692631324,0.02282364455012363,2182.0614120545547
ENSG00000274341,ENSG00000274341,5,0.213131297179532,0.005079608119783517,4321.433318156521
ENSG00000287782,ENSG00000287782,5,0.2319341355821733,0.028851857603361092,1901.5026802068526
ENSG00000287735,ENSG00000287735,5,0.22488497941739752,0.020508602879851148,1954.4876497359105
ENSG00000289474,ENSG00000289474,5,0.21862201657141908,0.008945959777417398,3560.8940419858473
ENSG00000284987,ENSG00000284987,5,0.196881284019288,0.0041335391742273325,4162.9464774439875
ENSG00000276116,FUT8-AS1,5,0.22127012202186574,0.013316417984784123,2776.7677652682337
ENSG00000275613,ENSG00000275613,5,0.2106326921660048,0.006606456079426868,4238.787149005335
ENSG00000284196,ENSG00000284196,5,0.21645004895616296,0.00848188783275776,2104.604564904454
ENSG00000289952,ENSG00000289952,5,0.21256988092609733,0.0054638622203790335,5205.670796030428
ENSG00000286401,ENSG00000286401,5,0.20315424865506362,0.0032493905561401352,8389.125578083544
ENSG00000286402,ENSG00000286402,5,0.21938610067067807,0.009595471281295502,3451.2177151875258
ENSG00000283973,ENSG00000283973,5,0.22296121411202907,0.014105323015572045,4795.196974559091
ENSG00000286409,ENSG00000286409,5,0.22137987850460522,0.012876256470858698,3434.4851296926845
ENSG00000278177,ENSG00000278177,5,0.21253619068679153,0.006226289810777467,5074.13777784591
ENSG00000289552,ENSG00000289552,5,0.20939536548649468,0.004763716740997123,2553.429851276701
ENSG00000287391,ENSG00000287391,5,0.22912994956994498,0.01884592798422401,4261.043405855924
ENSG00000276136,ENSG00000276136,5,0.20823700030535827,0.0077926363984280305,6393.1897096592675
ENSG00000278013,ENSG00000278013,5,0.22578777254879942,0.015665720612204347,3770.951355822004
ENSG00000289938,ENSG00000289938,5,0.23110267100430354,0.02692432706670659,2785.5675658035825
ENSG00000289019,ENSG00000289019,5,0.21789951886130282,0.009267752486935565,4002.1014531796122
ENSG00000287373,ENSG00000287373,5,0.22417959003192958,0.0116753980815536,3249.6620791850037
ENSG00000283228,ENSG00000283228,5,0.25102860511879443,0.07926136591901789,1881.266764865466
ENSG00000275759,ENSG00000275759,5,0.23393238790100573,0.022598023849348132,3209.2487508936256
ENSG00000289929,ENSG00000289929,5,0.22331153995981143,0.01395093179161412,4043.8679621589818
ENSG00000280011,ENSG00000280011,5,0.2370376804270311,0.03869429279584145,1914.7645360844374
ENSG00000288926,ENSG00000288926,5,0.21442231767793593,0.006440507283676413,4074.9819622908653
ENSG00000286443,ENSG00000286443,5,0.21131412989696677,0.005795328060120474,5168.400313357753
ENSG00000279900,ENSG00000279900,5,0.22160044429006123,0.010476173532577977,3012.860418308241
ENSG00000284308,C2orf81,5,0.21715017424174002,0.008263919708225997,2975.7153297711816
ENSG00000289975,ENSG00000289975,5,0.2142307044418835,0.00519969288145425,3185.2796029792703
ENSG00000289537,ENSG00000289537,5,0.2080957908257671,0.0038958609387731635,4385.42256550188
ENSG00000288871,ENSG00000288871,5,0.2190344587979223,0.010103213106895473,3132.9892898984053
ENSG00000286353,ENSG00000286353,5,0.19756324816023974,0.0013499657043348212,4252.604553208684
ENSG00000283183,ENSG00000283183,5,0.19970336797115248,0.002082618878319637,3386.6503143069476
ENSG00000286355,ENSG00000286355,5,0.20008935809570255,0.007831850701918747,1834.320909379352
ENSG00000287236,ENSG00000287236,5,0.23698819788805064,0.03088520482052201,2198.007576516662
ENSG00000289532,ENSG00000289532,5,0.21540170346276002,0.006034116581623325,5915.529080791273
ENSG00000275506,H3P25,5,0.22917653685398562,0.019671828496283624,2486.163546697208
ENSG00000275532,ENSG00000275532,5,0.21968378551954573,0.010072759066462506,5305.582001083969
ENSG00000286771,ENSG00000286771,5,0.21198951391305365,0.004353083018374595,8392.717213713147
ENSG00000284431,ENSG00000284431,5,0.2288825368750428,0.014931671582619684,4081.1866266595557
ENSG00000280163,ENSG00000280163,5,0.21406080561788324,0.00800686884253274,3546.687276829428
ENSG00000289993,ENSG00000289993,5,0.22684427739703478,0.01847093166325907,2286.400868244015
ENSG00000283213,ENSG00000283213,5,0.21668430140133726,0.010594747348642283,1450.6725549072194
ENSG00000284393,ENSG00000284393,5,0.21514626301552214,0.006311592949651709,3275.8064704085095
ENSG00000279887,ENSG00000279887,5,0.22727382794818526,0.01649869076079378,6296.840535284657
ENSG00000275558,RN7SKP175,5,0.23460092858723253,0.02958480842957707,3022.8549330479414
ENSG00000288907,ENSG00000288907,5,0.22033837634106107,0.009366864832508173,4514.676421857442
ENSG00000286745,ENSG00000286745,5,0.2207647684322768,0.012444742652033243,3474.447042113123
ENSG00000276166,ENSG00000276166,5,0.21978485623746374,0.011187539066086789,2475.653614029819
ENSG00000275582,ENSG00000275582,5,0.2202004569239015,0.01162552446246219,1627.830037282626
ENSG00000286445,ENSG00000286445,5,0.21547750650119848,0.005939028693182035,3576.7814821211973
ENSG00000288934,ENSG00000288934,5,0.2330164345198759,0.024856436545520635,2541.2533064839304
ENSG00000289436,ENSG00000289436,5,0.22827874461748163,0.020326683651590495,3622.1191213990323
ENSG00000289561,ENSG00000289561,5,0.22067962161653076,0.011232183503081432,6234.760210704449
ENSG00000287276,CNTNAP3P7,5,0.2095611846330784,0.006407198320400009,8568.041969666456
ENSG00000289609,ENSG00000289609,5,0.21105224092736205,0.004893243666244195,3012.7157619128902
ENSG00000277941,ENSG00000277941,5,0.21343674657573916,0.0074726417506335505,3145.107291271197
ENSG00000289843,BMS1P14,5,0.2382368423823264,0.028377339888628766,3066.127768972713
ENSG00000289835,ENSG00000289835,5,0.23065759135847363,0.033438024095227656,5158.690668153909
ENSG00000287326,ENSG00000287326,5,0.22568722824087095,0.018405110422923823,1882.4864225445467
ENSG00000280099,ENSG00000280099,5,0.21074810755612713,0.005935798295714244,3492.0659728462506
ENSG00000289629,ENSG00000289629,5,0.2225232410010513,0.01134003841409862,3771.0847564768296
ENSG00000283611,TMEM274P,5,0.20994888559009184,0.0047823394994004845,3219.00333177714
ENSG00000286559,ENSG00000286559,5,0.22654790857314108,0.024280295258318298,4718.7636120244615
ENSG00000289791,ENSG00000289791,5,0.21234957834563584,0.005435437058091649,3860.3613032612175
ENSG00000283597,FAM169BP,5,0.21688881168212404,0.008913581230913051,2774.9416548903373
ENSG00000288956,ENSG00000288956,5,0.21662165861262758,0.007309513430649797,2264.415522531512
ENSG00000289631,ENSG00000289631,5,0.23401213901436316,0.024165098233862845,7653.911627148224
ENSG00000289744,ENSG00000289744,5,0.20524514913199157,0.002704594436283959,3830.787671173246
ENSG00000288957,ENSG00000288957,5,0.20881907815086673,0.0051296739492620955,2719.0661693604343
ENSG00000289738,ENSG00000289738,5,0.21185475295582945,0.00663567630098174,2290.7762402046205
ENSG00000288963,ENSG00000288963,5,0.2092950843835606,0.004371140844558599,2411.803410230999
ENSG00000286637,ENSG00000286637,5,0.21436046450421017,0.006250721587641531,4710.714966074302
ENSG00000286591,ENSG00000286591,5,0.21671509638570297,0.009288351378870064,2556.055948646936
ENSG00000287310,ENSG00000287310,5,0.23434404051252453,0.02421862067612168,3140.2380467561898
ENSG00000289000,ENSG00000289000,5,0.21462143225633384,0.00770058659220608,3661.7711771220843
ENSG00000286671,ENSG00000286671,5,0.21944874345938759,0.011946503959211032,9479.338039758262
ENSG00000289003,ENSG00000289003,5,0.2104931935188788,0.0045583784439896914,3375.3696154910676
ENSG00000288937,ENSG00000288937,5,0.24591005758924514,0.041688626195783264,8497.630186270917
ENSG00000289895,ENSG00000289895,5,0.23704031247697735,0.0395869767143713,2402.7602512608537
ENSG00000289890,ENSG00000289890,5,0.21690670962175557,0.009066557876333162,5142.847107805665
ENSG00000287367,ENSG00000287367,5,0.2171671509638901,0.00612049107752024,2786.0344985403467
ENSG00000286476,ENSG00000286476,5,0.21095880315428722,0.0034827565771034137,4865.330314369544
ENSG00000277957,SENP3-EIF4A1,5,0.22607150753295466,0.030081277061661395,2271.134984995667
ENSG00000287271,ENSG00000287271,5,0.2215793878904949,0.014724070109821174,2358.4301477796316
ENSG00000275846,ENSG00000275846,5,0.22110088121035248,0.009799458790013421,2692.0452205353436
ENSG00000289009,ENSG00000289009,5,0.23052204078626565,0.01652847241394293,3144.1087783875855
ENSG00000280057,ENSG00000280057,5,0.218653337965774,0.006325297731792482,3353.39357816001
ENSG00000288940,ENSG00000288940,5,0.2055221723887845,0.00375917449298985,12176.71217625794
ENSG00000280078,ENSG00000280078,5,0.21401461314133507,0.006173558777280279,4944.948098834048
ENSG00000283342,NBPF13P,5,0.2139019614036557,0.007056462036723439,2319.0479677068483
ENSG00000289008,ENSG00000289008,5,0.22609098470255315,0.024934202196008257,2843.6929444492507
ENSG00000286682,ENSG00000286682,5,0.22187312466444398,0.011328941828336466,3043.5379392785303
ENSG00000289005,ENSG00000289005,5,0.22055578366658185,0.014344318312981523,2392.6404083280754
ENSG00000286491,ENSG00000286491,5,0.21074613351866803,0.00477584768262446,4006.1343081007512
ENSG00000286677,ENSG00000286677,5,0.2047741437941939,0.003214514152335553,3967.769840257726
ENSG00000286500,ENSG00000286500,5,0.21529247339000976,0.009665559510509798,3607.706003738727
ENSG00000277795,ENSG00000277795,5,0.21120674225917926,0.00507087839091146,4461.858399962908
ENSG00000283392,ENSG00000283392,5,0.24564290451974896,0.06216160311405032,3470.122859378813
ENSG00000284484,CPHXL2,5,0.20332717433650144,0.002674387309877119,3608.945510171437
ENSG00000287229,ENSG00000287229,5,0.22472653001066212,0.019250401070953802,2710.829678539296
ENSG00000290043,ENSG00000290043,5,0.2382607940368326,0.03468747009311835,2796.734796249144
ENSG00000279875,ENSG00000279875,5,0.22653053704349838,0.018959009686848195,1947.1073206600784
ENSG00000284797,CIST1,5,0.222669319773042,0.01040266412530207,3831.7733841280337
ENSG00000284791,SMIM41,5,0.21394433740778293,0.0064121772451663514,4151.7753893613
ENSG00000279699,ENSG00000279699,5,0.22317283092766937,0.013779648461904059,2720.6823810887777
ENSG00000287551,ENSG00000287551,5,0.2058334122948728,0.004580471330754495,5514.400056020141
ENSG00000287550,ENSG00000287550,5,0.21390577787607679,0.008101609408490544,2238.927268035872
ENSG00000282943,PSG11-AS1,5,0.20512973374186866,0.003833346099986661,2748.1100276589677
ENSG00000288728,ENSG00000288728,5,0.21184475116603574,0.004484443095373229,4886.85088323281
ENSG00000278817,ENSG00000278817,5,0.2112888622174878,0.003601910287618048,3925.4218638258467
ENSG00000275185,ENSG00000275185,5,0.20235226303658477,0.0024044957012134176,5915.206574051492
ENSG00000280189,ENSG00000280189,5,0.22655606792797228,0.020367076005228024,2619.1475678725033
ENSG00000288739,ENSG00000288739,5,0.22437383531792757,0.01269068722467175,2449.8683280029036
ENSG00000287532,ENSG00000287532,5,0.21385313687716137,0.006397899710862851,3088.624011629574
ENSG00000288743,ENSG00000288743,5,0.20600449554134861,0.0037335139240420386,4754.573464846344
ENSG00000289073,ENSG00000289073,5,0.24241943295115775,0.044021291962711595,5234.265029340476
ENSG00000287520,ENSG00000287520,5,0.22358843161410763,0.01216287657078577,4836.308368250656
ENSG00000284693,LINC02606,5,0.21264963203945444,0.007128425688078169,3751.3912740960586
ENSG00000286234,ENSG00000286234,5,0.2175936746576035,0.008928305427646497,4662.179511168191
ENSG00000277544,ENSG00000277544,5,0.2133881852542402,0.010059946322079969,4299.076932721892
ENSG00000290399,ENSG00000290399,5,0.19465930745506121,0.0011794051946603882,4542.289139751713
ENSG00000284678,LINC02811,5,0.24479354200224726,0.044269142171576764,4305.914420471685
ENSG00000290396,ENSG00000290396,5,0.23149405683124102,0.04809704459397784,2587.2881602153248
ENSG00000286193,CPLANE1-AS1,5,0.2111787109272564,0.005862837060616327,3086.566159404818
ENSG00000282872,C1orf232,5,0.2105803143720839,0.004363595287095098,3475.7183177145507
ENSG00000280207,ENSG00000280207,5,0.22367923733723705,0.019675812401540108,3070.566934204965
ENSG00000286156,BMS1P23,5,0.22252113536109455,0.013839971467918143,1889.4260833929038
ENSG00000286133,ENSG00000286133,5,0.2191589547603574,0.009768424497552998,4422.545716256213
ENSG00000279636,LINC00216,5,0.2095361801585938,0.005077046514296808,2384.3112486135656
ENSG00000289128,ENSG00000289128,5,0.2425089226493143,0.036438567198529836,5068.350488496028
ENSG00000286153,RUNX1-AS1,5,0.22358685238413986,0.011700415268923264,3042.4579642203375
ENSG00000287601,ENSG00000287601,5,0.23277639156482116,0.02532481829466767,1838.493221683951
ENSG00000287598,ENSG00000287598,5,0.21305299369364533,0.016443150798617637,2565.86334027545
ENSG00000290613,LPAL2,5,0.20822291883814867,0.014562174048288874,3784.0681929929806
ENSG00000276490,ENSG00000276490,5,0.2263083920280742,0.016654130705742926,3055.402915633207
ENSG00000290612,ENSG00000290612,5,0.20540780981864,0.0029778519276382367,3339.883782038934
ENSG00000290606,ENSG00000290606,5,0.22255943168780554,0.01753110850557836,3120.303561166273
ENSG00000282757,DUXB,5,0.21976537906786459,0.01090655730852485,2482.4822675517785
ENSG00000289119,ENSG00000289119,5,0.21160602423595384,0.007113484038276621,7893.831641144169
ENSG00000288675,PANO1,5,0.21086536538121173,0.0053792099010357185,8822.620491199319
ENSG00000286171,ENSG00000286171,5,0.23155775243992774,0.024709439687614417,3005.2075786622245
ENSG00000290574,ENSG00000290574,5,0.22294779065730488,0.016621367907910637,1863.4841946642632
ENSG00000289112,ENSG00000289112,5,0.21324434372470302,0.0051551295575100785,4450.311781389741
ENSG00000286626,ENSG00000286626,5,0.20545834517759956,0.003005203969800507,6817.576022606956
ENSG00000287553,ENSG00000287553,5,0.22308702609943662,0.014825503755576635,1865.9411700863964
ENSG00000284803,ENSG00000284803,5,0.2114213859322573,0.006020775832137898,4678.279231998613
ENSG00000275106,ENSG00000275106,5,0.2175663013381674,0.010107162462601793,3211.1613031018915
ENSG00000288764,ENSG00000288764,5,0.2158757356579942,0.008175027086157234,3436.753561667287
ENSG00000284677,ZFP69B-DT,5,0.21199925249785295,0.005363496955838292,9053.22475456776
ENSG00000282998,ENSG00000282998,5,0.21222060789829275,0.00522794247336567,5745.4166002731845
ENSG00000275488,ENSG00000275488,5,0.22384610930379922,0.01238155946231638,6322.362386764576
ENSG00000288820,ENSG00000288820,5,0.2294858027226139,0.016408733589720736,3490.442269551475
ENSG00000290117,ENSG00000290117,5,0.20655841045243792,0.003399785009306854,4699.027610838194
ENSG00000286807,ENSG00000286807,5,0.20554309718585362,0.00243709787118601,5988.151074331403
ENSG00000278601,ENSG00000278601,5,0.20475703546954596,0.003208280027505914,3514.652336968965
ENSG00000287469,ENSG00000287469,5,0.21796532010994743,0.00968644769519526,3393.720958815617
ENSG00000278527,SNORD22,5,0.2144816704042134,0.013960724650334265,4001.5004870498665
ENSG00000287459,ENSG00000287459,5,0.23029384205596695,0.020441229071255555,1895.8980141019706
ENSG00000286320,ENSG00000286320,5,0.2205836833960072,0.010854038019324642,2367.4625478344983
ENSG00000290091,ENSG00000290091,5,0.22297516397674116,0.012415583019807585,2976.781968393098
ENSG00000277692,ENSG00000277692,5,0.22451728203997243,0.014276825790527149,4427.337465780395
ENSG00000286307,ENSG00000286307,5,0.2163610856679958,0.0075296414592655,3677.1420063168553
ENSG00000290082,ENSG00000290082,5,0.22868671235907673,0.018688463513922064,2916.531253253644
ENSG00000283108,ENSG00000283108,5,0.21889443374080728,0.008791567302707854,5097.678568203418
ENSG00000289519,ENSG00000289519,5,0.23520708968974458,0.0231336581080229,3667.9112115523008
ENSG00000277715,ENSG00000277715,5,0.2209505911584483,0.015126156265729789,2059.6847123052494
ENSG00000276272,ENSG00000276272,5,0.22982323152566222,0.021497723188656913,1823.0592437860294
ENSG00000276255,LINC02809,5,0.21875783034862106,0.008941969520383215,3173.46630662146
ENSG00000284516,VAMP9P,5,0.21062900729608064,0.0064524255224008824,8310.005862333297
ENSG00000289522,ENSG00000289522,5,0.21780371224327655,0.009825239989052312,5161.6919860301505
ENSG00000286780,ENSG00000286780,5,0.2209476959035086,0.010397293828923616,3561.6176092419037
ENSG00000290119,ENSG00000290119,5,0.21461340450399935,0.007428504269966061,3002.746201718078
ENSG00000287494,ENSG00000287494,5,0.20834346672566462,0.0037006055400714186,2832.9142278269537
ENSG00000288766,ENSG00000288766,5,0.21326750576422562,0.0066773146639695245,2384.561331872743
ENSG00000286253,ENSG00000286253,5,0.23107556088986206,0.02625431024270042,2213.3227674301856
ENSG00000289502,ENSG00000289502,5,0.2319762483813067,0.035686244634696475,5453.822539690568
ENSG00000283010,ENSG00000283010,5,0.2287051367086972,0.017862177013465055,2328.555081373741
ENSG00000288772,ENSG00000288772,5,0.2219694576924592,0.012165091733795425,3543.4639218616944
ENSG00000275328,SPDYE19P,5,0.20239358622073336,0.002792740138119807,5539.3484849045135
ENSG00000290394,PKD1P6-NPIPP1,5,0.20142683427565009,0.0071432872945656496,4864.94502223809
ENSG00000278765,ENSG00000278765,5,0.21861491003656514,0.01335065919065482,1791.3322265335412
ENSG00000278743,ENSG00000278743,5,0.2220439447059254,0.009161852738576873,3087.92599870275
ENSG00000287507,ENSG00000287507,5,0.22428039754485427,0.024091271340381182,9556.378314412363
ENSG00000286249,ENSG00000286249,5,0.21618197466918557,0.007633731517641266,4309.383475925371
ENSG00000278709,NKILA,5,0.22898545002792273,0.033112673943611226,2183.1478606328183
ENSG00000284633,ENSG00000284633,5,0.21183632860620927,0.006061558387832727,3506.070036893647
ENSG00000288795,ENSG00000288795,5,0.20812132171024084,0.005147384039449706,3670.8357407321437
ENSG00000277590,MIR7845,5,0.21651295494986716,0.00663752775622861,3262.741146308178
ENSG00000279762,ENSG00000279762,5,0.21385353168465346,0.0057217262319333925,5743.926494438705
ENSG00000288802,ENSG00000288802,5,0.21063650863842587,0.006400233771658322,1605.6936783903634
ENSG00000287211,ENSG00000287211,5,0.2352202499394735,0.030962294342259084,2559.084841076541
ENSG00000277654,ENSG00000277654,5,0.22083609698580775,0.008178558250030662,5923.066895200998
ENSG00000279791,ENSG00000279791,5,0.22495788720089568,0.014909890968658501,2030.29419636947
ENSG00000279792,ENSG00000279792,5,0.1972277933946499,0.0015193457757269008,5240.927048574488
ENSG00000275381,ENSG00000275381,5,0.20960921954458883,0.005402652576193452,2069.107113926428
ENSG00000290033,ENSG00000290033,5,0.2128165040060167,0.006402934253006389,2479.1256086381713
ENSG00000250021,ARPIN-AP3S2,5,0.2146734152427631,0.006924075425378055,6157.095652847789
ENSG00000251412,ENSG00000251412,5,0.2098857163913932,0.005232107164808897,2857.3420113854318
ENSG00000240828,RPL21P4,5,0.21527194340043282,0.007513402541263834,2184.3880310233053
ENSG00000240350,SOCAR,5,0.24201646610445965,0.04256544220529626,2457.199106522381
ENSG00000182873,PRKCZ-AS1,5,0.20905662065847327,0.007100849674778126,5398.028877124448
ENSG00000240393,DRG1P2,5,0.2137398271269963,0.014819095346524246,7057.900346879979
ENSG00000240497,ENSG00000240497,5,0.22013807734018684,0.010958424597931397,2828.151045366011
ENSG00000240520,UOX,5,0.22958397818559131,0.02378552440450504,1826.4412681845877
ENSG00000240567,LINC02067,5,0.21934583030650828,0.013335543793124693,2737.2094296697273
ENSG00000240634,ENSG00000240634,5,0.22088742195975036,0.010260991334280474,3292.574108188218
ENSG00000240996,ENSG00000240996,5,0.21233510207093412,0.005899793476440244,3666.1169195781195
ENSG00000240216,CPHL1P,5,0.21755550993338962,0.008085371938026024,2764.075801277787
ENSG00000241061,RPL5P1,5,0.22300990703602552,0.01466585262764583,2430.764181048919
ENSG00000241202,ZIC4-AS1,5,0.23309013191835776,0.025377523617862222,3612.437092782734
ENSG00000181418,DDN,5,0.22271103776468223,0.01247726451616752,2477.2443394638935
ENSG00000241295,ZBTB20-AS2,5,0.22512054788754512,0.013442192209457795,2398.551635549343
ENSG00000241313,WWTR1-AS1,5,0.21374140635696331,0.005410599344919736,5918.470662975572
ENSG00000241345,ENSG00000241345,5,0.22768732299466637,0.02489923802535704,1587.7264209849257
ENSG00000241352,ENSG00000241352,5,0.2131455102492388,0.00643782742523887,2330.036956472156
ENSG00000182885,ADGRG3,5,0.22128249265661093,0.015611963215493723,1817.4381177852454
ENSG00000182983,ZNF662,5,0.21374166956195803,0.004904143981326157,5386.974082382299
ENSG00000241409,ENSG00000241409,5,0.20907741385304487,0.005135438610819878,4136.39932142456
ENSG00000239412,RPL21P71,5,0.22060631902554084,0.011236647440332648,2800.6990584748623
ENSG00000237980,LINC02773,5,0.22304070202039103,0.011571551969477498,3024.931357928612
ENSG00000183793,NPIPA5,5,0.22986192265986558,0.018729845032965497,2858.8706315932645
ENSG00000238009,ENSG00000238009,5,0.21302075108180946,0.005846061103490667,3940.8035116134447
ENSG00000238021,ODAD2P1,5,0.19289872924632875,0.0012236002278773967,2650.311887087155
ENSG00000238142,ENSG00000238142,5,0.20840966278180112,0.004405352309377875,5398.419998796447
ENSG00000238171,ENSG00000238171,5,0.21351162839669652,0.0066442960960160545,3031.132022386668
ENSG00000238242,LINC02778,5,0.2404043355126723,0.03421377665928867,3141.336230376072
ENSG00000183598,H3C13,5,0.23981580914479766,0.0528648945027132,2775.990238183551
ENSG00000240065,PSMB9,5,0.20496812587519814,0.005039795880192887,3360.0898220127037
ENSG00000183476,SH2D7,5,0.20873735300005053,0.0037092658602787803,6193.085655622841
ENSG00000183444,OR7E38P,5,0.22131565648592788,0.011056198935924987,4196.68816048438
ENSG00000239519,CADM2-AS1,5,0.19712869671419173,0.0014627349238767766,5057.335440911479
ENSG00000183389,OR56A4,5,0.22118563321860663,0.01191240562643308,2662.8440617231295
ENSG00000239589,LINC00879,5,0.22164334670417746,0.011515825457036498,3522.0954982842804
ENSG00000239642,MEIKIN,5,0.21808007748758335,0.008327436686421429,3772.763851457746
ENSG00000183066,WBP2NL,5,0.20326571597026777,0.0024241315834103395,3425.014155314185
ENSG00000181333,HEPHL1,5,0.19982957476605395,0.009161571331790453,655.0095476097144
ENSG00000241527,CA15P1,5,0.2263470831622776,0.017667536356320804,4492.800493146562
ENSG00000244229,RPL26P35,5,0.2151421833381061,0.006691539201075341,3041.6965691662035
ENSG00000243547,HNRNPKP4,5,0.24077229609509188,0.04773397534683386,3920.9757912993246
ENSG00000242973,TDRD6-AS1,5,0.20863114978473804,0.0054988406478805405,4477.781669428441
ENSG00000243018,ENSG00000243018,5,0.22234347198975438,0.010568730658633818,3977.9759327849724
ENSG00000180539,LINC02908,5,0.2319117631576346,0.02314061979390459,3599.792525499387
ENSG00000243187,CCDC39-AS1,5,0.2159815440658144,0.011152734299562194,3440.6255934130354
ENSG00000180458,ENSG00000180458,5,0.21530642325472246,0.007573105415783656,4933.632582679982
ENSG00000243304,ENSG00000243304,5,0.22452938946972298,0.013098048290803042,3947.026253115744
ENSG00000243509,TNFRSF6B,5,0.20119310824046327,0.0023172866837764517,2824.798918148164
ENSG00000243649,CFB,5,0.2162536980302081,0.00799104208122443,4606.487982503236
ENSG00000242866,STRC,5,0.2362435909583909,0.03517651386481764,2123.0272609763374
ENSG00000243819,RN7SL832P,5,0.20617492077533767,0.0034518885579912827,3699.972279518726
ENSG00000180210,F2,5,0.22040444079470006,0.012047714168385522,5399.969870560248
ENSG00000179930,ZNF648,5,0.22034179800599032,0.008739874038561616,3711.1716754522486
ENSG00000179921,GPBAR1,5,0.22599491487953238,0.013646777414310807,5843.380475589265
ENSG00000179776,CDH5,5,0.21549803649077523,0.006707466489931017,5124.242287754737
ENSG00000244151,ENSG00000244151,5,0.21151245486038128,0.004696451678815527,7847.254543418685
ENSG00000179673,RPRML,5,0.21555910004951737,0.008285571867553045,10456.500510541846
ENSG00000180697,C3orf22,5,0.21739824494912968,0.008326764937549603,3557.727113658071
ENSG00000242863,RN7SL677P,5,0.2377180653380142,0.03388648376269525,3220.6758245360656
ENSG00000241532,AGGF1P3,5,0.2244951728204281,0.012377966677743501,4258.798261264867
ENSG00000241859,ANOS2P,5,0.23350546939980094,0.023896056336649686,2898.309707782316
ENSG00000241593,ENSG00000241593,5,0.21988645336537113,0.00859900652071084,3853.5469049094913
ENSG00000241634,RPL13P8,5,0.21155733131195664,0.0067757248157920775,3557.082518875581
ENSG00000241648,CADM2-AS2,5,0.215656091090019,0.007069744928685673,3243.829514834595
ENSG00000241679,ENSG00000241679,5,0.21500084225601743,0.008330590147237455,3212.5418099412054
ENSG00000241738,ZNF90P1,5,0.21794242127541952,0.007282866844040262,5866.690466910795
ENSG00000241764,CBLL1-AS1,5,0.21996094037883623,0.01256557450582855,5259.598010603928
ENSG00000241782,RPL21P95,5,0.22703088973819052,0.023327034490180785,7088.915979181592
ENSG00000181234,TMEM132C,5,0.21439849762592667,0.005964414767439344,3355.435321869282
ENSG00000180720,CHRM4,5,0.21554778223475027,0.00785056958926414,2961.937114545377
ENSG00000242021,ENSG00000242021,5,0.20894081046085908,0.004302296112395427,2935.798506201611
ENSG00000242100,RPL9P32,5,0.22302912100063008,0.01849122839502609,10334.687977188083
ENSG00000181195,PENK,5,0.21362664897932684,0.010923181300836287,1710.2444486505838
ENSG00000242252,BGLAP,5,0.21307707695064862,0.006311900044366171,3432.431097868142
ENSG00000242512,LINC01206,5,0.2210598212311984,0.011084327783687066,3165.5976010372565
ENSG00000180878,C11orf42,5,0.21680642851882181,0.005353368408759086,6945.521474776988
ENSG00000242753,ENSG00000242753,5,0.21786030131711093,0.009647032275960008,2405.2154155228886
ENSG00000184185,KCNJ12,5,0.22636524430690305,0.016875147851850937,3318.0099383892775
ENSG00000237806,FAUP2,5,0.22237953107401165,0.013465369492051862,2752.0602238900624
ENSG00000237774,ENSG00000237774,5,0.24959992840822745,0.07005070226223617,3672.7968232840717
ENSG00000187783,TMEM72,5,0.21989961361509952,0.010335252536958306,2549.2786128628936
ENSG00000235740,PHACTR2-AS1,5,0.23403977553879296,0.025481220235587188,3614.3757349228126
ENSG00000235819,ENSG00000235819,5,0.21362454333937053,0.0074479468251309085,2997.7087724814155
ENSG00000235820,ENSG00000235820,5,0.2312687533558822,0.020313598376844006,3685.943831879245
ENSG00000235875,ARHGEF7-AS2,5,0.21369981996781942,0.009069377095447417,6399.91575633212
ENSG00000235899,LINC01564,5,0.22092190181403962,0.009764478583657909,5121.668902007586
ENSG00000235912,ENSG00000235912,5,0.2276657401851111,0.01684718268357482,3181.340668271972
ENSG00000235919,ASH1L-AS1,5,0.21772843561482783,0.007614626660306824,6694.678859153469
ENSG00000235961,PNMA6A,5,0.1987546455681973,0.003199474944880945,3351.6513015007017
ENSG00000235698,PA2G4P2,5,0.2259267447859363,0.014945200011555965,3769.924188973734
ENSG00000235994,ENSG00000235994,5,0.22993114557343905,0.024264225058740298,3041.469624539006
ENSG00000236031,ENSG00000236031,5,0.2264368360654284,0.018651779087576356,2410.602180483386
ENSG00000236052,LINC01643,5,0.21992882936949767,0.01033222128476613,3355.623878614737
ENSG00000187527,ATP13A5,5,0.2223205731552261,0.016766607625059115,3491.1700070770635
ENSG00000187033,SAMD7,5,0.22942184390893194,0.019030145826859305,2620.3589573055024
ENSG00000186509,OR9Q1,5,0.23217681058717377,0.021093471136868398,3302.3763483169687
ENSG00000236263,ENSG00000236263,5,0.21423044123688875,0.005856147715963657,3349.578662235111
ENSG00000235725,LINC03050,5,0.2418759146373554,0.047362930013255304,4854.111789854939
ENSG00000235660,LINC00345,5,0.20562166387673483,0.0032048210538391216,3672.000346077211
ENSG00000184210,DGAT2L6,5,0.20295566048665487,0.0025460291303610024,3728.86592577661
ENSG00000235253,EEF1A1P50,5,0.21108816840912176,0.004609184828267377,4098.548753857855
ENSG00000188508,KRTDAP,5,0.23185227882885998,0.02394329082789111,2676.822820873491
ENSG00000235096,ENSG00000235096,5,0.2095238095238487,0.0052280082422135775,3547.2143404055987
ENSG00000235098,ANKRD65,5,0.22318914963733325,0.015642780356818035,4811.905417566569
ENSG00000188306,LRRIQ4,5,0.2103356653296239,0.004865432860965468,2396.754804946449
ENSG00000188263,IL17REL,5,0.21667587884151104,0.009323191343189171,3957.662234971467
ENSG00000235202,LINC01525,5,0.19853394818024264,0.0029428113862210266,3441.615143125336
ENSG00000235237,IL2RB-AS1,5,0.21066401356035971,0.004253524182846134,3528.412118093567
ENSG00000235277,ENSG00000235277,5,0.21826326816380986,0.007405394314708976,2845.8019681854707
ENSG00000235538,ENSG00000235538,5,0.21247828558798423,0.00572215283719683,2095.25442128165
ENSG00000188219,POTEE,5,0.21907499236708722,0.009430518659981575,2678.358341795913
ENSG00000235438,ESRRAP2,5,0.21009812282201742,0.005632576917641948,3412.5703192689716
ENSG00000188133,TMEM215,5,0.21248618173782194,0.013212762978318037,3422.458487634989
ENSG00000187980,PLA2G2C,5,0.21664403103716728,0.006008609781741433,3762.985378812126
ENSG00000187944,C2orf66,5,0.24098154406578098,0.04243819564686557,4263.82290640754
ENSG00000235522,NCK2-AS1,5,0.22984323510525018,0.019126821227726173,8004.893198025466
ENSG00000187871,GFRAL,5,0.22627628101873581,0.019067260488282577,2183.281027410975
ENSG00000236274,ENSG00000236274,5,0.211908709979718,0.007873417875935314,4889.367255103402
ENSG00000236289,GACAT3,5,0.22729435793776276,0.02284620644218358,4641.684856455033
ENSG00000186103,ARGFX,5,0.22732015202723313,0.04159884975286159,3842.1206401226373
ENSG00000184584,STING1,5,0.23477885516356692,0.03110366370661815,2138.4052576063914
ENSG00000237174,FILIP1-AS1,5,0.2168759146373901,0.006734702854123109,3353.838167857629
ENSG00000237222,LINC01968,5,0.19304243917336925,0.0017621473384468167,4790.53020565643
ENSG00000184616,SPDYE12,5,0.2087047155807226,0.00556943800303759,3337.2030339393937
ENSG00000237238,BMS1P10,5,0.20567233083819117,0.004338490278555343,3795.055425612829
ENSG00000237243,CREB3L2-AS1,5,0.22882963267113257,0.02080784678072725,3696.0460056090515
ENSG00000237260,PPIAP67,5,0.21151942979273763,0.004000708305674904,4678.864603847248
ENSG00000237301,ENSG00000237301,5,0.2152716801954387,0.005091942605521549,4575.878318759667
ENSG00000237351,ITPK1P1,5,0.21294218439092757,0.006293025396722614,3683.4382100120342
ENSG00000236481,LINC02195,5,0.22377609677524124,0.019437753983910174,2340.3252241356217
ENSG00000237352,ENSG00000237352,5,0.2039493909436836,0.0028928420001456657,3094.920664476788
ENSG00000184574,LPAR5,5,0.23292905046167658,0.027089741309381552,2640.0251671335886
ENSG00000184451,CCR10,5,0.19442716064984386,0.0011121938208306255,6005.043189786987
ENSG00000237480,ENSG00000237480,5,0.2218125875156911,0.011420463720049921,3100.995889801449
ENSG00000237560,LINC01497,5,0.22675978859377582,0.020078455713603238,3428.0839112392623
ENSG00000237595,LINC01275,5,0.21247591674303348,0.005487083687038086,3397.6452351594135
ENSG00000237637,FRY-AS1,5,0.20835149447799955,0.003994802184191214,3430.0866012360266
ENSG00000237121,PIEZO1P2,5,0.2162626470000238,0.010358893793007258,3383.6259616784705
ENSG00000237119,LINC01056,5,0.22733068022701375,0.01968826916882577,2319.5882234352866
ENSG00000184925,LCN12,5,0.22400771717047022,0.017381040120897053,3725.6386203994616
ENSG00000237080,EHMT2-AS1,5,0.21361835802199794,0.008042807483661183,2946.5325211021022
ENSG00000236491,ENSG00000236491,5,0.21299416737735688,0.005579114102580762,6047.908577211806
ENSG00000236502,SIX3-AS1,5,0.21839223861115256,0.00980764803704545,3633.1545360702407
ENSG00000236523,NPM1P40,5,0.2185233146984526,0.008791238201278369,3519.014057881171
ENSG00000185915,KLHL34,5,0.21145626059403894,0.0060003686867548455,4686.105981338424
ENSG00000236676,ENSG00000236676,5,0.21871650716447244,0.010147488282095146,2125.3386123181735
ENSG00000185823,NPAP1,5,0.21552698904017858,0.008024322133828242,3570.5866839540195
ENSG00000236739,CLIC4P1,5,0.1982088900119386,0.0017812820418726344,3858.210012182598
ENSG00000236882,LINC01554,5,0.20946669404002535,0.004594680141471023,5921.019503262693
ENSG00000185522,LMNTD2,5,0.20692387058740933,0.003707698534998707,4144.69648487596
ENSG00000236922,LINC01378,5,0.22018519103421624,0.015301669627811909,3154.5563880097093
ENSG00000236935,ENSG00000236935,5,0.22236479159431505,0.013591295063406788,2523.799243481507
ENSG00000236980,CIMIP7,5,0.21682458966344723,0.008783521254042368,2554.665112153189
ENSG00000237003,RPL36AP11,5,0.22524214859503963,0.018173731331629927,3288.6661617264035
ENSG00000237017,PRPF31-AS1,5,0.211842645526079,0.005291703936696699,3065.5179845301573
ENSG00000237073,ENSG00000237073,5,0.22106745417604104,0.011460360356535962,3921.4223606287474
ENSG00000244215,LINC02016,5,0.22095664487332414,0.013865730212761418,2168.228666649405
ENSG00000244345,ENSG00000244345,5,0.21462919680367393,0.007958018999499095,4270.721885202824
ENSG00000167941,SOST,5,0.21870282050475445,0.009580453350958704,3309.880795230659
ENSG00000171570,RAB4B-EGLN2,5,0.21532932208925068,0.008673994968037252,1809.3257633107498
ENSG00000171819,ANGPTL7,5,0.23449222492447183,0.03367427464575695,2204.243824260994
ENSG00000171747,LGALS4,5,0.22960845625008686,0.023275712111067326,1752.8075248359983
ENSG00000250961,RMEL3,5,0.2371624395944611,0.02447295417388981,5078.89099466032
ENSG00000250962,RLIG1P3,5,0.21607024414898707,0.008825035072737342,4547.41860854091
ENSG00000250990,ENSG00000250990,5,0.21723966393989644,0.008273684788637827,3169.0524451355373
ENSG00000171659,GPR34,5,0.192622232399525,0.001299411357555313,2747.114769715066
ENSG00000171657,GPR82,5,0.19674389101211776,0.002018386074607957,7224.538677195942
ENSG00000251182,LINC02497,5,0.2064523388396228,0.003497189761389963,3938.2634428975575
ENSG00000171864,PRND,5,0.2088671130623769,0.004973900025882465,2353.8461749773296
ENSG00000251187,ENSG00000251187,5,0.2051003863849734,0.003468001231875827,3070.843834177659
ENSG00000171496,OR1L8,5,0.21617526294182365,0.010839492416192023,2123.654561734642
ENSG00000171462,DLK2,5,0.22581777791818142,0.018316903605766054,2404.6789782898427
ENSG00000251270,ENSG00000251270,5,0.2193576745312637,0.009502051555551595,4804.4762104490665
ENSG00000171443,ZNF524,5,0.22048761357298652,0.010741900421392028,3406.5544930876536
ENSG00000251339,ENSG00000251339,5,0.21612420117287576,0.008502015176073753,3394.849695445634
ENSG00000251391,ENSG00000251391,5,0.2411871071665462,0.03981284541823972,2631.4309328674153
ENSG00000250754,LINC02436,5,0.2204776117831927,0.010421278911798866,4960.188551159416
ENSG00000250670,ENSG00000250670,5,0.20406888601122208,0.003069486529607397,5691.313375232749
ENSG00000251423,DNAH5-AS1,5,0.21651111251490487,0.009608396842289698,3428.5031834687493
ENSG00000172717,GARIN2,5,0.20877196445683727,0.004571701421500427,4423.53093299555
ENSG00000250020,SPICP4,5,0.2196808902646062,0.015289576997499587,4810.541635704784
ENSG00000250038,ENSG00000250038,5,0.22850510091281837,0.022363943424505952,3844.9991247221183
ENSG00000250056,LINC01018,5,0.21344530073806292,0.007983053759997054,3099.128905039958
ENSG00000172927,MYEOV,5,0.22040365117971636,0.007666760971359917,4901.330928271783
ENSG00000250137,ENSG00000250137,5,0.21614183590751246,0.007523484744375022,3330.768225722076
ENSG00000250222,TRIM7-AS2,5,0.19672941473741648,0.0017176619428202278,3388.3092966312793
ENSG00000250240,ENSG00000250240,5,0.20117244664838932,0.0025555094511842263,3960.3857631970395
ENSG00000172673,THEMIS,5,0.23061679458431333,0.01672096574625058,3144.2085375857873
ENSG00000250563,KNOP1P5,5,0.22515081646192192,0.026134214309540174,6300.776221892449
ENSG00000172568,FNDC9,5,0.23373735300002368,0.02358687497040469,3793.7412378884196
ENSG00000250310,ENSG00000250310,5,0.2068553056863226,0.014013542795913894,1830.62821281049
ENSG00000172058,SERF1A,5,0.21670456818591974,0.008111203106127292,5196.899220735192
ENSG00000171885,AQP4,5,0.21746101934033618,0.010023807081682386,8958.390009579496
ENSG00000250423,KIAA1210,5,0.22135039954521235,0.01444332304166206,3795.486393455687
ENSG00000250493,ENSG00000250493,5,0.23008880536519116,0.02367997409731476,2357.574086394708
ENSG00000250541,ENSG00000250541,5,0.20997691692201448,0.005781578983968828,3460.5335732603016
ENSG00000223553,SMPD4P1,5,0.21239024351729816,0.0049070644017844755,3182.6680888327114
ENSG00000251455,ENSG00000251455,5,0.19883321225907988,0.00963581398599033,2863.76780886578
ENSG00000179627,ZBTB42,5,0.21276333659711247,0.007764577905970925,5961.662664118848
ENSG00000253741,LNCOC1,5,0.22618863375554132,0.017537461506307382,2226.766529971677
ENSG00000253515,ENSG00000253515,5,0.20802011938982645,0.003152033416344418,8808.961055864873
ENSG00000168993,CPLX1,5,0.21020327321735113,0.008028268533627661,6079.151956598598
ENSG00000168925,CTRB1,5,0.2293302485708187,0.02037431946329676,2366.624323128516
ENSG00000253621,RPSAP74,5,0.22488550582738684,0.016751973968757525,2076.2016803499505
ENSG00000168594,ADAM29,5,0.21789636040136798,0.0097985121047006,2456.5651035442656
ENSG00000253660,TENM2-AS3,5,0.22208000379018186,0.013199310266700692,2706.9429697237997
ENSG00000253690,ENSG00000253690,5,0.1996055873156668,0.0017055614724793132,2922.7693477950074
ENSG00000253793,ENSG00000253793,5,0.24389917143067266,0.03940177370328529,4004.5317462860035
ENSG00000253434,LINC02237,5,0.215331954139197,0.006054715352925595,4252.857115272063
ENSG00000168398,BDKRB2,5,0.18778505100916507,0.0009081299889088096,4074.9437106830846
ENSG00000253825,ENSG00000253825,5,0.23347572723541357,0.022727635203122987,3051.0788334226772
ENSG00000253832,ENSG00000253832,5,0.21366744575348698,0.006906240433984111,4582.545750650524
ENSG00000253859,ENSG00000253859,5,0.2264876346293827,0.029058263890826143,3216.572780960025
ENSG00000253908,ENSG00000253908,5,0.2401234957834584,0.06965788348839448,1278.641318172348
ENSG00000253958,CLDN23,5,0.22512897044737196,0.022848423211180743,5851.927046392916
ENSG00000253976,ENSG00000253976,5,0.20504735057856538,0.003910283288820214,3105.4691719988705
ENSG00000253476,ENSG00000253476,5,0.20532832191027772,0.0032519667127888625,5507.33269832825
ENSG00000253416,ENSG00000253416,5,0.23256530115917007,0.022042849633279873,3098.4384278318057
ENSG00000251521,IMPA1P1,5,0.21988776939034343,0.009331534929284135,4238.5611262778075
ENSG00000253167,WASHC5-AS1,5,0.2289257024941536,0.018292890075034794,3746.023269778524
ENSG00000251533,LINC00605,5,0.22282434751484795,0.01625177587910499,2218.335819715634
ENSG00000251544,MTND5P12,5,0.2134016087089628,0.008383893491939305,2595.3162913622973
ENSG00000251586,TET2-AS1,5,0.22338786940823926,0.016358758767123706,2007.3323055874932
ENSG00000170374,SP7,5,0.21646742048580522,0.007658033384551139,2476.9956732582014
ENSG00000170180,GYPA,5,0.24727056420621638,0.05888909545032507,3264.6502910804825
ENSG00000169548,ZNF280A,5,0.2136150679595658,0.006908143919070631,5749.528446883588
ENSG00000253048,RNU4-60P,5,0.20563074444904758,0.0034398487695118446,8455.839953652421
ENSG00000253180,ENSG00000253180,5,0.20451791373197234,0.0026605270920488423,4874.476643111251
ENSG00000253395,LINC03044,5,0.20753187412488425,0.003756003685782694,4045.5808409388446
ENSG00000253184,ENSG00000253184,5,0.21220955328852037,0.007425201581952154,2569.5903199025333
ENSG00000253236,LINC02143,5,0.2180145394439336,0.00910467594891027,4633.7212370957395
ENSG00000253238,ENSG00000253238,5,0.20857943000330378,0.004002508327089646,3613.5930923075734
ENSG00000253251,SHLD3,5,0.23314119368730576,0.02542845977987716,2815.2479085927466
ENSG00000253267,DLGAP2-AS1,5,0.23087368265902108,0.023674022241752846,2505.048620459322
ENSG00000253295,ENSG00000253295,5,0.25485771137990976,0.08667543925658776,3111.135006556794
ENSG00000253344,ENSG00000253344,5,0.21780792352318987,0.010027329773216133,2966.9160092577267
ENSG00000250012,ENSG00000250012,5,0.21779607929843392,0.007283663445154456,3624.9671024228664
ENSG00000249984,ENSG00000249984,5,0.1991836697093583,0.0018161460746208735,10891.56363626802
ENSG00000249948,GBA3,5,0.22751308128825604,0.015692488060379536,3396.1883583382405
ENSG00000248109,MARCOL,5,0.23406741206322404,0.03132544020742435,3476.5949443066906
ENSG00000246820,RIC3-DT,5,0.22318625438239273,0.016001830837798676,2730.4216864503483
ENSG00000246863,GPR176-DT,5,0.22333970289423208,0.01484711146657615,9824.979740505678
ENSG00000177791,MYOZ1,5,0.20302554141271528,0.0027445780669374236,7316.908633138985
ENSG00000247213,LINC01498,5,0.20851915605954552,0.00506573768446161,9576.6461703795
ENSG00000247324,ENSG00000247324,5,0.2258738405820269,0.011025923986227867,4185.106123847071
ENSG00000247345,PDE4D-AS1,5,0.22455439394420817,0.012032569427051845,4389.03359568539
ENSG00000177465,ACOT4,5,0.24777039049091937,0.07113916610848912,3496.833858590427
ENSG00000248167,TRIM39-RPP21,5,0.22779944832235655,0.01620740292140768,2552.60991215074
ENSG00000178093,TSSK6,5,0.20756372192922795,0.0047119793548679595,2944.875990851898
ENSG00000248172,ENSG00000248172,5,0.23169093416718436,0.027401719969846285,5919.869245657618
ENSG00000248200,ENSG00000248200,5,0.2062758598907585,0.0035073581982678244,2806.6464924540687
ENSG00000248307,LINC00616,5,0.20752068791261452,0.003724952110756615,5875.124449494915
ENSG00000248335,ENSG00000248335,5,0.2369252918943467,0.026628928460796886,3947.37036788553
ENSG00000248338,LINC02472,5,0.2289291241590834,0.014866720609966444,4914.60937905372
ENSG00000248458,ENSG00000248458,5,0.2212932840613889,0.011279222479356366,3389.012848440305
ENSG00000248475,ENSG00000248475,5,0.1952070370487777,0.0013281271615905095,4322.194348631019
ENSG00000246763,RGMB-AS1,5,0.22146765737029694,0.011803648338339478,3462.4155133505064
ENSG00000246582,TNFRSF10A-DT,5,0.21781266121309323,0.013709540271878397,5360.239781042477
ENSG00000249899,ITGA2-AS1,5,0.21996804691368999,0.008953137948877943,4831.436686113219
ENSG00000245112,SMARCA5-AS1,5,0.2072027362791646,0.003697345541383765,5221.219066806002
ENSG00000244476,ERVFRD-1,5,0.22796026657404334,0.01949482671320963,3003.379416712329
ENSG00000244502,HDAC11-AS1,5,0.2215878104503214,0.012728189823898351,1819.1797921931445
ENSG00000244650,ENSG00000244650,5,0.2178653022120079,0.007764751075345759,3047.8101004351756
ENSG00000179564,LSMEM2,5,0.19886571807590828,0.0020985448302104346,3784.727620570881
ENSG00000179111,HES7,5,0.22237189812916938,0.009639616074887265,3752.074571311833
ENSG00000244752,CRYBB2,5,0.2208097764863495,0.01183490033301508,3898.9933483574423
ENSG00000244926,ALKBH3-AS1,5,0.21034922038684456,0.004206406204734548,3918.2877408979066
ENSG00000245522,LINC02709,5,0.21466736152788787,0.006438405182931847,2695.4619506375716
ENSG00000246541,SMARCAD1-DT,5,0.21854858237793193,0.0091315619512988,2567.5899225631347
ENSG00000245651,ENSG00000245651,5,0.21621527010099958,0.007519385594279995,3362.956537731136
ENSG00000179071,CCDC89,5,0.2477406483265317,0.05546925032537577,2626.960969376778
ENSG00000245928,SDAD1-AS1,5,0.1930067748966032,0.001525126232767176,4807.159548445579
ENSG00000246084,LINC02325,5,0.21030579156273957,0.004449165083340999,4124.601820864241
ENSG00000179057,IGSF22,5,0.2267276775844368,0.021046387644197664,2646.922699475264
ENSG00000178826,TMEM139,5,0.1912755440447673,0.000865789447132587,5326.537145208432
ENSG00000246350,ZBED9-AS1,5,0.2176686880810585,0.007722886366686693,3850.0174186905065
ENSG00000176383,B3GNT4,5,0.1891172630892244,0.0007462018925913826,5032.904020225507
ENSG00000248510,LINC02267,5,0.21618829158905556,0.007421875103402335,5084.905359528421
ENSG00000248515,ENSG00000248515,5,0.2128546687302306,0.0062832599079732454,4199.2667127440145
ENSG00000249426,ENSG00000249426,5,0.21410778770941533,0.007332080036627377,10903.207878208948
ENSG00000249241,LINC02265,5,0.2037746228272841,0.003045437820876836,5650.29103053784
ENSG00000249264,EEF1A1P9,5,0.22519556131099944,0.016475450730039705,3363.800817731654
ENSG00000249286,AMD1P3,5,0.21728940968387175,0.007243411784224728,4482.670170154877
ENSG00000249295,ENSG00000249295,5,0.21048950864895494,0.004080335830494414,4365.560929736244
ENSG00000249304,ENSG00000249304,5,0.22898781887287353,0.020472786276672525,5890.193293745465
ENSG00000174171,ENSG00000174171,5,0.23724666519272578,0.029295336004626395,2904.0799592188996
ENSG00000174130,TLR6,5,0.22704273396294672,0.015418786662517723,4939.030200243879
ENSG00000249664,ENSG00000249664,5,0.20702994220022422,0.0035740659672804918,2629.9604305151943
ENSG00000176236,RPP38-DT,5,0.21533932387904492,0.00612694427107345,4112.363652722325
ENSG00000249699,LINC02261,5,0.23518103239528135,0.034218687003054166,3491.320117140501
ENSG00000249710,DDIT4L-AS1,5,0.21106171630716672,0.004779598937014764,3227.951762739631
ENSG00000173826,KCNH6,5,0.2265081646189606,0.02851285879885557,10053.166453207012
ENSG00000173714,WFIKKN2,5,0.20989650779617072,0.007144391624721216,5328.172084018374
ENSG00000173597,SULT1B1,5,0.22207131802536106,0.01183695737175461,2668.0221332509636
ENSG00000173338,KCNK7,5,0.2349523072549934,0.026363751440784178,3524.423570125433
ENSG00000172971,UNC93B3,5,0.22754071781268692,0.019230713652573204,1901.1838552016695
ENSG00000174236,REP15,5,0.20827016413467478,0.004442458803689745,4834.419477109229
ENSG00000249169,ENSG00000249169,5,0.22297279513178986,0.014554099087050826,2239.424572480789
ENSG00000249131,PSD2-AS1,5,0.23253582219977803,0.016763339378799477,4730.61689672159
ENSG00000249061,ENSG00000249061,5,0.21550751187057984,0.007454924509628599,2485.4547944213436
ENSG00000248525,ENSG00000248525,5,0.21435493719932372,0.008006342766602115,8525.105322773637
ENSG00000176054,RPL23P2,5,0.20741737995224227,0.004781222563746384,9521.221310374127
ENSG00000248734,ENSG00000248734,5,0.20973871640192135,0.005332625684345753,3440.608314956221
ENSG00000248762,ENSG00000248762,5,0.22544402682588074,0.017129502857858407,1962.4841747457558
ENSG00000175920,DOK7,5,0.21259225335063625,0.007657411435754526,6643.452084657701
ENSG00000248794,ENSG00000248794,5,0.22979796384618287,0.018022498071419264,3098.455609562088
ENSG00000175262,CIROZ,5,0.2432085215249012,0.05563225886201246,2332.742610978866
ENSG00000248925,PDCD6-DT,5,0.22194866449788792,0.012630935204676959,3646.087948772479
ENSG00000174946,GPR171,5,0.20741158944236196,0.004291288610033166,2981.488333482317
ENSG00000248996,PDLIM7-AS1,5,0.20706889653942187,0.0028737058147612756,4493.436498202889
ENSG00000174808,BTC,5,0.2159583820262921,0.011880075599830344,4784.610235398294
ENSG00000174792,ODAPH,5,0.19951438678504613,0.0014919898603791477,4995.65798590449
ENSG00000174572,RPL10P2,5,0.2356526957455642,0.02894445062352745,2266.3464155476145
ENSG00000249036,ENSG00000249036,5,0.20816382931686567,0.0031147384503114163,4946.37209878244
ENSG00000174450,GOLGA6L2,5,0.22584120316269918,0.010353512272232922,4485.542092035453
ENSG00000235038,ENSG00000235038,5,0.1959844130002641,0.001231789427275528,5099.626606320099
ENSG00000188585,CLEC20A,5,0.2088765884421821,0.005442513482831642,3993.8555601963576
ENSG00000188674,C2orf80,5,0.22083399134585047,0.010976480291856036,5755.898607076852
ENSG00000213901,SLC23A3,5,0.21062848088609196,0.0036677260457458837,3646.020308651999
ENSG00000226661,ENSG00000226661,5,0.2011969247128853,0.0022352259768733157,4473.260097211125
ENSG00000226669,ENSG00000226669,5,0.21163602960533576,0.004539335159048614,4000.9021288386775
ENSG00000226676,LINC02679,5,0.20376909552239794,0.0026898158963247474,4538.402769856355
ENSG00000226715,LINC01709,5,0.22766731941507834,0.017482244104408066,5919.125664511828
ENSG00000226742,HSBP1L1,5,0.20390898897701634,0.003029305756990378,3256.6729815908634
ENSG00000226746,SMCR5,5,0.2114720528937135,0.006009037719806415,5002.028438359856
ENSG00000213927,CCL27,5,0.2210677173810353,0.013930130888279324,4532.6525257422345
ENSG00000213885,RPL13AP7,5,0.2124659149532393,0.009776802104140885,5410.77626077958
ENSG00000214110,LDHAP4,5,0.23557820873209884,0.03124389740104219,5527.374433127238
ENSG00000226819,MEIS1-AS3,5,0.20919664571558833,0.005642982793394871,3564.9389450852887
ENSG00000226853,GPR155-DT,5,0.2178314803702048,0.007606446544544554,2361.832712162691
ENSG00000226886,ENSG00000226886,5,0.22781023972713413,0.024603957600756243,2024.7072352270134
ENSG00000226917,LINC01276,5,0.22845640798882186,0.014951441274590712,4089.1633156582034
ENSG00000227006,ENSG00000227006,5,0.21502453070553001,0.00898053478427037,4458.980181871837
ENSG00000213782,DDX47,5,0.23069233441775708,0.020818131058264702,3072.250801090714
ENSG00000227078,LINC02094,5,0.2364862659633913,0.035210249423076614,1761.3198300440142
ENSG00000226636,ENSG00000226636,5,0.21819799332515397,0.011088041501979203,2733.118801095748
ENSG00000214140,PRCD,5,0.21358874746010856,0.014474426148976819,2519.132368340069
ENSG00000227189,ENSG00000227189,5,0.20269219228708257,0.0017168776877579024,4084.235943943074
ENSG00000214347,ENSG00000214347,5,0.21426242064373002,0.006103748074211326,4587.527138132899
ENSG00000214511,HIGD1C,5,0.20857890359331452,0.003863890530085183,4163.253524590273
ENSG00000214432,VPS33B-DT,5,0.2154790857311655,0.010046394143502124,4257.354113169251
ENSG00000225811,ENSG00000225811,5,0.21701251802957572,0.008777276681927754,2793.3065011369545
ENSG00000225832,RPL36AP25,5,0.21996725729870598,0.009369260768902191,4368.615121893731
ENSG00000225920,RIMKLBP2,5,0.23454828758831703,0.030983230703420434,1918.856084957177
ENSG00000214391,TUBAP2,5,0.22074713369764024,0.010860057905755722,4948.805612948205
ENSG00000225951,ODF2-AS1,5,0.21863701925610976,0.010734272629549579,2147.6703447713053
ENSG00000214248,ENSG00000214248,5,0.21984513018122184,0.014524212280806706,4526.237040218901
ENSG00000226519,LINC00390,5,0.21692829243131093,0.008304732129975111,3285.554552625456
ENSG00000226230,UFC1P1,5,0.22584120316269865,0.01562513350225843,3444.6693190529004
ENSG00000226240,ENSG00000226240,5,0.2218225893054848,0.011911304401074995,3406.6313218697182
ENSG00000226263,ISM1-AS1,5,0.22763547161073466,0.013663432366206804,3600.181402637391
ENSG00000226329,ENSG00000226329,5,0.21137466704571983,0.005386396293789649,3896.8974734549547
ENSG00000214212,C19orf38,5,0.20392228082924233,0.0032320159446376593,3900.235440609922
ENSG00000226376,ENSG00000226376,5,0.23534290346694675,0.025388638670961736,5437.955406038488
ENSG00000214146,LINC02026,5,0.20223224155905745,0.002968167075661732,3787.5720814570495
ENSG00000213669,RPL21P86,5,0.23076734784121156,0.031492536952626896,1720.3707784212163
ENSG00000227192,ENSG00000227192,5,0.2250759346409639,0.015682015312551915,3090.080324618675
ENSG00000188991,SLC15A5,5,0.2244878030805799,0.014268286597394748,4188.141673276487
ENSG00000228528,ENSG00000228528,5,0.2047896728888739,0.0027899894695864297,3120.009933346537
ENSG00000228288,PCAT6,5,0.20946669404002588,0.003243984809635938,5072.07383981601
ENSG00000228309,LINC01350,5,0.20920770032536096,0.004095033689361696,3340.4054997139892
ENSG00000228327,ENSG00000228327,5,0.21929779539499766,0.008804700590274184,4391.04512980483
ENSG00000212123,PRR22,5,0.23242948738196875,0.029275971080618607,4528.86771985852
ENSG00000212122,TSSK1B,5,0.20364512596995193,0.0028788082351923817,3674.775853791857
ENSG00000211452,DIO1,5,0.20616610340801966,0.003202907553897711,5360.791554680826
ENSG00000210191,MT-TL2,5,0.21403237947846868,0.009318649142775916,1703.2997328730519
ENSG00000228604,ENSG00000228604,5,0.2217531031869165,0.0096840983940296,4564.110375457992
ENSG00000212581,U8,5,0.22350762768077242,0.011474327916287145,3561.8839288713043
ENSG00000228606,DCAF8-DT,5,0.22506237958374326,0.015802668697943695,2646.2243399402846
ENSG00000228639,ROCR,5,0.21646399882087583,0.007834431142797372,2952.37527564772
ENSG00000228677,TTC3-AS1,5,0.21102249876297474,0.005205788675277068,3838.4773877348416
ENSG00000228695,CES1P1,5,0.206004627143846,0.0030504003239171964,4608.469929012949
ENSG00000228723,SRGAP3-AS2,5,0.22047603255322484,0.012024736515973737,2169.8486455261063
ENSG00000210174,MT-TR,5,0.21895154922463045,0.00923886784484724,2826.7057400109998
ENSG00000206187,LINC02346,5,0.20506037922579742,0.0031565451138904025,4686.20890812963
ENSG00000228251,ENSG00000228251,5,0.225649063516657,0.019002428014726635,5632.289788186025
ENSG00000228162,ENSG00000228162,5,0.21471421201692284,0.005024716408592225,4146.010759097633
ENSG00000227193,ENSG00000227193,5,0.22565643325650536,0.02197506208333517,2325.6969593093204
ENSG00000227466,PDE4B-AS1,5,0.22730146447261607,0.01717994586259603,2533.825799813781
ENSG00000227232,WASH7P,5,0.2240595685544014,0.013865066019602478,3372.985312767267
ENSG00000227253,ENSG00000227253,5,0.22123616857756506,0.01582410778196768,3384.94034856575
ENSG00000227291,ENSG00000227291,5,0.20881552488343982,0.004558576197419557,2641.571141925091
ENSG00000227294,ENSG00000227294,5,0.2097322678795547,0.004143935725647067,3759.9199726574634
ENSG00000227307,ENSG00000227307,5,0.22602623627388796,0.02818851233303286,2194.138261202806
ENSG00000227368,CDK8P2,5,0.21775923059919297,0.009036889294824725,6728.211098191947
ENSG00000227394,RPL11P1,5,0.21511217796872426,0.006381711477146823,3201.0605376216395
ENSG00000227531,ENSG00000227531,5,0.22990640430394876,0.019355981738844376,2601.9289870107123
ENSG00000213018,PABPN1P1,5,0.2385750608003585,0.03976420517851325,2221.6517139942866
ENSG00000213316,LTC4S,5,0.19559236916083972,0.0019065026904869216,5702.961339554751
ENSG00000213297,ZNF625-ZNF20,5,0.21335159975999368,0.004535329755283938,5206.927050069743
ENSG00000227745,ENSG00000227745,5,0.2122469283977507,0.004493894426143337,3223.5024570561204
ENSG00000227751,RCC2-AS1,5,0.21687907309732476,0.007643908859177591,4131.698190099452
ENSG00000227868,TEX46,5,0.23042281250331023,0.03202257189128328,12276.300385231283
ENSG00000227929,SRGAP3-AS3,5,0.22436988724300877,0.01791022999364477,3887.8532716467757
ENSG00000228057,SEC63P1,5,0.24349909983891482,0.05499394866530985,8458.74176321447
ENSG00000225774,SIRPAP1,5,0.21819141320028973,0.010696046627357665,1927.7018196288334
ENSG00000225767,FAF1-AS1,5,0.20754977206451494,0.005306490494429181,6089.613892942128
ENSG00000225752,ENSG00000225752,5,0.22314387837826574,0.024602412054567226,1366.8341444405814
ENSG00000224259,LINC01133,5,0.2220457871408869,0.014576698268347933,3200.021808037365
ENSG00000224141,MIR548XHG,5,0.2135811145152652,0.00776831500949003,2012.9703586908058
ENSG00000224164,LINC02828,5,0.22333364917935608,0.016248783672736734,3312.113680173817
ENSG00000224208,ZCRB1P1,5,0.21762236400201262,0.008026666288360013,2617.1807296701995
ENSG00000224216,ENSG00000224216,5,0.22770364170433044,0.02172928077651405,2736.7399579224652
ENSG00000224220,DTNB-AS1,5,0.2042802396218687,0.002425741830392407,3291.6086837539588
ENSG00000220749,RPL21P28,5,0.2267761073034394,0.015496167938200814,3434.121337087425
ENSG00000224228,ENSG00000224228,5,0.22627022730386068,0.019174115033795992,3188.527688152599
ENSG00000224271,EPIC1,5,0.21530379120477658,0.009709566234381876,1980.6173387002013
ENSG00000224016,ENSG00000224016,5,0.2276341555857615,0.01910194706904773,2274.2438503595563
ENSG00000220685,TFB2MP1,5,0.2127164861080777,0.013231491982148244,1714.4746450744349
ENSG00000224318,CHL1-AS2,5,0.22414721581759636,0.011379018989262255,4369.784468296551
ENSG00000224363,ENSG00000224363,5,0.19720778981506212,0.0016345878937289303,5296.4658553366635
ENSG00000224376,ENSG00000224376,5,0.196748365497026,0.0016306100470137356,3337.6743478422395
ENSG00000224384,ENSG00000224384,5,0.21963667182551624,0.01057038987029886,2859.899876404115
ENSG00000224407,ENSG00000224407,5,0.21440231409834767,0.008484066474356122,1933.382866854117
ENSG00000224420,ADM5,5,0.20049890506726406,0.002670130819614817,3902.113307651993
ENSG00000224099,ENSG00000224099,5,0.23467462598571429,0.02901058111297788,2301.1885965409024
ENSG00000221821,PEX39,5,0.20854626617398686,0.004214509686420592,2814.443884571225
ENSG00000225751,ENSG00000225751,5,0.22009149005614675,0.014500282743846661,1854.086538624272
ENSG00000223396,RPS10P7,5,0.20590342482343077,0.0028204316887959213,3706.6277188076347
ENSG00000223576,ENSG00000223576,5,0.21340476716889795,0.009641722053321483,3020.960430765164
ENSG00000223522,ENSG00000223522,5,0.2033258583115289,0.0032404469291062105,4149.601770912713
ENSG00000223650,UHRF2P1,5,0.22351315498565835,0.012923624275398905,3188.460411275353
ENSG00000223502,ENSG00000223502,5,0.21633529157852732,0.007032819337094359,3290.2453421253363
ENSG00000223462,ENSG00000223462,5,0.20501931924664338,0.0029963234658650813,4505.008201012073
ENSG00000223720,ENSG00000223720,5,0.20445671857073305,0.003850013756583284,2917.5078736210417
ENSG00000223724,RAD17P2,5,0.21964233073289954,0.01299097957436542,5299.224217022751
ENSG00000223774,ENSG00000223774,5,0.21925107650845985,0.008571201459048309,2978.3619130638826
ENSG00000221843,SPATA31H1,5,0.2135034690418647,0.0058899701385537575,2947.5775547813414
ENSG00000223783,LINC01983,5,0.22148331806747426,0.011891349000637635,2436.050741719496
ENSG00000222614,Y_RNA,5,0.22878712506450832,0.023574716469396288,3411.76804224663
ENSG00000223842,ENSG00000223842,5,0.22755440447240474,0.019679167631245005,2628.3992567228966
ENSG00000223843,EFCAB6-AS1,5,0.23589826600550498,0.03725599787567752,3145.7585952791014
ENSG00000221883,ARIH2OS,5,0.2140977859196214,0.006495132519972936,3485.6032647123484
ENSG00000223855,PDGFA-DT,5,0.21792452333578782,0.011343007858618135,5081.81319704801
ENSG00000223911,ENSG00000223911,5,0.2089156743838768,0.004209019781576159,2226.403029816816
ENSG00000224424,PRKAR2A-AS1,5,0.21566122358741344,0.00851216546543399,3606.6381932899963
ENSG00000224511,LINC00365,5,0.2147335575840238,0.008591759441082652,2090.0273229608097
ENSG00000224536,CSRP1-AS1,5,0.19630854995108588,0.0018296210517793129,5251.988314933207
ENSG00000225505,ENSG00000225505,5,0.23131402461494935,0.018542633862952802,3565.8131392431433
ENSG00000225334,LINC02813,5,0.21525036059088004,0.02836646448226358,2473.0912962273774
ENSG00000214942,ENSG00000214942,5,0.2272604044934616,0.020055537525050484,3657.6521564860886
ENSG00000225383,SFTA1P,5,0.24226440520935166,0.0375737969537974,4145.276108878332
ENSG00000225386,LRRC3B-AS1,5,0.23743248791889748,0.027290594788392533,4103.065642200676
ENSG00000225387,ENSG00000225387,5,0.22598175462980363,0.01303632263486862,4433.687120336559
ENSG00000214851,LINC00612,5,0.20658670498935522,0.0031171092709505696,3717.5570651912562
ENSG00000225458,ENSG00000225458,5,0.22882963267113288,0.01748849623701845,7063.329367925182
ENSG00000225602,MTOR-AS1,5,0.21122753545375078,0.005581733373608469,4052.2717048304958
ENSG00000218416,GPC1-AS1,5,0.22448648705560706,0.013313618914341484,2460.221961395043
ENSG00000225643,ENSG00000225643,5,0.21400684859399455,0.008489539774415108,2283.656539444322
ENSG00000214650,ENSG00000214650,5,0.21537301411835064,0.006901051509113081,3370.703763881102
ENSG00000214553,LRRC37A11P,5,0.2495880841834718,0.0840362938320598,3232.9682457320364
ENSG00000225649,ENSG00000225649,5,0.21211111462054844,0.005206802041877841,3050.784516538088
ENSG00000214544,GTF2IRD2P1,5,0.23662497499553356,0.032443755022314946,2288.172423477502
ENSG00000225703,ENSG00000225703,5,0.22887832559512938,0.0174694176125302,3017.945216138574
ENSG00000225731,PDE9A-AS1,5,0.22969004979840646,0.028266988098167453,5751.73184470053
ENSG00000215156,ENSG00000215156,5,0.21727203815422938,0.007622689012214079,3571.9375001708854
ENSG00000225246,RPS2P1,5,0.23116873545794225,0.019541363548668932,2858.10439379385
ENSG00000224985,ENSG00000224985,5,0.21315445921905465,0.006118480086938743,3503.94631080077
ENSG00000224982,TMEM233,5,0.2108911594706803,0.00662378828266784,2846.049255346884
ENSG00000218313,ENSG00000218313,5,0.21812587515663995,0.008606876761751361,3459.044616418454
ENSG00000224655,LINC01823,5,0.2168880220671404,0.009138000570735683,3810.5705751420182
ENSG00000224669,ENSG00000224669,5,0.22084873082554707,0.021584749051035815,2205.0294641729997
ENSG00000224675,GALNT13-AS1,5,0.219084730951887,0.008412561794771196,4880.504485132583
ENSG00000217488,ENSG00000217488,5,0.25364986365979303,0.09190794457539857,3390.6813128544973
ENSG00000224700,ENSG00000224700,5,0.22940157712434936,0.021508325238350633,3134.04793411643
ENSG00000224728,IMPDH1P8,5,0.24492751334448762,0.08953186305731159,1963.575837724354
ENSG00000224743,TEX26-AS1,5,0.2302459387469539,0.022759264651244095,2624.085346032058
ENSG00000224747,MTCYBP21,5,0.2346443574113377,0.03220052862322245,1784.4852249543749
ENSG00000217325,PRELID1P1,5,0.23131481422993266,0.02450979694139779,3674.794271029194
ENSG00000216921,FAM240C,5,0.22793947337947162,0.017137302883515143,3088.7091074371697
ENSG00000224775,BRAFP1,5,0.20821883916073206,0.004266740461073266,5308.9964332678965
ENSG00000224851,LINC00502,5,0.22747491656404228,0.01693990353199508,2489.85461439472
ENSG00000224901,ENSG00000224901,5,0.22865249570978194,0.01776536347535008,2978.423386334751
ENSG00000216475,ENSG00000216475,5,0.2145760293947694,0.0049617662414002395,3725.3453095250475
ENSG00000228933,ENSG00000228933,5,0.2131976248381655,0.005190619171060725,5603.383761742967
ENSG00000228971,LINC02607,5,0.20748344440588198,0.003740148335062418,6303.245520210667
ENSG00000229018,PMS2P7,5,0.2165229567396609,0.010186196195622743,6294.963055016518
ENSG00000233472,ENSG00000233472,5,0.22371450680651025,0.013277072952574215,2944.8861251772137
ENSG00000233108,GLCCI1-DT,5,0.23057257614522444,0.029042363950590434,4306.279672878172
ENSG00000233293,NOL4L-AS1,5,0.22337655159347236,0.010768451712777988,4131.90441555018
ENSG00000198881,ASB12,5,0.20671462261671975,0.003105600295027408,3807.3364189673366
ENSG00000233296,TMEM18-DT,5,0.21214559447483816,0.0052818672059,3759.2965732713456
ENSG00000233297,RASA4DP,5,0.2240008738406104,0.012914226311470555,2050.0537817980744
ENSG00000233396,LINC01719,5,0.21807849825761585,0.010205697092690412,3382.075924608176
ENSG00000198835,GJC2,5,0.215242201236046,0.005114074920864269,5100.663305679932
ENSG00000198759,EGFL6,5,0.2302514660518397,0.023423530850980822,3651.657962918444
ENSG00000233025,CRYZP1,5,0.22555404651361455,0.016207510021577845,3056.3956797453993
ENSG00000233493,TMEM238,5,0.21216849330936605,0.007938425099633951,2834.344859195774
ENSG00000233557,NFU1P2,5,0.22689718160094463,0.01587740343137029,3271.7606781052214
ENSG00000233585,ACAA2P1,5,0.23482465283262322,0.031066519097529294,3152.217790557748
ENSG00000233656,ENSG00000233656,5,0.20376435783249552,0.002902483563028538,4086.4353914996373
ENSG00000198753,PLXNB3,5,0.2116737995220582,0.008056160485111622,6066.9140562433
ENSG00000198680,TUSC1,5,0.20501102828931417,0.004509045670953594,3874.923025129317
ENSG00000198670,LPA,5,0.2160452396745026,0.00710797156383826,4152.151190373909
ENSG00000233086,LNCARSR,5,0.2316838276323303,0.022839062842958835,2789.358187656885
ENSG00000232909,ENSG00000232909,5,0.2443416190265578,0.047272223954482634,4851.007330772037
ENSG00000232176,ENSG00000232176,5,0.22238532158389224,0.013664014515351814,3089.1668404221978
ENSG00000232642,ENSG00000232642,5,0.22634813598225567,0.014183514865640337,2701.404969223881
ENSG00000232298,GRHL3-AS1,5,0.23364996894182402,0.021830124787998412,4334.7616941613305
ENSG00000204020,LIPN,5,0.19387206131627943,0.0020084191545115897,4721.429106020294
ENSG00000232490,OSBPL10-AS1,5,0.2094001031763973,0.00343476818470332,3668.813172759473
ENSG00000232555,ENSG00000232555,5,0.21817404167064744,0.00837852535469697,2256.7646797745406
ENSG00000204010,IFIT1B,5,0.21931556173213115,0.012070418136663447,1991.4893848684392
ENSG00000232591,LINC02642,5,0.20747923312596792,0.006310892627676071,2683.651135184177
ENSG00000232623,MRAP-AS1,5,0.20906188475836496,0.0047150692319053705,4500.829535108409
ENSG00000232671,ZNF687-AS1,5,0.2203181095564782,0.012235708229552118,7246.658731093718
ENSG00000232886,ENSG00000232886,5,0.22160281313501246,0.009981765325885045,3669.5255908418885
ENSG00000203737,GPR52,5,0.21124898666080882,0.005129588503994302,2320.7896480361414
ENSG00000232739,ENSG00000232739,5,0.21419319773015577,0.006994391601310331,2747.513419083646
ENSG00000232748,ENSG00000232748,5,0.22055709969155468,0.013006921073160291,1757.0869300895154
ENSG00000232807,ENSG00000232807,5,0.23493335649538394,0.03578732364448078,2590.3653326979556
ENSG00000203645,LINC00501,5,0.22935025215040666,0.01452057560192234,2729.4034949445477
ENSG00000232862,ENSG00000232862,5,0.22486260699285837,0.01752086423601613,1601.0039531793902
ENSG00000232882,PHKA1P1,5,0.22542928734618498,0.015437447105248785,2883.854271310135
ENSG00000198643,FAM3D,5,0.227570459977074,0.022798951848980446,2495.937106565402
ENSG00000233673,ANAPC1P1,5,0.223354047566436,0.011076520855917498,3990.638759661379
ENSG00000198523,PLN,5,0.21870782139965142,0.009380514732411149,4613.363582885609
ENSG00000234715,SLC26A5-AS1,5,0.22484312982326002,0.017452746269040316,1760.097110227488
ENSG00000234426,ENSG00000234426,5,0.2173007274986384,0.008619095344188326,3419.5860862663853
ENSG00000234476,LINC02765,5,0.2180795510775943,0.01486118818088391,1620.0828576962465
ENSG00000234478,ACBD3-AS1,5,0.21200793826267375,0.00507281411678024,2514.8036699053728
ENSG00000234527,PCDH9-AS1,5,0.22603492203870837,0.019267770865715687,1805.7043264609572
ENSG00000234572,LINC01800,5,0.20085449501493907,0.0022999646455152244,3582.4946986891914
ENSG00000196544,BORCS6,5,0.21336318077975489,0.007210737943343897,4082.4498505648444
ENSG00000234685,NUS1P2,5,0.23698661865808301,0.038098434594371205,1894.937679467013
ENSG00000196388,INCA1,5,0.19554196540437793,0.0020337849649945798,3526.776089965656
ENSG00000198113,TOR4A,5,0.21063242896101048,0.008720390238039518,5916.2387054450555
ENSG00000196205,EEF1A1P5,5,0.22819636145417907,0.013357082675190873,6923.822666452578
ENSG00000234848,ENSG00000234848,5,0.20485139446010256,0.0034541222671857284,9820.756331360815
ENSG00000196188,CTSE,5,0.20967015150083393,0.00512365923636262,3980.3147804107402
ENSG00000196096,SPAG16-DT,5,0.2175328743038559,0.009562996686212938,3515.131570995989
ENSG00000234956,LINC02539,5,0.2339368623859133,0.026942297923612645,2651.077171424356
ENSG00000234962,LINC00700,5,0.21390880473351456,0.00576030819705524,5934.196886528627
ENSG00000235012,JCADP1,5,0.22154464483121078,0.013795682269320824,2311.096145186391
ENSG00000196639,HRH1,5,0.2199306718044598,0.012092304762331911,4688.108947687468
ENSG00000196811,CHRNG,5,0.22440739395473616,0.014055291217334061,3105.021417898083
ENSG00000234265,LINC01723,5,0.21225600897006372,0.005212910827340495,3328.920688212698
ENSG00000234230,ZFX-AS1,5,0.215605950538552,0.0069932203265203425,2663.8265824201662
ENSG00000233818,ENSG00000233818,5,0.20837597254249504,0.0038337527499285535,3834.849705000426
ENSG00000198106,ENSG00000198106,5,0.20456357979853132,0.003388947862547936,5586.131874990473
ENSG00000197744,PTMAP2,5,0.22657765073752847,0.03403847861648778,1456.268788127765
ENSG00000197620,EOLA1,5,0.19560316056561722,0.001730278872723156,5912.300842844117
ENSG00000233858,LINC02599,5,0.22429961150945688,0.012660744981080588,3516.55850807448
ENSG00000233875,ENSG00000233875,5,0.21072139224917733,0.007870655101871295,2271.7852366781703
ENSG00000197540,GZMM,5,0.223841108408902,0.012879265345871657,3388.922747020149
ENSG00000197471,SPN,5,0.23190202457283499,0.026645019778943516,2879.170786292935
ENSG00000234083,ENSG00000234083,5,0.2160104966152181,0.007119240280674025,3112.2058623148077
ENSG00000234084,ENSG00000234084,5,0.20969331354035686,0.004784319327144157,3833.2225339732418
ENSG00000234139,ENSG00000234139,5,0.2030976595812295,0.002927793869819529,4447.299368822048
ENSG00000197361,FBXL22,5,0.22099217754759182,0.01360771257759388,4638.462905868768
ENSG00000197165,SULT1A2,5,0.2187276933767418,0.01075402402021468,2498.717746851415
ENSG00000234206,ENSG00000234206,5,0.22611730520201084,0.016363934251723798,2457.6376306818775
ENSG00000197046,SIGLEC15,5,0.2401490266679324,0.05083154430434186,2310.4865073449387
ENSG00000232237,ASCL5,5,0.2144502174073612,0.006529097542086652,3250.4297451621533
ENSG00000232117,LINC00384,5,0.21399750481668714,0.006529121789547275,2562.233582733753
ENSG00000205795,CYS1,5,0.2059218491730512,0.0034767968015241373,12889.326526900235
ENSG00000205318,GCNT2P1,5,0.23712401166525277,0.022691123696983707,5006.91002342975
ENSG00000229941,PDE11A-AS1,5,0.23172830927641408,0.03646813704590847,1532.6354368540528
ENSG00000229953,BCAN-AS2,5,0.20802051419731807,0.004438942545751763,4277.576504032458
ENSG00000229954,MTND2P2,5,0.21107540296688485,0.005926735532041233,3227.840514361087
ENSG00000229962,ENSG00000229962,5,0.22527636524433461,0.015090013275551825,3616.471623810109
ENSG00000230006,ANKRD36BP2,5,0.209430898160763,0.0037263063671707604,4754.136117538357
ENSG00000230065,ENSG00000230065,5,0.22520451028081512,0.014252741837586614,3645.479284839985
ENSG00000230092,ENSG00000230092,5,0.21601891917504473,0.008024453724829137,2576.320656384887
ENSG00000205231,TTLL10-AS1,5,0.21920212037946823,0.013265309782215967,1776.9480043448486
ENSG00000229886,ENSG00000229886,5,0.20536898708194024,0.002558599704709942,4686.350153125989
ENSG00000230109,LINC02643,5,0.22726408936338602,0.01610368998924446,8037.266292405611
ENSG00000230156,ENSG00000230156,5,0.22401113883539947,0.013234620631127889,2723.6620673789566
ENSG00000230266,XXYLT1-AS2,5,0.23099817862145616,0.02737259388743057,2341.269038534196
ENSG00000205100,HSP90AA4P,5,0.22935051535540182,0.02614168451903062,4117.679355429794
ENSG00000204839,MROH6,5,0.21344951201797652,0.006246913313266649,7592.358886037276
ENSG00000230379,ENSG00000230379,5,0.2299371992883144,0.015349923362849327,3339.982562211677
ENSG00000204758,RPL26L1-AS1,5,0.1927863407136447,0.0010497730073183765,4230.134871009713
ENSG00000229931,ATXN1-AS1,5,0.21048477095905216,0.004712730327165683,5352.347612056735
ENSG00000205572,SERF1B,5,0.20931061347824098,0.01256495595995575,2173.1423692838866
ENSG00000232085,ENSG00000232085,5,0.2223024120106004,0.014160644497633773,2908.066506985916
ENSG00000229456,RLIMP1,5,0.2142020150974742,0.00951385971123314,5603.5907602769585
ENSG00000229209,ENSG00000229209,5,0.22128723034651337,0.014268437544749603,3570.2622154745445
ENSG00000229240,LINC00710,5,0.21961298337600435,0.010345724264297099,2507.5787208931733
ENSG00000229246,LINC00377,5,0.2183169619827034,0.01139970887598918,6075.671506687147
ENSG00000229315,MCHR2-AS1,5,0.2322339260709976,0.03184799198831805,2446.8428301041567
ENSG00000229326,RPL17P15,5,0.21776423149409005,0.00961185595938733,2806.4383172750754
ENSG00000229414,KCNQ1-AS1,5,0.22774233283853318,0.01867199298030085,2404.856962465631
ENSG00000205696,ADARB2-AS1,5,0.22025994125267667,0.009891724770646218,7645.537897422599
ENSG00000229458,ENSG00000229458,5,0.23510417653686458,0.03251888933053728,4101.091744041418
ENSG00000229853,ENSG00000229853,5,0.21016471368564554,0.005837820955907396,3508.1834378376475
ENSG00000229563,LINC01204,5,0.21592863986190433,0.008364414830740378,2246.636437487284
ENSG00000205669,ACOT6,5,0.21940847309521738,0.012285714336058866,3379.4455412582465
ENSG00000229593,SUCLA2P3,5,0.2203008696293333,0.01213926929232084,4184.241302278743
ENSG00000229638,RPL4P4,5,0.20968568059551423,0.0041515478512757185,3923.646345422585
ENSG00000229639,LINC01758,5,0.2312508554162505,0.025544925376452476,3565.7718396074374
ENSG00000229794,MTCYBP32,5,0.20809802806822114,0.003006377471779323,5041.076858756432
ENSG00000229851,ARSD-AS1,5,0.2146103776465614,0.0068263264326637,1910.6539428177664
ENSG00000230483,ENSG00000230483,5,0.2141051556594695,0.005789271053848661,2836.008713635895
ENSG00000204701,OR2J3,5,0.21975879894300054,0.012046673056846398,2306.970452942953
ENSG00000230583,GTF2IRD1P1,5,0.21259909668049548,0.006348051802207699,3292.880594907787
ENSG00000231728,TMSB15B-AS1,5,0.2312005832622864,0.025153888700975017,2743.959918422353
ENSG00000231187,SYT15-AS1,5,0.2265610688228695,0.01550554910827298,9457.370590027604
ENSG00000231249,ITPR1-DT,5,0.1908120400493155,0.0008567932167188101,4372.628385052125
ENSG00000231367,LINC02613,5,0.2234181379826155,0.01476331103370587,2416.8119560632854
ENSG00000231426,FILNC1,5,0.21273991135259485,0.006226256637615979,4937.350768499899
ENSG00000231606,ENSG00000231606,5,0.22282066264492373,0.010494948262546367,3946.607218570357
ENSG00000231671,LINC01307,5,0.21965325374017508,0.009305459131011848,4241.262770424629
ENSG00000231711,LINC00899,5,0.21229627933423334,0.007704086518526022,3054.652816825914
ENSG00000231741,ENSG00000231741,5,0.22905019845658856,0.01934619610847197,2561.0503034302496
ENSG00000204669,C9orf57,5,0.2366897234241995,0.030946988595161675,2499.245329082606
ENSG00000204277,LINC01993,5,0.22581119779331707,0.017688039681605112,2686.8429764755924
ENSG00000204117,ENSG00000204117,5,0.23060863522948158,0.018094657204802078,3805.6223094663333
ENSG00000204086,RPA4,5,0.21870268890225703,0.01235210937679007,3782.9203023544856
ENSG00000231851,MRPS9-AS1,5,0.210500036848738,0.0036471415481573923,4423.602939320355
ENSG00000231881,ENSG00000231881,5,0.21019840392495162,0.006153336595627951,8574.807501373438
ENSG00000232070,TMEM253,5,0.20459569080787016,0.0023166892572510675,5029.350388880291
ENSG00000232079,LINC01697,5,0.21381168209051563,0.007056042267287172,4620.277504954656
ENSG00000231122,FAM25EP,5,0.24110840887316715,0.043164510453823086,4071.890530519281
ENSG00000231050,GNB1-DT,5,0.22178495099126083,0.011357044699679849,4786.166398435886
ENSG00000230912,ENSG00000230912,5,0.21390327742862827,0.006265701724378199,10878.444600325405
ENSG00000230894,ENSG00000230894,5,0.21483265426448278,0.006145024951297779,3951.6173370471665
ENSG00000230637,ENSG00000230637,5,0.20536819746695753,0.012066482965532041,3296.8415756590402
ENSG00000230649,ENSG00000230649,5,0.22407220239414144,0.012284528278994419,4183.277892631797
ENSG00000230707,HAPSTR2,5,0.22791420569999196,0.02075949684470871,2162.499076864169
ENSG00000230710,LINC00332,5,0.2234010296579679,0.015827868565357995,4030.213192860146
ENSG00000204620,ENSG00000204620,5,0.2179500542202624,0.006396368398239025,3636.2529293861203
ENSG00000230735,ENSG00000230735,5,0.20180624427533264,0.002624146799573945,3979.651148121862
ENSG00000230749,MEIS1-AS2,5,0.23339650253204605,0.015693608909963613,5830.607267445701
ENSG00000230783,RPS3AP13,5,0.2301393407241499,0.02060083970056063,2498.6731048594334
ENSG00000204595,DPRX,5,0.22912679111001005,0.019058190820299716,3741.1139946888206
ENSG00000204581,ACOXL-AS1,5,0.21737495130710952,0.008145141167267105,2778.1318064296424
ENSG00000230805,ENSG00000230805,5,0.21960745607111806,0.013749768114153382,4888.24812301835
ENSG00000204446,LINC02872,5,0.21733731299288447,0.009307085922865721,3263.1620898215283
ENSG00000204434,POTEKP,5,0.24168745986123769,0.0431955579849347,4158.9035336785255
ENSG00000230817,LINC01362,5,0.21740732552144235,0.008167145445637224,7829.278502545863
ENSG00000230866,LINC02558,5,0.21605484665680427,0.010435143610271189,2884.447043396758
ENSG00000254042,SLIT3-AS2,5,0.20870379436324157,0.004451222940825566,3218.9392203071993
ENSG00000223563,ENSG00000223563,5,0.20801459208493997,0.004636239015555689,2991.32320691586
ENSG00000261504,LINC01686,5,0.22531479317354325,0.019963748082209125,3338.33436061174
ENSG00000271278,ELOCP33,5,0.21707910889320403,0.008384539874165297,2784.9920551519
ENSG00000261758,STAG1-DT,5,0.19837918364343157,0.0011869787409779704,7480.9381376891015
ENSG00000271344,ENSG00000271344,5,0.23487992588148465,0.023929402557219037,5427.068887614052
ENSG00000261771,DNAAF4-CCPG1,5,0.22019545602900503,0.010788993127340942,2558.9651373975266
ENSG00000271303,SRXN1,5,0.2337413010749424,0.038485517024372126,1505.6785966594953
ENSG00000261822,ENSG00000261822,5,0.22130644431111765,0.013998229261640642,1972.771996360453
ENSG00000130720,FIBCD1,5,0.2201849278292221,0.010898818049064429,4351.356633820872
ENSG00000261889,ENSG00000261889,5,0.22122590358277716,0.00929979474981454,4189.177076860423
ENSG00000261673,ENSG00000261673,5,0.2176926397355651,0.007958798596605922,3220.785046991773
ENSG00000262003,ENSG00000262003,5,0.21171012181130913,0.005339300130536031,5338.205929387674
ENSG00000262020,ENSG00000262020,5,0.21128491414256867,0.004652412679381357,4420.452924256361
ENSG00000262050,ENSG00000262050,5,0.22521345925063113,0.01324842951278475,2911.990568245684
ENSG00000262089,ENSG00000262089,5,0.19823271006394863,0.0016420084167250808,4648.575000607102
ENSG00000262227,ENSG00000262227,5,0.20629007296046595,0.00255674687825921,3570.3684246274524
ENSG00000271259,ENSG00000271259,5,0.23030752871568505,0.015710859336759826,5027.772466464201
ENSG00000261754,ENSG00000261754,5,0.20853981765161966,0.005036282419745977,9884.484058585682
ENSG00000131097,HIGD1B,5,0.22770337849933547,0.019527776217631833,2555.2158313548844
ENSG00000272024,ENSG00000272024,5,0.2071865491719975,0.005638659551754316,5767.453077311394
ENSG00000271447,MMP28,5,0.21322499815760165,0.005035623884730893,4011.042712922938
ENSG00000261455,LINC01003,5,0.21305023004120172,0.006610985786610885,3667.0550127255374
ENSG00000261468,ENSG00000261468,5,0.2194032089953257,0.012977797230372545,2630.070589413423
ENSG00000271500,ENSG00000271500,5,0.22042970847417914,0.011186570832586696,2478.228137458441
ENSG00000261472,ENSG00000261472,5,0.21452036153841597,0.006480801329631528,3195.4527706594768
ENSG00000132855,ANGPTL3,5,0.21920870050433278,0.009747768901667562,3935.951422694751
ENSG00000132517,SLC52A1,5,0.2180324373835649,0.007092144810551525,3788.7724828987266
ENSG00000261499,ENSG00000261499,5,0.22563458724195554,0.014623073491346575,3813.4472177032717
ENSG00000261617,LINC02177,5,0.2172670372593324,0.009867783238838117,4331.3608612516455
ENSG00000092607,TBX15,5,0.20520343114035067,0.00405553974866809,5749.198481703304
ENSG00000271387,C1orf21-DT,5,0.23579351041766322,0.02913226723946475,4443.251067125608
ENSG00000132329,RAMP1,5,0.20516342398117465,0.0032439862842432977,2933.067489830728
ENSG00000261586,ENSG00000261586,5,0.21912868618598116,0.010118233361441888,5036.808139542068
ENSG00000261610,ENSG00000261610,5,0.21069980943962224,0.005973196250025206,3726.1013642699754
ENSG00000271382,ENSG00000271382,5,0.2116619552973012,0.0047285062568709875,3954.1250072503326
ENSG00000262304,ENSG00000262304,5,0.23303907014940942,0.026186884801992764,2032.7121398820743
ENSG00000271156,ENSG00000271156,5,0.2098467620521959,0.005191212479526265,5830.902679505808
ENSG00000129467,ADCY4,5,0.25007159175851057,0.059223658841028974,5206.3278652644585
ENSG00000126903,SLC10A3,5,0.21178395081228843,0.008470080048398419,9297.109042235501
ENSG00000271105,SCML2P2,5,0.20861812113750652,0.003803006833396895,3237.030039138415
ENSG00000099377,HSD3B7,5,0.21498083867643,0.0064450430976756325,4435.1067732822885
ENSG00000270832,CMPK1P2,5,0.23245765031638796,0.02768346407782655,2376.0243499831195
ENSG00000263594,ENSG00000263594,5,0.2182506343240697,0.012510831064992511,4031.4804627367926
ENSG00000270813,NANOGNBP3,5,0.21407699272505004,0.005826698568974158,7645.175554180802
ENSG00000099840,IZUMO4,5,0.2111135676910989,0.004167203071282886,4125.480848019297
ENSG00000126246,IGFLR1,5,0.22100296895236976,0.010252801819983651,4387.570282846862
ENSG00000129221,AIPL1,5,0.2221279070991952,0.01845810416176357,1887.820041918707
ENSG00000263952,ENSG00000263952,5,0.22744517439965525,0.019176826811688485,2741.4191288174084
ENSG00000263986,ENSG00000263986,5,0.20251558173572057,0.003019116261299716,7739.067554427573
ENSG00000264006,AKR1C8,5,0.22513976185214876,0.01876388204265812,2096.3672606933924
ENSG00000126231,PROZ,5,0.21842461282548542,0.010329099281159104,3523.3530600821978
ENSG00000264026,LINC02003,5,0.2341137361422696,0.032216392969392264,3263.4508619589124
ENSG00000125997,BPIFB9P,5,0.21127899203019085,0.004319513741832883,3816.1393537708263
ENSG00000263321,ENSG00000263321,5,0.22903414295191935,0.017289900841176667,3139.521240270988
ENSG00000263235,ENSG00000263235,5,0.23338307907732242,0.022488134516584428,5763.127166192942
ENSG00000263171,ENSG00000263171,5,0.2444111051451259,0.05073259861269256,6659.380871716463
ENSG00000263142,LRRC37A17P,5,0.2087723592643293,0.005274332912898206,7055.793774955201
ENSG00000263105,ENSG00000263105,5,0.2162326416306418,0.006498417977614091,3233.8365467323056
ENSG00000127954,STEAP4,5,0.24255603634334388,0.0508020134554142,2984.7640270504385
ENSG00000128482,RNF112,5,0.2182727435436143,0.007470696013820403,4555.28126211025
ENSG00000128617,OPN1SW,5,0.2160726129939384,0.00820878083760767,2569.7491990683584
ENSG00000262999,ENSG00000262999,5,0.2309442215975674,0.021690954334551028,4240.782706671663
ENSG00000262950,ENSG00000262950,5,0.21616262910208417,0.007526303247527757,3049.363307707519
ENSG00000262831,P4HB-AS1,5,0.22035653748568654,0.010485013703322447,3668.3913990850024
ENSG00000262700,ENSG00000262700,5,0.21971273806894953,0.0084328034003453,2556.887620313624
ENSG00000095110,NXPE1,5,0.21405067222559193,0.005284272345451328,3386.492045274944
ENSG00000262583,TMEM231P1,5,0.21282953265324847,0.0074484710273673175,2694.238336281504
ENSG00000094963,FMO2,5,0.22834296663615858,0.01512949246564996,4171.433287789286
ENSG00000262528,ENSG00000262528,5,0.2408709979680585,0.03170370600082894,4993.633010163091
ENSG00000262526,ENSG00000262526,5,0.2168717033574767,0.007562026710737184,2992.643414458028
ENSG00000133063,CHIT1,5,0.23922780918691092,0.03642376387373181,3279.001248884888
ENSG00000261448,ENSG00000261448,5,0.21446429887457089,0.007178623468975637,3107.4371522139204
ENSG00000134160,TRPM1,5,0.22153990714130845,0.010956361402093114,3380.718601511637
ENSG00000080293,SCTR,5,0.24333749197224433,0.04969808480244606,3945.2369942445107
ENSG00000260592,ENSG00000260592,5,0.23218154827707665,0.01743686265080777,3652.3849894477667
ENSG00000080166,DCT,5,0.21243775201882,0.003761630532177758,7794.055204157614
ENSG00000136931,NR5A1,5,0.21994488487416722,0.008309363675471205,4616.382107551809
ENSG00000136826,KLF4,5,0.19668493309333224,0.0023109400409948356,2652.342648149853
ENSG00000136541,ERMN,5,0.21075060800357556,0.00478652850217286,3112.1979237980945
ENSG00000260691,ANKRD20A1,5,0.21747589042253,0.012756610005130802,3457.692054818001
ENSG00000135773,CAPN9,5,0.20418153774890208,0.0020642842253387216,5067.833062125548
ENSG00000260877,ENSG00000260877,5,0.21382773759518436,0.00862170356329444,5379.9549913508345
ENSG00000260714,ENSG00000260714,5,0.21617710537678606,0.006749089215893094,3219.4873365430954
ENSG00000080618,CPB2,5,0.21386195424447962,0.0061970639460715085,3073.2389192308474
ENSG00000260788,CEDORA,5,0.2326353136877278,0.02468964786178277,1763.9573462929022
ENSG00000260805,ENSG00000260805,5,0.19331222429281172,0.001358058221199944,6620.990794604547
ENSG00000271958,ENSG00000271958,5,0.22275222934633407,0.010692856011532317,5668.5801350385145
ENSG00000260832,ENSG00000260832,5,0.2277412800185551,0.014150824231105662,4882.290899546443
ENSG00000260577,CDH3-AS1,5,0.20502195129658907,0.004283036034485811,2039.2125342591794
ENSG00000260572,PPM1L-DT,5,0.2257822452439134,0.01330572175917029,3849.4920315072995
ENSG00000260552,COSMOC,5,0.23922491393197015,0.04069795972505848,1926.6730091255167
ENSG00000260510,ENSG00000260510,5,0.20878157143913953,0.004584522804910964,4234.751504597104
ENSG00000137090,DMRT1,5,0.22066975142923412,0.01346423237124543,1858.6890397431048
ENSG00000271991,TTC32-DT,5,0.2086099617826751,0.0032320874801683667,4568.609199855236
ENSG00000272002,LINC02973,5,0.20361604181805096,0.0028729018062221717,5884.029995208245
ENSG00000260430,ENSG00000260430,5,0.22366423465254573,0.013030193258230339,2902.8753963778972
ENSG00000137507,LRRC32,5,0.2220573681606484,0.011887476982338717,3705.6738299051435
ENSG00000260422,ENSG00000260422,5,0.2195458661023873,0.006455644995267215,5600.401401241302
ENSG00000137699,TRIM29,5,0.23215707021258095,0.02037879491595367,3622.2801870614135
ENSG00000269365,ENSG00000269365,5,0.2196603602750286,0.009443678984025821,2749.3168631218377
ENSG00000260409,ENSG00000260409,5,0.21718412768604073,0.007716778154609016,3100.141325061459
ENSG00000260381,ENSG00000260381,5,0.22088689554976107,0.009864945448551156,3469.0602345438133
ENSG00000137707,BTG4,5,0.2128294010507517,0.0054250075606864035,3613.8464255496724
ENSG00000137767,SQOR,5,0.2080535464241371,0.005515299288275235,4595.606632384531
ENSG00000260329,TMEM263-DT,5,0.2123082551614872,0.004669961976765097,2936.5711261503816
ENSG00000260838,ENSG00000260838,5,0.21203636440208806,0.007189654812226002,3291.053879968037
ENSG00000260891,ENSG00000260891,5,0.2167953739090493,0.008653817717419129,2664.4840270619625
ENSG00000261441,POLG-DT,5,0.24601086510216844,0.050551620637270915,3341.259756280728
ENSG00000261268,QKILA,5,0.21939794489543432,0.009234251865238864,3089.554911193232
ENSG00000261189,DSP-AS1,5,0.22058184096104538,0.01590712454705106,4629.942590663103
ENSG00000261193,ENSG00000261193,5,0.21814508912124403,0.008820739336769367,2790.156912875982
ENSG00000261195,IQCK-AS1,5,0.21826511059877152,0.00830783727854884,2958.867996291493
ENSG00000134812,CBLIF,5,0.23092211237802382,0.01833504024578772,3814.50715346521
ENSG00000261220,ST3GAL1-DT,5,0.2097666161313463,0.00797401272359298,3864.305774026001
ENSG00000261266,ENSG00000261266,5,0.23483412821242833,0.025984042016839234,2668.6216090593007
ENSG00000134398,ERN2,5,0.20979583188574485,0.005133618225895064,3688.72997054577
ENSG00000135519,KCNH3,5,0.21555725761455535,0.00554670178900649,3641.927388138392
ENSG00000134242,PTPN22,5,0.19759246391463722,0.0017099651067298172,3901.4669516005506
ENSG00000261313,ENSG00000261313,5,0.2213843529895128,0.01547073565152963,3003.993845718224
ENSG00000134201,GSTM5,5,0.19558578903597484,0.0019112054326391693,3826.3654949907295
ENSG00000261396,ENSG00000261396,5,0.21916106040031458,0.014212973932190837,3622.4883060202123
ENSG00000092377,TBL1Y,5,0.2134410894581498,0.007133225463421477,3427.273585893585
ENSG00000261420,MPC1-DT,5,0.21076429466329372,0.00593428746157343,4819.145295245793
ENSG00000261187,ENSG00000261187,5,0.19381270859000138,0.001153998537303493,4903.305641345742
ENSG00000271670,ENSG00000271670,5,0.2242711853700421,0.015887185782886285,2622.631135491855
ENSG00000261168,ENSG00000261168,5,0.21841145257575642,0.010073449150455252,2062.4721938093494
ENSG00000261161,ENSG00000261161,5,0.22456044765908315,0.014633428690563846,2548.933770504231
ENSG00000261121,LINC02473,5,0.22166519271872762,0.012111847526770065,4284.851101054354
ENSG00000261090,ENSG00000261090,5,0.24382099954728317,0.057242334969959334,1949.401690435237
ENSG00000091137,SLC26A4,5,0.22348393923126023,0.011550239277191473,4189.21652843593
ENSG00000271725,ENSG00000271725,5,0.22216422938844713,0.011552120062411885,2629.3686863104253
ENSG00000135094,SDS,5,0.22181442995065326,0.014647811080272763,5115.829156403566
ENSG00000261054,SYNM-AS2,5,0.22077398060708703,0.012257453691298392,3545.3557410253675
ENSG00000271746,ENSG00000271746,5,0.22293041912766284,0.013576370989241384,2706.847164667504
ENSG00000135100,HNF1A,5,0.2322015518566642,0.02790918637091467,1565.9048140629209
ENSG00000261003,ENSG00000261003,5,0.21781739890299462,0.007712177918278982,2859.2064080770892
ENSG00000260971,ENSG00000260971,5,0.2128080814461906,0.005267162864418119,4132.296430089966
ENSG00000088320,REM1,5,0.22042365475930378,0.011804168536456381,3033.546712100397
ENSG00000260926,ENSG00000260926,5,0.22528663023912343,0.015421309538034387,2149.7314995568154
ENSG00000135517,MIP,5,0.21758998978767938,0.008842162833568059,3573.320039200629
ENSG00000264269,DYM-AS1,5,0.21202846825225088,0.005793757986219353,2836.236491944382
ENSG00000125531,FNDC11,5,0.22629338934338397,0.010840056101248956,6321.108258638012
ENSG00000124713,GNMT,5,0.20853613278169555,0.0044799209675507965,2945.598726752814
ENSG00000113249,HAVCR1,5,0.2209355884737581,0.008469863003001772,7322.574090464798
ENSG00000267469,ENSG00000267469,5,0.21528220839522139,0.007063366258097876,4958.966234592609
ENSG00000267470,ZNF571-AS1,5,0.21930608635232676,0.009982956848694978,3261.423738943542
ENSG00000269910,ENSG00000269910,5,0.2453178463514457,0.05151131402360719,4502.42569327075
ENSG00000267477,ENSG00000267477,5,0.21374811808432498,0.006323780106176364,4016.8621936502614
ENSG00000114374,USP9Y,5,0.20646984197176246,0.0038325596012575205,3714.500462965527
ENSG00000267491,ENSG00000267491,5,0.22506895970860744,0.013695765565638566,3161.7560374595546
ENSG00000267547,ENSG00000267547,5,0.2229401577124622,0.016499047568666794,2489.657949506819
ENSG00000267761,MIR4527HG,5,0.2108086447048798,0.007751759814116729,3121.9092390405494
ENSG00000112936,C7,5,0.21898155459401222,0.01053184698641149,3057.6903053753526
ENSG00000267577,DNAAF3-AS1,5,0.22071502268830126,0.016898508887199258,1711.3825863160907
ENSG00000267627,ENSG00000267627,5,0.2417622100796978,0.04498562171316757,3556.7267616221616
ENSG00000267633,ENSG00000267633,5,0.22241453733829067,0.01215678461278078,7166.235124781925
ENSG00000267651,ENSG00000267651,5,0.21739232283675178,0.007331829037318869,6012.87252786337
ENSG00000267724,ENSG00000267724,5,0.21895075960964655,0.007943896999009438,2891.317008238827
ENSG00000114455,HHLA2,5,0.20955881578812782,0.00484111843866158,3164.4913136452715
ENSG00000267414,SETBP1-DT,5,0.22082899045095378,0.010952221071071107,2262.826962003651
ENSG00000101336,HCK,5,0.21611393617808725,0.008286591935656345,2876.5699567829206
ENSG00000269959,SPACA6-AS1,5,0.21889417053581234,0.009157010051201259,2738.1624621140895
ENSG00000267339,LINC00906,5,0.20186480738662854,0.008284859778902517,2475.5327754382856
ENSG00000114854,TNNC1,5,0.19719291873286843,0.0016589239568205862,9458.898303170985
ENSG00000267314,ENSG00000267314,5,0.21604892454442648,0.006377662208414489,3306.694657081119
ENSG00000267261,ENSG00000267261,5,0.21699106682251804,0.008220910503382431,3542.937277465302
ENSG00000267253,WHSC1L2P,5,0.2106037396166014,0.004390090163482507,3475.2106716571584
ENSG00000267228,ENSG00000267228,5,0.18688317909524008,0.0005564178975368346,3834.7599408006863
ENSG00000267188,ENSG00000267188,5,0.22143778360341207,0.011863724810396168,2494.4546098207934
ENSG00000267174,TSPAN16-AS1,5,0.21396644662732703,0.008965182255415996,3650.5021901416435
ENSG00000267165,CHMP1B-AS1,5,0.2229675310318986,0.011827142827288185,4152.251096156655
ENSG00000269972,ENSG00000269972,5,0.20893567796346488,0.004935335311669911,5524.455192584815
ENSG00000267136,ENSG00000267136,5,0.23446274596507935,0.027171392781920132,2663.510484713592
ENSG00000115138,POMC,5,0.21943492519717323,0.010935700319297534,8524.494365532326
ENSG00000100628,ASB2,5,0.2220347325311148,0.011803457218301594,3856.578412188621
ENSG00000267734,ENSG00000267734,5,0.23431535116811592,0.029613509910977942,5807.475073222047
ENSG00000267762,ENSG00000267762,5,0.21053517471551378,0.0055042869477409,2420.9019366883413
ENSG00000115165,CYTIP,5,0.21742232820613383,0.013912228549699526,2442.947234434224
ENSG00000268810,ENSG00000268810,5,0.20259493804158554,0.002670762331703969,5933.14341965447
ENSG00000269599,ENSG00000269599,5,0.22421038501629495,0.015198734355166029,2319.123694719715
ENSG00000268375,ENSG00000268375,5,0.23225629849553617,0.020763307156445227,2965.7315882643584
ENSG00000110448,CD5,5,0.22033784993107153,0.009820792687791745,2919.0524276041037
ENSG00000109047,RCVRN,5,0.2149192487076986,0.011425462387006901,3337.226098176494
ENSG00000269559,ENSG00000269559,5,0.2073706610657053,0.004100094967544916,3351.2885416990034
ENSG00000107593,PKD2L1,5,0.2247120537359606,0.02082669600315219,5186.511684139132
ENSG00000105392,CRX,5,0.21491661665775297,0.006612827013062177,3452.5147234646
ENSG00000267769,ENSG00000267769,5,0.23567006727520634,0.032821452380363506,3112.7116752571374
ENSG00000104321,TRPA1,5,0.21521245907165795,0.010001235590214633,2990.212219928322
ENSG00000269473,ZNF132-DT,5,0.2137166650874732,0.004428497780994892,7236.612989102721
ENSG00000102871,TRADD,5,0.24705447290566826,0.061358804992994266,3198.5875618343753
ENSG00000269373,ENSG00000269373,5,0.22650632218399716,0.017807090498431155,2325.666334745704
ENSG00000269091,ZNF473-AS1,5,0.219575081856785,0.013357858937336367,5488.426685615958
ENSG00000269191,ENSG00000269191,5,0.23804259709632805,0.034383876612572514,4758.381354138651
ENSG00000268189,ENSG00000268189,5,0.22510396597288612,0.014624974857833263,2646.8804196977558
ENSG00000110944,IL23A,5,0.20975253466413735,0.004811759235739007,5611.3530055263855
ENSG00000268184,ENSG00000268184,5,0.22583883431774807,0.014238514688514883,4789.956597781374
ENSG00000268149,MAP2K7-AS1,5,0.23359311666299526,0.027430859100913373,2799.1025857768727
ENSG00000111012,CYP27B1,5,0.1938137614099794,0.0027918354608143002,2879.212123257839
ENSG00000268129,ENSG00000268129,5,0.22624074834446836,0.01347354179370283,4790.985081688373
ENSG00000102313,ITIH6,5,0.19833746565179,0.001972465033498093,5988.181725214409
ENSG00000111331,OAS3,5,0.1952363844056737,0.0034016866826628014,2883.123649950901
ENSG00000102145,GATA1,5,0.23784887822031886,0.03374145060957262,2359.6734336254353
ENSG00000268066,FMR1-AS1,5,0.21561674194332994,0.005529885045979381,3488.508081986681
ENSG00000269836,ENSG00000269836,5,0.22072081319818218,0.010883269383875899,2156.414639966487
ENSG00000111981,ULBP1,5,0.21706173736356182,0.01256287481974896,4305.507609800972
ENSG00000267934,ENSG00000267934,5,0.21106487476710184,0.0049764587568867985,4224.825298175496
ENSG00000267920,SNX6P1,5,0.23316909341673106,0.021629190481381632,6954.074229761334
ENSG00000267868,ENSG00000267868,5,0.24976022024992542,0.07304285974384307,4042.5877278416647
ENSG00000267855,NDUFA7,5,0.2112804396576609,0.00797168002192086,3663.672678353908
ENSG00000267796,LIN37,5,0.19759614878456191,0.0015738132961197761,5465.581071279211
ENSG00000115155,OTOF,5,0.20756793320914174,0.003553403125340561,6354.542187572531
ENSG00000100427,MLC1,5,0.21995830832889054,0.008372970410568429,3430.3212204844676
ENSG00000264514,ENSG00000264514,5,0.2127743912068842,0.006194501712331363,3151.2920443259404
ENSG00000265366,GLUD1P2,5,0.2277854984576439,0.016056876866948008,3030.5817866197885
ENSG00000270332,SMC2-DT,5,0.22423749513073624,0.013246715806427048,2527.437143878468
ENSG00000265257,ENSG00000265257,5,0.22834928355602876,0.021524495995395677,2561.426787033765
ENSG00000270228,ENSG00000270228,5,0.23260899318826983,0.026900868504077628,3503.370122975866
ENSG00000122420,PTGFR,5,0.2238305802091192,0.014988257259093921,2026.5708066279406
ENSG00000265313,LINC01476,5,0.21075797774342403,0.00668508835437486,1651.1668119821597
ENSG00000265342,ENSG00000265342,5,0.2200493772570143,0.011008143232496178,2362.5576255663723
ENSG00000100249,C22orf31,5,0.2188508733142043,0.011590869995802009,1705.6395231998242
ENSG00000265664,ENSG00000265664,5,0.23520919532970117,0.028143095734340966,3124.9289176222674
ENSG00000270175,ENSG00000270175,5,0.21122779865874539,0.005556178486070703,3680.9078397177163
ENSG00000121933,TMIGD3,5,0.21458234631463916,0.009235362048275268,3438.522242721651
ENSG00000265415,PRR11-AS1,5,0.21145810302900142,0.004016432363737764,7467.0649160458115
ENSG00000121895,TMEM156,5,0.22260483454937016,0.01211483867356321,2429.3937168034304
ENSG00000265474,ENSG00000265474,5,0.21702409904933725,0.00863444303936929,4317.555464079763
ENSG00000265478,ENSG00000265478,5,0.21768237474077634,0.009326572501678182,3709.4926203618465
ENSG00000270437,ENSG00000270437,5,0.1942938473200898,0.0013768130191031496,5342.602549958471
ENSG00000270479,BNIP3P37,5,0.24088942231767843,0.04431532941229456,3452.9626054324303
ENSG00000265136,ENSG00000265136,5,0.19549761536279248,0.0035547887024353153,2795.487100477628
ENSG00000265128,ENSG00000265128,5,0.2171507006517291,0.009766532116864894,2634.3474416664867
ENSG00000265069,ENSG00000265069,5,0.22627338576379594,0.011698763717118402,4828.841235547352
ENSG00000265018,AGAP12P,5,0.2189868186939038,0.009004709319460943,2053.466650249441
ENSG00000123965,PMS2P5,5,0.2152783919227999,0.00885185375846421,2574.865550228375
ENSG00000264924,ENSG00000264924,5,0.21100539043832708,0.0048310426769642935,2485.112503340687
ENSG00000124097,HMGB1P1,5,0.21718202204608483,0.0076035806651347515,6253.913006962805
ENSG00000264693,ENSG00000264693,5,0.2200954381310657,0.010120051753709839,4382.635610167945
ENSG00000270504,ENSG00000270504,5,0.2227318309592542,0.008853556533287272,3788.0550948388577
ENSG00000270607,LEISA1,5,0.244621142730799,0.060291119962474334,2910.4994145109504
ENSG00000124429,POF1B,5,0.22509843866800006,0.01768507598037228,1406.451914251578
ENSG00000264578,ENSG00000264578,5,0.21215783350708597,0.006834806451894546,7411.74553712287
ENSG00000100197,CYP2D6,5,0.22602097217399542,0.02158483382272524,1994.562672252825
ENSG00000270681,ENSG00000270681,5,0.22781550382702576,0.016455421673811862,3381.082977644982
ENSG00000099957,P2RX6,5,0.2028516945137962,0.0026838544786829104,7332.945157208296
ENSG00000265490,ENSG00000265490,5,0.21110040744136954,0.005984559474470601,3111.030168525842
ENSG00000265683,SYPL1P2,5,0.2311445205984414,0.01997033051471483,4473.375186849677
ENSG00000267108,ENSG00000267108,5,0.2255393070339181,0.014548193092272845,3376.7669750334626
ENSG00000267001,ENSG00000267001,5,0.1917736594970056,0.0016220091179020297,5420.340673155493
ENSG00000120093,HOXB3,5,0.21864346777847743,0.0066495047784003196,4098.9321282886085
ENSG00000270022,ENSG00000270022,5,0.23236631818326986,0.01751059454145278,3275.9752587392168
ENSG00000118094,TREH,5,0.21824773906912912,0.011112130070046902,4381.4590072350065
ENSG00000266993,ENSG00000266993,5,0.22607308676292162,0.01812546589781205,2195.477498136286
ENSG00000117009,KMO,5,0.20726603708036057,0.003836027822477307,2947.018915317358
ENSG00000266998,ENSG00000266998,5,0.21885468978662578,0.010423378056301412,4909.18021723271
ENSG00000116985,BMP8B,5,0.2128359811756155,0.0065691546421513146,4348.115393669963
ENSG00000266075,RN7SL574P,5,0.2231275596686018,0.01544252710708131,1697.9932870607531
ENSG00000116147,TNR,5,0.20615952328315476,0.003519331497268831,4677.907331304153
ENSG00000116032,GRIN3B,5,0.21144178431933727,0.005005927599102975,4278.393658615133
ENSG00000267030,ENSG00000267030,5,0.2168785466873359,0.00825821295730193,3334.064908680518
ENSG00000267063,ENSG00000267063,5,0.21307997220558877,0.007502372555495512,4830.400460335238
ENSG00000267064,UXT-AS1,5,0.21028934125057833,0.00465903278457978,10754.90179995402
ENSG00000267088,ENSG00000267088,5,0.21326974300667978,0.0065747423049359495,4231.309358564624
ENSG00000266820,KPNA2P3,5,0.2159689102260745,0.008664315981406124,2916.196073556816
ENSG00000120215,MLANA,5,0.20850389016985982,0.004386477301734563,3704.905340186265
ENSG00000266767,ENSG00000266767,5,0.2182903782782508,0.010237328302207499,4207.074423876126
ENSG00000266680,ENSG00000266680,5,0.21080443342496705,0.004917991187097613,4647.379420959153
ENSG00000100362,PVALB,5,0.2416929871661238,0.0381160626477822,3760.0494170835914
ENSG00000266599,ENSG00000266599,5,0.21786556541700264,0.009483566735030721,6729.58224393396
ENSG00000266541,ENSG00000266541,5,0.20498470778985636,0.00453052934912211,10927.791754116502
ENSG00000120329,SLC25A2,5,0.21148626596342096,0.004317013972459865,6998.03024479548
ENSG00000120729,MYOT,5,0.21812798079659676,0.0074602630309118486,4169.408537969586
ENSG00000266466,ENSG00000266466,5,0.21311550487985706,0.006963652938587077,2347.8548183245894
ENSG00000270094,TRIM11-AS1,5,0.24513018119031202,0.06973509008403724,2776.7302233633654
ENSG00000266456,ENSG00000266456,5,0.22433040649382197,0.01432842125518791,2531.2036067756662
ENSG00000266385,ENSG00000266385,5,0.2136408620490344,0.006297360248024905,2983.727000323078
ENSG00000266289,LINC02933,5,0.21996883652867366,0.00981092332955382,3644.957575629226
ENSG00000266288,LINC02974,5,0.21469355042484825,0.00834626739538719,1884.6418888132125
ENSG00000266155,ENSG00000266155,5,0.20911044607986456,0.003523090737644375,2623.3629679046057
ENSG00000266114,ENSG00000266114,5,0.2272251350241885,0.0214064682183149,4314.492849279505
ENSG00000138075,ABCG5,5,0.21297469020775822,0.007254860424679942,3248.510464216947
ENSG00000260420,LINC02182,5,0.22651448153882875,0.015090288439003383,2564.631136065018
ENSG00000260302,LINC01882,5,0.22904940884160474,0.018760172745639243,2254.45768307508
ENSG00000159261,CLDN14,5,0.2075134497752642,0.006451915067550873,4091.2839596470735
ENSG00000160856,FCRL3,5,0.21428321383830115,0.008489719418907951,2340.631080934172
ENSG00000255672,ENSG00000255672,5,0.22613862480657193,0.016329562730710272,3807.4737459279613
ENSG00000255772,LINC01479,5,0.22392480759717787,0.013725068909770481,2187.2293198347534
ENSG00000255776,VDAC2P2,5,0.23449590979439583,0.03465102210332163,2353.2694418160863
ENSG00000273139,ENSG00000273139,5,0.21447693271431043,0.010057880579773512,4135.709412687531
ENSG00000255874,PRECSIT,5,0.2025449290926156,0.003192460744740053,6059.177495349446
ENSG00000159231,CBR3,5,0.21643925755138527,0.007303408872212311,3750.760616907265
ENSG00000256389,ENSG00000256389,5,0.2248791889075168,0.015053179363678377,2556.008799686453
ENSG00000273125,LINC01990,5,0.21177289620251596,0.00516491580087316,3058.5449826514305
ENSG00000273112,ENSG00000273112,5,0.22795473926915705,0.017150819717126897,3852.391255166087
ENSG00000158825,CDA,5,0.22894044197385008,0.026976330336997104,2907.662803433445
ENSG00000256116,ENSG00000256116,5,0.2000730393860372,0.0024689807071619713,3048.73916261579
ENSG00000256124,LINC01152,5,0.23105555731027372,0.02733611923540223,1821.5110871575187
ENSG00000256209,ENSG00000256209,5,0.23934625143447175,0.06364994597601227,6784.145208316973
ENSG00000255649,PLBD1-AS2,5,0.2284045566048901,0.016219587639968742,3501.9915860548203
ENSG00000255647,ENSG00000255647,5,0.21514034090314418,0.0066716793121946024,4080.8095951520954
ENSG00000010671,BTK,5,0.22747465335904876,0.02601946625441401,2883.565045765797
ENSG00000160870,CYP3A7,5,0.20895239148062042,0.004739223478764709,2907.5260595263567
ENSG00000160951,PTGER1,5,0.22279697419541214,0.011584549699128298,2823.910887158609
ENSG00000010327,STAB1,5,0.209030036954021,0.003920588420283434,2983.9355680916055
ENSG00000161132,PRODHLP,5,0.2412060579261556,0.03937609172229494,3991.3240170913095
ENSG00000161594,KLHL10,5,0.21743943653078088,0.008539716507497174,3710.1853914986687
ENSG00000273192,ENSG00000273192,5,0.2281331922554805,0.015883387815941844,3597.6476648812427
ENSG00000161955,TNFSF13,5,0.21380102228823478,0.00758911567617826,3051.882760327232
ENSG00000273211,ENSG00000273211,5,0.21091669035515406,0.006924278690580021,2770.527033382002
ENSG00000162398,CIMAP2,5,0.20945419180278316,0.004010558623034232,4610.618625614148
ENSG00000273219,ENSG00000273219,5,0.21981959929674785,0.01036575641575737,3378.427789128258
ENSG00000255559,ZNF252P-AS1,5,0.21959271659142213,0.0076620751586617694,3853.2516780101437
ENSG00000162594,IL23R,5,0.22528189254922076,0.016930594192341056,2487.65568623534
ENSG00000162676,GFI1,5,0.22783471779162948,0.01799806892112671,2224.0542164734147
ENSG00000255496,ENSG00000255496,5,0.21665087436702601,0.011591471551587894,7617.614671991545
ENSG00000256306,ENSG00000256306,5,0.22078740406181033,0.012152174673793264,2438.316295564519
ENSG00000273064,ENSG00000273064,5,0.21043673604754234,0.003846348200077879,5551.825113757721
ENSG00000273249,WDR5-DT,5,0.2259909668046136,0.020005171579452627,5102.068991748789
ENSG00000257376,ENSG00000257376,5,0.21907894044200626,0.009559591632464118,5644.995470170462
ENSG00000156150,ALX3,5,0.215402229872749,0.007940576956661389,8315.075958108177
ENSG00000154227,CERS3,5,0.2054662413274367,0.0030618646102096303,4580.528803871897
ENSG00000257279,ENSG00000257279,5,0.2179129423160265,0.007784691223404264,3408.194174099103
ENSG00000257286,ENSG00000257286,5,0.20349378309806898,0.0032467236065724186,4069.6386874654445
ENSG00000257359,ENSG00000257359,5,0.21733520735292797,0.010904608983674447,1769.753567301291
ENSG00000153820,SPHKAP,5,0.208205942115998,0.004304915480401459,3278.4351598579656
ENSG00000272844,ENSG00000272844,5,0.20881184001351555,0.00648468013071544,2815.7370408598517
ENSG00000273008,CSGALNACT2-DT,5,0.22362001621345676,0.013497786382535572,2739.258335715914
ENSG00000257539,HSPA8P14,5,0.2211777370687694,0.011536934502305056,4182.026284673199
ENSG00000138347,MYPN,5,0.2072230030637472,0.0037704838613652086,2989.010617027874
ENSG00000153498,SPACA7,5,0.22483576008341197,0.016206499669278125,1121.8838588602903
ENSG00000021852,C8B,5,0.26579335249462627,0.15913654847210665,3589.8273380265987
ENSG00000153060,TEKT5,5,0.19499699946310425,0.0014284165637115267,6437.689813117117
ENSG00000257605,MYG1-AS1,5,0.23664840024005185,0.048984002513161394,4281.2626000445425
ENSG00000156265,MAP3K7CL,5,0.21938557426068922,0.011157174926176733,3326.325154733776
ENSG00000156269,NAA11,5,0.21853265847575995,0.011246530029970626,5449.345870489999
ENSG00000257221,ENSG00000257221,5,0.22369766168685704,0.01540425168645612,2553.8028417993005
ENSG00000257194,ENSG00000257194,5,0.2261549435162357,0.015939210149497056,2172.8102879606317
ENSG00000257126,FOXG1-AS1,5,0.22568828106084934,0.01692133727006146,2538.737768952871
ENSG00000257105,ENSG00000257105,5,0.22161886863968186,0.009812560848951617,3437.382413697508
ENSG00000257067,LINC02703,5,0.20550151079671022,0.003684326591919713,3154.4781007382726
ENSG00000257058,ENSG00000257058,5,0.2243204047040284,0.012367572186160764,2743.4497324565536
ENSG00000257023,ETNK1-DT,5,0.2103352705221323,0.00845107029055368,4201.225348861534
ENSG00000257022,ENSG00000257022,5,0.20433919754065388,0.0032507044860312405,2510.420945202257
ENSG00000257000,ENSG00000257000,5,0.20711416779848915,0.004484532077573415,8560.457238699531
ENSG00000272944,ENSG00000272944,5,0.22741253698032762,0.017938427721864828,2442.5384175347895
ENSG00000157060,SHCBP1L,5,0.2396015602792109,0.03305893010424622,5451.158246849589
ENSG00000013588,GPRC5A,5,0.2309131634082077,0.02680699720914405,3683.618720574122
ENSG00000256705,ENSG00000256705,5,0.2384310876683247,0.03266586804541613,3103.4501815105223
ENSG00000272963,OR7A19P,5,0.22874803912281372,0.01815004234757545,4722.029613650815
ENSG00000256569,ENSG00000256569,5,0.21643609909145056,0.008026481651458736,2850.5146782394518
ENSG00000273248,ENSG00000273248,5,0.21363349230918635,0.006585989084160732,3817.4557728075133
ENSG00000255449,ENSG00000255449,5,0.22543086657615208,0.011892405274958539,3053.6215643608243
ENSG00000272744,ENSG00000272744,5,0.22456334291402327,0.017081505440347658,1847.5313963351655
ENSG00000254571,ENSG00000254571,5,0.2050049745744389,0.003011060474903174,5605.1911426374945
ENSG00000254416,LINC02732,5,0.22704326037293504,0.01466063730614571,3386.025106741429
ENSG00000254422,ENSG00000254422,5,0.20912255350961476,0.0053177183331749815,4605.556206933872
ENSG00000254477,ENSG00000254477,5,0.23500600107388736,0.029690231952300635,5744.104947989428
ENSG00000165887,ANKRD2,5,0.224323826368958,0.010372724373394636,5047.33092200223
ENSG00000254489,MPPED2-AS1,5,0.22656080561787476,0.014520248713937773,3156.1774503314523
ENSG00000254542,NAV2-AS3,5,0.221761525746743,0.015391769671580985,2808.20218106574
ENSG00000254607,KIRREL3-AS4,5,0.22951264963206067,0.018244850957938603,2795.091600449361
ENSG00000254718,ENSG00000254718,5,0.2093485149974602,0.00589922042105241,4286.733382877212
ENSG00000273472,ENSG00000273472,5,0.22112851773478362,0.009008482565350836,3458.5153856471634
ENSG00000254631,ENSG00000254631,5,0.2172836191739908,0.0071410488070191855,3254.485824022988
ENSG00000254664,ENSG00000254664,5,0.22350367960585352,0.013181245225917678,4884.352759179772
ENSG00000254673,ENSG00000254673,5,0.22193313540320805,0.008619144066430742,4684.299503379288
ENSG00000254681,PKD1P5,5,0.20227724961313095,0.005339815431784197,5138.487932859685
ENSG00000254712,ENSG00000254712,5,0.22311255698391047,0.015684217533564918,2589.6986482100942
ENSG00000254396,ENSG00000254396,5,0.23452354631882658,0.023634390505470452,3998.218488126524
ENSG00000273485,ENSG00000273485,5,0.20579603718564324,0.006156504675526663,3965.103017709123
ENSG00000005981,ASB4,5,0.20917927418594653,0.004497444323855835,2616.060961344074
ENSG00000273637,ENSG00000273637,5,0.21526431045559005,0.009172140615011317,3924.4617103409937
ENSG00000273769,L1CAM-AS1,5,0.22634129265239758,0.023748967936738186,6151.747235971968
ENSG00000167165,UGT1A6,5,0.23036122253457889,0.020874269638677015,2306.8806054528177
ENSG00000254248,ENSG00000254248,5,0.21557173388925707,0.0072296309346420624,4869.661505624691
ENSG00000005421,PON1,5,0.21617973742673138,0.009680559525851071,3097.9829586355345
ENSG00000167207,NOD2,5,0.2309650147921394,0.0260266552411336,5320.465035271741
ENSG00000273891,ENSG00000273891,5,0.20812645420763534,0.003529850554400349,3160.7552829642673
ENSG00000167483,NIBAN3,5,0.2121376983250007,0.005972591641574786,4869.264857702826
ENSG00000167550,RHEBL1,5,0.19439583925548856,0.001755890238453771,5215.347012791461
ENSG00000254197,SLC45A4-AS2,5,0.21960745607111806,0.011149554926668274,2834.4203416933774
ENSG00000254135,ENSG00000254135,5,0.21977617047264245,0.011076816267063373,2566.6493903479386
ENSG00000254119,LINC02842,5,0.2224074308034368,0.013494693054498548,2991.6042052540174
ENSG00000273919,ENSG00000273919,5,0.2130375962014622,0.006032450149434365,2650.681475933464
ENSG00000254089,ENSG00000254089,5,0.23390975227147195,0.03364186446396605,2300.94734695005
ENSG00000165807,PPP1R36,5,0.2116191844856825,0.005071067078804382,2939.8027407878167
ENSG00000254744,ENSG00000254744,5,0.1995770295737572,0.008984659890834454,3204.0425752478063
ENSG00000163631,ALB,5,0.21819193961027902,0.009376927116655238,3852.7079392040564
ENSG00000273360,ENSG00000273360,5,0.23519050777508616,0.02688119509162986,4983.627577271785
ENSG00000255100,TSKU-AS1,5,0.21117436804484593,0.006635879460818698,4151.665240297164
ENSG00000255122,ENSG00000255122,5,0.22389480222779606,0.01320280596797829,3063.5310020824404
ENSG00000255153,TOLLIP-DT,5,0.23869166061295635,0.030476387128534788,3074.0221785664476
ENSG00000255202,ENSG00000255202,5,0.2109230072750241,0.005741800441827669,4706.292779120236
ENSG00000255241,ENSG00000255241,5,0.22615968120613794,0.01452293228844295,3735.2895205586647
ENSG00000164404,GDF9,5,0.22609230072752612,0.02006033473773971,2539.5551352875736
ENSG00000273356,LINC02019,5,0.21120990071911386,0.008992997060918611,3617.6524506958967
ENSG00000254760,SIGLEC10-AS2,5,0.24449822599833135,0.05316281002314833,3503.140515877968
ENSG00000255340,ENSG00000255340,5,0.22065606476951619,0.01195870282922035,2822.958168991421
ENSG00000255346,NOX5,5,0.21268279586877095,0.005900994750314036,2853.8681471811165
ENSG00000010030,ETV7,5,0.21246038764835273,0.009413998833493578,5012.634011418674
ENSG00000255364,SMILR,5,0.22433961866863272,0.014346956770523117,2147.169020001223
ENSG00000255388,LINC02741,5,0.21855226724785615,0.007886648500412112,4533.922353678645
ENSG00000010319,SEMA3G,5,0.20899503068974168,0.004517909833075375,2362.8533400296724
ENSG00000255054,ENSG00000255054,5,0.22717249402527293,0.015736850140726066,2831.780941894925
ENSG00000164512,ANKRD55,5,0.21156285861684246,0.005925101880934041,3916.7002877590876
ENSG00000255038,ENSG00000255038,5,0.22470836886603585,0.012375973667124663,5515.804589267651
ENSG00000008438,PGLYRP1,5,0.21545618689663754,0.006620072347961293,3167.2132256346904
ENSG00000255031,ENSG00000255031,5,0.20815935483195766,0.0031803013530525637,5288.908123750315
ENSG00000164756,SLC30A8,5,0.2151558699978241,0.008672657346923249,3837.364277242434
ENSG00000273381,ENSG00000273381,5,0.20120811092515578,0.004341759508486453,5477.92825525457
ENSG00000254980,ENSG00000254980,5,0.21328816735630032,0.0067473929959987675,4411.6983450381495
ENSG00000273384,ENSG00000273384,5,0.2365165345377677,0.030186833103853967,4893.760125079234
ENSG00000254932,PKNOX2-AS1,5,0.20853257951426843,0.0043914780582621025,5433.462425345759
ENSG00000007933,FMO3,5,0.2092866618237341,0.00426522993014223,3379.8480257928745
ENSG00000165511,ZNF22-AS1,5,0.20614123053603167,0.0038817612054098814,2477.8225717628443
ENSG00000254894,NAV2-AS1,5,0.23025251887181813,0.020569084244126807,3243.0556796059786
ENSG00000254878,ENSG00000254878,5,0.19349949464645305,0.001432747129945074,10678.97921335433
ENSG00000254870,ATP6V1G2-DDX39B,5,0.2114117789499553,0.005394793820128894,2952.3089351658464
ENSG00000165553,NGB,5,0.2202175652485496,0.012012125633428954,6615.220385208659
ENSG00000273403,ENSG00000273403,5,0.22840560942486818,0.019018334011140565,2244.783127842285
ENSG00000152292,SH2D6,5,0.22656001600289108,0.016472567829696402,3191.720131714305
ENSG00000257551,HLX-AS1,5,0.21125227672324093,0.004702158439697804,4203.696806976538
ENSG00000023445,BIRC3,5,0.21351268121667516,0.005629071556860327,3783.2400083180632
ENSG00000143512,HHIPL2,5,0.20443605697865871,0.0032020484382974616,6169.710046339418
ENSG00000142615,CELA2A,5,0.22000752766287626,0.01026457252443733,2288.819851265001
ENSG00000142619,PADI3,5,0.20385239990318174,0.002138687307878578,4380.174984797484
ENSG00000259380,LINC02895,5,0.21000284261398028,0.004628358181753486,2971.821109366645
ENSG00000142910,TINAGL1,5,0.20692123853746475,0.014369773312471313,3510.8209206274555
ENSG00000142959,BEST4,5,0.2176028868324139,0.00807538677044277,4299.739475851454
ENSG00000259354,SLC30A4-AS1,5,0.20522409273242495,0.0034974872411748796,4818.091438703434
ENSG00000259289,SMASR,5,0.21685959592772616,0.008376458320456987,5086.5672452087265
ENSG00000259276,ENSG00000259276,5,0.21224429634780434,0.007449063086457342,2693.6049209528896
ENSG00000259267,LINC02622,5,0.22194919090787693,0.011175488021218696,2391.6288744942817
ENSG00000143171,RXRG,5,0.21526983776047634,0.006200217774429382,3535.5207347791334
ENSG00000259215,LINC02896,5,0.2375343482517992,0.03670371651831066,3807.610431255837
ENSG00000143184,XCL1,5,0.2210890369855968,0.010838624761469942,4545.3239441583455
ENSG00000143450,OAZ3,5,0.21169722476657504,0.005156225156480242,2987.7245764204536
ENSG00000259185,ENSG00000259185,5,0.23106292705012205,0.02391604743428762,1531.6846992464195
ENSG00000143627,PKLR,5,0.2072301095986015,0.009126297981174038,3386.1693978762246
ENSG00000259468,ENSG00000259468,5,0.23650679595296845,0.026026320076521017,3892.4818482908695
ENSG00000144031,ANKRD53,5,0.23030726551069042,0.01597165754756407,3315.2168299948
ENSG00000144045,DQX1,5,0.21336633923969012,0.010084395565182876,3716.430477285758
ENSG00000259134,LINC00924,5,0.2269550866997517,0.01907405455734989,3156.3402866240767
ENSG00000259133,ENSG00000259133,5,0.19888019435061022,0.0018614936481641758,3249.999925063774
ENSG00000259098,ENSG00000259098,5,0.2104047566407005,0.005160744932854218,3769.439205434985
ENSG00000272288,ILRUN-AS1,5,0.2137069265026736,0.004921040175638086,3900.4439453132322
ENSG00000259062,ACTN1-DT,5,0.21927976585286907,0.007220270683944611,4860.671093190345
ENSG00000257711,ENSG00000257711,5,0.2117231504585406,0.005455203219500106,3785.62032792489
ENSG00000259038,ENSG00000259038,5,0.23266268700716403,0.030994496644717585,2004.9387869897844
ENSG00000258989,ENSG00000258989,5,0.21009009506968296,0.0047435616438367195,5049.123484969194
ENSG00000258949,ENSG00000258949,5,0.21101104934571052,0.004519110046452875,3900.3133881729245
ENSG00000073146,MOV10L1,5,0.22692034364046762,0.01348704763615494,4654.0025414635675
ENSG00000272341,ENSG00000272341,5,0.2226548434983399,0.014477729888523602,4978.9426999364505
ENSG00000145107,TM4SF19,5,0.2291775896739645,0.019870429702838872,6841.40754928051
ENSG00000142512,SIGLEC10,5,0.20274338565852773,0.0029463464805273955,2718.947573798888
ENSG00000259521,INO80-AS1,5,0.21926844803810208,0.009886366181704473,3113.9785538054825
ENSG00000258859,LINC02296,5,0.2103180305949869,0.007833083069563122,2888.0993879057105
ENSG00000259899,ENSG00000259899,5,0.2143857321836896,0.006579912581602111,3678.325086090977
ENSG00000260278,BMP2K-DT,5,0.19877346472530896,0.0020234692681832533,4098.168817178868
ENSG00000260272,ENSG00000260272,5,0.20376527904997635,0.0030901838543470044,4153.111869864102
ENSG00000260233,ZNRD2-DT,5,0.2191707989851138,0.008926314036638955,4621.411512878862
ENSG00000272031,ANKRD34A,5,0.204051251276586,0.00210077800474527,6281.17900313249
ENSG00000272068,BCAN-AS1,5,0.22481917816875302,0.015590660378589995,3451.411807833358
ENSG00000260101,AFTPH-DT,5,0.21773817419962693,0.008906822366907593,3413.481311188845
ENSG00000139055,ERP27,5,0.2231007127591548,0.014614317583177348,3830.299932571757
ENSG00000139144,PIK3C2G,5,0.22111877914998423,0.013736405615833867,4458.576936969886
ENSG00000260041,ENSG00000260041,5,0.21014378888857638,0.005990253270918721,2659.837916050744
ENSG00000272078,ENSG00000272078,5,0.21224298032283176,0.005838947243663026,5060.058561678724
ENSG00000260037,ENSG00000260037,5,0.2260199193540174,0.01622581962462659,2368.746638704808
ENSG00000260034,LCMT1-AS2,5,0.2146981565122534,0.006892347157751665,3494.7185316366126
ENSG00000259945,ENSG00000259945,5,0.21763710348170887,0.009219581706945739,2905.272764223579
ENSG00000259933,PKD1-AS1,5,0.2106803322700234,0.0049666122663095365,4754.027942019547
ENSG00000272195,EFCAB2-AS1,5,0.22517108324650356,0.01783989086364642,4603.59845284799
ENSG00000141968,VAV1,5,0.2174883926597724,0.00961218174939929,7267.916647067228
ENSG00000272234,ENSG00000272234,5,0.21731915184825878,0.009164084395000612,3675.670088502979
ENSG00000259826,CDK13-DT,5,0.20252966320293045,0.0024233011514142116,2695.4921793542044
ENSG00000139908,TSSK4,5,0.22376083088555618,0.00992117418976522,3687.7591285425888
ENSG00000259772,LINC03034,5,0.22308913173939326,0.014633926010719334,2403.7511605137206
ENSG00000272275,ENSG00000272275,5,0.21320683701297571,0.005288723158362532,5313.0686287905655
ENSG00000259709,ENSG00000259709,5,0.2121724413842848,0.00487027960167783,3091.832177285244
ENSG00000272277,ENSG00000272277,5,0.21873019382419057,0.00971302833528006,2965.699025901195
ENSG00000141161,UNC45B,5,0.2277560194982513,0.021050962474840396,5921.751297816547
ENSG00000141371,CHCT1,5,0.20594935409498524,0.0042435347249405436,5870.955988653367
ENSG00000259687,LINC01220,5,0.21927371213799393,0.006704682994902239,4276.165928069609
ENSG00000259677,ENSG00000259677,5,0.24363201836117657,0.05309132993921166,3855.295524665021
ENSG00000259642,ST20-AS1,5,0.21940899950520623,0.013341040766936426,4553.4782498886725
ENSG00000259598,ENSG00000259598,5,0.238447669582983,0.03274873759217943,2740.6903385284068
ENSG00000259542,ENSG00000259542,5,0.22310518724406242,0.015170961575537285,2764.369153931211
ENSG00000258868,ENSG00000258868,5,0.20676278913072768,0.0031668413823851185,5213.758326262082
ENSG00000269318,ENSG00000269318,5,0.20009277976063122,0.0019355645508800211,4850.185466450865
ENSG00000258853,ENSG00000258853,5,0.2110839571292084,0.005269217308516397,2581.904779184909
ENSG00000258428,ENSG00000258428,5,0.22147989640254476,0.01190692685180752,4720.13775193385
ENSG00000258399,MIR493HG,5,0.2336486529168512,0.02061215307711689,3354.838830511245
ENSG00000060558,GNA15,5,0.23692871355927614,0.04419533867503672,1656.3218876868743
ENSG00000272523,LINC01023,5,0.1942062000568952,0.0013941479310163264,4700.268346700772
ENSG00000258325,ITFG2-AS1,5,0.21167985323693356,0.003783175245964433,6143.64893292081
ENSG00000258323,ENSG00000258323,5,0.21785293157726307,0.01086590382821461,5941.329934844464
ENSG00000258813,RBM25-AS1,5,0.22168572270830464,0.014267527332360273,4455.296492017219
ENSG00000258285,TESC-AS1,5,0.21879283661290008,0.009132480443560253,2920.524983195833
ENSG00000258234,ENSG00000258234,5,0.2171038501626943,0.008471163729460872,2381.999933682592
ENSG00000150782,IL18,5,0.2108148300222535,0.007363519033230176,5718.078746048895
ENSG00000151117,TMEM86A,5,0.21227417011468913,0.0059857870887789055,3672.688649309245
ENSG00000258172,ENSG00000258172,5,0.2213722455597621,0.013607130815117479,3012.6401870568175
ENSG00000151577,DRD3,5,0.2104866133940144,0.009029724916311108,3057.2503137663266
ENSG00000272525,BTF3-DT,5,0.20945300738030767,0.004001615470897357,5186.116373127918
ENSG00000272576,ENSG00000272576,5,0.2354344988050595,0.027542138468260362,4064.048742967859
ENSG00000272588,ENSG00000272588,5,0.20358906330610654,0.004093842703057017,10249.707395718902
ENSG00000272695,GAS6-DT,5,0.22241348451831222,0.014959147326464051,2196.585404189701
ENSG00000258107,ENSG00000258107,5,0.21774264868453483,0.007163685064409352,3055.4059629185876
ENSG00000151846,PABPC3,5,0.2133948969816016,0.00789871115706881,6856.707745144168
ENSG00000152049,KCNE4,5,0.21823957971429733,0.009565680126426031,4716.335970024568
ENSG00000258028,ENSG00000258028,5,0.21309681732524202,0.006519144221958472,7282.880482930872
ENSG00000257953,ENSG00000257953,5,0.20270166766688674,0.002777806947311422,4357.356996948041
ENSG00000257941,DENRP2,5,0.23862822820926347,0.04222887313072013,6352.540151418886
ENSG00000257920,LINC02409,5,0.21466762473288212,0.008407981026315252,3109.8335617914854
ENSG00000257904,ENSG00000257904,5,0.2095053851742285,0.0036663875575701234,3356.3073279229047
ENSG00000257771,LINC02395,5,0.2230467557352662,0.014021554293451111,2176.880855235001
ENSG00000257740,ENSG00000257740,5,0.23261057241823754,0.02548964382193902,2568.101509835592
ENSG00000039537,C6,5,0.22802211974776887,0.0237468785396519,3939.4461537582706
ENSG00000149124,GLYAT,5,0.21573149932096575,0.0076638188314690076,3741.138259161954
ENSG00000258292,LINC02410,5,0.2358258846319963,0.026149163146381046,2588.5276537387126
ENSG00000258588,TRIM6-TRIM34,5,0.23071812850722626,0.024494967831932557,2697.053805887641
ENSG00000272375,ENSG00000272375,5,0.22365265363278422,0.016277312573700187,1993.821697470205
ENSG00000258784,ENSG00000258784,5,0.21633318593857034,0.008395031826311952,3894.8578913956726
ENSG00000258633,RRAGAP1-AS1,5,0.21942426539489274,0.005895403473521201,4535.601067198144
ENSG00000258590,NBEAP1,5,0.2142520240464443,0.005524252792845493,6214.7371517692345
ENSG00000145945,FAM50B,5,0.21902156175318818,0.013595292217182428,2833.557399691068
ENSG00000070388,FGF22,5,0.2231483528631736,0.013420634274339895,3952.5052798367533
ENSG00000145194,ECE2,5,0.21491056294287905,0.018846325110725527,3736.8683306134976
ENSG00000258498,DIO3OS,5,0.21859674889193936,0.011780477787548637,3452.1495007145472
ENSG00000258779,LOHAN2,5,0.2217278355074369,0.014496327065091536,8571.619307915034
ENSG00000148483,TMEM236,5,0.21898734510389298,0.01110091670709126,4367.231710047791
ENSG00000258474,LINC02313,5,0.2146363033385278,0.006464167387064223,8947.125787306562
ENSG00000258703,ENSG00000258703,5,0.2180853415874752,0.00871515492791264,4075.12270404472
ENSG00000148584,A1CF,5,0.22259562237455996,0.013528076331978535,2917.1477350581085
ENSG00000258773,ENSG00000258773,5,0.23784045566049286,0.029697414694774476,3858.577412405954
ENSG00000258761,ENSG00000258761,5,0.22815793352497085,0.014251546476148466,4072.14224886418
ENSG00000258461,ENSG00000258461,5,0.19725714075154557,0.0017683808084946015,4343.230529391544
ENSG00000146521,ENSG00000146521,5,0.24238784835180835,0.048832533229094754,2268.4238237287896
ENSG00000099812,MISP,4,0.2124652569407532,0.005485898075615938,4688.040054160403
ENSG00000287959,ENSG00000287959,4,0.21205926323661628,0.00576701978519219,2514.344230316387
ENSG00000291142,ENSG00000291142,4,0.20338705347276803,0.003217287834381677,1846.0234110026881
ENSG00000217241,CBX3P9,4,0.1884533284904,0.0015302290252478226,1791.3874262731854
ENSG00000070748,CHAT,4,0.20832043628863878,0.005097428820094394,2368.4528300949387
ENSG00000100312,ACR,4,0.21267753176887919,0.010618100330763507,1400.7909453544785
ENSG00000102387,TAF7L,4,0.20062945474457466,0.0021761521822601755,2431.245070803595
ENSG00000213413,PVRIG,4,0.19458824210652512,0.001115523065542879,2992.7444179488443
ENSG00000073150,PANX2,4,0.19831338239478669,0.004515908875022543,2656.6881813257028
ENSG00000290939,ENSG00000290939,4,0.212748333912421,0.007832060185147961,1498.3027313957768
ENSG00000214787,MS4A4E,4,0.20047469020776285,0.0025855225283458708,2013.3302451216264
ENSG00000219410,ENSG00000219410,4,0.19490777296994236,0.0014436509683969027,2913.779592283315
ENSG00000214415,GNAT3,4,0.2100749607824946,0.00513228242929005,2778.201811334054
ENSG00000216901,ZNF603P,4,0.20600567996382388,0.0032512985963820394,4029.231465247744
ENSG00000291019,AACSP1,4,0.19739071728629354,0.002919451959829466,2484.594235849251
ENSG00000042832,TG,4,0.19133173831110928,0.0010371140670719936,3108.7526897098833
ENSG00000101280,ANGPT4,4,0.20318333280696557,0.007229374120872627,2346.911189315175
ENSG00000052850,ALX4,4,0.20786535485301413,0.0041050820078248245,2139.238449493133
ENSG00000291307,POLGARF,4,0.20509841234751366,0.0035299500948911514,3479.5606275783193
ENSG00000222047,C10orf55,4,0.21302917364163543,0.005847173482085361,1736.9754981814663
ENSG00000089169,RPH3A,4,0.21117989534973197,0.005345337179062563,2201.4536615981733
ENSG00000066056,TIE1,4,0.21190555151978294,0.006237176985134146,1679.4579705313781
ENSG00000217455,ENSG00000217455,4,0.2001054136003698,0.0031339850536380902,1283.5301296237753
ENSG00000214360,EFCAB9,4,0.20602515713342295,0.002857307270207242,2989.3850983485204
ENSG00000287866,ENSG00000287866,4,0.20736895023324006,0.004576081911734008,3530.352683028428
ENSG00000215704,CELA2B,4,0.20279089416004886,0.0035797552415854366,7781.891234625816
ENSG00000215478,CES5AP1,4,0.21209400629590058,0.006558188562279511,2057.71941337246
ENSG00000219445,ENSG00000219445,4,0.20772585620588874,0.015452333784560379,1538.0957645968572
ENSG00000214106,PAXIP1-AS2,4,0.21074784435113253,0.005668249808000913,2210.695011239222
ENSG00000291149,ENSG00000291149,4,0.18478003958605932,0.00048370006184950414,2337.680658707133
ENSG00000101470,TNNC2,4,0.19658373077291844,0.004445064276864837,3495.8324739298646
ENSG00000006534,ALDH3B1,4,0.2035401071771153,0.0023472387259509445,2793.4074957154885
ENSG00000287878,ENSG00000287878,4,0.20669909352203975,0.003674013442408829,3184.2415372199657
ENSG00000074317,SNCB,4,0.20633415979705885,0.01920646092034415,3508.3986020368034
ENSG00000215838,ENSG00000215838,4,0.19598757146019868,0.001330443399892727,2333.017698714505
ENSG00000214077,GNAQP1,4,0.2136100670646688,0.006930096491860169,2579.1343557131177
ENSG00000214237,MINDY4B,4,0.20442592358636694,0.0031401656855376604,1592.801285586451
ENSG00000221164,SNORA11F,4,0.20911557857725815,0.005099961906648808,1658.1344235289068
ENSG00000167772,ANGPTL4,4,0.19499844709057418,0.0014424387888227008,2918.7891084808803
ENSG00000213199,ASIC3,4,0.19405814724744444,0.00109557148084202,1568.0302021130153
ENSG00000180113,TDRD6,4,0.19600665382230517,0.0017216855761348394,3289.1942102165813
ENSG00000179583,CIITA,4,0.22982560037061295,0.023200444423684494,1572.5633391713934
ENSG00000179136,LINC00670,4,0.22079516860915066,0.010090339686585792,2324.871978066238
ENSG00000149300,C11orf52,4,0.19604389732904007,0.008083038785623536,953.8074575353606
ENSG00000150048,CLEC1A,4,0.22026441573758446,0.012651828970430698,3023.1746999962447
ENSG00000178752,ERFE,4,0.20421838644814247,0.0058779060743380076,8467.11013480449
ENSG00000178734,LMO7DN,4,0.22935393702033086,0.021935599410379834,1752.3924439898547
ENSG00000151651,ADAM8,4,0.1925137919417585,0.001253935448716582,2274.5881533586803
ENSG00000289155,ENSG00000289155,4,0.18701135992759813,0.001847714885811763,1328.5455314934215
ENSG00000151704,KCNJ1,4,0.20793115610165816,0.005327402088318365,1433.47488006427
ENSG00000178623,GPR35,4,0.2018819157112739,0.0023467155664583786,1861.470369784896
ENSG00000289178,ENSG00000289178,4,0.21213493467255737,0.007079829353210299,2627.163763601474
ENSG00000177138,FAM9B,4,0.20671712306416837,0.003542026395041474,2076.8201613496744
ENSG00000176884,GRIN1,4,0.19625459292719946,0.006916100105327984,2234.9427189020057
ENSG00000176563,CNTD1,4,0.20045165977073723,0.0020590715046091422,2987.1834273725417
ENSG00000176472,ZNF575,4,0.20824568607017924,0.008660774328128958,2471.6831606530495
ENSG00000148344,PTGES,4,0.20763584009774239,0.004283851000267174,3424.196885997321
ENSG00000180318,ALX1,4,0.19607653474836653,0.003974447385999201,1648.3052744999873
ENSG00000174898,CATSPERD,4,0.2081583020119789,0.004863936090535716,1821.1074089275392
ENSG00000180347,ITPRID1,4,0.21500531674092555,0.007600057309827914,2120.1114879997963
ENSG00000139508,SLC46A3,4,0.20205194613777128,0.0035486491989945392,6267.7214484478845
ENSG00000140297,GCNT3,4,0.21091142625526255,0.007006791011339893,1654.723406493376
ENSG00000140932,CMTM2,4,0.21199161955300994,0.005525643627802387,1809.7801683133828
ENSG00000289937,ENSG00000289937,4,0.21229246286181244,0.005707019532080276,1862.278961312913
ENSG00000289916,ENSG00000289916,4,0.2159586452312862,0.0068019202394595454,2858.8723499612483
ENSG00000141854,MISP3,4,0.20865681227170924,0.004011267322981355,2638.753773860325
ENSG00000182223,ZAR1,4,0.20384081888342007,0.004068756748487637,2468.3447604918183
ENSG00000143110,C1orf162,4,0.19216136045401827,0.0016137522516054376,7387.228672446551
ENSG00000181291,TMEM132E,4,0.2107808765779522,0.005061827667261065,1800.2087078967381
ENSG00000181284,TMEM102,4,0.2062355895265891,0.014508230150742114,3296.2454468179862
ENSG00000144410,CPO,4,0.20839255445715324,0.0052509193424625554,1581.2126239966158
ENSG00000180739,S1PR5,4,0.19709382205241174,0.007542443086727373,2373.2352811550695
ENSG00000289865,ENSG00000289865,4,0.2030081698830732,0.0019339545367165454,2412.1800133054144
ENSG00000144771,LRTM1,4,0.1877153016855969,0.004436854376847672,602.2500521922537
ENSG00000145002,FAM86B2,4,0.2024216175526556,0.0033050360223249174,1489.7498937316457
ENSG00000289695,ENSG00000289695,4,0.20768782308417155,0.0034132269654672067,1569.7116034622734
ENSG00000156510,HKDC1,4,0.19520861627874442,0.0019486801120124637,5909.454781957628
ENSG00000139155,SLCO1C1,4,0.2033107240243404,0.00421986776200715,2708.7104144995146
ENSG00000164304,CAGE1,4,0.21195029636886165,0.004868655855156415,2918.537185044159
ENSG00000165246,NLGN4Y,4,0.19245022793556943,0.0018015906048246377,3259.3952794191277
ENSG00000171056,SOX7,4,0.21611367297309259,0.008789626484730117,2549.354234864954
ENSG00000165507,DEPP1,4,0.20148618700192591,0.002492195002487434,2373.770503389292
ENSG00000170426,SDR9C7,4,0.20742290725712897,0.0039406141919633335,2010.05659878428
ENSG00000165621,OXGR1,4,0.2087494604298007,0.00468808722984679,3188.862819950418
ENSG00000169242,EFNA1,4,0.21078021856546553,0.008395050272643085,1801.3807298916204
ENSG00000165879,FRAT1,4,0.20128536159106333,0.0027417025568609544,2020.294329220006
ENSG00000169203,NPIPB12,4,0.20627533348076918,0.0035408627908482403,1640.7685648104741
ENSG00000165985,C1QL3,4,0.20573510522939822,0.0049401763597574306,1096.0481375989636
ENSG00000289483,ENSG00000289483,4,0.18174318035860984,0.0003901577537794152,3007.689459254882
ENSG00000166126,AMN,4,0.19746454628727275,0.0018846263877339239,2998.727369864606
ENSG00000166866,MYO1A,4,0.2142001726625123,0.006037059324060826,3656.7684757639436
ENSG00000168497,CAVIN2,4,0.20378804628200742,0.0033301232615324467,2276.277286471799
ENSG00000167311,ART5,4,0.20031834644098337,0.00256904219175265,1762.672868221927
ENSG00000167653,PSCA,4,0.1948743459356306,0.0018021839918162612,2685.3168932097346
ENSG00000164743,C8orf48,4,0.2028849899456104,0.0032050707930301584,2127.9201414347617
ENSG00000164220,F2RL2,4,0.20927744964892353,0.0064677953723622315,3511.138719976963
ENSG00000289606,ENSG00000289606,4,0.2259404314456546,0.021594570523949842,3837.063260220943
ENSG00000164129,NPY5R,4,0.2074997631155452,0.006706161667245288,923.3300241595725
ENSG00000289605,ENSG00000289605,4,0.20698453933865946,0.004516291160529823,2281.040329387031
ENSG00000157999,ANKRD61,4,0.2046741258962539,0.00421793736248023,2029.2007203640153
ENSG00000158104,HPD,4,0.20462424854978142,0.0032383791390871285,2530.0070537158854
ENSG00000174125,TLR1,4,0.21065164292561442,0.004887637989521644,1833.8287849019941
ENSG00000174028,FAM3C2P,4,0.21365875998866535,0.007063055845536088,1891.3184379497063
ENSG00000160183,TMPRSS3,4,0.22046392512347396,0.012554708079740238,1100.9811941180058
ENSG00000172955,ADH6,4,0.19883373866906728,0.0015066154538728243,3908.7977286297237
ENSG00000172940,SLC22A13,4,0.20570654748748612,0.004411614836325518,1789.5534554225953
ENSG00000161653,NAGS,4,0.20716720360489663,0.011126759049621541,2927.8222021936795
ENSG00000172900,ACTE1P,4,0.18879141530593674,0.001284031085583748,3760.940021902966
ENSG00000289297,ENSG00000289297,4,0.19050974911304064,0.0023668311973367617,2713.8231088784974
ENSG00000162782,TDRD5,4,0.21819851973514287,0.012339263544415842,1307.9670166714916
ENSG00000172350,ABCG4,4,0.19516979354204414,0.0018239069911587258,2216.156082560188
ENSG00000163285,GABRG1,4,0.20283945548154925,0.004680040083118363,2328.5064477048763
ENSG00000163817,SLC6A20,4,0.21038133139618304,0.005282791685317414,2766.0678501052544
ENSG00000139351,SYCP3,4,0.19893888906440116,0.0021506507565989246,3952.0262743154694
ENSG00000183807,FAM162B,4,0.19585188928549346,0.001800239931218514,2562.873589996523
ENSG00000287989,ENSG00000287989,4,0.20103913331863524,0.002583477909721228,1454.07620786568
ENSG00000118729,CASQ2,4,0.21999844709056335,0.013109047031081903,3832.8787143777604
ENSG00000204396,VWA7,4,0.2011165155870415,0.0018539698747925951,5135.5407015061555
ENSG00000204390,HSPA1L,4,0.20350023162043737,0.007791023944143975,2738.6149467725313
ENSG00000121764,HCRTR1,4,0.23288430561259837,0.032738739515577805,4125.161260204238
ENSG00000122035,RASL11A,4,0.1962581461946252,0.0014218688388226216,3301.8940259202723
ENSG00000290603,CEACAM22P,4,0.21145757661901154,0.005492956132045572,1388.0615531384108
ENSG00000122585,NPY,4,0.2133567322573872,0.010097853183511953,1670.3286787582751
ENSG00000122679,RAMP3,4,0.22485786930295704,0.022279997260702466,2371.130333832681
ENSG00000203804,ADAMTSL4-AS1,4,0.20342087531457104,0.003191956204932867,2711.9858780416057
ENSG00000123901,GPR83,4,0.2025301896129199,0.004335680676674732,2083.282238276926
ENSG00000203472,ENSG00000203472,4,0.2094387943105998,0.006319986498655297,1789.0380347052708
ENSG00000123999,INHA,4,0.20395689228602906,0.0034797243038323217,2469.7617189380057
ENSG00000203362,POLH-AS1,4,0.19029089416005093,0.0012458557190670031,10204.51450054587
ENSG00000203288,TDRKH-AS1,4,0.21940373540531463,0.01717750901021077,1562.8501680896957
ENSG00000201782,RN7SKP226,4,0.20226935346329317,0.002222047164419791,3232.1548156670833
ENSG00000199072,MIRLET7F1,4,0.20111888443199258,0.0030212978091458337,4586.819260702857
ENSG00000119608,PROX2,4,0.19644646936824486,0.0015651394869172863,2677.2359850305234
ENSG00000290722,WDR87BP,4,0.22998089131741462,0.028963363982703917,1736.8239584251103
ENSG00000198723,SAXO5,4,0.2027687849405043,0.0023825802844723533,2360.003838709895
ENSG00000204792,LINC01291,4,0.19922499289350712,0.0016919286231204258,2634.567844691784
ENSG00000105376,ICAM5,4,0.19700643799420942,0.001780798627168753,3101.8821092178273
ENSG00000290904,ENSG00000290904,4,0.20331677773921733,0.012005332681932492,1262.4106238908564
ENSG00000290893,ENSG00000290893,4,0.1981033448091134,0.002023775461645516,1878.1750237617575
ENSG00000108448,TRIM16L,4,0.1966167629997361,0.002366887098854823,1379.8855507396559
ENSG00000211683,ENSG00000211683,4,0.19757548719248685,0.0018471365274639576,2783.9507868766195
ENSG00000110876,SELPLG,4,0.19302125117130475,0.0014926826165795194,3247.7581423858505
ENSG00000288039,ENSG00000288039,4,0.1948164408368239,0.0015574512244673358,2412.797053120006
ENSG00000111339,ART4,4,0.21269200804358135,0.006781886349308284,2168.3957883504004
ENSG00000111713,GYS2,4,0.21255882631632472,0.008603113311726213,2121.94367958232
ENSG00000205744,DENND1C,4,0.20367789499177708,0.004197204340464685,3516.006425963237
ENSG00000205482,SPDYE18,4,0.1846239590242744,0.000547567135783626,2317.1251405729713
ENSG00000114737,CISH,4,0.21121569122899456,0.006867931186533217,2179.8288806045343
ENSG00000205334,LINC01460,4,0.20217960056014228,0.0043590020048449455,2390.175982926773
ENSG00000204963,PCDHA7,4,0.22317941105253328,0.021883978496368407,1197.1036204237657
ENSG00000288093,ENSG00000288093,4,0.2139098575534927,0.007049344014647359,3348.9232215304432
ENSG00000124678,TCP11,4,0.2078500889633285,0.004891506749801427,1414.9298515443081
ENSG00000127366,TAS2R5,4,0.20803591168950034,0.00556932985820908,3614.9912777699096
ENSG00000138449,SLC40A1,4,0.2089137003464171,0.006250470135148708,3128.8296225383215
ENSG00000188242,SLC9A3-OT1,4,0.20268205889479085,0.0025804949087975143,2021.1767719665568
ENSG00000134817,APLNR,4,0.20161950033167933,0.0027682841483602553,2748.512209347503
ENSG00000134962,KLB,4,0.20977385426869735,0.005694649632333065,2295.5982115096367
ENSG00000187583,PLEKHN1,4,0.19350449554135,0.0016233953928663418,2417.167368878421
ENSG00000187554,TLR5,4,0.19038854321303947,0.0008518989075104997,2585.786565858465
ENSG00000187193,MT1X,4,0.21436704462907474,0.012260546431250413,2335.5264453223335
ENSG00000186493,IRX2-DT,4,0.20455936851861833,0.002650116844197649,3356.9721419299453
ENSG00000288953,ENSG00000288953,4,0.213394370571614,0.028296293711511662,1216.7283121673872
ENSG00000135604,STX11,4,0.20577787604101686,0.002658798117708814,3088.684639177224
ENSG00000185739,SRL,4,0.20109545918747507,0.002603180503087159,2417.224675746694
ENSG00000184986,TMEM121,4,0.19608061442578126,0.0017010692938195467,2871.0801800249887
ENSG00000137462,TLR2,4,0.19099154585561742,0.001593491685243063,2397.8347620639624
ENSG00000184647,PRSS55,4,0.20898608171992614,0.005876090421594837,1645.892895084499
ENSG00000184608,FAM167A-AS1,4,0.21247486392305448,0.009100905904455284,1335.9295737511231
ENSG00000184454,NCMAP,4,0.19664926881656697,0.002115322721338619,1862.6791833230627
ENSG00000289004,ENSG00000289004,4,0.22467230978177982,0.028001433076724515,4912.167914467409
ENSG00000188039,NWD1,4,0.20312713854062223,0.0024027625914101666,2233.288412017325
ENSG00000288877,ENSG00000288877,4,0.21291020498408614,0.007300300460887321,1096.275125433607
ENSG00000127377,CRYGN,4,0.2024912352737217,0.004324829609312763,5056.481166697955
ENSG00000132470,ITGB4,4,0.19855276733735486,0.0031248497386871126,2344.6918152206977
ENSG00000127412,TRPV5,4,0.21264515755454685,0.00513866187910154,2893.937703701445
ENSG00000127903,ZNF835,4,0.19067491024713995,0.0019265057377586792,1789.7755493357454
ENSG00000198133,TMEM229B,4,0.20901635029430266,0.0048885655144529395,3088.3333623846324
ENSG00000197587,DMBX1,4,0.17378412452754435,0.00022596611195146494,1783.2053013524016
ENSG00000197454,OR2L5,4,0.203464040933682,0.0034448717406355,2078.3848027970275
ENSG00000290315,ENSG00000290315,4,0.20983189097000163,0.005830489832977922,1779.0843646981211
ENSG00000196878,LAMB3,4,0.1932114167798871,0.0015288086532039957,3751.159085876441
ENSG00000130383,FUT5,4,0.20332006780164782,0.0031917437732776194,6425.258522025936
ENSG00000196468,FGF16,4,0.1882157859827921,0.002569511224530041,1679.919413848817
ENSG00000288848,ENSG00000288848,4,0.21858095659226454,0.010796343329384948,1420.2765448339908
ENSG00000131050,BPIFA2,4,0.2034936514955724,0.002935417184191592,1189.2482296462495
ENSG00000288853,ENSG00000288853,4,0.20314924776016674,0.003306734730248978,1981.723043627024
ENSG00000131401,NAPSB,4,0.2026594232652574,0.0022330665329225634,4324.951849610459
ENSG00000289451,ENSG00000289451,4,0.2000057905099224,0.0038396539413362105,1327.0867837193834
ENSG00000188511,MIR3667HG,4,0.19616523483153778,0.0022653525420245147,2198.7038619206273
ENSG00000274220,ENSG00000274220,4,0.197208184622554,0.001809307546452606,3631.4661293028753
ENSG00000234675,ENSG00000234675,4,0.21328553530635447,0.006046547971106783,2152.7427999310717
ENSG00000223583,RPL17P9,4,0.20753424296983505,0.0049826388818105145,2070.944846151896
ENSG00000248243,LINC02014,4,0.20064972152915722,0.0024472693460318635,2887.5514144125877
ENSG00000248125,ENSG00000248125,4,0.20895028584066352,0.005021915024267415,1782.5529128706396
ENSG00000247516,MIR4458HG,4,0.21101197056319118,0.006621646960573629,1600.8660723285006
ENSG00000247498,GPRC5D-AS1,4,0.2072845930324781,0.003967688376220313,2746.7015699380386
ENSG00000247131,ENSG00000247131,4,0.2100163976712009,0.006662099096723236,3169.674289595289
ENSG00000246731,MGC16275,4,0.20972766179214913,0.004549572436815025,1607.5719998418883
ENSG00000263020,ENSG00000263020,4,0.20891067348897965,0.006683610548792707,2689.0457703850925
ENSG00000246548,LINC02288,4,0.20156001600290527,0.0022453500845869626,3647.0907768521743
ENSG00000246316,ENSG00000246316,4,0.20235068380661742,0.002085814554645554,2296.690764275835
ENSG00000246130,TNFRSF10B-AS1,4,0.2025030794984781,0.003705853078842124,1692.1413275419627
ENSG00000263331,ENSG00000263331,4,0.19639672362426996,0.0018967509631517684,3254.2856101797565
ENSG00000246100,LINC00900,4,0.18891696408835068,0.0009684298033361728,2569.3318029555385
ENSG00000263345,SGSM2-AS1,4,0.22073976395779188,0.011674998164652062,1664.535634508022
ENSG00000244733,ENSG00000244733,4,0.19011810008110952,0.0012003314477321875,3211.9402663486553
ENSG00000244706,ENSG00000244706,4,0.20426918501209582,0.0031936128028113285,1927.955478261543
ENSG00000263531,ENSG00000263531,4,0.21577492814507068,0.00944525379206902,3474.7167975120296
ENSG00000263709,ENSG00000263709,4,0.19275291367933217,0.0016616409663655783,1825.2979617710848
ENSG00000285865,ENSG00000285865,4,0.21430756030029957,0.00827693809369209,1119.0266974746976
ENSG00000244699,EVA1CP5,4,0.20239898192312222,0.0031752682599563713,1658.4397437887162
ENSG00000244471,TPTE2P3,4,0.20352405167244578,0.002709435129352143,3102.4426826029776
ENSG00000244184,PELP1-DT,4,0.20480743922600794,0.0037137035554003703,1817.5286041187762
ENSG00000244137,CAPN9-AS1,4,0.19228493519897347,0.0013859102871567525,3380.708137321336
ENSG00000248150,LINC02150,4,0.1909558815788521,0.0010407719595484026,4423.316195323119
ENSG00000248268,ENSG00000248268,4,0.2109598559742647,0.006131924512336088,1293.3634135570917
ENSG00000244004,RPS3AP19,4,0.20112941263177608,0.004702556160321709,1301.13127611328
ENSG00000262560,ENSG00000262560,4,0.19433846056667034,0.0016411064436573917,2032.3736174021533
ENSG00000285480,H2BK1,4,0.19868331701466538,0.0020555900433989562,2151.3669232143798
ENSG00000279254,ENSG00000279254,4,0.1842238874325151,0.0005752142870065819,3052.634569821493
ENSG00000250174,ENSG00000250174,4,0.20806986513380074,0.004597156683912021,1956.2167132611937
ENSG00000279199,ENSG00000279199,4,0.19094759062152228,0.0011658448228135784,1939.4755856134077
ENSG00000250129,NEK11-AS1,4,0.20710429761119237,0.0037162771123065825,2518.120844019759
ENSG00000279196,ENSG00000279196,4,0.21247552193554103,0.006383516782120335,2288.5638113362356
ENSG00000249971,ENSG00000249971,4,0.20785430024324167,0.004755151596905797,1931.3149261270287
ENSG00000249863,ENSG00000249863,4,0.19463153932813337,0.002928794578300427,2235.563777230113
ENSG00000285569,ENSG00000285569,4,0.2071202215133644,0.0039045368585455126,2105.6912320467804
ENSG00000279147,ENSG00000279147,4,0.19875885684810957,0.0018180011466322394,2210.419786552649
ENSG00000279080,ENSG00000279080,4,0.2111725256098838,0.006221282327096056,1574.8267037858056
ENSG00000261821,ENSG00000261821,4,0.216889074887119,0.01732992660139394,2091.2295206020895
ENSG00000249407,IL20RB-AS1,4,0.2036381510375953,0.004196351944556713,1924.8880713871654
ENSG00000285644,ENSG00000285644,4,0.18009499068255785,0.00037812458923948536,2290.6946050673155
ENSG00000285648,ENSG00000285648,4,0.19727582830615945,0.002077158162794201,1929.9124230583823
ENSG00000249028,ENSG00000249028,4,0.21561858437829148,0.0082050393197343,1507.0164346487531
ENSG00000249019,ENSG00000249019,4,0.19304757167076264,0.0013605613562769024,2275.871964334725
ENSG00000285660,ENSG00000285660,4,0.2027512818083651,0.003971451289686943,1484.0686328345673
ENSG00000248964,ENSG00000248964,4,0.19981667772131928,0.004110345676066702,2346.478172031549
ENSG00000248790,ENSG00000248790,4,0.1995967699483478,0.0023768383125322675,1841.585199129061
ENSG00000248714,ZNF652-AS1,4,0.22784024509651607,0.01623495459604851,2067.708573933364
ENSG00000263873,THY1-AS1,4,0.1980017476812071,0.0046238870149305136,2016.34257633679
ENSG00000263884,THOC1-DT,4,0.21458129349466074,0.006396570634113186,3006.8514458092604
ENSG00000261170,ENSG00000261170,4,0.21520561574179906,0.010419877614576854,1584.277621129857
ENSG00000239480,ENSG00000239480,4,0.20893080867106464,0.004972109736923205,2864.1749006477594
ENSG00000286206,ENSG00000286206,4,0.19543378815160567,0.002067343816648017,1961.7151793145847
ENSG00000265443,ENSG00000265443,4,0.21055859996003137,0.004400463431162512,2613.7269133605923
ENSG00000265480,KRT18P55,4,0.20962119537184246,0.004178813731426251,1879.3926229601389
ENSG00000237818,RPS3AP29,4,0.19998407609786953,0.003140853220407408,5246.180171850197
ENSG00000258655,ARHGAP5-AS1,4,0.20064393101927652,0.003775700249271764,9590.019835812012
ENSG00000237654,NTM-AS2,4,0.20239911352562073,0.004717892147977689,2454.568628879387
ENSG00000277851,LINC02391,4,0.2179940094543563,0.009662039330311704,1668.181019707723
ENSG00000237398,HLA-DPA3,4,0.19738176831647805,0.00298217741591283,2775.6507367964728
ENSG00000237372,LINC03062,4,0.20216222903050057,0.006411456863422178,1871.6651542444465
ENSG00000266537,SPDYE22P,4,0.1971954191803166,0.0014865793641844897,2251.912046713417
ENSG00000277767,ENSG00000277767,4,0.2001005443079703,0.002427172273557567,2641.577615526522
ENSG00000286292,ENSG00000286292,4,0.20926218375923877,0.0035301263726259325,2580.84084355648
ENSG00000286302,ENSG00000286302,4,0.18999347251617738,0.00127534710941472,5285.537182540779
ENSG00000237101,ENSG00000237101,4,0.20666066559283122,0.004341363998948405,3232.1275339295044
ENSG00000236993,GAPDHP21,4,0.21160062853356432,0.007118356966113807,2553.714655067217
ENSG00000266840,ENSG00000266840,4,0.2017176757946575,0.002659742007987978,1914.0279490212731
ENSG00000236914,LINC01852,4,0.20161871071669604,0.002374838928203774,2119.2420860272155
ENSG00000266933,MADCAM1-AS1,4,0.1911139361780957,0.0011005234257811956,2109.25066526367
ENSG00000286338,ENSG00000286338,4,0.2001805586263216,0.0028847425197890404,3724.879853765524
ENSG00000236680,PSMC3P1,4,0.2102297253193063,0.005192501924566087,3203.8384974732726
ENSG00000236544,EN2-DT,4,0.2015706758051854,0.002958282260433505,1245.183834458372
ENSG00000286191,ENSG00000286191,4,0.18578864112528565,0.0007521940887042044,1724.7438204695804
ENSG00000265401,ENSG00000265401,4,0.19904443426722665,0.0018007314100436749,3118.607741339545
ENSG00000243844,RPL17P33,4,0.21332106798062234,0.006991418049775971,1864.3429129904675
ENSG00000239508,PLCH1-AS1,4,0.20607424486491158,0.00369221753384915,3542.5810154021206
ENSG00000264434,ENSG00000264434,4,0.2069791436362707,0.004194721975664682,1768.1158650659788
ENSG00000264475,ENSG00000264475,4,0.20391806954932878,0.003665141337939355,3020.386598367376
ENSG00000264672,SEPTIN4-AS1,4,0.20537451438682633,0.004409159648145269,3417.4861088252483
ENSG00000285952,ENSG00000285952,4,0.1959362464862558,0.0015405821746547856,5662.8462210848365
ENSG00000265000,MARCHF10-DT,4,0.201585546887379,0.0030372802490187993,1512.547732781365
ENSG00000278291,ENSG00000278291,4,0.20027017992697596,0.0018241481152159174,3785.288676277423
ENSG00000242686,PDE6B-AS1,4,0.181649084573048,0.00032489921720100883,4426.711465723279
ENSG00000242600,MBL1P,4,0.2200201615026163,0.013258368468853117,1629.8853321333788
ENSG00000242197,ENSG00000242197,4,0.21313893012437465,0.007864377268564449,2061.229559275967
ENSG00000241959,RN7SL76P,4,0.18519458745252135,0.0006061757565375377,1877.0239923666372
ENSG00000241860,ENSG00000241860,4,0.18905554151799445,0.0020630970162779268,2276.392422878387
ENSG00000241772,ENSG00000241772,4,0.1892295200194125,0.0009741877971460181,4994.94223250744
ENSG00000241213,LINC02024,4,0.22233320699496548,0.01901446364271658,1147.0257429510445
ENSG00000265142,MIR133A1HG,4,0.2039234652517181,0.004250634205656024,1806.6761757408165
ENSG00000265394,ENSG00000265394,4,0.20312332206820105,0.0020650723934344624,2369.372523247215
ENSG00000240373,SEC62-AS1,4,0.19252260930907725,0.001135914338181224,2689.9039271632305
ENSG00000286144,ENSG00000286144,4,0.22708695240203547,0.020102870722051806,2393.7328922100046
ENSG00000240204,SMKR1,4,0.19901719255028738,0.003129974786076034,3247.4816309598577
ENSG00000239697,TNFSF12,4,0.19886703410088166,0.0027237383061253376,7261.170895579921
ENSG00000278090,LUNAR1,4,0.20324584399317713,0.002950209788395106,2814.9956081167193
ENSG00000239572,ENSG00000239572,4,0.19543036648667766,0.0026845156507512738,2587.860020225466
ENSG00000261211,ENSG00000261211,4,0.20471255382546252,0.0035996846659374264,3303.7834267432295
ENSG00000279345,ENSG00000279345,4,0.2066417148332215,0.003964240983602985,3737.5311860560428
ENSG00000266964,FXYD1,4,0.202325547729636,0.004781101409662612,3452.1336183910107
ENSG00000281468,ENSG00000281468,4,0.1875032900624683,0.0006846742759759859,2104.139187306413
ENSG00000256972,ENSG00000256972,4,0.20291762736493818,0.004073127579281247,2837.032551584031
ENSG00000256690,STX5-DT,4,0.2018153248476457,0.0032231400004608095,1822.4875308878477
ENSG00000279982,ENSG00000279982,4,0.20120811092515453,0.0030273838586086736,2838.471109860954
ENSG00000259357,CERS2-AS1,4,0.1988496625712387,0.002099546677060883,2252.9193569905656
ENSG00000281903,ASMER1,4,0.19554367623684277,0.001463909916884913,2528.168249838265
ENSG00000259371,ENSG00000259371,4,0.20281708305700955,0.0035220954067303445,3408.731503725807
ENSG00000255867,DENND5B-AS1,4,0.2077137487761367,0.005748346619153617,2566.4861326285336
ENSG00000259420,ENSG00000259420,4,0.2140475137656569,0.007982936742537871,1641.4579143314627
ENSG00000259532,ENSG00000259532,4,0.20485534253502094,0.003268223361431174,4952.243481984748
ENSG00000259571,BLID,4,0.204171799164102,0.00365388155333276,2693.9780143377793
ENSG00000282863,ENSG00000282863,4,0.2085662697535749,0.004393862065928018,2129.6652877201177
ENSG00000259699,HMGB1P8,4,0.2148294958045477,0.007302701942546607,3117.593006012116
ENSG00000279796,ENSG00000279796,4,0.20649510965124185,0.003742200997543527,2488.7434861543766
ENSG00000255629,ENSG00000255629,4,0.2149253024225737,0.007233526110552043,2579.46893295596
ENSG00000282885,ENSG00000282885,4,0.2106665140078078,0.005613598276805545,1605.207167538401
ENSG00000255621,ENSG00000255621,4,0.2024683364391935,0.0030045048246501913,2680.777371729634
ENSG00000282951,ENSG00000282951,4,0.20509512228508167,0.0031526558182522224,2961.902370430359
ENSG00000255507,ENSG00000255507,4,0.2000755398334854,0.0022206785518615107,2372.46550337262
ENSG00000259715,ENSG00000259715,4,0.19745322847250568,0.0016265623350962698,5374.787159360106
ENSG00000283050,GTF2IP12,4,0.19607271827594455,0.001365401769771805,2441.3198141963226
ENSG00000279727,LINC02033,4,0.21569254498176785,0.009702679990990896,2210.3543079802166
ENSG00000256988,KCNA6-AS1,4,0.21364112525402862,0.008852563747228237,3712.879147382793
ENSG00000257256,ENSG00000257256,4,0.19529205226202564,0.001955776082021632,7987.386775970344
ENSG00000279672,ENSG00000279672,4,0.20076066243437193,0.0017896437529743116,2849.18648740174
ENSG00000259221,ENSG00000259221,4,0.20551177579149882,0.003975581150938906,2793.029481961312
ENSG00000280195,ENSG00000280195,4,0.20803564848450584,0.004264991898189505,1658.519224525938
ENSG00000258487,LINC02277,4,0.20217828453516856,0.00311684928168313,3050.658849629618
ENSG00000258471,ENSG00000258471,4,0.2090350378489177,0.0044084637225835395,1603.1014716724442
ENSG00000280255,ENSG00000280255,4,0.21053714875297294,0.005185172691660864,2594.1824691218653
ENSG00000258342,ENSG00000258342,4,0.1949213280271637,0.0012568162169472959,4445.110326310496
ENSG00000258181,ENSG00000258181,4,0.21277096954195446,0.009332876553705046,5289.560149458711
ENSG00000258175,LINC02300,4,0.21894233704982,0.009903481752750637,1771.3079493654873
ENSG00000258144,LINC02406,4,0.2185464767379752,0.009513233291289868,3829.494810541621
ENSG00000258909,ENSG00000258909,4,0.2077611256751611,0.0039107181437127115,1564.2758467532265
ENSG00000258913,LINC02691,4,0.2239332301570041,0.016346295721272216,1277.1076665964918
ENSG00000258137,ENSG00000258137,4,0.19841142625526687,0.0017467692425954765,3633.3830977089974
ENSG00000258096,SLC38A2-AS1,4,0.1878101870861453,0.0020685702009417056,2942.895079857633
ENSG00000259072,ENSG00000259072,4,0.20417245717658838,0.004764064536407291,1317.7212585631019
ENSG00000259168,ENSG00000259168,4,0.19825192402855202,0.002615559162521987,3438.7761619823154
ENSG00000257604,ENSG00000257604,4,0.2148939810282192,0.009648876608876752,2274.1762521201463
ENSG00000280067,ENSG00000280067,4,0.20454094416899796,0.003496635745297013,2160.868793649331
ENSG00000259181,ENSG00000259181,4,0.20745212301152705,0.004553207042284874,4193.525077423067
ENSG00000280055,LINC02912,4,0.21406014760539663,0.014700268239499496,5572.405606278332
ENSG00000259202,SMAD3-AS1,4,0.214929513702487,0.011779678389718091,3291.7102557876688
ENSG00000257277,ENSG00000257277,4,0.19251102828931568,0.0011991523322675657,2874.7789189723976
ENSG00000280734,LINC01232,4,0.2021438046808788,0.003561652695418794,2712.7570038847985
ENSG00000255418,LINC02718,4,0.20490587789398004,0.0044918250174192055,3934.9278789492114
ENSG00000255355,PATL1-DT,4,0.1953875956750583,0.0015437623187540307,2081.451823205557
ENSG00000261070,ENSG00000261070,4,0.22183259109527814,0.01571080413175804,3051.241662698404
ENSG00000254092,ENSG00000254092,4,0.19859724898143852,0.002228163358148484,2666.589631652609
ENSG00000254064,PIWIL2-DT,4,0.20155001421311086,0.0030117864397573874,3378.456984585629
ENSG00000254057,ENSG00000254057,4,0.19427818662291224,0.0013416639188083626,2857.8377909334213
ENSG00000253764,KBTBD11-AS1,4,0.20124127475447123,0.0023852343904210973,2109.4828532289284
ENSG00000253627,ENSG00000253627,4,0.19885295263367092,0.002107125987845296,1704.7284625429222
ENSG00000253559,OSGEPL1-AS1,4,0.19178563532425813,0.0013958101657638004,3053.4508810165335
ENSG00000260439,LMF1-AS1,4,0.20820120442609544,0.005033957330047319,3191.1360332970926
ENSG00000251992,SCARNA17,4,0.20657986165949585,0.004295900644567227,2383.3478038565486
ENSG00000251689,ENSG00000251689,4,0.20972739858715447,0.009099423423162856,4499.757796084008
ENSG00000251615,ENSG00000251615,4,0.18989042776080012,0.0010417416619767435,2576.1808538428363
ENSG00000251414,ENSG00000251414,4,0.19766287125068718,0.0019737806249031,2197.1868401022393
ENSG00000251359,WWC2-AS2,4,0.1958945284946156,0.0012727678750115554,2985.65916273452
ENSG00000279464,ENSG00000279464,4,0.17838297379532037,0.0003386432746262596,6451.514253939888
ENSG00000260743,ENSG00000260743,4,0.19732767969009216,0.001949211066794175,3171.5500238663476
ENSG00000251196,ENSG00000251196,4,0.2031306918080486,0.004134770458646038,2728.1738928866594
ENSG00000251179,TMEM92-AS1,4,0.209325879367926,0.00593082013059321,3129.6805838130767
ENSG00000251088,ENSG00000251088,4,0.2255432551088372,0.026296886789059216,2607.067844475671
ENSG00000260911,ENSG00000260911,4,0.19906772790924662,0.002016251278203483,4276.847362719522
ENSG00000250866,ADAMTS16-AS1,4,0.1863604539760083,0.0006946807078654939,1544.6389297986238
ENSG00000260924,LINC01311,4,0.2074860764558271,0.0046840465798957545,1415.9208044332424
ENSG00000261024,ENSG00000261024,4,0.21231615131132434,0.0073615029262876774,1551.9857315310878
ENSG00000250412,KLHL2P1,4,0.20401979827973352,0.0033160842118261672,4454.231142844494
ENSG00000254080,LINC03071,4,0.2088053914911488,0.004850685682273968,2731.319194790212
ENSG00000284194,SCO2,4,0.2021564385206187,0.004858846019349533,2759.3099979815274
ENSG00000255274,SMIM35,4,0.21845672383482417,0.008264555666309249,2192.107213542347
ENSG00000284048,ENSG00000284048,4,0.20094201067563608,0.003090187149682298,2525.3346216679115
ENSG00000260084,ENSG00000260084,4,0.1976852436752266,0.0015327199904720528,6028.457209541771
ENSG00000255267,LINC02687,4,0.20073644757487094,0.0019715548928668602,2771.508385879334
ENSG00000255046,ENSG00000255046,4,0.19577753387452487,0.0017928033011715317,5371.542988490851
ENSG00000255032,TSPAN18-AS1,4,0.19466996725734148,0.0015486232812017098,2017.0624520318263
ENSG00000254990,ENSG00000254990,4,0.2049171957087468,0.0032389782390871004,3682.181680221067
ENSG00000254988,ACER3-AS1,4,0.20141209479595304,0.0040046866287845205,2012.697765229381
ENSG00000254973,ENSG00000254973,4,0.20546203004752428,0.01085407226982734,899.344365955781
ENSG00000254919,ENSG00000254919,4,0.19854013349761485,0.002529218864414879,3011.3160476737294
ENSG00000283526,PRRT1B,4,0.20079448427617744,0.012079385121401026,1510.6988441132194
ENSG00000279658,ENSG00000279658,4,0.2006753840161285,0.002318164593385888,3736.7578938647657
ENSG00000260231,KDM7A-DT,4,0.2022825137130218,0.003817114642486168,5288.760932169702
ENSG00000260305,NTRK3-AS1,4,0.21068375393495295,0.004532622450161179,1806.8814888070108
ENSG00000254480,LINC02749,4,0.19953754882456842,0.0021879989364017418,2357.6207082132905
ENSG00000279609,ENSG00000279609,4,0.1946282492657002,0.0016078559023660485,6063.136121185598
ENSG00000254389,RHPN1-AS1,4,0.2190939431266967,0.008698664143331631,3189.0449376349065
ENSG00000254306,ENSG00000254306,4,0.2310822726172236,0.023768531423593527,2149.343406040315
ENSG00000283886,ENSG00000283886,4,0.20869129212599888,0.005013677807605682,2203.2228654110777
ENSG00000279569,ENSG00000279569,4,0.20290051904029027,0.004418188664565854,2379.9188953051794
ENSG00000254275,LINC00824,4,0.18739195434976186,0.0010494612447735487,3601.013596838467
ENSG00000254238,ENSG00000254238,4,0.2053672762494754,0.004460653072317576,1600.4023493152695
ENSG00000254222,ENSG00000254222,4,0.19295702915262797,0.0012771090176847046,2695.6564540240897
ENSG00000236540,ENSG00000236540,4,0.20332217344160441,0.0031557071399801293,1811.1675728168943
ENSG00000237753,SLC20A1-DT,4,0.20610425023429366,0.0031017150012507665,2415.0319022789336
ENSG00000230359,TPI1P2,4,0.20117968478574008,0.0028236191605597693,2462.5673765278652
ENSG00000271959,ENSG00000271959,4,0.20593685185774194,0.003790124614815858,2365.6729980834393
ENSG00000228737,ENSG00000228737,4,0.20452949475173365,0.0038018477148843008,3068.306430370151
ENSG00000271155,ENSG00000271155,4,0.21341240011374038,0.007048606918875975,1637.5720379464183
ENSG00000271553,ENSG00000271553,4,0.19225743027703968,0.001702542242359909,4202.1666577904225
ENSG00000275549,STPG3-AS1,4,0.2123803733300014,0.006894561955568024,2266.716777045946
ENSG00000228421,ENSG00000228421,4,0.21326316288181524,0.006614080787484785,2004.423364891355
ENSG00000271743,ENSG00000271743,4,0.20452028257692334,0.00327678334385321,2154.2174311849562
ENSG00000228224,NACA4P,4,0.20899713632969816,0.004592268452028641,1634.1691021581366
ENSG00000228035,NGF-AS1,4,0.19842616573496347,0.0016473305453131729,3722.9159455043573
ENSG00000227610,FRMPD3-AS1,4,0.19810044955417278,0.0020811581565189224,4302.187838309222
ENSG00000271963,ENSG00000271963,4,0.20131641978042322,0.0021434900859766642,3518.158276502442
ENSG00000270956,ENSG00000270956,4,0.211852384110878,0.0069076881882221995,3590.523620130846
ENSG00000227487,NCAM1-AS1,4,0.2042439173326165,0.0031172672948050644,1401.5455529792932
ENSG00000271980,CCT5-AS1,4,0.20211524693896715,0.0033485099894501238,1594.0953797626594
ENSG00000272072,ENSG00000272072,4,0.20178624069574463,0.0029403777449592402,2834.252879056305
ENSG00000227373,RABGAP1L-DT,4,0.20685464767383538,0.00472072129293451,1969.9705978219308
ENSG00000227053,MUC12-AS1,4,0.2014973732141961,0.0037328038485599157,2264.9628436160847
ENSG00000275239,FAM242F,4,0.18487834665153516,0.0006107924497029992,3090.061932386625
ENSG00000226759,DAB1-AS1,4,0.197090795194972,0.001984724014666966,3042.45212579022
ENSG00000226756,SERTAD2-AS1,4,0.22598886116465688,0.013859356248122689,882.7156434169557
ENSG00000287394,MAGEA3-DT,4,0.2168509101629046,0.011566448413502508,2072.1806197652845
ENSG00000271119,LINC03067,4,0.20161660507673937,0.0024484687556974396,3586.3777590172867
ENSG00000275830,LINC03082,4,0.20420338376345198,0.0024429315616939975,1864.3621235707758
ENSG00000287410,ENSG00000287410,4,0.21249170904270756,0.006765133037591367,1692.3817714650577
ENSG00000276075,ENSG00000276075,4,0.2003925702494545,0.0027935151284412757,2976.9023417659564
ENSG00000269915,ENSG00000269915,4,0.20965699125110482,0.005289387804919671,1792.3047074863007
ENSG00000286975,ENSG00000286975,4,0.20328690397233104,0.0025894353727565927,1986.2423111433136
ENSG00000230793,SMARCE1P5,4,0.20492140698866035,0.003685235071785492,1877.4784526934664
ENSG00000230729,ENHO-AS1,4,0.22096375140817764,0.009960403120996872,2666.2009148473358
ENSG00000287027,ENSG00000287027,4,0.2253405872630119,0.014336048668216103,2411.625824835713
ENSG00000230524,COL6A4P1,4,0.2109048461303985,0.006139222614675916,2779.443204817957
ENSG00000287041,ENSG00000287041,4,0.21116002337264145,0.00484991256194696,2356.9574653585346
ENSG00000270008,ENSG00000270008,4,0.20197403745937625,0.004266127814900627,2103.888596817323
ENSG00000287047,ENSG00000287047,4,0.20376462103748974,0.003024286216714307,2274.727171400277
ENSG00000276071,ENSG00000276071,4,0.18913279218390522,0.0009531273627610737,5196.145703668036
ENSG00000287168,ENSG00000287168,4,0.19447414274137562,0.0014006671608377673,7519.649686477694
ENSG00000266992,DHX40P1,4,0.19349909983896055,0.001703532976565684,1879.6269792889645
ENSG00000270055,ENSG00000270055,4,0.20080119600353727,0.004147835027257814,1929.8813925187035
ENSG00000270154,ENSG00000270154,4,0.2107837718328926,0.005122791863490955,2434.646907346654
ENSG00000230319,TTLL1-AS1,4,0.208278323489507,0.004445187156967906,3315.922052751278
ENSG00000230102,LINC02028,4,0.2072410326058753,0.004027568960751968,2656.7670447134383
ENSG00000287083,ENSG00000287083,4,0.18897223713721278,0.0010821632570310214,1655.8929616869593
ENSG00000270765,GAS2L2,4,0.21502532032051358,0.006622712072101969,3642.536913809845
ENSG00000229443,LINC00433,4,0.20283550740663236,0.013821684717011314,1237.299396426946
ENSG00000229205,LINC00200,4,0.19403524841291644,0.0014004523017987986,2711.5554994189656
ENSG00000226709,FGF12-AS3,4,0.19788830632854437,0.008923363309480287,1132.249422899543
ENSG00000272320,ENSG00000272320,4,0.2059068464883601,0.004331339811811653,2193.399668153492
ENSG00000269904,MAP2K4P1,4,0.20405704178646614,0.003527270055748954,1870.8759429906634
ENSG00000224394,GPC6-AS2,4,0.20304988787471373,0.0024565584763585574,2796.2047222742153
ENSG00000224764,AOPEP-AS1,4,0.21644820652120086,0.01056067127470496,2654.210748927092
ENSG00000287576,ENSG00000287576,4,0.20472795131764548,0.0033864060133632712,2717.7415215996743
ENSG00000274403,ENSG00000274403,4,0.2061268858638273,0.0033911100168216865,1577.3198895145097
ENSG00000224750,ENSG00000224750,4,0.21819430845523,0.01255912083712167,2112.120485823656
ENSG00000224731,ENSG00000224731,4,0.18784177168549665,0.000813304966078729,10802.127151626955
ENSG00000224687,RASAL2-AS1,4,0.20195613951974475,0.002201498286661529,2798.931076815193
ENSG00000224643,ENSG00000224643,4,0.2203348230736337,0.013004775593146618,1659.3071795295511
ENSG00000287617,ENSG00000287617,4,0.18947509027935497,0.001149589048261199,5395.615702867383
ENSG00000224418,STK24-AS1,4,0.20663316067089824,0.005176513965508232,2026.996370923111
ENSG00000224281,SLC25A5-AS1,4,0.19208476780059605,0.0012797275343064316,2665.39599973213
ENSG00000274460,ENSG00000274460,4,0.1855984755167025,0.0006501892415861518,3235.3635744809358
ENSG00000224222,LINC02636,4,0.21388472147651058,0.005623509084443591,3072.141355508675
ENSG00000273448,ENSG00000273448,4,0.19998262847039938,0.0021911747405962178,3332.543950391096
ENSG00000287712,ENSG00000287712,4,0.2044228967289294,0.003630552837201828,4558.069662821285
ENSG00000223953,C1QTNF5,4,0.20675673541585204,0.004216702586903243,874.2253355206564
ENSG00000287731,ENSG00000287731,4,0.19682351052297767,0.001625360174642884,2799.7920685048075
ENSG00000273619,RPS21-DT,4,0.2011995567628303,0.003273229672620624,1957.131151731035
ENSG00000273783,GTF2A1-AS1,4,0.20701493951553332,0.0044743615435240795,2061.729785415827
ENSG00000223711,ENSG00000223711,4,0.21391169998845477,0.007580805546735036,1723.1346404369338
ENSG00000287760,ENSG00000287760,4,0.21477975006057196,0.01175761918044345,1096.5139930834698
ENSG00000224786,CETN4P,4,0.21470855310953893,0.0071574351872873915,1911.2284669560443
ENSG00000224976,PARP4P2,4,0.20839334407213703,0.004504764114659626,2784.767931655573
ENSG00000226410,ENSG00000226410,4,0.20708403082660987,0.003257957163905016,7720.0383437473
ENSG00000225683,PACRG-AS3,4,0.20998731351929983,0.005595064774912729,1918.686602557731
ENSG00000275183,LENG9,4,0.2000030268574795,0.0021226317563877778,2857.017982940096
ENSG00000226276,ENSG00000226276,4,0.20480362275358674,0.005198308569330691,7560.754821964125
ENSG00000226140,LINC02654,4,0.20890540938908825,0.009177339810610318,1770.4107607183564
ENSG00000272371,ENSG00000272371,4,0.20634732004678605,0.0032044713066518692,3718.2376305394027
ENSG00000226051,ZNF503-AS1,4,0.20344719581402945,0.0028519225846478833,10682.880931000986
ENSG00000272462,LINC02980,4,0.19978969920937362,0.002366917936929465,2002.6585385327478
ENSG00000272701,MESTIT1,4,0.20308239369154368,0.0037163857649253093,1663.1810204459734
ENSG00000287456,ENSG00000287456,4,0.20441513218159058,0.007174844945094902,1597.4498860349486
ENSG00000272720,ENSG00000272720,4,0.20168056389042183,0.0027066087097427213,4247.988272365083
ENSG00000287480,ENSG00000287480,4,0.20744606929665152,0.0036506246329442273,1934.1255159403759
ENSG00000225075,ENSG00000225075,4,0.19179339987159938,0.001638479679897246,2178.161722109799
ENSG00000287490,ENSG00000287490,4,0.21544565869685414,0.008373626316653022,3236.380010080048
ENSG00000272953,ENSG00000272953,4,0.1975866734047577,0.0012870896751387526,3088.5538233462025
ENSG00000225457,ENSG00000225457,4,0.20767453123194524,0.004342123886512286,5203.516079220967
ENSG00000225376,TMEM246-AS1,4,0.20267890043485567,0.0029800467887257705,4068.5405252835094
ENSG00000225328,LINC01594,4,0.20339823968503817,0.004297879483644734,2269.152490669028
ENSG00000273149,ENSG00000273149,4,0.20458529421058444,0.006052511702322428,3770.8454210344207
ENSG00000273275,ENSG00000273275,4,0.20307436593920897,0.003877675837203122,7112.075002456239
ENSG00000287544,ENSG00000287544,4,0.22258930545469022,0.018887867390627124,1562.591393905007
ENSG00000273314,ENSG00000273314,4,0.17633602855248043,0.00029219565606046374,1906.5364342642904
ENSG00000231119,ENSG00000231119,4,0.20867655264630267,0.006620621534759089,1824.6653229272786
ENSG00000258708,SLC25A21-AS1,4,0.20107532400538994,0.0024012679069953004,4658.626294505787
ENSG00000268798,ENSG00000268798,4,0.2127391217376109,0.005658505997772327,3931.6212935962826
ENSG00000286763,ENSG00000286763,4,0.19533245422869372,0.0016697557057759923,2270.756593718517
ENSG00000268438,BNIP3P27,4,0.21418122190290276,0.006038053752620486,3218.132431017741
ENSG00000286482,ENSG00000286482,4,0.20191692197555267,0.0037238003300797567,1528.1220314691961
ENSG00000235491,ENSG00000235491,4,0.2066181579862068,0.0048648962637137345,2617.9453617157455
ENSG00000267337,LINC01478,4,0.21131044502704266,0.007731587889025884,2378.7069276718503
ENSG00000268361,ENSG00000268361,4,0.18582917469445046,0.0007431146724252658,3665.5559689910947
ENSG00000235288,ENSG00000235288,4,0.20023820052013502,0.001742424956265038,3699.9519845950113
ENSG00000233665,ENSG00000233665,4,0.19575279260503498,0.0016089642235986874,3522.0742307009955
ENSG00000234945,GTF3C2-AS1,4,0.2120187296674512,0.012006463304983775,3607.51697509835
ENSG00000234396,ENSG00000234396,4,0.21028105029324898,0.004415245870125242,2733.2693347564764
ENSG00000234378,ENSG00000234378,4,0.20678345072280185,0.004951856387905424,1487.146316013483
ENSG00000235169,SMIM1,4,0.21559173746884455,0.009861180317993419,4200.570199997054
ENSG00000267440,LINC02594,4,0.2073076234695035,0.004453090995200167,2447.824341562016
ENSG00000277196,ENSG00000277196,4,0.20731999410424942,0.007011893244912231,3852.485253259083
ENSG00000286708,ENSG00000286708,4,0.205321346977921,0.005399915214138503,7818.0095344436795
ENSG00000286521,ENSG00000286521,4,0.20641535853788476,0.003205428393493365,3017.8177140384482
ENSG00000235078,ENSG00000235078,4,0.2106541433730629,0.005203568146432352,2772.9936099227643
ENSG00000233693,PBX1-AS1,4,0.23314645778719714,0.02674940348196363,2925.429412788306
ENSG00000233729,NCKAP5-AS1,4,0.21723584746747485,0.007085428378654224,2650.554724187964
ENSG00000286689,ENSG00000286689,4,0.22010254466591925,0.014976296415296868,2122.34938932413
ENSG00000268047,ENSG00000268047,4,0.20546150363753385,0.004036073445793709,2500.1458224919766
ENSG00000267530,LINC01836,4,0.216859859132721,0.011372229181431562,2521.1703783703924
ENSG00000286686,ENSG00000286686,4,0.18612199025091905,0.0006467927609946085,2031.7504627168075
ENSG00000286535,ENSG00000286535,4,0.21153680132237906,0.006895330494799056,2769.7463093422757
ENSG00000233840,ENSG00000233840,4,0.20572878830952798,0.004454084131898036,1596.5952423902527
ENSG00000233871,DLG5-AS1,4,0.1985369750376802,0.002076582211880334,4029.202539333896
ENSG00000233993,DTD1-AS1,4,0.19600546939982955,0.001615454668852847,2147.9306656376134
ENSG00000234021,ENSG00000234021,4,0.21690934167170145,0.00889964932313809,2434.6481935068964
ENSG00000234156,ENSG00000234156,4,0.19939383889752885,0.0017018263200544999,2877.3176591923534
ENSG00000234177,ENSG00000234177,4,0.21171235905376262,0.005686853198423772,1260.7614267265978
ENSG00000233436,BTBD18,4,0.1808088026278555,0.000402851119946771,3941.495377553974
ENSG00000276462,LINC03025,4,0.20805696808906674,0.003475103046601554,2008.6477611596536
ENSG00000267134,LINC01924,4,0.19145162818613842,0.005918178912519525,541.6036061818562
ENSG00000236114,ENSG00000236114,4,0.19737453017912707,0.002664294972064226,3127.975611122518
ENSG00000234832,NXT1-AS1,4,0.2119429266290134,0.01434376825211991,2195.7407532608127
ENSG00000236266,ENSG00000236266,4,0.18893170356804764,0.0010444752140643236,2052.0156082708386
ENSG00000231749,ABCA9-AS1,4,0.19854184433007963,0.0022650304138736688,1712.3260270924152
ENSG00000266997,ENSG00000266997,4,0.20466425570895774,0.002817731207438151,1700.554280659569
ENSG00000231817,LINC01198,4,0.20903293220896096,0.005305653250110576,1767.5017624923967
ENSG00000236206,ENSG00000236206,4,0.2055423075708697,0.0032003387874318294,2279.95470107443
ENSG00000234883,MIR155HG,4,0.20184875188195678,0.0030760586535332744,1419.3752281333568
ENSG00000234814,SVIL2P,4,0.193963393449398,0.0009331069428640595,4021.0520151755
ENSG00000286886,ENSG00000286886,4,0.20527647052634557,0.0029792151284429983,2091.6128800316956
ENSG00000236130,PTCSC2,4,0.2075499036670126,0.010359715339332068,1699.1698219347268
ENSG00000232581,ENSG00000232581,4,0.20398795047538937,0.004644998924726653,2648.3515417614603
ENSG00000234593,KAZN-AS1,4,0.20799011402044373,0.006341133813937995,1665.5568153195895
ENSG00000267002,ENSG00000267002,4,0.21659744375312664,0.008983681213262184,2541.6484697820774
ENSG00000232684,ATP11A-AS1,4,0.2097459545392725,0.00394475326076256,2440.2123502905933
ENSG00000267011,ENSG00000267011,4,0.2140290894160364,0.009555653684560622,2896.0413876894195
ENSG00000267026,ENSG00000267026,4,0.21417858985295682,0.007356135329986651,2176.8060538193927
ENSG00000286774,ENSG00000286774,4,0.2036713148669123,0.003361744567614084,2587.45630174939
ENSG00000233110,SORBS2-AS1,4,0.186505348325523,0.000878193486451593,2691.6991176182073
ENSG00000274010,ZFP91P1,4,0.2165769137635496,0.006383162526901667,3986.831105106973
ENSG00000235535,TRDN-AS1,4,0.20951354452905985,0.012321404011557997,2652.5336957240643
ENSG00000268186,ZNF114-AS1,4,0.2142312308518728,0.015690195645668776,1446.6395174093138
ENSG00000267559,ENSG00000267559,4,0.20503576955880456,0.004574061482928026,2329.216237276048
ENSG00000268886,ENSG00000268886,4,0.19628315066911,0.001359107607173776,3307.0042518306354
ENSG00000269481,ENSG00000269481,4,0.20820278365606243,0.0047803432499557265,1698.6546054375924
ENSG00000286412,ENSG00000286412,4,0.219616799848426,0.014839891066827373,2109.1749370467696
ENSG00000232814,COL4A2-AS1,4,0.20480954486596448,0.0028024033106481545,3520.649506576737
ENSG00000234707,SEC61G-DT,4,0.20277681269283926,0.0023316096299546107,2463.649582643036
ENSG00000268120,ENSG00000268120,3,0.20929863765098697,0.005059956745900759,1080.7190631269827
ENSG00000268112,ENSG00000268112,3,0.22094164218863266,0.020783051144902354,736.616558435918
ENSG00000265303,ENSG00000265303,3,0.18941244749064526,0.0009735955472714749,1196.9132516021189
ENSG00000279873,LINC01126,3,0.1936822905151869,0.0014992638697500721,1037.8977862360373
ENSG00000112619,PRPH2,3,0.19267987429333644,0.0022976508704734507,1547.6497751854342
ENSG00000122787,AKR1D1,3,0.17602439383890045,0.00041554539191797455,4744.400560364729
ENSG00000262231,ENSG00000262231,3,0.20341192634475558,0.0030486882678443018,2274.0136005563672
ENSG00000011590,ZBTB32,3,0.20294355305690495,0.007164875770557454,1371.6511155886146
ENSG00000259390,ENSG00000259390,3,0.21195582367374693,0.006858704933438768,1057.0430720056086
ENSG00000117152,RGS4,3,0.1916044186854922,0.0016639035333999386,1480.840704031387
ENSG00000273456,ENSG00000273456,3,0.20454502384641352,0.003258845741625511,2145.153749668625
ENSG00000280157,ENSG00000280157,3,0.18146971036924336,0.0005338799826629118,1008.5093945257922
ENSG00000258903,ENSG00000258903,3,0.21044068412245986,0.008223448644453152,1209.1980973946984
ENSG00000280119,ENSG00000280119,3,0.19033366497166973,0.0010623462723635126,1136.7707327786713
ENSG00000267114,ENSG00000267114,3,0.20271706515906976,0.003318033354310931,1015.6877237422723
ENSG00000267121,FMNL1-DT,3,0.18475437709908882,0.0006084916848782531,2700.3195850918482
ENSG00000267131,ENSG00000267131,3,0.19875346114572057,0.0024154072567617027,973.8226736589298
ENSG00000289872,ENSG00000289872,3,0.2029736900287829,0.00396268548612444,1123.3495179535892
ENSG00000121270,ABCC11,3,0.1952040101913392,0.0020625232460998143,958.344426474332
ENSG00000280047,ENSG00000280047,3,0.20154632934318703,0.0031665926557539097,1248.8533195104167
ENSG00000267406,ENSG00000267406,3,0.1875622479812543,0.0009685819475683972,3878.973683324503
ENSG00000121905,HPCA,3,0.18735852731545108,0.0009070177614318199,1748.912262060857
ENSG00000272604,EFCAB10-AS1,3,0.1935514776328819,0.0014521933031290118,1095.0947217428052
ENSG00000274642,ENSG00000274642,3,0.211970563153443,0.010231072714800794,1012.4392030230106
ENSG00000289893,ENSG00000289893,3,0.201151521851321,0.004613688137478233,2113.8034115137334
ENSG00000142694,EVA1B,3,0.19478367181499842,0.0019093629476465176,729.1894351840422
ENSG00000259705,FBN1-DT,3,0.2100820673173478,0.006025174696827156,644.9279401221012
ENSG00000073282,TP63,3,0.19276594232656374,0.0016828840735417423,864.6619741599997
ENSG00000272505,ENSG00000272505,3,0.17272722487181644,0.00021206548024776072,1296.8083627130356
ENSG00000259775,EIF5-DT,3,0.20082764810549164,0.002753649188846714,703.2769670971227
ENSG00000260646,ENSG00000260646,3,0.20828016592446838,0.005470958965147897,1624.0288897113194
ENSG00000260647,ENSG00000260647,3,0.18216417674743982,0.0006222427996902326,1287.8638168628258
ENSG00000278916,CEP83-DT,3,0.19315338007858285,0.0015312571224719049,4498.9435473622125
ENSG00000270638,ENSG00000270638,3,0.18498204941939927,0.0006771838033581272,1514.641118242934
ENSG00000291034,ENSG00000291034,3,0.19954228651447067,0.002686326541961609,1081.2510301922673
ENSG00000270181,BIVM-ERCC5,3,0.2034374572292294,0.003821695216713409,1510.4462141223548
ENSG00000105219,CCNP,3,0.1887729909563171,0.0010303081700892454,932.7146812209719
ENSG00000104863,LIN7B,3,0.20097780655489858,0.0032892547342888183,955.2470162048796
ENSG00000129194,SOX15,3,0.1964551551330678,0.00996655411495877,83.1765981784527
ENSG00000261310,ENSG00000261310,3,0.19949161955301517,0.007843820742546526,513.3148434515988
ENSG00000129204,USP6,3,0.18126888495837987,0.0005937218454730627,2776.0783094409258
ENSG00000290947,ENSG00000290947,3,0.17700522725119844,0.000412995236513699,3713.690885609293
ENSG00000290089,ENSG00000290089,3,0.18886221744947834,0.000924552039471841,1172.2694101589243
ENSG00000134183,GNAT2,3,0.18307420801619523,0.0005848668968035818,636.3301658745484
ENSG00000262312,ENSG00000262312,3,0.19310087068216533,0.0011600717326813081,1251.6182679636422
ENSG00000102760,RGCC,3,0.19591005758929503,0.0018944742525586155,1241.3512881599713
ENSG00000276110,ENSG00000276110,3,0.20225316635612614,0.0032204553033358,1133.470853438265
ENSG00000261485,PAN3-AS1,3,0.19482802185658527,0.001374535041402467,1253.8918665870335
ENSG00000269534,ENSG00000269534,3,0.19036130149610012,0.001697835100536937,1594.0999368225616
ENSG00000261488,TBILA,3,0.20352220923748343,0.004973676921876582,1991.1031516960809
ENSG00000261543,ENSG00000261543,3,0.19126093616756704,0.0015502513247624824,458.1214125959495
ENSG00000269604,ENSG00000269604,3,0.18272704062834536,0.0008504547427362126,1073.5474082718392
ENSG00000276168,RN7SL1,3,0.19838536896080322,0.0020557021734938785,1176.3099223935367
ENSG00000270773,MARK2P19,3,0.17397850141604132,0.00025609112080717303,1343.397193584492
ENSG00000276467,ENSG00000276467,3,0.1982173125717651,0.0018076571894829767,1330.0712088449638
ENSG00000279488,ENSG00000279488,3,0.19230875525098248,0.001584102304555074,1738.5998443119029
ENSG00000264107,MIR4733HG,3,0.18732812713857697,0.0009178314114918611,1152.8139223815745
ENSG00000067221,STOML1,3,0.18925070802147698,0.0010323801868852474,1053.4812711849058
ENSG00000139574,NPFF,3,0.2108469410315908,0.007291097037026485,910.3890958961011
ENSG00000275198,LINC02960,3,0.2016281860965008,0.0026144795410146617,1197.6984877023247
ENSG00000278399,ENSG00000278399,3,0.20758122506136673,0.00445714516342701,1297.614845680726
ENSG00000264914,ENSG00000264914,3,0.19857329732693177,0.002785023401861921,1615.305040078992
ENSG00000268434,ENSG00000268434,3,0.19105103018439143,0.0011240579958868879,1077.3549787715515
ENSG00000261888,ENSG00000261888,3,0.19546747839091155,0.0025027054531868587,2948.1911173848266
ENSG00000275236,ENSG00000275236,3,0.20411336765530586,0.0036371755963742446,981.05173435004
ENSG00000109684,CLNK,3,0.19147636945562896,0.0014662596173704485,978.151064656119
ENSG00000260290,ENSG00000260290,3,0.19587439331253073,0.004314856481359908,830.1561146931969
ENSG00000079112,CDH17,3,0.19445492877677092,0.0014741800181268165,838.1670044434726
ENSG00000268854,ENSG00000268854,3,0.19263157617683235,0.0011128322430454638,1319.2766878410225
ENSG00000108771,DHX58,3,0.19128936230698218,0.0012409300434067106,1316.1188561917295
ENSG00000085741,WNT11,3,0.21372113957238068,0.00647626077685785,1817.0491187681976
ENSG00000271918,ENSG00000271918,3,0.1954212859143633,0.001597214340189036,876.8292309004291
ENSG00000279557,ENSG00000279557,3,0.19102615731240336,0.0012126181423856338,1859.091622454348
ENSG00000268521,VN1R83P,3,0.1841096564648684,0.0007121980799129047,2267.8245445498956
ENSG00000279539,ENSG00000279539,3,0.19040078224528653,0.0012426108749403083,1211.307785618086
ENSG00000271401,ENSG00000271401,3,0.18495704494491383,0.0006610647544193263,1376.7043382564955
ENSG00000137265,IRF4,3,0.20049587820982745,0.006574396942323948,1092.0703936604061
ENSG00000290032,ENSG00000290032,3,0.18856045292319132,0.0026423289873549883,656.6462796846338
ENSG00000105427,CNFN,3,0.19135371592815692,0.0023935523603007976,1364.3995129659463
ENSG00000290689,ENSG00000290689,3,0.18265492245983053,0.000941390700857785,811.3646806795317
ENSG00000170442,KRT86,3,0.20655814724744337,0.004273728639447119,1705.2956062444123
ENSG00000147465,STAR,3,0.20069551919821357,0.0030412274735688,639.5692096046065
ENSG00000236064,ENSG00000236064,3,0.19977298569221769,0.003024705689911664,651.5013594603238
ENSG00000288916,ENSG00000288916,3,0.20087384058204039,0.0030097926029886077,1565.1465863154265
ENSG00000187796,CARD9,3,0.18553885958543082,0.0007700390151805748,1175.1519650039063
ENSG00000286475,ENSG00000286475,3,0.20226737942583312,0.004310042866753552,1690.1909656891974
ENSG00000235495,ENSG00000235495,3,0.19727372266620308,0.002742364657683415,1179.83133276916
ENSG00000188176,SMTNL2,3,0.18587707800346465,0.0007224442556909921,1343.9693900775803
ENSG00000235191,NUCB1-AS1,3,0.18249186696568723,0.0016562032250140547,673.6987348211508
ENSG00000235166,LINC01440,3,0.2103586957666489,0.008577477017464709,665.8498964698798
ENSG00000188368,PRR19,3,0.18706755419394386,0.00073609797370122,1220.1415244467184
ENSG00000235049,LINC00940,3,0.18353100028428615,0.0006202278508252539,1320.0944384205125
ENSG00000188739,RBM34,3,0.19584241390568816,0.0017398332574383416,1173.4164864314173
ENSG00000286575,ENSG00000286575,3,0.19210490298268182,0.0014088661526725067,1366.5214288717225
ENSG00000196550,FAM72A,3,0.17914982154702624,0.00039693130961423903,827.9869100596823
ENSG00000234210,ENSG00000234210,3,0.1892782129434099,0.0009694505823020882,2103.5381536498708
ENSG00000234183,H2AZ2-DT,3,0.18978448775048248,0.001325066783047712,557.3997494326118
ENSG00000197646,PDCD1LG2,3,0.19713396081408202,0.002539417488875357,1090.179156905354
ENSG00000286722,ENSG00000286722,3,0.20691360559262076,0.005263505867481536,2718.7645869347243
ENSG00000233483,EFCAB15P,3,0.19444940147188441,0.0015947677332457666,831.8465533093205
ENSG00000233060,ENSG00000233060,3,0.19055488876961207,0.0013775754529987399,894.8365693787885
ENSG00000233048,LINC01722,3,0.1904361833170578,0.0009719233675296908,1200.0895299007016
ENSG00000236039,LINC02889,3,0.1904636882389914,0.0009004441566314643,1406.5804090700706
ENSG00000236242,MYO16-AS1,3,0.20362038470046132,0.0036072956684788443,1080.8341731459213
ENSG00000232725,PLXNB3-AS1,3,0.18100541675880658,0.0005903373930222934,844.702592033058
ENSG00000186326,RGS9BP,3,0.17595306528536922,0.0003388870242478317,1596.206107524985
ENSG00000243836,WDR86-AS1,3,0.19382507922474615,0.001559975537894028,1984.454545920358
ENSG00000243762,ENSG00000243762,3,0.20191205268315246,0.004033357047136219,809.406396644731
ENSG00000243323,PTPRVP,3,0.19652042997172123,0.0018282107718358934,1591.2927150904566
ENSG00000242902,FLNC-AS1,3,0.20045139656574296,0.001817599260676381,1632.5715344718083
ENSG00000242791,PFN2-AS1,3,0.19623472095010694,0.0016453964048121171,912.3158427056825
ENSG00000241369,LINC01192,3,0.1957871408568285,0.007105837350791693,175.98957211393147
ENSG00000181652,ATG9B,3,0.18811484686737276,0.0010607195011828607,1101.7084253028236
ENSG00000182179,UBA7,3,0.1879327090111241,0.0011089426670858348,2786.8850415108127
ENSG00000237984,PTENP1,3,0.20848204415530916,0.0071111477994650445,894.0408186872763
ENSG00000149527,PLCH2,3,0.18933348599227232,0.001196018726219312,1217.1482104692684
ENSG00000184160,ADRA2C,3,0.19101075982021992,0.004183160430377653,1891.9201773547916
ENSG00000184319,RPL23AP82,3,0.20323584220338248,0.003273565719344221,1095.1804518345796
ENSG00000237410,NRXN2-AS1,3,0.19303928071343296,0.0017538716167263052,847.6855942411596
ENSG00000286281,ENSG00000286281,3,0.19563895644487947,0.0017067714789560638,887.8762064485851
ENSG00000185518,SV2B,3,0.19928263478731909,0.0026981258855654114,791.1235687669116
ENSG00000185633,NDUFA4L2,3,0.1995295210722332,0.002480147019274504,854.84266688348
ENSG00000185988,PLK5,3,0.19993827842881273,0.002377624482171524,922.7222448790681
ENSG00000186051,TAL2,3,0.19656846488323113,0.00202097460038473,1764.6219105775199
ENSG00000236358,ENSG00000236358,3,0.21595048587645405,0.00876129555415958,1403.4163654346473
ENSG00000232858,RPL34P27,3,0.2051738205784603,0.005594147021827752,2742.94793189966
ENSG00000204103,MAFB,3,0.16279588628138367,0.00010306738812154488,1245.1485886405835
ENSG00000289092,ENSG00000289092,3,0.20304054409740593,0.00380376428136764,2340.9127880890364
ENSG00000213590,ENSG00000213590,3,0.21036843435144822,0.006967165269318975,1735.760495692212
ENSG00000287379,ENSG00000287379,3,0.19450309529077875,0.0013956681624812698,1180.8918947025045
ENSG00000287413,ENSG00000287413,3,0.18072247138963418,0.0004579694047345221,2708.966596773781
ENSG00000214199,EEF1A1P12,3,0.20465688596910983,0.006259384400174855,945.6489213455411
ENSG00000287422,ENSG00000287422,3,0.19257301306553826,0.0014871312785261672,644.59550639928
ENSG00000214290,POU2AF3,3,0.17341879599507048,0.0002492802160507993,937.5171026926121
ENSG00000226017,PRICKLE2-AS3,3,0.19470115704919827,0.0019027002158613722,1304.410031131197
ENSG00000225950,NTF4,3,0.18783084867822206,0.0009869279747674214,879.7294933476869
ENSG00000225805,DEFB131B,3,0.1899101681353924,0.001783949645743275,1160.8991666332524
ENSG00000287903,ENSG00000287903,3,0.19341592706067406,0.0018756586298091847,2239.7145231194877
ENSG00000225778,PROSER2-AS1,3,0.17762599623091166,0.00032991671790279963,1486.5633473042585
ENSG00000215068,ANXA2R-AS1,3,0.19111617342055004,0.0009139768664623392,2199.274732467293
ENSG00000225233,ENSG00000225233,3,0.18811260962491885,0.0014152342843253359,2730.157876096341
ENSG00000215241,LINC02449,3,0.17970123601066837,0.0004063014775518469,1561.5737209248928
ENSG00000287542,HERC3,3,0.18897197393221868,0.000890146080024384,1389.108822041799
ENSG00000216809,ENSG00000216809,3,0.20464346251438584,0.004153384697146571,925.6990548153442
ENSG00000287844,ENSG00000287844,3,0.1960696914185058,0.0018393483888224451,988.7507248682246
ENSG00000224023,EDRF1-DT,3,0.20420167293098676,0.005228442979606012,487.96309085982404
ENSG00000287732,ENSG00000287732,3,0.21340976806379475,0.014537334017228181,461.1118790204024
ENSG00000223770,CACNA2D1-AS1,3,0.21447916995676425,0.006955386803905372,1948.0379412630766
ENSG00000213801,ZNF321P,3,0.1836816851436814,0.0012624057436070428,1182.6287244187865
ENSG00000227588,CNTN4-AS2,3,0.1954666887759283,0.0017984771247759159,802.0903614590909
ENSG00000204290,BTNL2,3,0.20260994072627617,0.0038534041898274597,859.9806677258916
ENSG00000213300,HNRNPA3P6,3,0.20041388985401526,0.0027588219326800715,724.6791045555426
ENSG00000204385,SLC44A4,3,0.18871271701255535,0.0035402566444127175,790.4082809713618
ENSG00000230806,SRGAP2-AS1,3,0.2017112272722902,0.0024542180853194765,1826.9666453874854
ENSG00000286982,ENSG00000286982,3,0.18720836886604425,0.000893246878075346,1135.0963194243234
ENSG00000230438,SERPINB9P1,3,0.20307949843660317,0.004127754115440141,608.0402421510383
ENSG00000288088,ENSG00000288088,3,0.19024562290098265,0.0013231208488543684,1294.4297599240303
ENSG00000287076,ENSG00000287076,3,0.21021169577717727,0.006500885664880823,919.695306714199
ENSG00000287105,ENSG00000287105,3,0.20398215996550878,0.0037156770762353884,1172.3612877272465
ENSG00000229862,EEF1A1-AS1,3,0.21104987208241038,0.005959282553505463,1559.02053879923
ENSG00000287135,ENSG00000287135,3,0.20235397386904921,0.0031571685039820338,2781.573042102224
ENSG00000228852,ENSG00000228852,3,0.1777602307781477,0.00033176765056645944,1198.7033964969457
ENSG00000206337,HCP5,3,0.19532640051381853,0.0014664659421104924,1308.156721471549
ENSG00000228791,THRB-AS1,3,0.19373664234656754,0.0016908554138005437,1015.4482089865763
ENSG00000228492,RAB11FIP1P1,3,0.20244227914473018,0.0030774014632287835,1434.0781738243018
ENSG00000228487,ENSG00000228487,3,0.19217965320114178,0.0017935879076798398,9913.044778168873
ENSG00000228434,ENSG00000228434,3,0.20105689965576934,0.0039174934854668275,721.3164434812487
ENSG00000288016,ENSG00000288016,3,0.20585867997435234,0.004282391541137321,930.747643501321
ENSG00000228334,ENSG00000228334,3,0.2066010496615594,0.0038900860509509276,1029.0167369039702
ENSG00000228127,LINC01649,3,0.1939864238864219,0.0019039887912756773,977.5540203367556
ENSG00000228124,MDN1-AS1,3,0.21301390775194953,0.009809675921965166,683.2251274391098
ENSG00000180152,XIAPP3,3,0.19718304854557134,0.0017128087389703616,857.5163292952542
ENSG00000183921,SDR42E2,3,0.22017992693432425,0.01775445027253527,969.168939309196
ENSG00000244036,UBE2H-DT,3,0.1590918023926888,5.148998782366597e-05,1412.9257593917814
ENSG00000172497,ACOT12,3,0.19456205320956413,0.0013968143795212325,670.1312991740172
ENSG00000255441,SIGLEC10-AS1,3,0.1957454228651868,0.0015028049600260991,1185.280642061225
ENSG00000283155,ENSG00000283155,3,0.19144570607376066,0.0015340010429991072,1028.3233508528197
ENSG00000254786,ENSG00000254786,3,0.17621749856992272,0.0003027381409610817,1454.2735192071048
ENSG00000254717,GLYATL1P2,3,0.18954273396296137,0.0008487262901383389,1438.1103749329916
ENSG00000289496,ENSG00000289496,3,0.18142404430268355,0.0004780517024049468,1090.43458288535
ENSG00000254622,NAV2-AS4,3,0.18867823715826837,0.001236501651291641,1400.0169325333445
ENSG00000289486,ENSG00000289486,3,0.18659957571358265,0.0010861255749749226,7355.153405207042
ENSG00000254303,ENSG00000254303,3,0.18995767663691457,0.0012207464591199994,1537.302335113857
ENSG00000167676,PLIN4,3,0.1894011296758782,0.0007713810469769133,1463.4366699166494
ENSG00000284554,ENSG00000284554,3,0.19612259562241754,0.003098835790174445,2058.0920346064604
ENSG00000168913,ENHO,3,0.20567312045317437,0.004540464894231902,1626.8163915198631
ENSG00000284721,ENSG00000284721,3,0.20156764894774748,0.0032332668611113023,921.9481220238458
ENSG00000223518,CSNK1A1P1,3,0.21068980764982775,0.006301318231866731,1134.0934765565069
ENSG00000170667,RASA4B,3,0.20153224787597684,0.0038380746849019597,1101.8396479466815
ENSG00000251298,TMEM184C-DT,3,0.17292910310265827,0.0002083166626135002,1122.1496597803994
ENSG00000251229,ENSG00000251229,3,0.19214148847692894,0.0012966214030072888,1762.0724327336952
ENSG00000251018,HMMR-AS1,3,0.20771282755865536,0.0068830125507936485,958.9334468392891
ENSG00000250781,ENSG00000250781,3,0.19086231220327837,0.00421408024264405,1382.4559901204082
ENSG00000250397,ENSG00000250397,3,0.19571778634075523,0.0018932444380000103,1169.7576823033312
ENSG00000163467,TSACC,3,0.19714251497640617,0.002750634529286186,3014.7607710037723
ENSG00000162947,LINC01931,3,0.1971327763916065,0.0018330173818363893,941.4990761600332
ENSG00000255568,ENSG00000255568,3,0.1957083109609508,0.0019169322938095115,6260.125423437489
ENSG00000289688,ENSG00000289688,3,0.1853614594190844,0.0012796646626190339,1356.5003296403402
ENSG00000149575,SCN2B,3,0.1907834823074026,0.002567593672343722,4232.435207782814
ENSG00000151632,AKR1C2,3,0.20331914658416658,0.0030317409238615916,1265.9599067460915
ENSG00000280336,ENSG00000280336,3,0.19645712917052474,0.0025171048962306128,1091.2012335666918
ENSG00000258052,ENSG00000258052,3,0.1883935809566311,0.001135022389225509,804.7190228457501
ENSG00000257677,LINC02464,3,0.19244141056824948,0.001166270406893495,1064.2006704157686
ENSG00000257576,HSPD1P4,3,0.20829924828657517,0.00673094933412678,1679.670093093183
ENSG00000257507,LINC02373,3,0.20747212659111447,0.004662868349483741,991.463309178493
ENSG00000289690,ENSG00000289690,3,0.19228085552155638,0.0015730502559352898,2299.5356506459684
ENSG00000155269,GPR78,3,0.1934876504216969,0.0023464625313754667,1258.8213814189005
ENSG00000282840,MSL3-DT,3,0.186836723413699,0.0010123736939135844,2974.848544583078
ENSG00000257265,ENSG00000257265,3,0.19997631155052956,0.002785554907857122,1107.6176012309375
ENSG00000157343,ARMC12,3,0.19769011296762504,0.002572433806556571,879.6743470844177
ENSG00000256512,ENSG00000256512,3,0.20126075192406984,0.002691386854824468,1070.2932403945083
ENSG00000289594,ENSG00000289594,3,0.1972680637588192,0.0024453814860316016,1181.2616737813119
ENSG00000255992,PUS1-AS1,3,0.19095653959133735,0.0022820790295171433,1413.8461900570662
ENSG00000282301,CYP3A7-CYP3A51P,3,0.19482223134670407,0.0018434779716156688,931.4050726589503
ENSG00000289565,ENSG00000289565,3,0.19175312950742893,0.0009524981474388492,1212.366981725942
ENSG00000255655,ENSG00000255655,3,0.1932270774770646,0.0019491277383948736,992.5801506440268
ENSG00000285424,ENSG00000285424,3,0.1934689628670819,0.0016430945269816824,1847.5487953683478
ENSG00000251661,IFITM3-AS1,3,0.17539691313182404,0.0003352521844705364,2349.671816219887
ENSG00000289312,ENSG00000289312,3,0.19419369781965234,0.002342498861220745,1678.9056711234518
ENSG00000248896,SOX7-AS1,3,0.18681645662911583,0.0007737371639261467,1118.5898292364075
ENSG00000249786,EAF1-AS1,3,0.20319136055929912,0.004216346844475682,942.5826380373562
ENSG00000249753,ENSG00000249753,3,0.20697111588393569,0.005223502277803804,1007.7326636246602
ENSG00000285581,ENSG00000285581,3,0.19192434435640116,0.001280977185009867,1671.956846225087
ENSG00000249547,ENSG00000249547,3,0.20920375225044163,0.006997060285668849,787.284196701312
ENSG00000249375,CASC11,3,0.18931835170508313,0.0007781984707022747,1797.5897366307106
ENSG00000249231,CASC16,3,0.19796253013701368,0.0019277943356205824,1213.8009145759547
ENSG00000285705,ENSG00000285705,3,0.1783641546382085,0.0004426226855715084,1890.7946758230592
ENSG00000285553,ENSG00000285553,3,0.20280721286971262,0.0037904909181035507,1290.025105124962
ENSG00000176532,PRR15,3,0.1935523988503639,0.0059661531661362064,157.92114144679147
ENSG00000178199,ZC3H12D,3,0.19055502037210978,0.0009282323144764431,1184.0544807173371
ENSG00000246422,DIAPH1-AS1,3,0.1974017718960656,0.0021889252663360053,1111.7000777711899
ENSG00000245812,LINC02202,3,0.21803085815359702,0.01037079054220327,1298.4210313482538
ENSG00000179165,PXT1,3,0.19245049114056245,0.0013677187791617045,1131.7912864982823
ENSG00000179362,HMGN2P46,3,0.17782225942186947,0.0003542403569014357,990.938917132869
ENSG00000173267,SNCG,3,0.1990364065148918,0.0030812502830654615,997.6409824185417
ENSG00000292309,ENSG00000292309,3,0.1914697893307649,0.002555345604025407,1157.851796621472
ENSG00000172548,NIPAL4,3,0.17774680732342404,0.00045958105535908285,812.6976172264726
ENSG00000250132,ENSG00000250132,3,0.1970474979733638,0.0015479747184940819,1379.293977595478
ENSG00000250243,ENSG00000250243,3,0.20292223345234317,0.0037261602747311316,1621.4289969539684
ENSG00000233668,ENSG00000233668,2,0.18593590431975393,0.0010914409874226345,224.50213743132394
ENSG00000213906,LTB4R2,2,0.182771259067432,0.0023372378374855673,1304.7815911463829
ENSG00000214353,VAC14-AS1,2,0.19810610846155527,0.0033176019457250897,481.10179784690285
ENSG00000278254,ENSG00000278254,2,0.18523867428911353,0.0008073277997697156,528.6347817799434
ENSG00000290591,ENSG00000290591,2,0.20271759156905955,0.007418754780382505,454.5670272249112
ENSG00000196421,C20orf204,2,0.16663916174471902,0.00016013538036081795,591.6194756051593
ENSG00000255931,ENSG00000255931,2,0.16899594313367425,0.0001836039394692334,217.93814171686455
ENSG00000286123,ENSG00000286123,2,0.180287919943586,0.0005173858847011127,1196.280659480055
ENSG00000278917,ENSG00000278917,2,0.18330938167885197,0.0007852680967592392,579.2823056769972
ENSG00000183090,FREM3,2,0.18119518755989836,0.0006840903626019053,1053.1039100375024
ENSG00000227113,ENSG00000227113,2,0.18732496867864185,0.000796732491360111,329.6936321702685
ENSG00000213654,GPSM3,2,0.17293410399755446,0.0003218393078483167,496.82343517271994
ENSG00000259424,IRAIN,2,0.18156907025469776,0.0006020773936635188,502.9299306991586
ENSG00000183458,PKD1P3,2,0.1733339123843194,0.0002873854580181919,277.418317289175
ENSG00000268144,NIFKP6,2,0.19180919217127332,0.0012192506841372903,453.89302862314275
ENSG00000286546,ENSG00000286546,2,0.159136503374268,5.502650380050589e-05,1074.4508952866156
ENSG00000280670,CCDC163,2,0.1898439720792559,0.0017477674858318458,271.7963188447573
ENSG00000286728,ENSG00000286728,2,0.17590108229894044,0.0003969815178353647,481.5443620818046
ENSG00000272732,ENSG00000272732,2,0.16727598622910175,0.00012762388045340156,706.1805533985548
ENSG00000272841,MAP3K4-AS1,2,0.17422885323338372,0.0004752162801395259,356.9824158852025
ENSG00000225493,LINC01107,2,0.17522596148784575,0.000387233060708146,431.54718246784995
ENSG00000243055,GK-AS1,2,0.17772601412885325,0.0004919756982623306,337.8790304112225
ENSG00000011052,NME1-NME2,2,0.17367252560984453,0.0003129585633672415,310.86045414415537
ENSG00000285830,ENSG00000285830,2,0.18920701599237644,0.0008327727217023791,764.8135836361639
ENSG00000289081,ENSG00000289081,2,0.1801705305160021,0.00045472279235615927,0.0
ENSG00000264577,ENSG00000264577,2,0.18249265658067335,0.000988293694121823,319.47488744088963
ENSG00000225125,RANP4,2,0.18339860817201484,0.00073888573623885,445.96054824467177
ENSG00000268049,ZNF497-AS2,2,0.17511133571270623,0.000296279461596296,297.9749714601072
ENSG00000188779,SKOR1,2,0.18877733383872738,0.0011862670811851508,352.403445875764
ENSG00000258334,TROAP-AS1,2,0.1740868102713107,0.0002929320263176068,405.5980775190315
ENSG00000223786,ENSG00000223786,2,0.19362214817392553,0.0024710115570628524,461.49993218970025
ENSG00000282849,ENSG00000282849,2,0.19730886053297902,0.0024741410668110936,182.10520654038777
ENSG00000161180,CCDC116,2,0.17774022719855864,0.0002923383392760109,524.1094058113753
ENSG00000259704,ENSG00000259704,2,0.18093566743524386,0.0006141166549744816,628.526705392487
ENSG00000231826,LINC01819,2,0.1775861206742343,0.0004070695531133975,405.61914377595707
ENSG00000260345,ENSG00000260345,2,0.19974784961523553,0.0026442999970705604,364.011119675189
ENSG00000261616,TTC23-AS1,2,0.18727219607722945,0.0011956230056242214,225.66141910970813
ENSG00000231466,PHF10P2,2,0.19083743933129022,0.0018736924391210678,267.08835807821157
ENSG00000108924,HLF,2,0.17753953339019346,0.000353686817970703,519.3263797072008
ENSG00000172794,RAB37,2,0.18813208679451485,0.002876831892096232,787.5323056348673
ENSG00000198237,GUSBP13,2,0.18468660181298538,0.0007173840477862055,550.8746479382916
ENSG00000187474,FPR3,2,0.19168009012143222,0.0015954111019438717,322.26616402962014
ENSG00000091106,NLRC4,2,0.16788482324906034,0.00014333481276891625,360.6289091090767
ENSG00000253567,FBXO16-AS1,2,0.17471758104081705,0.0003455982264923962,447.70495876082083
ENSG00000269086,LINC02965,2,0.17919276782864277,0.0005395496783840323,267.2693382804175
ENSG00000268744,ENSG00000268744,2,0.1733425981491391,0.00024190016312971606,724.5723938882371
ENSG00000203356,LINC01562,2,0.19993959445378554,0.00314094651713217,404.8268268364284
ENSG00000278740,ENSG00000278740,2,0.17900440078752192,0.0004846890852882888,490.4977511709153
ENSG00000286730,ENSG00000286730,2,0.16220156940362676,0.00012068330113596235,918.691382107506
ENSG00000204778,ZNG1DP,2,0.17083846583072218,0.000273943388765097,281.5029074703409
ENSG00000131355,ADGRE3,2,0.19083730772879423,0.001748096566201156,348.4134130547089
ENSG00000249565,SERBP1P5,2,0.18128691450050846,0.0005409063328083609,510.84054763938826
ENSG00000235033,DAAM2-AS1,2,0.17610335533727442,0.0005306170160283368,229.94401663926007
ENSG00000161509,GRIN2C,2,0.19560566101306476,0.002702949808181534,2598.305448451033
ENSG00000262412,ENSG00000262412,2,0.16945506037921598,0.00018958716646741942,1149.3382081750112
ENSG00000255495,ENSG00000255495,2,0.1728656706989641,0.00034292837531477247,411.3294631178833
ENSG00000285505,ENSG00000285505,2,0.20240200878056003,0.005170425123421323,923.3820368279551
ENSG00000210184,MT-TS2,2,0.17640472505606722,0.0003558135217884994,717.0837655829349
ENSG00000234297,PSIP1P1,2,0.17979204173379684,0.0016414237236737357,737.6061837256019
ENSG00000259868,ENSG00000259868,2,0.18497770653698967,0.0010814148568521384,788.5298870448592
ENSG00000286263,ENSG00000286263,2,0.1925776191529435,0.0014142219142543135,389.8908441083152
ENSG00000261351,ENSG00000261351,2,0.17244835918005935,0.0002825898882451019,479.0862724053021
ENSG00000230358,SPDYE21,2,0.17346998936651578,0.00036962407773013666,0.0
ENSG00000204904,LINC01545,2,0.18383329122056102,0.0007019934554833276,416.0215237392253
ENSG00000130433,CACNG6,2,0.1827625733026144,0.0006603301622839873,604.4059718149639
ENSG00000285269,ENSG00000285269,1,0.17645249676258384,0.0007111599353937995,0.0
ENSG00000164088,PPM1M,1,0.1703639072254973,0.0002518163469895839,0.0
ENSG00000124721,DNAH8,1,0.1614594190539153,9.116503864334987e-05,0.0
ENSG00000285701,ENSG00000285701,1,0.15925937623923683,7.927322442246729e-05,0.0
