 ,names,degree,harmonic,eigenvector_centrality,betweenness
ENSG00000254934,LINC00678,6046,0.9919446704637916,1.0,4962571.196583646
ENSG00000249152,LNCPRESS2,6022,0.9899918633034988,0.998783413329571,4867973.893887546
ENSG00000265992,ESRG,5332,0.9338486574450773,0.8945571066341579,3682797.3010330643
ENSG00000104413,ESRP1,5146,0.9187144019528071,0.8760762896127811,3317463.0843660277
ENSG00000231698,ENSG00000231698,2542,0.7068348250610251,0.42771471833418134,751068.1372806893
ENSG00000260834,ENSG00000260834,2364,0.6923515052888527,0.40382012615406293,663689.0311308318
ENSG00000258649,ENSG00000258649,2253,0.683319772172498,0.3817298730573911,596185.8651910808
ENSG00000179059,ZFP42,248,0.5201790073230268,0.05859460711944402,7327.13130620671
ENSG00000240563,L1TD1,239,0.519446704637917,0.055333503957154175,8054.78437524806
ENSG00000288895,ENSG00000288895,229,0.5186330349877949,0.05727379850691475,5297.010526315811
ENSG00000102755,FLT1,105,0.5085435313262815,0.03988712934581459,1447.3274214949113
ENSG00000148680,HTR7,81,0.5065907241659886,0.0345319849538001,2469.5209156942014
ENSG00000167600,CYP2S1,71,0.5057770545158665,0.032812345091805556,1766.6247261252468
ENSG00000204531,POU5F1,41,0.5033360455655004,0.030288857004137453,635.1986842105266
ENSG00000083307,GRHL2,25,0.502034174125305,0.028462836344199816,706.7872112407658
ENSG00000184697,CLDN6,18,0.5014646053702196,0.027575500795686998,497.76770858141725
ENSG00000241186,CRIPTO,17,0.5013832384052075,0.027787261653562337,553.0268655235349
ENSG00000103257,SLC7A5,8,0.5006509357200976,0.026744072839195568,324.4536734936969
ENSG00000289533,ENSG00000289533,7,0.5005695687550854,0.026757532450946347,130.6728090021444
ENSG00000254339,ENSG00000254339,6,0.5004882017900733,0.026714442856083147,1.3473684210526318
ENSG00000167977,KCTD5,5,0.500406834825061,0.026437961354845524,0.0
ENSG00000167981,ZNF597,5,0.500406834825061,0.02673083117017204,0.0
ENSG00000167965,MLST8,5,0.500406834825061,0.02673083117017204,0.0
ENSG00000168040,FADD,5,0.500406834825061,0.026578650495061102,0.0
ENSG00000167967,E4F1,5,0.500406834825061,0.02437996670267037,0.0
ENSG00000168028,RPSA,5,0.500406834825061,0.02673083117017204,0.0
ENSG00000167969,ECI1,5,0.500406834825061,0.02673083117017204,0.0
ENSG00000168005,SPINDOC,5,0.500406834825061,0.02673083117017204,0.0
ENSG00000168003,SLC3A2,5,0.500406834825061,0.026437961354845524,0.0
ENSG00000168002,POLR2G,5,0.500406834825061,0.02673083117017204,0.0
ENSG00000167394,ZNF668,5,0.500406834825061,0.026578650495061102,0.0
ENSG00000168066,SF1,5,0.500406834825061,0.026578650495061102,0.0
ENSG00000167996,FTH1,5,0.500406834825061,0.02673083117017204,0.0
ENSG00000167992,VWCE,5,0.500406834825061,0.02673083117017204,0.0
ENSG00000167986,DDB1,5,0.500406834825061,0.02673083117017204,0.0
ENSG00000167985,SDHAF2,5,0.500406834825061,0.026437961354845524,0.0
ENSG00000167470,MIDN,5,0.500406834825061,0.02673083117017204,0.0
ENSG00000168071,CCDC88B,5,0.500406834825061,0.026437961354845524,0.0
ENSG00000167900,TK1,5,0.5001627339300246,0.02152442658310508,0.004273504273504274
ENSG00000168259,DNAJC7,5,0.500406834825061,0.026578650495061102,0.0
ENSG00000168310,IRF2,5,0.500406834825061,0.026578650495061102,0.0
ENSG00000168291,PDHB,5,0.500406834825061,0.02673083117017204,0.0
ENSG00000168288,MMADHC,5,0.500406834825061,0.026437961354845524,0.0
ENSG00000168286,THAP11,5,0.500406834825061,0.026437961354845524,0.0
ENSG00000168282,MGAT2,5,0.500406834825061,0.02673083117017204,0.0
ENSG00000167325,RRM1,5,0.4977759696230021,0.015351548424270929,0.03535766729599329
ENSG00000168275,COA6,5,0.500406834825061,0.026578650495061102,0.0
ENSG00000168273,UQCC5,5,0.500406834825061,0.023430240560169298,0.0
ENSG00000168268,NT5DC2,5,0.500406834825061,0.02673083117017204,0.0
ENSG00000168256,NKIRAS2,5,0.500406834825061,0.024260821894683954,0.0
ENSG00000167384,ZNF180,5,0.500406834825061,0.026437961354845524,0.0
ENSG00000168243,GNG4,5,0.500406834825061,0.026437961354845524,0.0
ENSG00000168234,TTC39C,5,0.500406834825061,0.026578650495061102,0.0
ENSG00000168214,RBPJ,5,0.500406834825061,0.02673083117017204,0.0
ENSG00000168143,FAM83B,5,0.500406834825061,0.026578650495061102,0.0
ENSG00000168101,NUDT16L1,5,0.5003525901817196,0.023312539316736682,0.0
ENSG00000168096,ANKS3,5,0.500406834825061,0.026437961354845524,0.0
ENSG00000168092,PAFAH1B2,5,0.5001627339300246,0.021405281775118672,0.010752688172043012
ENSG00000168090,COPS6,5,0.500406834825061,0.02673083117017204,0.0
ENSG00000167378,IRGQ,5,0.5003525901817196,0.023312539316736682,0.0
ENSG00000167962,ZNF598,5,0.500406834825061,0.026437961354845524,0.0
ENSG00000167863,ATP5PD,5,0.500406834825061,0.026578650495061102,0.0
ENSG00000167881,SRP68,5,0.500406834825061,0.02673083117017204,0.0
ENSG00000167468,GPX4,5,0.5001627339300246,0.021516014573189544,0.004366812227074236
ENSG00000167658,EEF2,5,0.500406834825061,0.02673083117017204,0.0
ENSG00000167657,DAPK3,5,0.500406834825061,0.02673083117017204,0.0
ENSG00000167654,ATCAY,5,0.500406834825061,0.026437961354845524,0.0
ENSG00000167645,YIF1B,5,0.500406834825061,0.02673083117017204,0.0
ENSG00000167642,SPINT2,5,0.500406834825061,0.026437961354845524,0.0
ENSG00000167635,ZNF146,5,0.500406834825061,0.02673083117017204,0.0
ENSG00000167625,ZNF526,5,0.500406834825061,0.02673083117017204,0.0
ENSG00000167604,NFKBID,5,0.500406834825061,0.02673083117017204,0.0
ENSG00000167566,NCKAP5L,5,0.5003525901817196,0.023312539316736682,0.0
ENSG00000167670,CHAF1A,5,0.5001627339300246,0.02152442658310508,0.004273504273504274
ENSG00000167562,ZNF701,5,0.500406834825061,0.02673083117017204,0.0
ENSG00000167553,TUBA1C,5,0.5001627339300246,0.021405281775118672,0.010752688172043012
ENSG00000167548,KMT2D,5,0.500406834825061,0.02673083117017204,0.0
ENSG00000167536,DHRS13,5,0.500406834825061,0.026578650495061102,0.0
ENSG00000167526,RPL13,5,0.500406834825061,0.02673083117017204,0.0
ENSG00000167524,RSKR,5,0.500406834825061,0.02673083117017204,0.0
ENSG00000167515,TRAPPC2L,5,0.500406834825061,0.026578650495061102,0.0
ENSG00000167513,CDT1,5,0.500406834825061,0.026578650495061102,0.0
ENSG00000167461,RAB8A,5,0.500406834825061,0.02673083117017204,0.0
ENSG00000167674,HDGFL2,5,0.500406834825061,0.02673083117017204,0.0
ENSG00000167491,GATAD2A,5,0.500406834825061,0.026437961354845524,0.0
ENSG00000167792,NDUFV1,5,0.500406834825061,0.026578650495061102,0.0
ENSG00000167862,MRPL58,5,0.500406834825061,0.026437961354845524,0.0
ENSG00000167842,MIS12,5,0.5001627339300246,0.021405281775118672,0.010752688172043012
ENSG00000167395,ZNF646,5,0.500406834825061,0.02673083117017204,0.0
ENSG00000167840,ZNF232,5,0.500406834825061,0.02673083117017204,0.0
ENSG00000167815,PRDX2,5,0.500406834825061,0.026578650495061102,0.0
ENSG00000167807,ENSG00000167807,5,0.500406834825061,0.026578650495061102,0.0
ENSG00000168374,ARF4,5,0.500406834825061,0.02673083117017204,0.0
ENSG00000167397,VKORC1,5,0.500406834825061,0.02673083117017204,0.0
ENSG00000167447,SMG8,5,0.500406834825061,0.02673083117017204,0.0
ENSG00000167460,TPM4,5,0.500406834825061,0.02673083117017204,0.0
ENSG00000167775,CD320,5,0.500406834825061,0.026437961354845524,0.0
ENSG00000167774,ENSG00000167774,5,0.500406834825061,0.02673083117017204,0.0
ENSG00000167771,RCOR2,5,0.500406834825061,0.02673083117017204,0.0
ENSG00000167770,OTUB1,5,0.500406834825061,0.026437961354845524,0.0
ENSG00000167747,C19orf48P,5,0.500406834825061,0.02673083117017204,0.0
ENSG00000167721,TSR1,5,0.500406834825061,0.026578650495061102,0.0
ENSG00000167716,WDR81,5,0.500406834825061,0.026437961354845524,0.0
ENSG00000167702,KIFC2,5,0.5003525901817196,0.023312539316736682,0.0
ENSG00000167797,CDK2AP2,5,0.500406834825061,0.026578650495061102,0.0
ENSG00000168439,STIP1,5,0.500406834825061,0.02673083117017204,0.0
ENSG00000168389,MFSD2A,5,0.500406834825061,0.02673083117017204,0.0
ENSG00000169299,PGM2,5,0.500406834825061,0.02673083117017204,0.0
ENSG00000169504,CLIC4,5,0.5001627339300246,0.021405281775118672,0.010752688172043012
ENSG00000169490,TM2D2,5,0.5003525901817196,0.023312539316736682,0.0
ENSG00000169432,SCN9A,5,0.5003525901817196,0.023312539316736682,0.0
ENSG00000169418,NPR1,5,0.500406834825061,0.026578650495061102,0.0
ENSG00000169410,PTPN9,5,0.5003525901817196,0.023312539316736682,0.0
ENSG00000169375,SIN3A,5,0.5001627339300246,0.02152442658310508,0.004273504273504274
ENSG00000169371,SNUPN,5,0.500406834825061,0.026578650495061102,0.0
ENSG00000169359,SLC33A1,5,0.500406834825061,0.02358242123528024,0.037037037037037035
ENSG00000169302,STK32A,5,0.5003525901817196,0.023312539316736682,0.0
ENSG00000169288,MRPL1,5,0.500406834825061,0.02673083117017204,0.0
ENSG00000169188,APEX2,5,0.500406834825061,0.026578650495061102,0.0
ENSG00000169282,KCNAB1,5,0.500406834825061,0.026437961354845524,0.0
ENSG00000169258,GPRIN1,5,0.5003525901817196,0.023312539316736682,0.0
ENSG00000169251,NMD3,5,0.500406834825061,0.026437961354845524,0.0
ENSG00000169249,ZRSR2,5,0.500406834825061,0.026437961354845524,0.0
ENSG00000169241,SLC50A1,5,0.500406834825061,0.026437961354845524,0.0
ENSG00000169239,CA5B,5,0.500406834825061,0.026437961354845524,0.0
ENSG00000169230,PRELID1,5,0.500406834825061,0.02673083117017204,0.0
ENSG00000169223,LMAN2,5,0.500406834825061,0.026578650495061102,0.0
ENSG00000169217,CD2BP2,5,0.500406834825061,0.026437961354845524,0.0
ENSG00000169564,PCBP1,5,0.500406834825061,0.02673083117017204,0.0
ENSG00000169567,HINT1,5,0.500406834825061,0.02673083117017204,0.0
ENSG00000169570,DTWD2,5,0.5003525901817196,0.023312539316736682,0.0
ENSG00000169592,INO80E,5,0.500406834825061,0.026578650495061102,0.0
ENSG00000169813,HNRNPF,5,0.500406834825061,0.02673083117017204,0.0
ENSG00000169783,LINGO1,5,0.500406834825061,0.026437961354845524,0.0
ENSG00000169764,UGP2,5,0.500406834825061,0.026578650495061102,0.0
ENSG00000169758,TMEM266,5,0.5003525901817196,0.023312539316736682,0.0
ENSG00000169750,RAC3,5,0.500406834825061,0.026578650495061102,0.0
ENSG00000169744,LDB2,5,0.5003525901817196,0.023312539316736682,0.0
ENSG00000169727,GPS1,5,0.500406834825061,0.026437961354845524,0.0
ENSG00000169718,DUS1L,5,0.500406834825061,0.02673083117017204,0.0
ENSG00000169714,CNBP,5,0.5001627339300246,0.021516014573189544,0.004366812227074236
ENSG00000169710,FASN,5,0.5001627339300246,0.021503657160588774,0.004405286343612335
ENSG00000169696,ASPSCR1,5,0.5003525901817196,0.023312539316736682,0.0
ENSG00000169692,AGPAT2,5,0.500406834825061,0.026578650495061102,0.0
ENSG00000169689,CENPX,5,0.500406834825061,0.026578650495061102,0.0
ENSG00000169684,CHRNA5,5,0.500406834825061,0.023430240560169298,0.0
ENSG00000169683,LRRC45,5,0.500406834825061,0.026437961354845524,0.0
ENSG00000169682,SPNS1,5,0.5003525901817196,0.023312539316736682,0.0
ENSG00000169641,LUZP1,5,0.500406834825061,0.02673083117017204,0.0
ENSG00000169612,RAMAC,5,0.500406834825061,0.026437961354845524,0.0
ENSG00000169598,DFFB,5,0.500406834825061,0.026437961354845524,0.0
ENSG00000169213,RAB3B,5,0.500406834825061,0.026437961354845524,0.0
ENSG00000169180,XPO6,5,0.500406834825061,0.026437961354845524,0.0
ENSG00000168395,ING5,5,0.500406834825061,0.02673083117017204,0.0
ENSG00000168546,GFRA2,5,0.500406834825061,0.026578650495061102,0.0
ENSG00000168758,SEMA4C,5,0.500406834825061,0.02673083117017204,0.0
ENSG00000168724,DNAJC21,5,0.5001627339300246,0.021503657160588774,0.004405286343612335
ENSG00000168701,TMEM208,5,0.500406834825061,0.026578650495061102,0.0
ENSG00000168671,UGT3A2,5,0.500406834825061,0.026578650495061102,0.0
ENSG00000168653,NDUFS5,5,0.500406834825061,0.02673083117017204,0.0
ENSG00000168612,ZSWIM1,5,0.500406834825061,0.026578650495061102,0.0
ENSG00000168610,STAT3,5,0.500406834825061,0.02673083117017204,0.0
ENSG00000168569,TMEM223,5,0.500406834825061,0.026578650495061102,0.0
ENSG00000168564,CDKN2AIP,5,0.500406834825061,0.026578650495061102,0.0
ENSG00000168522,FNTA,5,0.500406834825061,0.026437961354845524,0.0
ENSG00000169174,PCSK9,5,0.500406834825061,0.02673083117017204,0.0
ENSG00000168502,MTCL1,5,0.5003525901817196,0.023312539316736682,0.0
ENSG00000168496,FEN1,5,0.500406834825061,0.02673083117017204,0.0
ENSG00000168495,POLR3D,5,0.500406834825061,0.02673083117017204,0.0
ENSG00000168491,CCDC110,5,0.500406834825061,0.02673083117017204,0.0
ENSG00000168488,ATXN2L,5,0.5001627339300246,0.021503657160588774,0.004405286343612335
ENSG00000168461,RAB31,5,0.5003525901817196,0.023312539316736682,0.0
ENSG00000167306,MYO5B,5,0.49739625711961216,0.017163634442352627,0.012345679012345678
ENSG00000168411,RFWD3,5,0.5001627339300246,0.02152442658310508,0.004273504273504274
ENSG00000168405,CMAHP,5,0.49739625711961216,0.017124981046396103,0.04
ENSG00000168802,CHTF8,5,0.5001627339300246,0.021516014573189544,0.004366812227074236
ENSG00000168806,LCMT2,5,0.500406834825061,0.026437961354845524,0.0
ENSG00000168813,ZNF507,5,0.500406834825061,0.026578650495061102,0.0
ENSG00000168824,NSG1,5,0.5003525901817196,0.023312539316736682,0.0
ENSG00000169139,UBE2V2,5,0.500406834825061,0.02673083117017204,0.0
ENSG00000169136,ATF5,5,0.500406834825061,0.026578650495061102,0.0
ENSG00000169131,ZNF354A,5,0.5003525901817196,0.023312539316736682,0.0
ENSG00000169087,HSPBAP1,5,0.500406834825061,0.026437961354845524,0.0
ENSG00000169083,AR,5,0.5001627339300246,0.021516014573189544,0.004366812227074236
ENSG00000169045,HNRNPH1,5,0.5001627339300246,0.021503657160588774,0.004405286343612335
ENSG00000169032,MAP2K1,5,0.500406834825061,0.02673083117017204,0.0
ENSG00000169021,UQCRFS1,5,0.500406834825061,0.02673083117017204,0.0
ENSG00000169020,ATP5ME,5,0.500406834825061,0.026578650495061102,0.0
ENSG00000169018,FEM1B,5,0.500406834825061,0.02673083117017204,0.0
ENSG00000168924,LETM1,5,0.500406834825061,0.026437961354845524,0.0
ENSG00000168906,MAT2A,5,0.500406834825061,0.02673083117017204,0.0
ENSG00000168894,RNF181,5,0.500406834825061,0.02673083117017204,0.0
ENSG00000168884,TNIP2,5,0.500406834825061,0.026578650495061102,0.0
ENSG00000168883,USP39,5,0.500406834825061,0.02673083117017204,0.0
ENSG00000168876,ANKRD49,5,0.500406834825061,0.026437961354845524,0.0
ENSG00000168872,DDX19A,5,0.500406834825061,0.026578650495061102,0.0
ENSG00000168843,FSTL5,5,0.49739625711961216,0.017163634442352627,0.012345679012345678
ENSG00000168827,GFM1,5,0.500406834825061,0.026437961354845524,0.0
ENSG00000167315,ACAA2,5,0.500406834825061,0.026578650495061102,0.0
ENSG00000167283,ATP5MG,5,0.500406834825061,0.02673083117017204,0.0
ENSG00000167302,TEPSIN,5,0.500406834825061,0.02673083117017204,0.0
ENSG00000165209,STRBP,5,0.5003525901817196,0.023312539316736682,0.0
ENSG00000165629,ATP5F1C,5,0.500406834825061,0.02673083117017204,0.0
ENSG00000165617,DACT1,5,0.5003525901817196,0.023312539316736682,0.0
ENSG00000165609,NUDT5,5,0.500406834825061,0.02673083117017204,0.0
ENSG00000165548,TMEM63C,5,0.5003525901817196,0.023312539316736682,0.0
ENSG00000165527,ARF6,5,0.500406834825061,0.02673083117017204,0.0
ENSG00000165526,RPUSD4,5,0.500406834825061,0.026437961354845524,0.0
ENSG00000165512,ZNF22,5,0.500406834825061,0.026578650495061102,0.0
ENSG00000165506,DNAAF2,5,0.500406834825061,0.026437961354845524,0.0
ENSG00000165502,RPL36AL,5,0.500406834825061,0.02673083117017204,0.0
ENSG00000165501,LRR1,5,0.5001627339300246,0.02152442658310508,0.004273504273504274
ENSG00000165494,PCF11,5,0.5001627339300246,0.021405281775118672,0.010752688172043012
ENSG00000165490,DDIAS,5,0.5001627339300246,0.02152442658310508,0.004273504273504274
ENSG00000165480,SKA3,5,0.5001627339300246,0.02152442658310508,0.004273504273504274
ENSG00000165434,PGM2L1,5,0.500406834825061,0.023430240560169298,0.0
ENSG00000165417,GTF2A1,5,0.4977759696230021,0.015351548424270929,0.03535766729599329
ENSG00000165416,SUGT1,5,0.500406834825061,0.02673083117017204,0.0
ENSG00000165389,SPTSSA,5,0.5001627339300246,0.02152442658310508,0.004273504273504274
ENSG00000165349,SLC7A3,5,0.500406834825061,0.026578650495061102,0.0
ENSG00000165283,STOML2,5,0.500406834825061,0.02673083117017204,0.0
ENSG00000165280,VCP,5,0.500406834825061,0.02673083117017204,0.0
ENSG00000165271,NOL6,5,0.500406834825061,0.026578650495061102,0.0
ENSG00000165637,VDAC2,5,0.500406834825061,0.02673083117017204,0.0
ENSG00000165646,SLC18A2,5,0.500406834825061,0.026578650495061102,0.0
ENSG00000165650,PDZD8,5,0.5003525901817196,0.023312539316736682,0.0
ENSG00000165733,BMS1,5,0.500406834825061,0.02673083117017204,0.0
ENSG00000165898,ISCA2,5,0.5001627339300246,0.021405281775118672,0.010752688172043012
ENSG00000165895,ARHGAP42,5,0.500406834825061,0.026437961354845524,0.0
ENSG00000165886,UBTD1,5,0.500406834825061,0.02673083117017204,0.0
ENSG00000165832,TRUB1,5,0.500406834825061,0.02673083117017204,0.0
ENSG00000165821,SALL2,5,0.500406834825061,0.026437961354845524,0.0
ENSG00000165819,METTL3,5,0.500406834825061,0.026437961354845524,0.0
ENSG00000165813,CCDC186,5,0.5003525901817196,0.023312539316736682,0.0
ENSG00000165802,NSMF,5,0.500406834825061,0.026437961354845524,0.0
ENSG00000165792,METTL17,5,0.500406834825061,0.02673083117017204,0.0
ENSG00000165732,DDX21,5,0.500406834825061,0.026578650495061102,0.0
ENSG00000165661,QSOX2,5,0.500406834825061,0.02673083117017204,0.0
ENSG00000165724,ZMYND19,5,0.500406834825061,0.02673083117017204,0.0
ENSG00000165716,DIPK1B,5,0.500406834825061,0.02673083117017204,0.0
ENSG00000165704,HPRT1,5,0.5001627339300246,0.021503657160588774,0.004405286343612335
ENSG00000165689,ENTR1,5,0.500406834825061,0.026578650495061102,0.0
ENSG00000165688,PMPCA,5,0.500406834825061,0.02673083117017204,0.0
ENSG00000165684,SNAPC4,5,0.500406834825061,0.026437961354845524,0.0
ENSG00000165678,GHITM,5,0.500406834825061,0.02673083117017204,0.0
ENSG00000165672,PRDX3,5,0.500406834825061,0.02673083117017204,0.0
ENSG00000165671,NSD1,5,0.500406834825061,0.026578650495061102,0.0
ENSG00000165264,NDUFB6,5,0.500406834825061,0.02673083117017204,0.0
ENSG00000165186,PTCHD1,5,0.500406834825061,0.026437961354845524,0.0
ENSG00000165912,PACSIN3,5,0.500406834825061,0.026578650495061102,0.0
ENSG00000165175,MID1IP1,5,0.500406834825061,0.026578650495061102,0.0
ENSG00000164742,ADCY1,5,0.5003525901817196,0.023312539316736682,0.0
ENSG00000164715,LMTK2,5,0.500406834825061,0.02673083117017204,0.0
ENSG00000164687,FABP5,5,0.500406834825061,0.026578650495061102,0.0
ENSG00000164654,MIOS,5,0.500406834825061,0.026437961354845524,0.0
ENSG00000164649,CDCA7L,5,0.500406834825061,0.026578650495061102,0.0
ENSG00000164626,KCNK5,5,0.500406834825061,0.026578650495061102,0.0
ENSG00000164620,RELL2,5,0.500406834825061,0.026437961354845524,0.0
ENSG00000164615,CAMLG,5,0.5001627339300246,0.021405281775118672,0.010752688172043012
ENSG00000164609,SLU7,5,0.500406834825061,0.026437961354845524,0.0
ENSG00000164591,MYOZ3,5,0.500406834825061,0.026437961354845524,0.0
ENSG00000164588,HCN1,5,0.500406834825061,0.026578650495061102,0.0
ENSG00000164587,RPS14,5,0.500406834825061,0.02673083117017204,0.0
ENSG00000164535,DAGLB,5,0.500406834825061,0.026437961354845524,0.0
ENSG00000164484,TMEM200A,5,0.5003525901817196,0.023312539316736682,0.0
ENSG00000164483,SAMD3,5,0.5003525901817196,0.023312539316736682,0.0
ENSG00000164465,DCBLD1,5,0.500406834825061,0.023430240560169298,0.0
ENSG00000164430,CGAS,5,0.500406834825061,0.026578650495061102,0.0
ENSG00000164418,GRIK2,5,0.49739625711961216,0.017163634442352627,0.012345679012345678
ENSG00000164405,UQCRQ,5,0.500406834825061,0.026578650495061102,0.0
ENSG00000164366,CCDC127,5,0.500406834825061,0.02673083117017204,0.0
ENSG00000164362,TERT,5,0.500406834825061,0.026578650495061102,0.0
ENSG00000164749,HNF4G,5,0.5003525901817196,0.023312539316736682,0.0
ENSG00000164818,DNAAF5,5,0.5003525901817196,0.023312539316736682,0.0
ENSG00000164823,OSGIN2,5,0.5003525901817196,0.023312539316736682,0.0
ENSG00000164985,PSIP1,5,0.5001627339300246,0.02152442658310508,0.004273504273504274
ENSG00000165152,PGAP4,5,0.500406834825061,0.026437961354845524,0.0
ENSG00000165138,ANKS6,5,0.500406834825061,0.02358242123528024,0.037037037037037035
ENSG00000165119,HNRNPK,5,0.500406834825061,0.02673083117017204,0.0
ENSG00000165091,TMC1,5,0.500406834825061,0.026437961354845524,0.0
ENSG00000165078,CPA6,5,0.500406834825061,0.02673083117017204,0.0
ENSG00000165061,ZMAT4,5,0.500406834825061,0.026578650495061102,0.0
ENSG00000165060,FXN,5,0.500406834825061,0.026578650495061102,0.0
ENSG00000165055,METTL2B,5,0.500406834825061,0.026578650495061102,0.0
ENSG00000165029,ABCA1,5,0.47952264713861403,0.010983824409748884,0.17734567901234566
ENSG00000164961,WASHC5,5,0.5003525901817196,0.023312539316736682,0.0
ENSG00000164828,SUN1,5,0.500406834825061,0.02673083117017204,0.0
ENSG00000164934,DCAF13,5,0.500406834825061,0.02673083117017204,0.0
ENSG00000164933,SLC25A32,5,0.500406834825061,0.02673083117017204,0.0
ENSG00000164919,COX6C,5,0.5001627339300246,0.021516014573189544,0.004366812227074236
ENSG00000164904,ALDH7A1,5,0.500406834825061,0.023723110375495814,0.0
ENSG00000164902,PHAX,5,0.500406834825061,0.026578650495061102,0.0
ENSG00000164897,TMUB1,5,0.500406834825061,0.02673083117017204,0.0
ENSG00000164896,FASTK,5,0.500406834825061,0.026437961354845524,0.0
ENSG00000164889,SLC4A2,5,0.500406834825061,0.026578650495061102,0.0
ENSG00000164880,INTS1,5,0.500406834825061,0.026578650495061102,0.0
ENSG00000165905,LARGE2,5,0.500406834825061,0.026578650495061102,0.0
ENSG00000165916,PSMC3,5,0.500406834825061,0.026578650495061102,0.0
ENSG00000167291,TBC1D16,5,0.5003525901817196,0.023312539316736682,0.0
ENSG00000166526,ZNF3,5,0.500406834825061,0.026437961354845524,0.0
ENSG00000166889,PATL1,5,0.5001627339300246,0.021503657160588774,0.004405286343612335
ENSG00000166888,STAT6,5,0.5003525901817196,0.023312539316736682,0.0
ENSG00000166855,CLPX,5,0.500406834825061,0.026578650495061102,0.0
ENSG00000166831,RBPMS2,5,0.500406834825061,0.026578650495061102,0.0
ENSG00000166813,KIF7,5,0.500406834825061,0.026437961354845524,0.0
ENSG00000166803,PCLAF,5,0.5001627339300246,0.02152442658310508,0.004273504273504274
ENSG00000166801,FAM111A,5,0.5002712232167075,0.018977355266956094,0.125
ENSG00000166797,CIAO2A,5,0.500406834825061,0.02673083117017204,0.0
ENSG00000166794,PPIB,5,0.500406834825061,0.026437961354845524,0.0
ENSG00000166788,SAAL1,5,0.500406834825061,0.02673083117017204,0.0
ENSG00000166770,ZNF667-AS1,5,0.500406834825061,0.026437961354845524,0.0
ENSG00000166716,ZNF592,5,0.5003525901817196,0.023312539316736682,0.0
ENSG00000166681,BEX3,5,0.500406834825061,0.026437961354845524,0.0
ENSG00000166669,ATF7IP2,5,0.5001627339300246,0.02152442658310508,0.004273504273504274
ENSG00000166619,BLCAP,5,0.49739625711961216,0.017124981046396103,0.04
ENSG00000166598,HSP90B1,5,0.5001627339300246,0.021503657160588774,0.004405286343612335
ENSG00000166595,CIAO2B,5,0.500406834825061,0.02673083117017204,0.0
ENSG00000166582,CENPV,5,0.5001627339300246,0.021503657160588774,0.004405286343612335
ENSG00000166562,SEC11C,5,0.500406834825061,0.026578650495061102,0.0
ENSG00000166557,TMED3,5,0.500406834825061,0.02673083117017204,0.0
ENSG00000166535,A2ML1,5,0.500406834825061,0.026437961354845524,0.0
ENSG00000166900,STX3,5,0.500406834825061,0.02673083117017204,0.0
ENSG00000166902,MRPL16,5,0.500406834825061,0.026578650495061102,0.0
ENSG00000166908,PIP4K2C,5,0.500406834825061,0.026437961354845524,0.0
ENSG00000167118,URM1,5,0.500406834825061,0.026578650495061102,0.0
ENSG00000169856,ONECUT1,5,0.5003525901817196,0.023312539316736682,0.0
ENSG00000167281,RBFOX3,5,0.5003525901817196,0.023312539316736682,0.0
ENSG00000167272,POP5,5,0.500406834825061,0.026578650495061102,0.0
ENSG00000167264,DUS2,5,0.500406834825061,0.02673083117017204,0.0
ENSG00000167258,CDK12,5,0.5003525901817196,0.023312539316736682,0.0
ENSG00000167193,CRK,5,0.500406834825061,0.026578650495061102,0.0
ENSG00000167191,GPRC5B,5,0.500406834825061,0.023723110375495814,0.0
ENSG00000167173,C15orf39,5,0.500406834825061,0.026578650495061102,0.0
ENSG00000167130,DOLPP1,5,0.500406834825061,0.02673083117017204,0.0
ENSG00000167114,SLC27A4,5,0.5003525901817196,0.023312539316736682,0.0
ENSG00000166913,YWHAB,5,0.500406834825061,0.026578650495061102,0.0
ENSG00000167112,TRUB2,5,0.5003525901817196,0.023312539316736682,0.0
ENSG00000167088,SNRPD1,5,0.500406834825061,0.02673083117017204,0.0
ENSG00000167085,PHB1,5,0.500406834825061,0.026437961354845524,0.0
ENSG00000167037,SGSM1,5,0.500406834825061,0.026437961354845524,0.0
ENSG00000167005,NUDT21,5,0.5001627339300246,0.021516014573189544,0.004366812227074236
ENSG00000167004,PDIA3,5,0.500406834825061,0.026437961354845524,0.0
ENSG00000166986,MARS1,5,0.500406834825061,0.026437961354845524,0.0
ENSG00000166979,EVA1C,5,0.500406834825061,0.026437961354845524,0.0
ENSG00000166938,DIS3L,5,0.5003525901817196,0.023312539316736682,0.0
ENSG00000166529,ZSCAN21,5,0.500406834825061,0.026437961354845524,0.0
ENSG00000166508,MCM7,5,0.500406834825061,0.02673083117017204,0.0
ENSG00000165929,TC2N,5,0.500406834825061,0.026437961354845524,0.0
ENSG00000166503,HDGFL3,5,0.500406834825061,0.02673083117017204,0.0
ENSG00000166206,GABRB3,5,0.500406834825061,0.026578650495061102,0.0
ENSG00000166200,COPS2,5,0.5001627339300246,0.021516014573189544,0.004366812227074236
ENSG00000166197,NOLC1,5,0.500406834825061,0.026578650495061102,0.0
ENSG00000166181,API5,5,0.500406834825061,0.02673083117017204,0.0
ENSG00000166170,BAG5,5,0.500406834825061,0.026578650495061102,0.0
ENSG00000166166,TRMT61A,5,0.500406834825061,0.026578650495061102,0.0
ENSG00000166164,BRD7,5,0.500406834825061,0.023723110375495814,0.0
ENSG00000166145,SPINT1,5,0.500406834825061,0.026578650495061102,0.0
ENSG00000166136,NDUFB8,5,0.5003525901817196,0.023312539316736682,0.0
ENSG00000166123,GPT2,5,0.500406834825061,0.026437961354845524,0.0
ENSG00000166105,GLB1L3,5,0.500406834825061,0.026578650495061102,0.0
ENSG00000166073,GPR176,5,0.500406834825061,0.026437961354845524,0.0
ENSG00000166016,ABTB2,5,0.5003525901817196,0.023312539316736682,0.0
ENSG00000166012,TAF1D,5,0.500406834825061,0.02673083117017204,0.0
ENSG00000166002,SMCO4,5,0.5001627339300246,0.021503657160588774,0.004405286343612335
ENSG00000165997,ARL5B,5,0.4977759696230021,0.015351548424270929,0.03535766729599329
ENSG00000165996,HACD1,5,0.5001627339300246,0.021503657160588774,0.004405286343612335
ENSG00000165995,CACNB2,5,0.5003525901817196,0.023312539316736682,0.0
ENSG00000165983,PTER,5,0.500406834825061,0.02673083117017204,0.0
ENSG00000165943,MOAP1,5,0.500406834825061,0.02673083117017204,0.0
ENSG00000165934,CPSF2,5,0.500406834825061,0.02673083117017204,0.0
ENSG00000166226,CCT2,5,0.500406834825061,0.026578650495061102,0.0
ENSG00000166228,PCBD1,5,0.500406834825061,0.02673083117017204,0.0
ENSG00000166250,CLMP,5,0.500406834825061,0.026578650495061102,0.0
ENSG00000166426,CRABP1,5,0.5001627339300246,0.021516014573189544,0.004366812227074236
ENSG00000166501,PRKCB,5,0.500406834825061,0.026437961354845524,0.0
ENSG00000166484,MAPK7,5,0.500406834825061,0.026578650495061102,0.0
ENSG00000166483,WEE1,5,0.4977759696230021,0.015351548424270929,0.03535766729599329
ENSG00000166478,ZNF143,5,0.500406834825061,0.02673083117017204,0.0
ENSG00000166477,LEO1,5,0.500406834825061,0.02673083117017204,0.0
ENSG00000166471,TMEM41B,5,0.5001627339300246,0.021516014573189544,0.004366812227074236
ENSG00000166454,ATMIN,5,0.500406834825061,0.026578650495061102,0.0
ENSG00000166451,CENPN,5,0.4977759696230021,0.01533547674922743,0.09546219691271804
ENSG00000166441,RPL27A,5,0.500406834825061,0.02673083117017204,0.0
ENSG00000166415,WDR72,5,0.500406834825061,0.023430240560169298,0.0
ENSG00000166261,ZNF202,5,0.500406834825061,0.026437961354845524,0.0
ENSG00000166411,IDH3A,5,0.500406834825061,0.026437961354845524,0.0
ENSG00000166405,RIC3,5,0.500406834825061,0.026437961354845524,0.0
ENSG00000166394,CYB5R2,5,0.500406834825061,0.02673083117017204,0.0
ENSG00000166387,PPFIBP2,5,0.5003525901817196,0.023312539316736682,0.0
ENSG00000166347,CYB5A,5,0.500406834825061,0.026437961354845524,0.0
ENSG00000166342,NETO1,5,0.500406834825061,0.026578650495061102,0.0
ENSG00000166340,TPP1,5,0.5003525901817196,0.023312539316736682,0.0
ENSG00000166337,TAF10,5,0.500406834825061,0.02673083117017204,0.0
ENSG00000166265,CYYR1,5,0.500406834825061,0.023430240560169298,0.0
ENSG00000169836,TACR3,5,0.500406834825061,0.026437961354845524,0.0
ENSG00000000419,DPM1,5,0.500406834825061,0.02673083117017204,0.0
ENSG00000169857,AVEN,5,0.5003525901817196,0.023312539316736682,0.0
ENSG00000169860,P2RY1,5,0.500406834825061,0.026578650495061102,0.0
ENSG00000174903,RAB1B,5,0.500406834825061,0.026578650495061102,0.0
ENSG00000174886,NDUFA11,5,0.500406834825061,0.026578650495061102,0.0
ENSG00000174851,YIF1A,5,0.5003525901817196,0.023312539316736682,0.0
ENSG00000174840,PDE12,5,0.5003525901817196,0.023312539316736682,0.0
ENSG00000174780,SRP72,5,0.500406834825061,0.02673083117017204,0.0
ENSG00000174775,HRAS,5,0.500406834825061,0.026578650495061102,0.0
ENSG00000174748,RPL15,5,0.500406834825061,0.02673083117017204,0.0
ENSG00000174744,BRMS1,5,0.500406834825061,0.026578650495061102,0.0
ENSG00000174718,RESF1,5,0.500406834825061,0.026578650495061102,0.0
ENSG00000174695,TMEM167A,5,0.500406834825061,0.026578650495061102,0.0
ENSG00000174672,BRSK2,5,0.5003525901817196,0.023312539316736682,0.0
ENSG00000174669,SLC29A2,5,0.5001627339300246,0.021503657160588774,0.004405286343612335
ENSG00000174607,UGT8,5,0.500406834825061,0.026578650495061102,0.0
ENSG00000174574,AKIRIN1,5,0.500406834825061,0.026578650495061102,0.0
ENSG00000174564,IL20RB,5,0.5003525901817196,0.023312539316736682,0.0
ENSG00000174547,MRPL11,5,0.500406834825061,0.026578650495061102,0.0
ENSG00000174444,RPL4,5,0.5001627339300246,0.021516014573189544,0.004366812227074236
ENSG00000174442,ZWILCH,5,0.500406834825061,0.02673083117017204,0.0
ENSG00000174437,ATP2A2,5,0.500406834825061,0.02673083117017204,0.0
ENSG00000174371,EXO1,5,0.5001627339300246,0.02152442658310508,0.004273504273504274
ENSG00000174243,DDX23,5,0.500406834825061,0.026578650495061102,0.0
ENSG00000174915,PTDSS2,5,0.500406834825061,0.026437961354845524,0.0
ENSG00000174938,SEZ6L2,5,0.5003525901817196,0.023312539316736682,0.0
ENSG00000174939,ASPHD1,5,0.500406834825061,0.026437961354845524,0.0
ENSG00000175166,PSMD2,5,0.500406834825061,0.02673083117017204,0.0
ENSG00000175334,BANF1,5,0.5001627339300246,0.021405281775118672,0.010752688172043012
ENSG00000175324,LSM1,5,0.500406834825061,0.02673083117017204,0.0
ENSG00000175322,ZNF519,5,0.5001627339300246,0.02152442658310508,0.004273504273504274
ENSG00000175305,CCNE2,5,0.500406834825061,0.026578650495061102,0.0
ENSG00000175283,DOLK,5,0.5003525901817196,0.023312539316736682,0.0
ENSG00000175229,GAL3ST3,5,0.500406834825061,0.02673083117017204,0.0
ENSG00000175220,ARHGAP1,5,0.5003525901817196,0.023312539316736682,0.0
ENSG00000175197,DDIT3,5,0.500406834825061,0.023430240560169298,0.0
ENSG00000175193,PARL,5,0.500406834825061,0.026437961354845524,0.0
ENSG00000175137,SH3BP5L,5,0.500406834825061,0.02673083117017204,0.0
ENSG00000174943,KCTD13,5,0.500406834825061,0.026578650495061102,0.0
ENSG00000175130,MARCKSL1,5,0.5003525901817196,0.023312539316736682,0.0
ENSG00000175110,MRPS22,5,0.500406834825061,0.02673083117017204,0.0
ENSG00000175073,VCPIP1,5,0.500406834825061,0.02673083117017204,0.0
ENSG00000175061,SNHG29,5,0.5001627339300246,0.021516014573189544,0.004366812227074236
ENSG00000175048,ZDHHC14,5,0.5003525901817196,0.023312539316736682,0.0
ENSG00000175040,CHST2,5,0.5003525901817196,0.023312539316736682,0.0
ENSG00000175029,CTBP2,5,0.500406834825061,0.026578650495061102,0.0
ENSG00000174953,DHX36,5,0.500406834825061,0.02673083117017204,0.0
ENSG00000174945,AMZ1,5,0.5003525901817196,0.023312539316736682,0.0
ENSG00000174231,PRPF8,5,0.5001627339300246,0.02152442658310508,0.004273504273504274
ENSG00000174206,KICS2,5,0.500406834825061,0.02673083117017204,0.0
ENSG00000174197,MGA,5,0.500406834825061,0.026437961354845524,0.0
ENSG00000173486,FKBP2,5,0.500406834825061,0.026578650495061102,0.0
ENSG00000173621,LRFN4,5,0.500406834825061,0.026578650495061102,0.0
ENSG00000173599,PC,5,0.500406834825061,0.026578650495061102,0.0
ENSG00000173581,CCDC106,5,0.500406834825061,0.026437961354845524,0.0
ENSG00000173548,SNX33,5,0.500406834825061,0.026437961354845524,0.0
ENSG00000173545,ZNF622,5,0.500406834825061,0.026578650495061102,0.0
ENSG00000173540,GMPPB,5,0.500406834825061,0.026578650495061102,0.0
ENSG00000173530,TNFRSF10D,5,0.5001627339300246,0.021503657160588774,0.004405286343612335
ENSG00000173517,PEAK1,5,0.500406834825061,0.026437961354845524,0.0
ENSG00000173511,VEGFB,5,0.500406834825061,0.02673083117017204,0.0
ENSG00000173473,SMARCC1,5,0.5001627339300246,0.021503657160588774,0.004405286343612335
ENSG00000173653,RCE1,5,0.500406834825061,0.02673083117017204,0.0
ENSG00000173465,ZNRD2,5,0.500406834825061,0.026578650495061102,0.0
ENSG00000173457,PPP1R14B,5,0.500406834825061,0.02673083117017204,0.0
ENSG00000173456,RNF26,5,0.5001627339300246,0.021405281775118672,0.010752688172043012
ENSG00000173436,MICOS10,5,0.500406834825061,0.026578650495061102,0.0
ENSG00000173418,NAA20,5,0.500406834825061,0.026578650495061102,0.0
ENSG00000173409,ARV1,5,0.500406834825061,0.026437961354845524,0.0
ENSG00000173402,DAG1,5,0.500406834825061,0.02673083117017204,0.0
ENSG00000173334,TRIB1,5,0.500406834825061,0.026437961354845524,0.0
ENSG00000173327,MAP3K11,5,0.500406834825061,0.026578650495061102,0.0
ENSG00000173638,SLC19A1,5,0.500406834825061,0.026578650495061102,0.0
ENSG00000173660,UQCRH,5,0.500406834825061,0.026578650495061102,0.0
ENSG00000174177,CTU2,5,0.500406834825061,0.026578650495061102,0.0
ENSG00000173898,SPTBN2,5,0.500406834825061,0.026437961354845524,0.0
ENSG00000174173,TRMT10C,5,0.500406834825061,0.026578650495061102,0.0
ENSG00000174021,GNG5,5,0.500406834825061,0.02673083117017204,0.0
ENSG00000174013,FBXO45,5,0.500406834825061,0.02673083117017204,0.0
ENSG00000173992,CCS,5,0.500406834825061,0.02673083117017204,0.0
ENSG00000173950,XXYLT1,5,0.5003525901817196,0.023312539316736682,0.0
ENSG00000173930,SLCO4C1,5,0.5001627339300246,0.021503657160588774,0.004405286343612335
ENSG00000173926,MARCHF3,5,0.500406834825061,0.026437961354845524,0.0
ENSG00000173915,ATP5MK,5,0.500406834825061,0.026578650495061102,0.0
ENSG00000173905,GOLIM4,5,0.500406834825061,0.023430240560169298,0.0
ENSG00000173894,CBX2,5,0.500406834825061,0.023723110375495814,0.0
ENSG00000173674,EIF1AX,5,0.500406834825061,0.026578650495061102,0.0
ENSG00000173890,GPR160,5,0.500406834825061,0.026437961354845524,0.0
ENSG00000173848,NET1,5,0.5001627339300246,0.02152442658310508,0.004273504273504274
ENSG00000173821,RNF213,5,0.5003525901817196,0.023312539316736682,0.0
ENSG00000173812,EIF1,5,0.500406834825061,0.02673083117017204,0.0
ENSG00000173801,JUP,5,0.500406834825061,0.02673083117017204,0.0
ENSG00000173786,CNP,5,0.500406834825061,0.026437961354845524,0.0
ENSG00000173726,TOMM20,5,0.5001627339300246,0.021516014573189544,0.004366812227074236
ENSG00000173698,ADGRG2,5,0.500406834825061,0.026437961354845524,0.0
ENSG00000173692,PSMD1,5,0.500406834825061,0.026578650495061102,0.0
ENSG00000175354,PTPN2,5,0.500406834825061,0.026437961354845524,0.0
ENSG00000175376,EIF1AD,5,0.500406834825061,0.02673083117017204,0.0
ENSG00000175390,EIF3F,5,0.500406834825061,0.026578650495061102,0.0
ENSG00000177051,FBXO46,5,0.500406834825061,0.026578650495061102,0.0
ENSG00000177169,ULK1,5,0.500406834825061,0.026437961354845524,0.0
ENSG00000177156,TALDO1,5,0.500406834825061,0.026578650495061102,0.0
ENSG00000177150,FAM210A,5,0.500406834825061,0.026437961354845524,0.0
ENSG00000177125,ZBTB34,5,0.500406834825061,0.026578650495061102,0.0
ENSG00000177108,ZDHHC22,5,0.500406834825061,0.026437961354845524,0.0
ENSG00000177106,EPS8L2,5,0.5001627339300246,0.021516014573189544,0.004366812227074236
ENSG00000177105,RHOG,5,0.500406834825061,0.02673083117017204,0.0
ENSG00000177058,SLC38A9,5,0.500406834825061,0.026437961354845524,0.0
ENSG00000177054,ZDHHC13,5,0.5001627339300246,0.021516014573189544,0.004366812227074236
ENSG00000177030,DEAF1,5,0.500406834825061,0.02673083117017204,0.0
ENSG00000177192,PUS1,5,0.500406834825061,0.026578650495061102,0.0
ENSG00000176994,SMCR8,5,0.500406834825061,0.026437961354845524,0.0
ENSG00000176986,SEC24C,5,0.500406834825061,0.02673083117017204,0.0
ENSG00000176974,SHMT1,5,0.500406834825061,0.02673083117017204,0.0
ENSG00000176953,NFATC2IP,5,0.500406834825061,0.026578650495061102,0.0
ENSG00000176946,THAP4,5,0.500406834825061,0.02673083117017204,0.0
ENSG00000176928,GCNT4,5,0.500406834825061,0.02673083117017204,0.0
ENSG00000176915,ANKLE2,5,0.5001627339300246,0.02152442658310508,0.004273504273504274
ENSG00000176871,WSB2,5,0.500406834825061,0.026437961354845524,0.0
ENSG00000176834,VSIG10,5,0.500406834825061,0.026437961354845524,0.0
ENSG00000177181,RIMKLA,5,0.500406834825061,0.026578650495061102,0.0
ENSG00000177225,GATD1,5,0.500406834825061,0.02673083117017204,0.0
ENSG00000176728,TTTY14,5,0.500406834825061,0.026437961354845524,0.0
ENSG00000177479,ARIH2,5,0.500406834825061,0.02673083117017204,0.0
ENSG00000177628,GBA1,5,0.500406834825061,0.026578650495061102,0.0
ENSG00000177614,PGBD5,5,0.500406834825061,0.023430240560169298,0.0
ENSG00000177613,CSTF2T,5,0.500406834825061,0.02673083117017204,0.0
ENSG00000177602,HASPIN,5,0.5001627339300246,0.02152442658310508,0.004273504273504274
ENSG00000177600,RPLP2,5,0.500406834825061,0.02673083117017204,0.0
ENSG00000177556,ATOX1,5,0.500406834825061,0.026578650495061102,0.0
ENSG00000177548,RABEP2,5,0.500406834825061,0.026578650495061102,0.0
ENSG00000177542,SLC25A22,5,0.500406834825061,0.026437961354845524,0.0
ENSG00000177511,ST8SIA3,5,0.500406834825061,0.026437961354845524,0.0
ENSG00000177463,NR2C2,5,0.500406834825061,0.023430240560169298,0.0
ENSG00000177239,MAN1B1,5,0.500406834825061,0.026437961354845524,0.0
ENSG00000177426,TGIF1,5,0.500406834825061,0.02673083117017204,0.0
ENSG00000177425,PAWR,5,0.5001627339300246,0.021503657160588774,0.004405286343612335
ENSG00000177410,ZFAS1,5,0.500406834825061,0.02673083117017204,0.0
ENSG00000177383,MAGEF1,5,0.500406834825061,0.026437961354845524,0.0
ENSG00000177380,PPFIA3,5,0.5003525901817196,0.023312539316736682,0.0
ENSG00000177370,TIMM22,5,0.500406834825061,0.026578650495061102,0.0
ENSG00000177352,CCDC71,5,0.500406834825061,0.026578650495061102,0.0
ENSG00000177303,CASKIN2,5,0.500406834825061,0.02673083117017204,0.0
ENSG00000177302,TOP3A,5,0.5001627339300246,0.02152442658310508,0.004273504273504274
ENSG00000176769,TCERG1L,5,0.500406834825061,0.026578650495061102,0.0
ENSG00000176720,BOK,5,0.500406834825061,0.02673083117017204,0.0
ENSG00000175467,SART1,5,0.500406834825061,0.026578650495061102,0.0
ENSG00000175832,ETV4,5,0.5003525901817196,0.023312539316736682,0.0
ENSG00000176101,SSNA1,5,0.500406834825061,0.026578650495061102,0.0
ENSG00000176095,IP6K1,5,0.500406834825061,0.023430240560169298,0.0
ENSG00000176092,CRYBG2,5,0.5001627339300246,0.021503657160588774,0.004405286343612335
ENSG00000176087,SLC35A4,5,0.500406834825061,0.026578650495061102,0.0
ENSG00000176058,TPRN,5,0.500406834825061,0.02673083117017204,0.0
ENSG00000176024,ZNF613,5,0.5003525901817196,0.023312539316736682,0.0
ENSG00000175984,DENND2C,5,0.500406834825061,0.026578650495061102,0.0
ENSG00000175931,UBE2O,5,0.500406834825061,0.026578650495061102,0.0
ENSG00000175894,TSPEAR,5,0.500406834825061,0.026437961354845524,0.0
ENSG00000175792,RUVBL1,5,0.500406834825061,0.02673083117017204,0.0
ENSG00000176148,TCP11L1,5,0.500406834825061,0.023723110375495814,0.0
ENSG00000175787,ZNF169,5,0.500406834825061,0.026437961354845524,0.0
ENSG00000175785,PRIMA1,5,0.500406834825061,0.023723110375495814,0.0
ENSG00000175768,TOMM5,5,0.500406834825061,0.02673083117017204,0.0
ENSG00000175756,AURKAIP1,5,0.500406834825061,0.026578650495061102,0.0
ENSG00000175727,MLXIP,5,0.5003525901817196,0.023312539316736682,0.0
ENSG00000175643,RMI2,5,0.5001627339300246,0.021503657160588774,0.004405286343612335
ENSG00000175634,RPS6KB2,5,0.500406834825061,0.026437961354845524,0.0
ENSG00000175606,TMEM70,5,0.500406834825061,0.026578650495061102,0.0
ENSG00000175550,DRAP1,5,0.500406834825061,0.02673083117017204,0.0
ENSG00000176105,YES1,5,0.500406834825061,0.02673083117017204,0.0
ENSG00000176182,MYPOP,5,0.500406834825061,0.026578650495061102,0.0
ENSG00000176715,ACSF3,5,0.500406834825061,0.02673083117017204,0.0
ENSG00000176454,LPCAT4,5,0.500406834825061,0.02673083117017204,0.0
ENSG00000176697,BDNF,5,0.500406834825061,0.02673083117017204,0.0
ENSG00000176658,MYO1D,5,0.5003525901817196,0.023312539316736682,0.0
ENSG00000176624,MEX3C,5,0.5003525901817196,0.023312539316736682,0.0
ENSG00000176619,LMNB2,5,0.5001627339300246,0.021405281775118672,0.010752688172043012
ENSG00000176593,ZNF606-AS1,5,0.5003525901817196,0.023312539316736682,0.0
ENSG00000176490,DIRAS1,5,0.5003525901817196,0.023312539316736682,0.0
ENSG00000176485,PLAAT3,5,0.500406834825061,0.026578650495061102,0.0
ENSG00000176476,SGF29,5,0.500406834825061,0.026578650495061102,0.0
ENSG00000176463,SLCO3A1,5,0.5003525901817196,0.023312539316736682,0.0
ENSG00000176444,CLK2,5,0.500406834825061,0.02673083117017204,0.0
ENSG00000176248,ANAPC2,5,0.500406834825061,0.026578650495061102,0.0
ENSG00000176422,SPRYD4,5,0.5003525901817196,0.023312539316736682,0.0
ENSG00000176407,KCMF1,5,0.500406834825061,0.02673083117017204,0.0
ENSG00000176406,RIMS2,5,0.5003525901817196,0.023312539316736682,0.0
ENSG00000176396,EID2,5,0.5001627339300246,0.021516014573189544,0.004366812227074236
ENSG00000176390,CRLF3,5,0.5003525901817196,0.023312539316736682,0.0
ENSG00000176387,HSD11B2,5,0.500406834825061,0.026437961354845524,0.0
ENSG00000176386,CDC26,5,0.500406834825061,0.02673083117017204,0.0
ENSG00000176371,ZSCAN2,5,0.500406834825061,0.026437961354845524,0.0
ENSG00000176340,COX8A,5,0.5001627339300246,0.02152442658310508,0.004273504273504274
ENSG00000173281,PPP1R3B,5,0.500406834825061,0.02673083117017204,0.0
ENSG00000173264,GPR137,5,0.500406834825061,0.026578650495061102,0.0
ENSG00000173262,SLC2A14,5,0.500406834825061,0.026437961354845524,0.0
ENSG00000170906,NDUFA3,5,0.500406834825061,0.02673083117017204,0.0
ENSG00000171159,BBLN,5,0.5003525901817196,0.023312539316736682,0.0
ENSG00000171148,TADA3,5,0.500406834825061,0.02673083117017204,0.0
ENSG00000171135,JAGN1,5,0.5003525901817196,0.023312539316736682,0.0
ENSG00000171126,KCNG3,5,0.500406834825061,0.026578650495061102,0.0
ENSG00000171121,KCNMB3,5,0.500406834825061,0.026437961354845524,0.0
ENSG00000171105,INSR,5,0.500406834825061,0.026437961354845524,0.0
ENSG00000171097,KYAT1,5,0.500406834825061,0.026578650495061102,0.0
ENSG00000171067,C11orf24,5,0.500406834825061,0.02673083117017204,0.0
ENSG00000171044,XKR6,5,0.5003525901817196,0.023312539316736682,0.0
ENSG00000170889,RPS9,5,0.500406834825061,0.02673083117017204,0.0
ENSG00000171202,TMEM126A,5,0.500406834825061,0.026578650495061102,0.0
ENSG00000170860,LSM3,5,0.500406834825061,0.02673083117017204,0.0
ENSG00000170855,TRIAP1,5,0.500406834825061,0.02673083117017204,0.0
ENSG00000170854,RIOX2,5,0.5003525901817196,0.023312539316736682,0.0
ENSG00000170832,USP32,5,0.500406834825061,0.023430240560169298,0.0
ENSG00000170802,FOXN2,5,0.5001627339300246,0.021516014573189544,0.004366812227074236
ENSG00000170791,CHCHD7,5,0.500406834825061,0.026578650495061102,0.0
ENSG00000170779,CDCA4,5,0.5001627339300246,0.02152442658310508,0.004273504273504274
ENSG00000170745,KCNS3,5,0.500406834825061,0.026578650495061102,0.0
ENSG00000170703,TTLL6,5,0.500406834825061,0.026578650495061102,0.0
ENSG00000171163,ZNF692,5,0.500406834825061,0.026437961354845524,0.0
ENSG00000171204,TMEM126B,5,0.500406834825061,0.026578650495061102,0.0
ENSG00000170638,TRABD,5,0.500406834825061,0.02673083117017204,0.0
ENSG00000171435,KSR2,5,0.5003525901817196,0.023312539316736682,0.0
ENSG00000171530,TBCA,5,0.5003525901817196,0.023312539316736682,0.0
ENSG00000171517,LPAR3,5,0.500406834825061,0.026437961354845524,0.0
ENSG00000171497,PPID,5,0.500406834825061,0.026578650495061102,0.0
ENSG00000171490,RSL1D1,5,0.500406834825061,0.026437961354845524,0.0
ENSG00000171469,ZNF561,5,0.500406834825061,0.026437961354845524,0.0
ENSG00000171466,ZNF562,5,0.5003525901817196,0.023312539316736682,0.0
ENSG00000171453,POLR1C,5,0.5003525901817196,0.023312539316736682,0.0
ENSG00000171451,DSEL,5,0.500406834825061,0.026437961354845524,0.0
ENSG00000171444,MCC,5,0.500406834825061,0.026437961354845524,0.0
ENSG00000171425,ZNF581,5,0.5003525901817196,0.023312539316736682,0.0
ENSG00000171219,CDC42BPG,5,0.500406834825061,0.02673083117017204,0.0
ENSG00000171421,MRPL36,5,0.500406834825061,0.026578650495061102,0.0
ENSG00000171357,LURAP1,5,0.500406834825061,0.02673083117017204,0.0
ENSG00000171345,KRT19,5,0.500406834825061,0.02673083117017204,0.0
ENSG00000171314,PGAM1,5,0.500406834825061,0.026578650495061102,0.0
ENSG00000171311,EXOSC1,5,0.500406834825061,0.026437961354845524,0.0
ENSG00000171307,ZDHHC16,5,0.500406834825061,0.02673083117017204,0.0
ENSG00000171262,FAM98B,5,0.5001627339300246,0.02152442658310508,0.004273504273504274
ENSG00000171224,FAM241B,5,0.5003525901817196,0.023312539316736682,0.0
ENSG00000171222,SCAND1,5,0.5003525901817196,0.023312539316736682,0.0
ENSG00000170681,CAVIN4,5,0.500406834825061,0.023430240560169298,0.0
ENSG00000170633,RNF34,5,0.500406834825061,0.026578650495061102,0.0
ENSG00000171566,PLRG1,5,0.500406834825061,0.02673083117017204,0.0
ENSG00000170011,MYRIP,5,0.500406834825061,0.026437961354845524,0.0
ENSG00000170264,FAM161A,5,0.5003525901817196,0.023312539316736682,0.0
ENSG00000170260,ZNF212,5,0.5003525901817196,0.023312539316736682,0.0
ENSG00000170234,PWWP2A,5,0.500406834825061,0.026437961354845524,0.0
ENSG00000170190,SLC16A5,5,0.500406834825061,0.026437961354845524,0.0
ENSG00000170113,NIPA1,5,0.5001627339300246,0.021516014573189544,0.004366812227074236
ENSG00000170100,ZNF778,5,0.500406834825061,0.02673083117017204,0.0
ENSG00000170088,TMEM192,5,0.500406834825061,0.02673083117017204,0.0
ENSG00000170027,YWHAG,5,0.500406834825061,0.02673083117017204,0.0
ENSG00000170017,ALCAM,5,0.500406834825061,0.02673083117017204,0.0
ENSG00000170006,TMEM154,5,0.500406834825061,0.026437961354845524,0.0
ENSG00000170275,CRTAP,5,0.500406834825061,0.02673083117017204,0.0
ENSG00000169981,ZNF35,5,0.5003525901817196,0.023312539316736682,0.0
ENSG00000169976,SF3B5,5,0.500406834825061,0.02673083117017204,0.0
ENSG00000169933,FRMPD4,5,0.500406834825061,0.026437961354845524,0.0
ENSG00000169925,BRD3,5,0.500406834825061,0.026578650495061102,0.0
ENSG00000169919,GUSB,5,0.5001627339300246,0.02152442658310508,0.004273504273504274
ENSG00000169918,OTUD7A,5,0.5003525901817196,0.023312539316736682,0.0
ENSG00000164347,GFM2,5,0.5003525901817196,0.023312539316736682,0.0
ENSG00000169895,SYAP1,5,0.500406834825061,0.02673083117017204,0.0
ENSG00000169871,TRIM56,5,0.500406834825061,0.026437961354845524,0.0
ENSG00000170265,ZNF282,5,0.500406834825061,0.026437961354845524,0.0
ENSG00000170291,ELP5,5,0.500406834825061,0.02673083117017204,0.0
ENSG00000170615,SLC26A5,5,0.500406834825061,0.026578650495061102,0.0
ENSG00000170468,RIOX1,5,0.500406834825061,0.026578650495061102,0.0
ENSG00000170606,HSPA4,5,0.500406834825061,0.02673083117017204,0.0
ENSG00000170604,IRF2BP1,5,0.500406834825061,0.02673083117017204,0.0
ENSG00000170579,DLGAP1,5,0.5001627339300246,0.021516014573189544,0.004366812227074236
ENSG00000170571,EMB,5,0.500406834825061,0.02673083117017204,0.0
ENSG00000170561,IRX2,5,0.500406834825061,0.023430240560169298,0.0
ENSG00000170542,SERPINB9,5,0.500406834825061,0.026437961354845524,0.0
ENSG00000170515,PA2G4,5,0.500406834825061,0.02673083117017204,0.0
ENSG00000170502,NUDT9,5,0.5003525901817196,0.023312539316736682,0.0
ENSG00000170473,PYM1,5,0.500406834825061,0.02673083117017204,0.0
ENSG00000170448,NFXL1,5,0.5001627339300246,0.021516014573189544,0.004366812227074236
ENSG00000170293,CMTM8,5,0.500406834825061,0.02673083117017204,0.0
ENSG00000170445,HARS1,5,0.500406834825061,0.026437961354845524,0.0
ENSG00000170425,ADORA2B,5,0.500406834825061,0.026437961354845524,0.0
ENSG00000170421,KRT8,5,0.500406834825061,0.02673083117017204,0.0
ENSG00000170381,SEMA3E,5,0.500406834825061,0.026437961354845524,0.0
ENSG00000170364,SETMAR,5,0.500406834825061,0.023430240560169298,0.0
ENSG00000170348,TMED10,5,0.500406834825061,0.026437961354845524,0.0
ENSG00000170340,B3GNT2,5,0.500406834825061,0.02673083117017204,0.0
ENSG00000170325,PRDM10,5,0.5003525901817196,0.023312539316736682,0.0
ENSG00000170315,UBB,5,0.5001627339300246,0.021405281775118672,0.010752688172043012
ENSG00000171552,BCL2L1,5,0.5003525901817196,0.023312539316736682,0.0
ENSG00000171604,CXXC5,5,0.5003525901817196,0.023312539316736682,0.0
ENSG00000173261,PLAC8L1,5,0.500406834825061,0.026437961354845524,0.0
ENSG00000172785,ZNG1A,5,0.500406834825061,0.02673083117017204,0.0
ENSG00000172936,MYD88,5,0.500406834825061,0.023430240560169298,0.0
ENSG00000172922,RNASEH2C,5,0.500406834825061,0.026437961354845524,0.0
ENSG00000172893,DHCR7,5,0.5001627339300246,0.021503657160588774,0.004405286343612335
ENSG00000172878,METAP1D,5,0.5003525901817196,0.023312539316736682,0.0
ENSG00000172840,PDP2,5,0.500406834825061,0.02673083117017204,0.0
ENSG00000172830,SSH3,5,0.500406834825061,0.026437961354845524,0.0
ENSG00000172819,RARG,5,0.500406834825061,0.026437961354845524,0.0
ENSG00000172809,RPL38,5,0.500406834825061,0.02673083117017204,0.0
ENSG00000172803,SNX32,5,0.5003525901817196,0.023312539316736682,0.0
ENSG00000172780,RAB43,5,0.500406834825061,0.026437961354845524,0.0
ENSG00000172986,GXYLT2,5,0.5003525901817196,0.023312539316736682,0.0
ENSG00000172775,PSME3IP1,5,0.5001627339300246,0.021405281775118672,0.010752688172043012
ENSG00000172757,CFL1,5,0.500406834825061,0.02673083117017204,0.0
ENSG00000172725,CORO1B,5,0.500406834825061,0.026437961354845524,0.0
ENSG00000172687,ZNF738,5,0.5001627339300246,0.021405281775118672,0.010752688172043012
ENSG00000172661,WASHC2C,5,0.5003525901817196,0.023312539316736682,0.0
ENSG00000172602,RND1,5,0.500406834825061,0.026437961354845524,0.0
ENSG00000172590,MRPL52,5,0.500406834825061,0.026578650495061102,0.0
ENSG00000172586,CHCHD1,5,0.500406834825061,0.02673083117017204,0.0
ENSG00000172554,SNTG2,5,0.500406834825061,0.026578650495061102,0.0
ENSG00000172977,KAT5,5,0.500406834825061,0.02673083117017204,0.0
ENSG00000172987,HPSE2,5,0.500406834825061,0.026437961354845524,0.0
ENSG00000172531,PPP1CA,5,0.500406834825061,0.026437961354845524,0.0
ENSG00000173145,NOC3L,5,0.500406834825061,0.02673083117017204,0.0
ENSG00000173258,ZNF483,5,0.500406834825061,0.026437961354845524,0.0
ENSG00000173227,SYT12,5,0.500406834825061,0.02673083117017204,0.0
ENSG00000173226,IQCB1,5,0.5001627339300246,0.021503657160588774,0.004405286343612335
ENSG00000173218,VANGL1,5,0.500406834825061,0.02673083117017204,0.0
ENSG00000173207,CKS1B,5,0.4977759696230021,0.01533547674922743,0.09546219691271804
ENSG00000173193,PARP14,5,0.5003525901817196,0.023312539316736682,0.0
ENSG00000173175,ADCY5,5,0.500406834825061,0.026437961354845524,0.0
ENSG00000173157,ADAMTS20,5,0.500406834825061,0.02673083117017204,0.0
ENSG00000173153,ESRRA,5,0.500406834825061,0.026437961354845524,0.0
ENSG00000173141,MRPL57,5,0.500406834825061,0.026437961354845524,0.0
ENSG00000173020,GRK2,5,0.500406834825061,0.026578650495061102,0.0
ENSG00000173120,KDM2A,5,0.5003525901817196,0.023312539316736682,0.0
ENSG00000173113,TRMT112,5,0.500406834825061,0.026578650495061102,0.0
ENSG00000173085,COQ2,5,0.5001627339300246,0.02152442658310508,0.004273504273504274
ENSG00000173077,DELEC1,5,0.500406834825061,0.026578650495061102,0.0
ENSG00000173068,BNC2,5,0.500406834825061,0.026437961354845524,0.0
ENSG00000173065,FAM222B,5,0.500406834825061,0.026437961354845524,0.0
ENSG00000173041,ZNF680,5,0.5001627339300246,0.021503657160588774,0.004405286343612335
ENSG00000173040,EVC2,5,0.500406834825061,0.026437961354845524,0.0
ENSG00000173039,RELA,5,0.500406834825061,0.023723110375495814,0.0
ENSG00000172534,HCFC1,5,0.500406834825061,0.02673083117017204,0.0
ENSG00000172530,BANP,5,0.500406834825061,0.026437961354845524,0.0
ENSG00000171606,ZNF274,5,0.500406834825061,0.02673083117017204,0.0
ENSG00000171824,EXOSC10,5,0.5001627339300246,0.021516014573189544,0.004366812227074236
ENSG00000171960,PPIH,5,0.5001627339300246,0.02152442658310508,0.004273504273504274
ENSG00000171940,ZNF217,5,0.5001627339300246,0.021503657160588774,0.004405286343612335
ENSG00000171928,TVP23B,5,0.500406834825061,0.026437961354845524,0.0
ENSG00000171889,MIR31HG,5,0.500406834825061,0.02673083117017204,0.0
ENSG00000171877,FRMD5,5,0.5001627339300246,0.021516014573189544,0.004366812227074236
ENSG00000171865,RNASEH1,5,0.500406834825061,0.026578650495061102,0.0
ENSG00000171863,RPS7,5,0.500406834825061,0.02673083117017204,0.0
ENSG00000171861,MRM3,5,0.500406834825061,0.026578650495061102,0.0
ENSG00000171858,RPS21,5,0.500406834825061,0.02673083117017204,0.0
ENSG00000171813,PWWP2B,5,0.5003525901817196,0.023312539316736682,0.0
ENSG00000172007,RAB33B,5,0.500406834825061,0.02673083117017204,0.0
ENSG00000171806,METTL18,5,0.500406834825061,0.026437961354845524,0.0
ENSG00000171793,CTPS1,5,0.500406834825061,0.02673083117017204,0.0
ENSG00000171763,AFG2B,5,0.500406834825061,0.02673083117017204,0.0
ENSG00000171729,TMEM51,5,0.500406834825061,0.026437961354845524,0.0
ENSG00000171720,HDAC3,5,0.500406834825061,0.026578650495061102,0.0
ENSG00000171714,ANO5,5,0.500406834825061,0.023430240560169298,0.0
ENSG00000171649,ZIK1,5,0.500406834825061,0.026578650495061102,0.0
ENSG00000171612,SLC25A33,5,0.500406834825061,0.026578650495061102,0.0
ENSG00000171608,PIK3CD,5,0.500406834825061,0.026437961354845524,0.0
ENSG00000171970,ZNF57,5,0.500406834825061,0.026578650495061102,0.0
ENSG00000172009,THOP1,5,0.500406834825061,0.02673083117017204,0.0
ENSG00000172500,FIBP,5,0.500406834825061,0.026578650495061102,0.0
ENSG00000172269,DPAGT1,5,0.500406834825061,0.026578650495061102,0.0
ENSG00000172493,AFF1,5,0.500406834825061,0.02673083117017204,0.0
ENSG00000172461,FUT9,5,0.5003525901817196,0.023312539316736682,0.0
ENSG00000172428,COPS9,5,0.500406834825061,0.026578650495061102,0.0
ENSG00000172403,SYNPO2,5,0.500406834825061,0.026437961354845524,0.0
ENSG00000172336,POP7,5,0.500406834825061,0.026578650495061102,0.0
ENSG00000172318,B3GALT1,5,0.500406834825061,0.026437961354845524,0.0
ENSG00000172315,TP53RK,5,0.500406834825061,0.026578650495061102,0.0
ENSG00000172301,COPRS,5,0.500406834825061,0.026437961354845524,0.0
ENSG00000172270,BSG,5,0.500406834825061,0.02673083117017204,0.0
ENSG00000172262,ZNF131,5,0.500406834825061,0.026437961354845524,0.0
ENSG00000172046,USP19,5,0.500406834825061,0.02673083117017204,0.0
ENSG00000172197,MBOAT1,5,0.500406834825061,0.026578650495061102,0.0
ENSG00000172172,MRPL13,5,0.500406834825061,0.02673083117017204,0.0
ENSG00000172164,SNTB1,5,0.5003525901817196,0.023312539316736682,0.0
ENSG00000172139,SLC9C1,5,0.5003525901817196,0.023312539316736682,0.0
ENSG00000172115,CYCS,5,0.500406834825061,0.026578650495061102,0.0
ENSG00000172071,EIF2AK3,5,0.5001627339300246,0.02152442658310508,0.004273504273504274
ENSG00000172062,SMN1,5,0.500406834825061,0.02673083117017204,0.0
ENSG00000172057,ORMDL3,5,0.500406834825061,0.026437961354845524,0.0
ENSG00000172053,QARS1,5,0.500406834825061,0.02673083117017204,0.0
ENSG00000169905,TOR1AIP2,5,0.500406834825061,0.026578650495061102,0.0
ENSG00000164284,GRPEL2,5,0.500406834825061,0.026578650495061102,0.0
ENSG00000164346,NSA2,5,0.500406834825061,0.02673083117017204,0.0
ENSG00000153531,ADPRHL1,5,0.5003525901817196,0.023312539316736682,0.0
ENSG00000153885,KCTD15,5,0.5003525901817196,0.023312539316736682,0.0
ENSG00000153879,CEBPG,5,0.500406834825061,0.02673083117017204,0.0
ENSG00000153823,PID1,5,0.500406834825061,0.023430240560169298,0.0
ENSG00000153786,ZDHHC7,5,0.500406834825061,0.02673083117017204,0.0
ENSG00000153774,CFDP1,5,0.500406834825061,0.026578650495061102,0.0
ENSG00000153767,GTF2E1,5,0.500406834825061,0.026578650495061102,0.0
ENSG00000153561,RMND5A,5,0.500406834825061,0.02673083117017204,0.0
ENSG00000153560,UBP1,5,0.500406834825061,0.026578650495061102,0.0
ENSG00000153551,CMTM7,5,0.500406834825061,0.02673083117017204,0.0
ENSG00000153487,ING1,5,0.5001627339300246,0.021405281775118672,0.010752688172043012
ENSG00000153902,LGI4,5,0.500406834825061,0.026437961354845524,0.0
ENSG00000153485,LYSET,5,0.500406834825061,0.02673083117017204,0.0
ENSG00000153443,UBALD1,5,0.500406834825061,0.026437961354845524,0.0
ENSG00000153406,NMRAL1,5,0.500406834825061,0.026437961354845524,0.0
ENSG00000153395,LPCAT1,5,0.500406834825061,0.026578650495061102,0.0
ENSG00000153391,INO80C,5,0.5003525901817196,0.023312539316736682,0.0
ENSG00000153339,TRAPPC8,5,0.500406834825061,0.026578650495061102,0.0
ENSG00000153317,ASAP1,5,0.5001627339300246,0.021503657160588774,0.004405286343612335
ENSG00000153310,CYRIB,5,0.500406834825061,0.02673083117017204,0.0
ENSG00000153201,RANBP2,5,0.500406834825061,0.02673083117017204,0.0
ENSG00000153898,MCOLN2,5,0.500406834825061,0.026578650495061102,0.0
ENSG00000153956,CACNA2D1,5,0.5003525901817196,0.023312539316736682,0.0
ENSG00000153179,RASSF3,5,0.500406834825061,0.02673083117017204,0.0
ENSG00000154144,TBRG1,5,0.500406834825061,0.02673083117017204,0.0
ENSG00000154359,LONRF1,5,0.5001627339300246,0.021516014573189544,0.004366812227074236
ENSG00000154310,TNIK,5,0.49739625711961216,0.017163634442352627,0.012345679012345678
ENSG00000154305,MIA3,5,0.500406834825061,0.026437961354845524,0.0
ENSG00000154277,UCHL1,5,0.500406834825061,0.026578650495061102,0.0
ENSG00000154237,LRRK1,5,0.500406834825061,0.026437961354845524,0.0
ENSG00000154229,PRKCA,5,0.500406834825061,0.026578650495061102,0.0
ENSG00000154222,CC2D1B,5,0.500406834825061,0.02673083117017204,0.0
ENSG00000154217,PITPNC1,5,0.5003525901817196,0.023312539316736682,0.0
ENSG00000154174,TOMM70,5,0.500406834825061,0.02673083117017204,0.0
ENSG00000154124,OTULIN,5,0.500406834825061,0.02673083117017204,0.0
ENSG00000153975,ZUP1,5,0.5001627339300246,0.021516014573189544,0.004366812227074236
ENSG00000154122,ANKH,5,0.5003525901817196,0.023312539316736682,0.0
ENSG00000154118,JPH3,5,0.500406834825061,0.02673083117017204,0.0
ENSG00000154102,C16orf74,5,0.500406834825061,0.02673083117017204,0.0
ENSG00000154096,THY1,5,0.500406834825061,0.026578650495061102,0.0
ENSG00000154080,CHST9,5,0.500406834825061,0.026437961354845524,0.0
ENSG00000154065,ANKRD29,5,0.500406834825061,0.026437961354845524,0.0
ENSG00000154059,IMPACT,5,0.500406834825061,0.02673083117017204,0.0
ENSG00000153989,NUS1,5,0.500406834825061,0.026578650495061102,0.0
ENSG00000153976,HS3ST3A1,5,0.5003525901817196,0.023312539316736682,0.0
ENSG00000153187,HNRNPU,5,0.500406834825061,0.02673083117017204,0.0
ENSG00000153147,SMARCA5,5,0.5001627339300246,0.021503657160588774,0.004405286343612335
ENSG00000154429,CCSAP,5,0.500406834825061,0.02673083117017204,0.0
ENSG00000152208,GRID2,5,0.500406834825061,0.026437961354845524,0.0
ENSG00000152454,ZNF256,5,0.5001627339300246,0.021516014573189544,0.004366812227074236
ENSG00000152413,HOMER1,5,0.500406834825061,0.02673083117017204,0.0
ENSG00000152409,JMY,5,0.5003525901817196,0.023312539316736682,0.0
ENSG00000152377,SPOCK1,5,0.500406834825061,0.02358242123528024,0.037037037037037035
ENSG00000152284,TCF7L1,5,0.5003525901817196,0.023312539316736682,0.0
ENSG00000152242,ARK2N,5,0.500406834825061,0.02673083117017204,0.0
ENSG00000152240,HAUS1,5,0.5001627339300246,0.02152442658310508,0.004273504273504274
ENSG00000152234,ATP5F1A,5,0.500406834825061,0.026578650495061102,0.0
ENSG00000152219,ARL14EP,5,0.500406834825061,0.02673083117017204,0.0
ENSG00000152147,GEMIN6,5,0.500406834825061,0.02673083117017204,0.0
ENSG00000152484,USP12,5,0.500406834825061,0.026578650495061102,0.0
ENSG00000152137,HSPB8,5,0.500406834825061,0.02673083117017204,0.0
ENSG00000152127,MGAT5,5,0.500406834825061,0.026437961354845524,0.0
ENSG00000152104,PTPN14,5,0.5001627339300246,0.021503657160588774,0.004405286343612335
ENSG00000152061,RABGAP1L,5,0.5003525901817196,0.023312539316736682,0.0
ENSG00000152056,AP1S3,5,0.500406834825061,0.026437961354845524,0.0
ENSG00000151917,BEND6,5,0.500406834825061,0.02673083117017204,0.0
ENSG00000151883,PARP8,5,0.500406834825061,0.026437961354845524,0.0
ENSG00000151835,SACS,5,0.5001627339300246,0.021405281775118672,0.010752688172043012
ENSG00000151806,GUF1,5,0.500406834825061,0.026578650495061102,0.0
ENSG00000152455,SUV39H2,5,0.5001627339300246,0.02152442658310508,0.004273504273504274
ENSG00000152518,ZFP36L2,5,0.5003525901817196,0.023312539316736682,0.0
ENSG00000153107,ANAPC1,5,0.500406834825061,0.02673083117017204,0.0
ENSG00000152944,MED21,5,0.500406834825061,0.02673083117017204,0.0
ENSG00000153093,ACOXL,5,0.500406834825061,0.026578650495061102,0.0
ENSG00000153048,CARHSP1,5,0.500406834825061,0.02673083117017204,0.0
ENSG00000153046,CDYL,5,0.500406834825061,0.026578650495061102,0.0
ENSG00000153037,SRP19,5,0.500406834825061,0.02673083117017204,0.0
ENSG00000153015,CWC27,5,0.5003525901817196,0.023312539316736682,0.0
ENSG00000153012,LGI2,5,0.500406834825061,0.026578650495061102,0.0
ENSG00000152969,JAKMIP1,5,0.500406834825061,0.026578650495061102,0.0
ENSG00000152953,STK32B,5,0.500406834825061,0.026578650495061102,0.0
ENSG00000152952,PLOD2,5,0.5003525901817196,0.023312539316736682,0.0
ENSG00000152942,RAD17,5,0.500406834825061,0.02673083117017204,0.0
ENSG00000152556,PFKM,5,0.5003525901817196,0.023312539316736682,0.0
ENSG00000152939,MARVELD2,5,0.500406834825061,0.026437961354845524,0.0
ENSG00000152932,RAB3C,5,0.5003525901817196,0.023312539316736682,0.0
ENSG00000152782,PANK1,5,0.500406834825061,0.026578650495061102,0.0
ENSG00000152779,SLC16A12,5,0.500406834825061,0.026578650495061102,0.0
ENSG00000152684,PELO,5,0.500406834825061,0.026578650495061102,0.0
ENSG00000152661,GJA1,5,0.4977759696230021,0.012803128438512059,0.13234126984126984
ENSG00000152642,GPD1L,5,0.5003525901817196,0.023312539316736682,0.0
ENSG00000152580,IGSF10,5,0.5003525901817196,0.023312539316736682,0.0
ENSG00000152578,GRIA4,5,0.5003525901817196,0.023312539316736682,0.0
ENSG00000154370,TRIM11,5,0.5001627339300246,0.021516014573189544,0.004366812227074236
ENSG00000154473,BUB3,5,0.4977759696230021,0.01535624617174373,0.06712528663748175
ENSG00000156966,B3GNT7,5,0.500406834825061,0.026578650495061102,0.0
ENSG00000156049,GNA14,5,0.500406834825061,0.026437961354845524,0.0
ENSG00000156304,SCAF4,5,0.4977759696230021,0.015351548424270929,0.03535766729599329
ENSG00000156273,BACH1,5,0.47952264713861403,0.010983824409748884,0.17734567901234566
ENSG00000156261,CCT8,5,0.500406834825061,0.02673083117017204,0.0
ENSG00000156256,USP16,5,0.500406834825061,0.02673083117017204,0.0
ENSG00000156218,ADAMTSL3,5,0.49739625711961216,0.017163634442352627,0.012345679012345678
ENSG00000156206,CFAP161,5,0.5003525901817196,0.02113539985657514,0.0
ENSG00000156113,KCNMA1,5,0.500406834825061,0.026578650495061102,0.0
ENSG00000156110,ADK,5,0.49739625711961216,0.017163634442352627,0.012345679012345678
ENSG00000156103,MMP16,5,0.5003525901817196,0.023312539316736682,0.0
ENSG00000156026,MCU,5,0.5003525901817196,0.023312539316736682,0.0
ENSG00000156411,ATP5MJ,5,0.500406834825061,0.02673083117017204,0.0
ENSG00000156017,CARNMT1,5,0.500406834825061,0.026437961354845524,0.0
ENSG00000155980,KIF5A,5,0.5003525901817196,0.023312539316736682,0.0
ENSG00000155961,RAB39B,5,0.500406834825061,0.026437961354845524,0.0
ENSG00000155906,RMND1,5,0.500406834825061,0.026437961354845524,0.0
ENSG00000155897,ADCY8,5,0.5003525901817196,0.023312539316736682,0.0
ENSG00000155886,SLC24A2,5,0.500406834825061,0.026437961354845524,0.0
ENSG00000155876,RRAGA,5,0.500406834825061,0.026578650495061102,0.0
ENSG00000155846,PPARGC1B,5,0.500406834825061,0.026437961354845524,0.0
ENSG00000155827,RNF20,5,0.500406834825061,0.02673083117017204,0.0
ENSG00000156398,SFXN2,5,0.500406834825061,0.026437961354845524,0.0
ENSG00000156453,PCDH1,5,0.500406834825061,0.026437961354845524,0.0
ENSG00000155760,FZD7,5,0.500406834825061,0.026578650495061102,0.0
ENSG00000156603,MED19,5,0.500406834825061,0.02673083117017204,0.0
ENSG00000156876,SASS6,5,0.4977759696230021,0.015351548424270929,0.03535766729599329
ENSG00000156873,PHKG2,5,0.500406834825061,0.02673083117017204,0.0
ENSG00000156869,FRRS1,5,0.5001627339300246,0.021503657160588774,0.004405286343612335
ENSG00000156853,ZNF689,5,0.500406834825061,0.026578650495061102,0.0
ENSG00000156735,BAG4,5,0.500406834825061,0.02673083117017204,0.0
ENSG00000156711,MAPK13,5,0.500406834825061,0.02673083117017204,0.0
ENSG00000156709,AIFM1,5,0.5001627339300246,0.021503657160588774,0.004405286343612335
ENSG00000156697,UTP14A,5,0.500406834825061,0.026578650495061102,0.0
ENSG00000156642,NPTN,5,0.5003525901817196,0.023312539316736682,0.0
ENSG00000156599,ZDHHC5,5,0.500406834825061,0.026578650495061102,0.0
ENSG00000156467,UQCRB,5,0.500406834825061,0.02673083117017204,0.0
ENSG00000156587,UBE2L6,5,0.500406834825061,0.02358242123528024,0.037037037037037035
ENSG00000156564,LRFN2,5,0.500406834825061,0.026437961354845524,0.0
ENSG00000156535,CD109,5,0.500406834825061,0.026437961354845524,0.0
ENSG00000156515,HK1,5,0.500406834825061,0.026437961354845524,0.0
ENSG00000156508,EEF1A1,5,0.5001627339300246,0.021516014573189544,0.004366812227074236
ENSG00000156502,SUPV3L1,5,0.500406834825061,0.026578650495061102,0.0
ENSG00000156482,RPL30,5,0.500406834825061,0.02673083117017204,0.0
ENSG00000156471,PTDSS1,5,0.500406834825061,0.026437961354845524,0.0
ENSG00000156469,MTERF3,5,0.500406834825061,0.026578650495061102,0.0
ENSG00000155792,DEPTOR,5,0.500406834825061,0.026437961354845524,0.0
ENSG00000155755,TMEM237,5,0.5001627339300246,0.02152442658310508,0.004273504273504274
ENSG00000154511,DIPK1A,5,0.500406834825061,0.02673083117017204,0.0
ENSG00000154803,FLCN,5,0.500406834825061,0.026437961354845524,0.0
ENSG00000155034,FBXL18,5,0.500406834825061,0.02673083117017204,0.0
ENSG00000155016,CYP2U1,5,0.500406834825061,0.026578650495061102,0.0
ENSG00000154978,VOPP1,5,0.5001627339300246,0.021516014573189544,0.004366812227074236
ENSG00000154945,ANKRD40,5,0.5001627339300246,0.021516014573189544,0.004366812227074236
ENSG00000154914,USP43,5,0.500406834825061,0.026437961354845524,0.0
ENSG00000154864,PIEZO2,5,0.5003525901817196,0.021254544664561538,0.0
ENSG00000154832,CXXC1,5,0.500406834825061,0.026578650495061102,0.0
ENSG00000154814,OXNAD1,5,0.500406834825061,0.023723110375495814,0.0
ENSG00000154813,DPH3,5,0.500406834825061,0.026437961354845524,0.0
ENSG00000154783,FGD5,5,0.500406834825061,0.026437961354845524,0.0
ENSG00000155096,AZIN1,5,0.500406834825061,0.02673083117017204,0.0
ENSG00000154760,SLFN13,5,0.500406834825061,0.02673083117017204,0.0
ENSG00000154734,ADAMTS1,5,0.500406834825061,0.02673083117017204,0.0
ENSG00000154723,ATP5PF,5,0.5001627339300246,0.021516014573189544,0.004366812227074236
ENSG00000154655,L3MBTL4,5,0.500406834825061,0.026578650495061102,0.0
ENSG00000154645,CHODL,5,0.500406834825061,0.026437961354845524,0.0
ENSG00000154642,C21orf91,5,0.500406834825061,0.02673083117017204,0.0
ENSG00000154639,CXADR,5,0.4977759696230021,0.015351548424270929,0.03535766729599329
ENSG00000154582,ELOC,5,0.500406834825061,0.02673083117017204,0.0
ENSG00000154518,ATP5MC3,5,0.500406834825061,0.02673083117017204,0.0
ENSG00000155090,KLF10,5,0.500406834825061,0.02673083117017204,0.0
ENSG00000155097,ATP6V1C1,5,0.5003525901817196,0.023312539316736682,0.0
ENSG00000155660,PDIA4,5,0.500406834825061,0.02673083117017204,0.0
ENSG00000155368,DBI,5,0.500406834825061,0.02673083117017204,0.0
ENSG00000155657,TTN,5,0.500406834825061,0.026437961354845524,0.0
ENSG00000155629,PIK3AP1,5,0.500406834825061,0.026578650495061102,0.0
ENSG00000155561,NUP205,5,0.5001627339300246,0.02152442658310508,0.004273504273504274
ENSG00000155508,CNOT8,5,0.500406834825061,0.02673083117017204,0.0
ENSG00000155506,LARP1,5,0.500406834825061,0.026578650495061102,0.0
ENSG00000155463,OXA1L,5,0.500406834825061,0.026437961354845524,0.0
ENSG00000155438,NIFK,5,0.500406834825061,0.026437961354845524,0.0
ENSG00000155393,HEATR3,5,0.500406834825061,0.026578650495061102,0.0
ENSG00000155380,SLC16A1,5,0.500406834825061,0.02673083117017204,0.0
ENSG00000155329,ZCCHC10,5,0.500406834825061,0.02673083117017204,0.0
ENSG00000155099,PIP4P2,5,0.500406834825061,0.026437961354845524,0.0
ENSG00000155324,GRAMD2B,5,0.49739625711961216,0.017124981046396103,0.04
ENSG00000155275,TRMT44,5,0.500406834825061,0.02673083117017204,0.0
ENSG00000155254,MARVELD1,5,0.500406834825061,0.026578650495061102,0.0
ENSG00000155252,PI4K2A,5,0.500406834825061,0.02673083117017204,0.0
ENSG00000155229,MMS19,5,0.500406834825061,0.026578650495061102,0.0
ENSG00000155189,AGPAT5,5,0.5001627339300246,0.021344151978307555,0.024390243902439025
ENSG00000155158,TTC39B,5,0.500406834825061,0.026437961354845524,0.0
ENSG00000155115,GTF3C6,5,0.500406834825061,0.026578650495061102,0.0
ENSG00000155100,OTUD6B,5,0.500406834825061,0.026578650495061102,0.0
ENSG00000151789,ZNF385D,5,0.5003525901817196,0.023312539316736682,0.0
ENSG00000151748,SAV1,5,0.500406834825061,0.02673083117017204,0.0
ENSG00000151729,SLC25A4,5,0.500406834825061,0.02673083117017204,0.0
ENSG00000147789,ZNF7,5,0.500406834825061,0.026578650495061102,0.0
ENSG00000148187,MRRF,5,0.500406834825061,0.023430240560169298,0.0
ENSG00000148175,STOM,5,0.500406834825061,0.026437961354845524,0.0
ENSG00000148123,PLPPR1,5,0.5003525901817196,0.023312539316736682,0.0
ENSG00000148110,MFSD14B,5,0.500406834825061,0.026578650495061102,0.0
ENSG00000147955,SIGMAR1,5,0.500406834825061,0.026578650495061102,0.0
ENSG00000147874,HAUS6,5,0.5001627339300246,0.02152442658310508,0.004273504273504274
ENSG00000147872,PLIN2,5,0.500406834825061,0.02673083117017204,0.0
ENSG00000147852,VLDLR,5,0.500406834825061,0.02673083117017204,0.0
ENSG00000147813,NAPRT,5,0.500406834825061,0.026437961354845524,0.0
ENSG00000147687,TATDN1,5,0.500406834825061,0.02673083117017204,0.0
ENSG00000148219,ASTN2,5,0.500406834825061,0.02673083117017204,0.0
ENSG00000147684,NDUFB9,5,0.500406834825061,0.026578650495061102,0.0
ENSG00000147677,EIF3H,5,0.500406834825061,0.02673083117017204,0.0
ENSG00000147676,MAL2,5,0.500406834825061,0.026437961354845524,0.0
ENSG00000147669,POLR2K,5,0.500406834825061,0.02673083117017204,0.0
ENSG00000147654,EBAG9,5,0.500406834825061,0.026578650495061102,0.0
ENSG00000147604,RPL7,5,0.500406834825061,0.02673083117017204,0.0
ENSG00000147601,TERF1,5,0.500406834825061,0.026578650495061102,0.0
ENSG00000147596,PRDM14,5,0.500406834825061,0.026578650495061102,0.0
ENSG00000147536,GINS4,5,0.5001627339300246,0.02152442658310508,0.004273504273504274
ENSG00000148200,NR6A1,5,0.5001627339300246,0.021503657160588774,0.004405286343612335
ENSG00000148229,POLE3,5,0.500406834825061,0.026578650495061102,0.0
ENSG00000147485,PXDNL,5,0.5003525901817196,0.023312539316736682,0.0
ENSG00000148335,NTMT1,5,0.500406834825061,0.026437961354845524,0.0
ENSG00000148411,NACC2,5,0.500406834825061,0.026578650495061102,0.0
ENSG00000148408,CACNA1B,5,0.500406834825061,0.023430240560169298,0.0
ENSG00000148399,DPH7,5,0.500406834825061,0.026437961354845524,0.0
ENSG00000148396,SEC16A,5,0.5001627339300246,0.021516014573189544,0.004366812227074236
ENSG00000148362,ENSG00000148362,5,0.500406834825061,0.023430240560169298,0.0
ENSG00000148357,HMCN2,5,0.500406834825061,0.026578650495061102,0.0
ENSG00000148356,LRSAM1,5,0.5003525901817196,0.023312539316736682,0.0
ENSG00000148343,MIGA2,5,0.500406834825061,0.026578650495061102,0.0
ENSG00000148339,SLC25A25,5,0.5001627339300246,0.02152442658310508,0.004273504273504274
ENSG00000148334,PTGES2,5,0.500406834825061,0.026437961354845524,0.0
ENSG00000148248,SURF4,5,0.500406834825061,0.02673083117017204,0.0
ENSG00000148331,ASB6,5,0.500406834825061,0.02673083117017204,0.0
ENSG00000148308,GTF3C5,5,0.5001627339300246,0.02152442658310508,0.004273504273504274
ENSG00000148303,RPL7A,5,0.500406834825061,0.02673083117017204,0.0
ENSG00000148300,REXO4,5,0.500406834825061,0.026578650495061102,0.0
ENSG00000148297,MED22,5,0.500406834825061,0.02673083117017204,0.0
ENSG00000148296,SURF6,5,0.500406834825061,0.026437961354845524,0.0
ENSG00000148291,SURF2,5,0.500406834825061,0.026437961354845524,0.0
ENSG00000148290,SURF1,5,0.500406834825061,0.02673083117017204,0.0
ENSG00000148288,GBGT1,5,0.500406834825061,0.026437961354845524,0.0
ENSG00000147533,GOLGA7,5,0.500406834825061,0.02673083117017204,0.0
ENSG00000147475,ERLIN2,5,0.5003525901817196,0.023312539316736682,0.0
ENSG00000151726,ACSL1,5,0.5003525901817196,0.023312539316736682,0.0
ENSG00000146587,RBAK,5,0.500406834825061,0.026437961354845524,0.0
ENSG00000146830,GIGYF1,5,0.500406834825061,0.02673083117017204,0.0
ENSG00000146828,SLC12A9,5,0.5003525901817196,0.023312539316736682,0.0
ENSG00000146776,ATXN7L1,5,0.5003525901817196,0.023312539316736682,0.0
ENSG00000146757,ZNF92,5,0.500406834825061,0.02673083117017204,0.0
ENSG00000146733,PSPH,5,0.500406834825061,0.026437961354845524,0.0
ENSG00000146731,CCT6A,5,0.500406834825061,0.02673083117017204,0.0
ENSG00000146701,MDH2,5,0.500406834825061,0.026578650495061102,0.0
ENSG00000146700,SSC4D,5,0.5003525901817196,0.023312539316736682,0.0
ENSG00000146670,CDCA5,5,0.5001627339300246,0.02152442658310508,0.004273504273504274
ENSG00000146535,GNA12,5,0.500406834825061,0.026437961354845524,0.0
ENSG00000146904,EPHA1,5,0.500406834825061,0.026578650495061102,0.0
ENSG00000146530,VWDE,5,0.500406834825061,0.026437961354845524,0.0
ENSG00000146477,SLC22A3,5,0.500406834825061,0.026578650495061102,0.0
ENSG00000146476,ARMT1,5,0.500406834825061,0.026578650495061102,0.0
ENSG00000146457,WTAP,5,0.500406834825061,0.02673083117017204,0.0
ENSG00000146433,TMEM181,5,0.500406834825061,0.02673083117017204,0.0
ENSG00000146416,AIG1,5,0.500406834825061,0.026437961354845524,0.0
ENSG00000146410,MTFR2,5,0.5001627339300246,0.02152442658310508,0.004273504273504274
ENSG00000146409,SLC18B1,5,0.500406834825061,0.026437961354845524,0.0
ENSG00000146386,ABRACL,5,0.500406834825061,0.02673083117017204,0.0
ENSG00000146834,MEPCE,5,0.500406834825061,0.026578650495061102,0.0
ENSG00000146909,NOM1,5,0.500406834825061,0.02673083117017204,0.0
ENSG00000147459,DOCK5,5,0.500406834825061,0.026437961354845524,0.0
ENSG00000147155,EBP,5,0.500406834825061,0.02673083117017204,0.0
ENSG00000147457,CHMP7,5,0.500406834825061,0.02673083117017204,0.0
ENSG00000147439,BIN3,5,0.500406834825061,0.026437961354845524,0.0
ENSG00000147416,ATP6V1B2,5,0.5003525901817196,0.023312539316736682,0.0
ENSG00000147403,RPL10,5,0.500406834825061,0.02673083117017204,0.0
ENSG00000147324,MFHAS1,5,0.500406834825061,0.026578650495061102,0.0
ENSG00000147246,HTR2C,5,0.4977759696230021,0.012803128438512059,0.13234126984126984
ENSG00000147224,PRPS1,5,0.500406834825061,0.02673083117017204,0.0
ENSG00000147166,ITGB1BP2,5,0.500406834825061,0.02673083117017204,0.0
ENSG00000147164,SNX12,5,0.500406834825061,0.02673083117017204,0.0
ENSG00000147144,CCDC120,5,0.500406834825061,0.026437961354845524,0.0
ENSG00000146918,NCAPG2,5,0.4977759696230021,0.01535624617174373,0.06712528663748175
ENSG00000147140,NONO,5,0.4977759696230021,0.015351548424270929,0.03535766729599329
ENSG00000147123,NDUFB11,5,0.500406834825061,0.02673083117017204,0.0
ENSG00000147119,CHST7,5,0.5003525901817196,0.023312539316736682,0.0
ENSG00000147117,ZNF157,5,0.500406834825061,0.023430240560169298,0.0
ENSG00000147065,MSN,5,0.500406834825061,0.02673083117017204,0.0
ENSG00000147050,KDM6A,5,0.5003525901817196,0.023312539316736682,0.0
ENSG00000147027,TMEM47,5,0.500406834825061,0.023430240560169298,0.0
ENSG00000147010,SH3KBP1,5,0.5003525901817196,0.023312539316736682,0.0
ENSG00000146938,NLGN4X,5,0.500406834825061,0.026578650495061102,0.0
ENSG00000148426,PROSER2,5,0.500406834825061,0.02673083117017204,0.0
ENSG00000148459,PDSS1,5,0.5003525901817196,0.023312539316736682,0.0
ENSG00000148484,RSU1,5,0.5003525901817196,0.023312539316736682,0.0
ENSG00000150760,DOCK1,5,0.49739625711961216,0.017163634442352627,0.012345679012345678
ENSG00000150991,UBC,5,0.5001627339300246,0.021405281775118672,0.010752688172043012
ENSG00000150990,DHX37,5,0.500406834825061,0.026578650495061102,0.0
ENSG00000150961,SEC24D,5,0.500406834825061,0.02673083117017204,0.0
ENSG00000150907,FOXO1,5,0.5001627339300246,0.021516014573189544,0.004366812227074236
ENSG00000150893,FREM2,5,0.5003525901817196,0.023312539316736682,0.0
ENSG00000150867,PIP4K2A,5,0.500406834825061,0.02673083117017204,0.0
ENSG00000150779,TIMM8B,5,0.500406834825061,0.026578650495061102,0.0
ENSG00000150776,NKAPD1,5,0.500406834825061,0.026578650495061102,0.0
ENSG00000150768,DLAT,5,0.500406834825061,0.02673083117017204,0.0
ENSG00000150753,CCT5,5,0.500406834825061,0.02673083117017204,0.0
ENSG00000151012,SLC7A11,5,0.500406834825061,0.026578650495061102,0.0
ENSG00000150712,MTMR12,5,0.5003525901817196,0.023312539316736682,0.0
ENSG00000150556,LYPD6B,5,0.500406834825061,0.026437961354845524,0.0
ENSG00000150540,HNMT,5,0.500406834825061,0.026578650495061102,0.0
ENSG00000150510,FAM124A,5,0.500406834825061,0.02673083117017204,0.0
ENSG00000150459,SAP18,5,0.500406834825061,0.026578650495061102,0.0
ENSG00000150401,DCUN1D2,5,0.500406834825061,0.02673083117017204,0.0
ENSG00000150316,CWC15,5,0.500406834825061,0.02673083117017204,0.0
ENSG00000150093,ITGB1,5,0.5001627339300246,0.021516014573189544,0.004366812227074236
ENSG00000149930,TAOK2,5,0.500406834825061,0.02673083117017204,0.0
ENSG00000150995,ITPR1,5,0.500406834825061,0.026437961354845524,0.0
ENSG00000151014,NOCT,5,0.500406834825061,0.02673083117017204,0.0
ENSG00000148488,ST8SIA6,5,0.500406834825061,0.023430240560169298,0.0
ENSG00000151465,CDC123,5,0.500406834825061,0.026578650495061102,0.0
ENSG00000151718,WWC2,5,0.5001627339300246,0.021516014573189544,0.004366812227074236
ENSG00000151690,MFSD6,5,0.5003525901817196,0.023312539316736682,0.0
ENSG00000151657,KIN,5,0.500406834825061,0.026437961354845524,0.0
ENSG00000151617,EDNRA,5,0.500406834825061,0.026437961354845524,0.0
ENSG00000151576,QTRT2,5,0.500406834825061,0.026437961354845524,0.0
ENSG00000151552,QDPR,5,0.5001627339300246,0.021516014573189544,0.004366812227074236
ENSG00000151503,NCAPD3,5,0.4977759696230021,0.01535624617174373,0.06712528663748175
ENSG00000151500,THYN1,5,0.500406834825061,0.02673083117017204,0.0
ENSG00000151498,ACAD8,5,0.500406834825061,0.026437961354845524,0.0
ENSG00000151461,UPF2,5,0.500406834825061,0.026437961354845524,0.0
ENSG00000151025,GPR158,5,0.500406834825061,0.023430240560169298,0.0
ENSG00000151366,NDUFC2,5,0.500406834825061,0.026437961354845524,0.0
ENSG00000151338,MIPOL1,5,0.49739625711961216,0.017124981046396103,0.04
ENSG00000151304,SRFBP1,5,0.500406834825061,0.02673083117017204,0.0
ENSG00000151247,EIF4E,5,0.5001627339300246,0.02152442658310508,0.004273504273504274
ENSG00000151208,DLG5,5,0.5003525901817196,0.023312539316736682,0.0
ENSG00000151176,PLBD2,5,0.500406834825061,0.023430240560169298,0.0
ENSG00000151150,ANK3,5,0.49739625711961216,0.017114120250121004,0.14285714285714285
ENSG00000151131,NOPCHAP1,5,0.5001627339300246,0.021503657160588774,0.004405286343612335
ENSG00000151090,THRB,5,0.500406834825061,0.023430240560169298,0.0
ENSG00000149925,ALDOA,5,0.500406834825061,0.02673083117017204,0.0
ENSG00000149923,PPP4C,5,0.500406834825061,0.026437961354845524,0.0
ENSG00000149823,VPS51,5,0.500406834825061,0.026578650495061102,0.0
ENSG00000148840,PPRC1,5,0.500406834825061,0.026578650495061102,0.0
ENSG00000149115,TNKS1BP1,5,0.500406834825061,0.02673083117017204,0.0
ENSG00000149100,EIF3M,5,0.500406834825061,0.02673083117017204,0.0
ENSG00000149091,DGKZ,5,0.500406834825061,0.026578650495061102,0.0
ENSG00000149054,ZNF215,5,0.500406834825061,0.02673083117017204,0.0
ENSG00000148985,PGAP2,5,0.500406834825061,0.026578650495061102,0.0
ENSG00000148943,LIN7C,5,0.500406834825061,0.02673083117017204,0.0
ENSG00000148926,ADM,5,0.500406834825061,0.02673083117017204,0.0
ENSG00000148843,PDCD11,5,0.500406834825061,0.026578650495061102,0.0
ENSG00000148841,ITPRIP,5,0.5003525901817196,0.023312539316736682,0.0
ENSG00000148835,TAF5,5,0.5001627339300246,0.02152442658310508,0.004273504273504274
ENSG00000149806,FAU,5,0.500406834825061,0.02673083117017204,0.0
ENSG00000148798,INA,5,0.5003525901817196,0.023312539316736682,0.0
ENSG00000148737,TCF7L2,5,0.4977759696230021,0.015351548424270929,0.03535766729599329
ENSG00000148730,EIF4EBP2,5,0.5001627339300246,0.021503657160588774,0.004405286343612335
ENSG00000148719,DNAJB12,5,0.5003525901817196,0.023312539316736682,0.0
ENSG00000148688,RPP30,5,0.500406834825061,0.02673083117017204,0.0
ENSG00000148660,CAMK2G,5,0.500406834825061,0.02673083117017204,0.0
ENSG00000148606,POLR3A,5,0.500406834825061,0.026437961354845524,0.0
ENSG00000148600,CDHR1,5,0.5001627339300246,0.021516014573189544,0.004366812227074236
ENSG00000148572,NRBF2,5,0.500406834825061,0.026578650495061102,0.0
ENSG00000149136,SSRP1,5,0.500406834825061,0.02673083117017204,0.0
ENSG00000149150,SLC43A1,5,0.500406834825061,0.026578650495061102,0.0
ENSG00000149187,CELF1,5,0.5001627339300246,0.021516014573189544,0.004366812227074236
ENSG00000149257,SERPINH1,5,0.500406834825061,0.026437961354845524,0.0
ENSG00000149792,MRPL49,5,0.500406834825061,0.026578650495061102,0.0
ENSG00000149782,PLCB3,5,0.500406834825061,0.026578650495061102,0.0
ENSG00000149658,YTHDF1,5,0.500406834825061,0.026578650495061102,0.0
ENSG00000149657,LSM14B,5,0.500406834825061,0.02673083117017204,0.0
ENSG00000149600,COMMD7,5,0.5003525901817196,0.023312539316736682,0.0
ENSG00000149591,TAGLN,5,0.500406834825061,0.02673083117017204,0.0
ENSG00000149554,CHEK1,5,0.5001627339300246,0.021503657160588774,0.004405286343612335
ENSG00000149547,EI24,5,0.500406834825061,0.02673083117017204,0.0
ENSG00000149532,CPSF7,5,0.5001627339300246,0.02152442658310508,0.004273504273504274
ENSG00000149480,MTA2,5,0.500406834825061,0.02673083117017204,0.0
ENSG00000149474,KAT14,5,0.500406834825061,0.026578650495061102,0.0
ENSG00000149428,HYOU1,5,0.500406834825061,0.026437961354845524,0.0
ENSG00000149418,ST14,5,0.500406834825061,0.026578650495061102,0.0
ENSG00000149403,GRIK4,5,0.49739625711961216,0.017163634442352627,0.012345679012345678
ENSG00000149357,LAMTOR1,5,0.500406834825061,0.026437961354845524,0.0
ENSG00000149308,NPAT,5,0.5001627339300246,0.02152442658310508,0.004273504273504274
ENSG00000149273,RPS3,5,0.5001627339300246,0.021516014573189544,0.004366812227074236
ENSG00000149269,PAK1,5,0.500406834825061,0.023430240560169298,0.0
ENSG00000149260,CAPN5,5,0.500406834825061,0.026437961354845524,0.0
ENSG00000156959,LHFPL4,5,0.500406834825061,0.026437961354845524,0.0
ENSG00000156968,MPV17L,5,0.5003525901817196,0.023312539316736682,0.0
ENSG00000164344,KLKB1,5,0.500406834825061,0.026578650495061102,0.0
ENSG00000162851,TFB2M,5,0.500406834825061,0.026437961354845524,0.0
ENSG00000163032,VSNL1,5,0.500406834825061,0.026578650495061102,0.0
ENSG00000163029,SMC6,5,0.500406834825061,0.02673083117017204,0.0
ENSG00000163026,WDCP,5,0.500406834825061,0.026578650495061102,0.0
ENSG00000163013,FBXO41,5,0.500406834825061,0.026437961354845524,0.0
ENSG00000163002,NUP35,5,0.5001627339300246,0.02152442658310508,0.004273504273504274
ENSG00000162980,ARL5A,5,0.500406834825061,0.02673083117017204,0.0
ENSG00000162961,DPY30,5,0.500406834825061,0.026437961354845524,0.0
ENSG00000162878,PKDCC,5,0.500406834825061,0.026578650495061102,0.0
ENSG00000162852,CNST,5,0.5003525901817196,0.023312539316736682,0.0
ENSG00000162819,BROX,5,0.500406834825061,0.02673083117017204,0.0
ENSG00000163104,SMARCAD1,5,0.500406834825061,0.023430240560169298,0.0
ENSG00000162804,SNED1,5,0.5003525901817196,0.023312539316736682,0.0
ENSG00000162769,FLVCR1,5,0.500406834825061,0.02673083117017204,0.0
ENSG00000162735,PEX19,5,0.5001627339300246,0.021405281775118672,0.010752688172043012
ENSG00000162729,IGSF8,5,0.500406834825061,0.026437961354845524,0.0
ENSG00000162714,ZNF496,5,0.500406834825061,0.02673083117017204,0.0
ENSG00000162704,ARPC5,5,0.500406834825061,0.02673083117017204,0.0
ENSG00000162702,ZNF281,5,0.500406834825061,0.02673083117017204,0.0
ENSG00000162694,EXTL2,5,0.5001627339300246,0.021516014573189544,0.004366812227074236
ENSG00000162688,AGL,5,0.5001627339300246,0.021503657160588774,0.004405286343612335
ENSG00000163050,COQ8A,5,0.500406834825061,0.026437961354845524,0.0
ENSG00000163156,SCNM1,5,0.500406834825061,0.026578650495061102,0.0
ENSG00000162623,TYW3,5,0.500406834825061,0.02673083117017204,0.0
ENSG00000163376,KBTBD8,5,0.500406834825061,0.026578650495061102,0.0
ENSG00000163466,ARPC2,5,0.500406834825061,0.024260821894683954,0.0
ENSG00000163463,KRTCAP2,5,0.500406834825061,0.026578650495061102,0.0
ENSG00000163462,TRIM46,5,0.500406834825061,0.026437961354845524,0.0
ENSG00000163444,TMEM183A,5,0.500406834825061,0.02673083117017204,0.0
ENSG00000163428,LRRC58,5,0.5001627339300246,0.021516014573189544,0.004366812227074236
ENSG00000163399,ATP1A1,5,0.500406834825061,0.02673083117017204,0.0
ENSG00000163389,POGLUT1,5,0.500406834825061,0.026437961354845524,0.0
ENSG00000163378,EOGT,5,0.500406834825061,0.026437961354845524,0.0
ENSG00000163377,TAFA4,5,0.500406834825061,0.026437961354845524,0.0
ENSG00000163362,INAVA,5,0.500406834825061,0.02673083117017204,0.0
ENSG00000163159,VPS72,5,0.500406834825061,0.02673083117017204,0.0
ENSG00000163319,MRPS18C,5,0.500406834825061,0.02673083117017204,0.0
ENSG00000163293,NIPAL1,5,0.500406834825061,0.026437961354845524,0.0
ENSG00000163251,FZD5,5,0.500406834825061,0.02673083117017204,0.0
ENSG00000163235,TGFA,5,0.500406834825061,0.026437961354845524,0.0
ENSG00000163191,S100A11,5,0.500406834825061,0.026578650495061102,0.0
ENSG00000163171,CDC42EP3,5,0.500406834825061,0.02673083117017204,0.0
ENSG00000163170,BOLA3,5,0.500406834825061,0.026578650495061102,0.0
ENSG00000163166,IWS1,5,0.5001627339300246,0.021405281775118672,0.010752688172043012
ENSG00000163161,ERCC3,5,0.500406834825061,0.02673083117017204,0.0
ENSG00000162636,EEIG2,5,0.5001627339300246,0.02152442658310508,0.004273504273504274
ENSG00000162614,NEXN,5,0.500406834825061,0.02673083117017204,0.0
ENSG00000163479,SSR2,5,0.500406834825061,0.026578650495061102,0.0
ENSG00000161981,SNRNP25,5,0.500406834825061,0.02673083117017204,0.0
ENSG00000162191,UBXN1,5,0.500406834825061,0.02673083117017204,0.0
ENSG00000162144,CYB561A3,5,0.500406834825061,0.026437961354845524,0.0
ENSG00000162129,CLPB,5,0.500406834825061,0.02673083117017204,0.0
ENSG00000162105,SHANK2,5,0.500406834825061,0.026437961354845524,0.0
ENSG00000162086,ZNF75A,5,0.5003525901817196,0.023312539316736682,0.0
ENSG00000162069,BICDL2,5,0.500406834825061,0.026578650495061102,0.0
ENSG00000162066,AMDHD2,5,0.500406834825061,0.026578650495061102,0.0
ENSG00000162062,TEDC2,5,0.500406834825061,0.02673083117017204,0.0
ENSG00000161999,JMJD8,5,0.500406834825061,0.026578650495061102,0.0
ENSG00000161980,POLR3K,5,0.500406834825061,0.02673083117017204,0.0
ENSG00000162227,TAF6L,5,0.500406834825061,0.026578650495061102,0.0
ENSG00000161970,RPL26,5,0.500406834825061,0.02673083117017204,0.0
ENSG00000161960,EIF4A1,5,0.500406834825061,0.02673083117017204,0.0
ENSG00000161956,SENP3,5,0.500406834825061,0.026578650495061102,0.0
ENSG00000161920,MED11,5,0.500406834825061,0.026578650495061102,0.0
ENSG00000161847,RAVER1,5,0.500406834825061,0.026578650495061102,0.0
ENSG00000161813,LARP4,5,0.500406834825061,0.02673083117017204,0.0
ENSG00000161791,FMNL3,5,0.500406834825061,0.02673083117017204,0.0
ENSG00000161654,LSM12,5,0.500406834825061,0.02673083117017204,0.0
ENSG00000161642,ZNF385A,5,0.500406834825061,0.023430240560169298,0.0
ENSG00000162194,LBHD1,5,0.500406834825061,0.026578650495061102,0.0
ENSG00000162244,RPL29,5,0.500406834825061,0.02673083117017204,0.0
ENSG00000162607,USP1,5,0.4977759696230021,0.01533547674922743,0.09546219691271804
ENSG00000162490,DRAXIN,5,0.5003525901817196,0.023312539316736682,0.0
ENSG00000162601,MYSM1,5,0.500406834825061,0.02673083117017204,0.0
ENSG00000162591,MEGF6,5,0.500406834825061,0.026578650495061102,0.0
ENSG00000162585,FAAP20,5,0.500406834825061,0.026578650495061102,0.0
ENSG00000162551,ALPL,5,0.500406834825061,0.026578650495061102,0.0
ENSG00000162542,TMCO4,5,0.500406834825061,0.026437961354845524,0.0
ENSG00000162522,NHSL3,5,0.500406834825061,0.026437961354845524,0.0
ENSG00000162521,RBBP4,5,0.5001627339300246,0.02152442658310508,0.004273504273504274
ENSG00000162496,DHRS3,5,0.500406834825061,0.026578650495061102,0.0
ENSG00000162493,PDPN,5,0.500406834825061,0.026578650495061102,0.0
ENSG00000162458,FBLIM1,5,0.500406834825061,0.026437961354845524,0.0
ENSG00000162298,SYVN1,5,0.500406834825061,0.026578650495061102,0.0
ENSG00000162433,AK4,5,0.5003525901817196,0.023312539316736682,0.0
ENSG00000162419,GMEB1,5,0.5003525901817196,0.023312539316736682,0.0
ENSG00000162413,KLHL21,5,0.500406834825061,0.026578650495061102,0.0
ENSG00000162408,NOL9,5,0.500406834825061,0.026578650495061102,0.0
ENSG00000162407,PLPP3,5,0.5003525901817196,0.023312539316736682,0.0
ENSG00000162396,PARS2,5,0.500406834825061,0.026578650495061102,0.0
ENSG00000162385,MAGOH,5,0.500406834825061,0.026437961354845524,0.0
ENSG00000162377,COA7,5,0.500406834825061,0.026578650495061102,0.0
ENSG00000162337,LRP5,5,0.500406834825061,0.026578650495061102,0.0
ENSG00000163468,CCT3,5,0.500406834825061,0.026578650495061102,0.0
ENSG00000163481,RNF25,5,0.500406834825061,0.026578650495061102,0.0
ENSG00000156973,PDE6D,5,0.4977759696230021,0.015351548424270929,0.03535766729599329
ENSG00000164045,CDC25A,5,0.500406834825061,0.02673083117017204,0.0
ENSG00000164077,MON1A,5,0.500406834825061,0.026437961354845524,0.0
ENSG00000164076,CAMKV,5,0.500406834825061,0.026437961354845524,0.0
ENSG00000164068,RNF123,5,0.500406834825061,0.026437961354845524,0.0
ENSG00000164062,APEH,5,0.500406834825061,0.026437961354845524,0.0
ENSG00000164061,BSN,5,0.49739625711961216,0.017163634442352627,0.012345679012345678
ENSG00000164054,SHISA5,5,0.500406834825061,0.02673083117017204,0.0
ENSG00000164053,ATRIP,5,0.5001627339300246,0.02152442658310508,0.004273504273504274
ENSG00000164051,CCDC51,5,0.500406834825061,0.02673083117017204,0.0
ENSG00000164048,ZNF589,5,0.5001627339300246,0.021516014573189544,0.004366812227074236
ENSG00000164040,PGRMC2,5,0.500406834825061,0.02673083117017204,0.0
ENSG00000164091,WDR82,5,0.5003525901817196,0.023312539316736682,0.0
ENSG00000164032,H2AZ1,5,0.5001627339300246,0.02152442658310508,0.004273504273504274
ENSG00000164024,METAP1,5,0.500406834825061,0.02673083117017204,0.0
ENSG00000164022,AIMP1,5,0.500406834825061,0.02673083117017204,0.0
ENSG00000163995,ABLIM2,5,0.5003525901817196,0.023312539316736682,0.0
ENSG00000163961,RNF168,5,0.5001627339300246,0.021503657160588774,0.004405286343612335
ENSG00000163959,SLC51A,5,0.500406834825061,0.026437961354845524,0.0
ENSG00000163956,LRPAP1,5,0.500406834825061,0.02673083117017204,0.0
ENSG00000163950,SLBP,5,0.500406834825061,0.02673083117017204,0.0
ENSG00000163938,GNL3,5,0.500406834825061,0.02673083117017204,0.0
ENSG00000164086,DUSP7,5,0.500406834825061,0.026578650495061102,0.0
ENSG00000164099,PRSS12,5,0.500406834825061,0.026578650495061102,0.0
ENSG00000163932,PRKCD,5,0.500406834825061,0.02673083117017204,0.0
ENSG00000164181,ELOVL7,5,0.500406834825061,0.026578650495061102,0.0
ENSG00000164338,UTP15,5,0.500406834825061,0.026578650495061102,0.0
ENSG00000164332,UBLCP1,5,0.500406834825061,0.02673083117017204,0.0
ENSG00000164305,CASP3,5,0.500406834825061,0.026578650495061102,0.0
ENSG00000177674,AGTRAP,5,0.5003525901817196,0.023312539316736682,0.0
ENSG00000164265,SCGB3A2,5,0.500406834825061,0.026578650495061102,0.0
ENSG00000164251,F2RL1,5,0.500406834825061,0.026437961354845524,0.0
ENSG00000164244,PRRC1,5,0.500406834825061,0.02673083117017204,0.0
ENSG00000164221,CCDC112,5,0.5003525901817196,0.023312539316736682,0.0
ENSG00000164182,NDUFAF2,5,0.500406834825061,0.023430240560169298,0.0
ENSG00000164176,EDIL3,5,0.500406834825061,0.026437961354845524,0.0
ENSG00000164111,ANXA5,5,0.500406834825061,0.02673083117017204,0.0
ENSG00000164172,MOCS2,5,0.5001627339300246,0.021516014573189544,0.004366812227074236
ENSG00000164168,TMEM184C,5,0.500406834825061,0.026437961354845524,0.0
ENSG00000164167,LSM6,5,0.5001627339300246,0.021503657160588774,0.004405286343612335
ENSG00000164164,OTUD4,5,0.500406834825061,0.02673083117017204,0.0
ENSG00000164163,ABCE1,5,0.500406834825061,0.02673083117017204,0.0
ENSG00000164151,ICE1,5,0.500406834825061,0.026578650495061102,0.0
ENSG00000164142,FHIP1A,5,0.500406834825061,0.026437961354845524,0.0
ENSG00000164134,NAA15,5,0.500406834825061,0.02673083117017204,0.0
ENSG00000164124,TMEM144,5,0.5001627339300246,0.021516014573189544,0.004366812227074236
ENSG00000163935,SFMBT1,5,0.500406834825061,0.021372245907994143,0.0
ENSG00000163931,TKT,5,0.500406834825061,0.02673083117017204,0.0
ENSG00000163492,CCDC141,5,0.500406834825061,0.026437961354845524,0.0
ENSG00000163607,GTPBP8,5,0.500406834825061,0.02673083117017204,0.0
ENSG00000163694,RBM47,5,0.49739625711961216,0.017163634442352627,0.012345679012345678
ENSG00000163682,RPL9,5,0.500406834825061,0.02673083117017204,0.0
ENSG00000163681,SLMAP,5,0.500406834825061,0.02673083117017204,0.0
ENSG00000163666,HESX1,5,0.500406834825061,0.026578650495061102,0.0
ENSG00000163655,GMPS,5,0.4977759696230021,0.015351548424270929,0.03535766729599329
ENSG00000163636,PSMD6,5,0.500406834825061,0.026578650495061102,0.0
ENSG00000163634,THOC7,5,0.500406834825061,0.02673083117017204,0.0
ENSG00000163624,CDS1,5,0.5003525901817196,0.023312539316736682,0.0
ENSG00000163608,NEPRO,5,0.500406834825061,0.02673083117017204,0.0
ENSG00000163602,RYBP,5,0.5003525901817196,0.023312539316736682,0.0
ENSG00000163710,PCOLCE2,5,0.500406834825061,0.026578650495061102,0.0
ENSG00000163597,SNHG16,5,0.500406834825061,0.02673083117017204,0.0
ENSG00000163584,RPL22L1,5,0.500406834825061,0.026578650495061102,0.0
ENSG00000163558,PRKCI,5,0.500406834825061,0.026578650495061102,0.0
ENSG00000163536,SERPINI1,5,0.5003525901817196,0.023312539316736682,0.0
ENSG00000163531,NFASC,5,0.5003525901817196,0.023312539316736682,0.0
ENSG00000163528,CHCHD4,5,0.500406834825061,0.026437961354845524,0.0
ENSG00000163516,ANKZF1,5,0.500406834825061,0.02673083117017204,0.0
ENSG00000163513,TGFBR2,5,0.5003525901817196,0.023312539316736682,0.0
ENSG00000163510,CWC22,5,0.5001627339300246,0.021516014573189544,0.004366812227074236
ENSG00000163697,APBB2,5,0.49739625711961216,0.017163634442352627,0.012345679012345678
ENSG00000163714,U2SURP,5,0.5001627339300246,0.021516014573189544,0.004366812227074236
ENSG00000163930,BAP1,5,0.500406834825061,0.02673083117017204,0.0
ENSG00000163820,FYCO1,5,0.5001627339300246,0.021516014573189544,0.004366812227074236
ENSG00000163923,RPL39L,5,0.5001627339300246,0.02152442658310508,0.004273504273504274
ENSG00000163918,RFC4,5,0.5001627339300246,0.02152442658310508,0.004273504273504274
ENSG00000163904,SENP2,5,0.500406834825061,0.026437961354845524,0.0
ENSG00000163902,RPN1,5,0.500406834825061,0.026578650495061102,0.0
ENSG00000163884,KLF15,5,0.500406834825061,0.02673083117017204,0.0
ENSG00000163882,POLR2H,5,0.500406834825061,0.026578650495061102,0.0
ENSG00000163877,SNIP1,5,0.500406834825061,0.02673083117017204,0.0
ENSG00000163832,ELP6,5,0.500406834825061,0.026437961354845524,0.0
ENSG00000163827,LRRC2,5,0.500406834825061,0.026437961354845524,0.0
ENSG00000163814,CDCP1,5,0.500406834825061,0.026578650495061102,0.0
ENSG00000163719,MTMR14,5,0.500406834825061,0.02673083117017204,0.0
ENSG00000163812,ZDHHC3,5,0.500406834825061,0.026437961354845524,0.0
ENSG00000163811,WDR43,5,0.500406834825061,0.026437961354845524,0.0
ENSG00000163807,KIAA1143,5,0.500406834825061,0.02673083117017204,0.0
ENSG00000163795,ZNF513,5,0.500406834825061,0.026437961354845524,0.0
ENSG00000163781,TOPBP1,5,0.5001627339300246,0.021503657160588774,0.004405286343612335
ENSG00000163755,HPS3,5,0.5001627339300246,0.021503657160588774,0.004405286343612335
ENSG00000163754,GYG1,5,0.500406834825061,0.026437961354845524,0.0
ENSG00000163743,RCHY1,5,0.500406834825061,0.026437961354845524,0.0
ENSG00000163735,CXCL5,5,0.500406834825061,0.026437961354845524,0.0
ENSG00000161618,ALDH16A1,5,0.500406834825061,0.026578650495061102,0.0
ENSG00000161558,TMEM143,5,0.500406834825061,0.02673083117017204,0.0
ENSG00000161547,SRSF2,5,0.500406834825061,0.026578650495061102,0.0
ENSG00000158480,SPATA2,5,0.500406834825061,0.02673083117017204,0.0
ENSG00000158796,DEDD,5,0.500406834825061,0.026437961354845524,0.0
ENSG00000158773,USF1,5,0.500406834825061,0.026437961354845524,0.0
ENSG00000158769,F11R,5,0.500406834825061,0.02673083117017204,0.0
ENSG00000158747,NBL1,5,0.5003525901817196,0.023312539316736682,0.0
ENSG00000158717,RNF166,5,0.500406834825061,0.026578650495061102,0.0
ENSG00000158669,GPAT4,5,0.500406834825061,0.02673083117017204,0.0
ENSG00000158615,PPP1R15B,5,0.500406834825061,0.026437961354845524,0.0
ENSG00000158545,ZC3H18,5,0.500406834825061,0.02673083117017204,0.0
ENSG00000158526,TSR2,5,0.500406834825061,0.02673083117017204,0.0
ENSG00000158470,B4GALT5,5,0.500406834825061,0.026437961354845524,0.0
ENSG00000158816,VWA5B1,5,0.5003525901817196,0.023312539316736682,0.0
ENSG00000158457,TSPAN33,5,0.500406834825061,0.02673083117017204,0.0
ENSG00000158435,CNOT11,5,0.500406834825061,0.026578650495061102,0.0
ENSG00000158417,EIF5B,5,0.500406834825061,0.026578650495061102,0.0
ENSG00000158411,MITD1,5,0.500406834825061,0.026437961354845524,0.0
ENSG00000158406,H4C8,5,0.500406834825061,0.02673083117017204,0.0
ENSG00000158315,RHBDL2,5,0.5003525901817196,0.023312539316736682,0.0
ENSG00000158246,TENT5B,5,0.500406834825061,0.02673083117017204,0.0
ENSG00000158234,FAIM,5,0.500406834825061,0.026578650495061102,0.0
ENSG00000158220,ESYT3,5,0.500406834825061,0.026578650495061102,0.0
ENSG00000158813,EDA,5,0.500406834825061,0.026578650495061102,0.0
ENSG00000158850,B4GALT3,5,0.500406834825061,0.026578650495061102,0.0
ENSG00000158106,RHPN1,5,0.500406834825061,0.02673083117017204,0.0
ENSG00000159167,STC1,5,0.500406834825061,0.026578650495061102,0.0
ENSG00000159322,ADPGK,5,0.500406834825061,0.026437961354845524,0.0
ENSG00000159259,CHAF1B,5,0.500406834825061,0.02673083117017204,0.0
ENSG00000159251,ACTC1,5,0.500406834825061,0.026578650495061102,0.0
ENSG00000159228,CBR1,5,0.500406834825061,0.026437961354845524,0.0
ENSG00000159217,IGF2BP1,5,0.4977759696230021,0.015351548424270929,0.03535766729599329
ENSG00000159216,RUNX1,5,0.500406834825061,0.026578650495061102,0.0
ENSG00000159210,SNF8,5,0.500406834825061,0.02673083117017204,0.0
ENSG00000159202,UBE2Z,5,0.500406834825061,0.026578650495061102,0.0
ENSG00000159199,ATP5MC1,5,0.500406834825061,0.026437961354845524,0.0
ENSG00000159166,LAD1,5,0.500406834825061,0.026578650495061102,0.0
ENSG00000158864,NDUFS2,5,0.500406834825061,0.026437961354845524,0.0
ENSG00000159164,SV2A,5,0.500406834825061,0.02673083117017204,0.0
ENSG00000159131,GART,5,0.500406834825061,0.026578650495061102,0.0
ENSG00000159111,MRPL10,5,0.500406834825061,0.02673083117017204,0.0
ENSG00000159079,CFAP298,5,0.500406834825061,0.026437961354845524,0.0
ENSG00000159069,FBXW5,5,0.500406834825061,0.026437961354845524,0.0
ENSG00000159063,ALG8,5,0.5001627339300246,0.02152442658310508,0.004273504273504274
ENSG00000159055,MIS18A,5,0.500406834825061,0.02673083117017204,0.0
ENSG00000158941,CCAR2,5,0.5001627339300246,0.021516014573189544,0.004366812227074236
ENSG00000158882,TOMM40L,5,0.500406834825061,0.026578650495061102,0.0
ENSG00000158109,TPRG1L,5,0.500406834825061,0.026578650495061102,0.0
ENSG00000158089,GALNT14,5,0.500406834825061,0.026437961354845524,0.0
ENSG00000161533,ACOX1,5,0.49739625711961216,0.017163634442352627,0.012345679012345678
ENSG00000157184,CPT2,5,0.500406834825061,0.026437961354845524,0.0
ENSG00000157350,ST3GAL2,5,0.5003525901817196,0.023312539316736682,0.0
ENSG00000157349,DDX19B,5,0.500406834825061,0.026437961354845524,0.0
ENSG00000157306,ZFHX2-AS1,5,0.5003525901817196,0.023312539316736682,0.0
ENSG00000157227,MMP14,5,0.49739625711961216,0.017163634442352627,0.012345679012345678
ENSG00000157224,CLDN12,5,0.500406834825061,0.02673083117017204,0.0
ENSG00000157214,STEAP2,5,0.500406834825061,0.026578650495061102,0.0
ENSG00000157212,PAXIP1,5,0.500406834825061,0.026578650495061102,0.0
ENSG00000157193,LRP8,5,0.5003525901817196,0.023312539316736682,0.0
ENSG00000157191,NECAP2,5,0.500406834825061,0.026578650495061102,0.0
ENSG00000157152,SYN2,5,0.5003525901817196,0.023312539316736682,0.0
ENSG00000157388,CACNA1D,5,0.5003525901817196,0.023312539316736682,0.0
ENSG00000157110,RBPMS,5,0.5001627339300246,0.021503657160588774,0.004405286343612335
ENSG00000157106,SMG1,5,0.500406834825061,0.02673083117017204,0.0
ENSG00000157087,ATP2B2,5,0.500406834825061,0.023430240560169298,0.0
ENSG00000157064,NMNAT2,5,0.5003525901817196,0.023312539316736682,0.0
ENSG00000157045,NTAN1,5,0.5001627339300246,0.02152442658310508,0.004273504273504274
ENSG00000157020,SEC13,5,0.500406834825061,0.026437961354845524,0.0
ENSG00000157014,TATDN2,5,0.500406834825061,0.026437961354845524,0.0
ENSG00000156990,RPUSD3,5,0.500406834825061,0.026437961354845524,0.0
ENSG00000156983,BRPF1,5,0.500406834825061,0.02673083117017204,0.0
ENSG00000157368,IL34,5,0.500406834825061,0.026437961354845524,0.0
ENSG00000157404,KIT,5,0.5003525901817196,0.023312539316736682,0.0
ENSG00000158042,MRPL17,5,0.500406834825061,0.026578650495061102,0.0
ENSG00000157778,PSMG3,5,0.500406834825061,0.026578650495061102,0.0
ENSG00000157978,LDLRAP1,5,0.500406834825061,0.02673083117017204,0.0
ENSG00000157933,SKI,5,0.500406834825061,0.02673083117017204,0.0
ENSG00000157916,RER1,5,0.500406834825061,0.026578650495061102,0.0
ENSG00000157911,PEX10,5,0.500406834825061,0.026578650495061102,0.0
ENSG00000157895,C12orf43,5,0.500406834825061,0.026578650495061102,0.0
ENSG00000157890,MEGF11,5,0.5003525901817196,0.023312539316736682,0.0
ENSG00000157870,PRXL2B,5,0.5003525901817196,0.023312539316736682,0.0
ENSG00000157833,GAREM2,5,0.500406834825061,0.023430240560169298,0.0
ENSG00000157800,SLC37A3,5,0.5001627339300246,0.021516014573189544,0.004366812227074236
ENSG00000157741,UBN2,5,0.500406834825061,0.026437961354845524,0.0
ENSG00000157445,CACNA2D3,5,0.5003525901817196,0.023312539316736682,0.0
ENSG00000157693,TMEM268,5,0.5003525901817196,0.023312539316736682,0.0
ENSG00000157654,PALM2AKAP2,5,0.500406834825061,0.02673083117017204,0.0
ENSG00000157613,CREB3L1,5,0.500406834825061,0.02673083117017204,0.0
ENSG00000157593,SLC35B2,5,0.500406834825061,0.023430240560169298,0.0
ENSG00000157557,ETS2,5,0.500406834825061,0.026437961354845524,0.0
ENSG00000157554,ERG,5,0.500406834825061,0.026578650495061102,0.0
ENSG00000157542,KCNJ6,5,0.5003525901817196,0.023312539316736682,0.0
ENSG00000157538,VPS26C,5,0.500406834825061,0.026578650495061102,0.0
ENSG00000157483,MYO1E,5,0.500406834825061,0.026437961354845524,0.0
ENSG00000159346,ADIPOR1,5,0.500406834825061,0.02673083117017204,0.0
ENSG00000159352,PSMD4,5,0.500406834825061,0.02673083117017204,0.0
ENSG00000159363,ATP13A2,5,0.500406834825061,0.026578650495061102,0.0
ENSG00000160753,RUSC1,5,0.500406834825061,0.023723110375495814,0.0
ENSG00000160932,LY6E,5,0.500406834825061,0.02673083117017204,0.0
ENSG00000160888,IER2,5,0.500406834825061,0.026578650495061102,0.0
ENSG00000160877,NACC1,5,0.500406834825061,0.026578650495061102,0.0
ENSG00000160867,FGFR4,5,0.500406834825061,0.026578650495061102,0.0
ENSG00000160818,GPATCH4,5,0.500406834825061,0.026437961354845524,0.0
ENSG00000160799,CCDC12,5,0.500406834825061,0.026578650495061102,0.0
ENSG00000160796,NBEAL2,5,0.500406834825061,0.026437961354845524,0.0
ENSG00000160785,SLC25A44,5,0.500406834825061,0.026437961354845524,0.0
ENSG00000160783,PMF1,5,0.5003525901817196,0.023312539316736682,0.0
ENSG00000160741,CRTC2,5,0.500406834825061,0.02673083117017204,0.0
ENSG00000160953,PWWP3A,5,0.500406834825061,0.023723110375495814,0.0
ENSG00000160714,UBE2Q1,5,0.500406834825061,0.02673083117017204,0.0
ENSG00000160710,ADAR,5,0.500406834825061,0.026437961354845524,0.0
ENSG00000160695,VPS11,5,0.5003525901817196,0.023312539316736682,0.0
ENSG00000160691,SHC1,5,0.500406834825061,0.02673083117017204,0.0
ENSG00000160688,FLAD1,5,0.500406834825061,0.026578650495061102,0.0
ENSG00000160685,ZBTB7B,5,0.500406834825061,0.026578650495061102,0.0
ENSG00000160679,CHTOP,5,0.500406834825061,0.02673083117017204,0.0
ENSG00000160633,SAFB,5,0.500406834825061,0.02673083117017204,0.0
ENSG00000160613,PCSK7,5,0.500406834825061,0.026437961354845524,0.0
ENSG00000160949,TONSL,5,0.500406834825061,0.02673083117017204,0.0
ENSG00000160957,RECQL4,5,0.500406834825061,0.02673083117017204,0.0
ENSG00000159374,M1AP,5,0.500406834825061,0.026437961354845524,0.0
ENSG00000161091,MFSD12,5,0.500406834825061,0.026578650495061102,0.0
ENSG00000161526,SAP30BP,5,0.500406834825061,0.026578650495061102,0.0
ENSG00000161513,FDXR,5,0.5001627339300246,0.021503657160588774,0.004405286343612335
ENSG00000161395,PGAP3,5,0.5003525901817196,0.023312539316736682,0.0
ENSG00000161267,BDH1,5,0.500406834825061,0.026578650495061102,0.0
ENSG00000161249,DMKN,5,0.500406834825061,0.026578650495061102,0.0
ENSG00000161243,FBXO27,5,0.500406834825061,0.02673083117017204,0.0
ENSG00000161217,PCYT1A,5,0.500406834825061,0.026437961354845524,0.0
ENSG00000161204,ABCF3,5,0.500406834825061,0.026437961354845524,0.0
ENSG00000161203,AP2M1,5,0.500406834825061,0.02673083117017204,0.0
ENSG00000161082,CELF5,5,0.5003525901817196,0.023312539316736682,0.0
ENSG00000160959,LRRC14,5,0.500406834825061,0.026437961354845524,0.0
ENSG00000161057,PSMC2,5,0.500406834825061,0.026437961354845524,0.0
ENSG00000161036,LRWD1,5,0.500406834825061,0.026578650495061102,0.0
ENSG00000161016,RPL8,5,0.500406834825061,0.02673083117017204,0.0
ENSG00000161013,MGAT4B,5,0.500406834825061,0.026437961354845524,0.0
ENSG00000161011,SQSTM1,5,0.500406834825061,0.02673083117017204,0.0
ENSG00000160999,SH2B2,5,0.5003525901817196,0.023312539316736682,0.0
ENSG00000160993,ALKBH4,5,0.500406834825061,0.026437961354845524,0.0
ENSG00000160973,FOXH1,5,0.500406834825061,0.026578650495061102,0.0
ENSG00000160963,COL26A1,5,0.500406834825061,0.026437961354845524,0.0
ENSG00000160602,NEK8,5,0.500406834825061,0.026578650495061102,0.0
ENSG00000160570,DEDD2,5,0.500406834825061,0.02673083117017204,0.0
ENSG00000160439,RDH13,5,0.500406834825061,0.026578650495061102,0.0
ENSG00000159720,ATP6V0D1,5,0.49739625711961216,0.017163634442352627,0.012345679012345678
ENSG00000160113,NR2F6,5,0.500406834825061,0.026578650495061102,0.0
ENSG00000160087,UBE2J2,5,0.500406834825061,0.02673083117017204,0.0
ENSG00000160075,SSU72,5,0.500406834825061,0.026578650495061102,0.0
ENSG00000160072,ATAD3B,5,0.500406834825061,0.026437961354845524,0.0
ENSG00000160049,DFFA,5,0.500406834825061,0.02673083117017204,0.0
ENSG00000159873,CCDC117,5,0.500406834825061,0.02673083117017204,0.0
ENSG00000159840,ZYX,5,0.500406834825061,0.026578650495061102,0.0
ENSG00000159753,CARMIL2,5,0.500406834825061,0.026578650495061102,0.0
ENSG00000159733,ZFYVE28,5,0.5003525901817196,0.023312539316736682,0.0
ENSG00000159712,ANKRD18CP,5,0.500406834825061,0.026437961354845524,0.0
ENSG00000160410,SHKBP1,5,0.500406834825061,0.02673083117017204,0.0
ENSG00000159685,CHCHD6,5,0.500406834825061,0.02673083117017204,0.0
ENSG00000159658,EFCAB14,5,0.5003525901817196,0.023312539316736682,0.0
ENSG00000159596,TMEM69,5,0.500406834825061,0.026578650495061102,0.0
ENSG00000159593,NAE1,5,0.5001627339300246,0.02152442658310508,0.004273504273504274
ENSG00000159479,MED8,5,0.500406834825061,0.026437961354845524,0.0
ENSG00000159445,THEM4,5,0.500406834825061,0.026578650495061102,0.0
ENSG00000159423,ALDH4A1,5,0.500406834825061,0.026437961354845524,0.0
ENSG00000159399,HK2,5,0.500406834825061,0.02673083117017204,0.0
ENSG00000159377,PSMB4,5,0.500406834825061,0.02673083117017204,0.0
ENSG00000160124,MIX23,5,0.500406834825061,0.026578650495061102,0.0
ENSG00000160131,VMA21,5,0.5001627339300246,0.021516014573189544,0.004366812227074236
ENSG00000160190,SLC37A1,5,0.500406834825061,0.023430240560169298,0.0
ENSG00000160191,PDE9A,5,0.5003525901817196,0.023312539316736682,0.0
ENSG00000160392,C19orf47,5,0.500406834825061,0.02673083117017204,0.0
ENSG00000160352,ZNF714,5,0.5001627339300246,0.021516014573189544,0.004366812227074236
ENSG00000160336,ZNF761,5,0.500406834825061,0.02673083117017204,0.0
ENSG00000160326,SLC2A6,5,0.500406834825061,0.023430240560169298,0.0
ENSG00000160294,MCM3AP,5,0.500406834825061,0.02673083117017204,0.0
ENSG00000160284,SPATC1L,5,0.500406834825061,0.026437961354845524,0.0
ENSG00000160282,FTCD,5,0.500406834825061,0.026437961354845524,0.0
ENSG00000160256,SLX9,5,0.500406834825061,0.026578650495061102,0.0
ENSG00000160229,ZNF66,5,0.500406834825061,0.02673083117017204,0.0
ENSG00000160218,TRAPPC10,5,0.500406834825061,0.02673083117017204,0.0
ENSG00000160214,RRP1,5,0.500406834825061,0.026578650495061102,0.0
ENSG00000160213,CSTB,5,0.500406834825061,0.02673083117017204,0.0
ENSG00000160211,G6PD,5,0.500406834825061,0.02673083117017204,0.0
ENSG00000160209,PDXK,5,0.5001627339300246,0.021516014573189544,0.004366812227074236
ENSG00000160208,RRP1B,5,0.500406834825061,0.026578650495061102,0.0
ENSG00000160201,U2AF1,5,0.500406834825061,0.026437961354845524,0.0
ENSG00000160199,PKNOX1,5,0.500406834825061,0.026578650495061102,0.0
ENSG00000160194,NDUFV3,5,0.500406834825061,0.02673083117017204,0.0
ENSG00000160193,WDR4,5,0.500406834825061,0.026578650495061102,0.0
ENSG00000177663,IL17RA,5,0.500406834825061,0.026437961354845524,0.0
ENSG00000177889,UBE2N,5,0.500406834825061,0.026578650495061102,0.0
ENSG00000177675,CD163L1,5,0.500406834825061,0.026578650495061102,0.0
ENSG00000234261,ENSG00000234261,5,0.500406834825061,0.026578650495061102,0.0
ENSG00000234787,LINC00458,5,0.500406834825061,0.026437961354845524,0.0
ENSG00000234771,SLC25A25-AS1,5,0.500406834825061,0.02673083117017204,0.0
ENSG00000234745,HLA-B,5,0.4977759696230021,0.015351548424270929,0.03535766729599329
ENSG00000234741,GAS5,5,0.500406834825061,0.02673083117017204,0.0
ENSG00000234608,MAPKAPK5-AS1,5,0.500406834825061,0.02673083117017204,0.0
ENSG00000234545,FAM133B,5,0.500406834825061,0.02673083117017204,0.0
ENSG00000234418,ENSG00000234418,5,0.5001627339300246,0.021321387130342102,0.16666666666666666
ENSG00000234377,OBI1-AS1,5,0.5003525901817196,0.023312539316736682,0.0
ENSG00000234327,ZNF232-AS1,5,0.500406834825061,0.02673083117017204,0.0
ENSG00000234185,ENSG00000234185,5,0.500406834825061,0.023430240560169298,0.0
ENSG00000235152,ENSG00000235152,5,0.500406834825061,0.026578650495061102,0.0
ENSG00000234171,RNASEH1-DT,5,0.500406834825061,0.026437961354845524,0.0
ENSG00000234072,GTF3C2-AS2,5,0.500406834825061,0.02673083117017204,0.0
ENSG00000233937,ENSG00000233937,5,0.5003525901817196,0.023312539316736682,0.0
ENSG00000233927,RPS28,5,0.500406834825061,0.02673083117017204,0.0
ENSG00000233822,H2BC15,5,0.5001627339300246,0.02152442658310508,0.004273504273504274
ENSG00000233806,LINC01237,5,0.5003525901817196,0.023312539316736682,0.0
ENSG00000233723,LINC01122,5,0.49739625711961216,0.017163634442352627,0.012345679012345678
ENSG00000233608,TWIST2,5,0.5003525901817196,0.023312539316736682,0.0
ENSG00000233393,ENSG00000233393,5,0.500406834825061,0.026578650495061102,0.0
ENSG00000235085,ENSG00000235085,5,0.500406834825061,0.026437961354845524,0.0
ENSG00000235173,HGH1,5,0.500406834825061,0.026437961354845524,0.0
ENSG00000233276,GPX1,5,0.500406834825061,0.02673083117017204,0.0
ENSG00000236635,LINC02540,5,0.500406834825061,0.026578650495061102,0.0
ENSG00000237742,HEY2-AS1,5,0.500406834825061,0.026578650495061102,0.0
ENSG00000237550,ENSG00000237550,5,0.500406834825061,0.026578650495061102,0.0
ENSG00000237515,SHISA9,5,0.5001627339300246,0.021503657160588774,0.004405286343612335
ENSG00000237296,SMG1P1,5,0.500406834825061,0.02673083117017204,0.0
ENSG00000237190,CDKN2AIPNL,5,0.500406834825061,0.02673083117017204,0.0
ENSG00000237136,C4orf51,5,0.500406834825061,0.02673083117017204,0.0
ENSG00000236924,LINC02851,5,0.500406834825061,0.026437961354845524,0.0
ENSG00000236780,LINC01829,5,0.500406834825061,0.026437961354845524,0.0
ENSG00000236714,ENSG00000236714,5,0.500406834825061,0.026437961354845524,0.0
ENSG00000236404,VLDLR-AS1,5,0.5003525901817196,0.023312539316736682,0.0
ENSG00000235335,B3GALT1-AS1,5,0.500406834825061,0.026578650495061102,0.0
ENSG00000236373,LINC02653,5,0.500406834825061,0.026578650495061102,0.0
ENSG00000236144,TMEM147-AS1,5,0.500406834825061,0.026437961354845524,0.0
ENSG00000236065,ENSG00000236065,5,0.5003525901817196,0.023312539316736682,0.0
ENSG00000236021,COP1-DT,5,0.500406834825061,0.02673083117017204,0.0
ENSG00000235590,GNAS-AS1,5,0.500406834825061,0.026578650495061102,0.0
ENSG00000235559,NOP56P1,5,0.500406834825061,0.026578650495061102,0.0
ENSG00000235531,MSC-AS1,5,0.5003525901817196,0.023312539316736682,0.0
ENSG00000235493,LINC01967,5,0.500406834825061,0.026437961354845524,0.0
ENSG00000235381,ENSG00000235381,5,0.5003525901817196,0.023312539316736682,0.0
ENSG00000233290,ENSG00000233290,5,0.5003525901817196,0.023312539316736682,0.0
ENSG00000233058,ATP13A3-DT,5,0.5003525901817196,0.023312539316736682,0.0
ENSG00000238018,SPTBN1-AS2,5,0.500406834825061,0.02673083117017204,0.0
ENSG00000229180,RABGEF1P1,5,0.500406834825061,0.02673083117017204,0.0
ENSG00000230623,ENSG00000230623,5,0.500406834825061,0.02673083117017204,0.0
ENSG00000230537,LINC02937,5,0.5003525901817196,0.023312539316736682,0.0
ENSG00000230453,ANKRD18B,5,0.4977759696230021,0.015351548424270929,0.03535766729599329
ENSG00000230325,ENSG00000230325,5,0.5003525901817196,0.023312539316736682,0.0
ENSG00000229833,PET100,5,0.500406834825061,0.02673083117017204,0.0
ENSG00000229544,NKX1-2,5,0.500406834825061,0.026578650495061102,0.0
ENSG00000229335,DANT1,5,0.500406834825061,0.026437961354845524,0.0
ENSG00000229320,KRT8P12,5,0.500406834825061,0.026437961354845524,0.0
ENSG00000229271,ENSG00000229271,5,0.500406834825061,0.026437961354845524,0.0
ENSG00000229153,EPHA1-AS1,5,0.500406834825061,0.026578650495061102,0.0
ENSG00000230798,FOXD3-AS1,5,0.500406834825061,0.026437961354845524,0.0
ENSG00000229140,CCDC26,5,0.500406834825061,0.026578650495061102,0.0
ENSG00000229117,RPL41,5,0.500406834825061,0.02673083117017204,0.0
ENSG00000228956,SATB1-AS1,5,0.500406834825061,0.026437961354845524,0.0
ENSG00000228944,ENSG00000228944,5,0.500406834825061,0.026578650495061102,0.0
ENSG00000228714,ENSG00000228714,5,0.500406834825061,0.026578650495061102,0.0
ENSG00000228709,LINC02575,5,0.500406834825061,0.02673083117017204,0.0
ENSG00000228649,SNHG26,5,0.500406834825061,0.026437961354845524,0.0
ENSG00000228624,HDAC2-AS2,5,0.500406834825061,0.023430240560169298,0.0
ENSG00000228623,ZNF883,5,0.500406834825061,0.026437961354845524,0.0
ENSG00000230773,ENSG00000230773,5,0.500406834825061,0.026578650495061102,0.0
ENSG00000230989,HSBP1,5,0.500406834825061,0.02673083117017204,0.0
ENSG00000233016,SNHG7,5,0.500406834825061,0.026578650495061102,0.0
ENSG00000232112,TMA7,5,0.500406834825061,0.02673083117017204,0.0
ENSG00000232956,SNHG15,5,0.500406834825061,0.026578650495061102,0.0
ENSG00000232907,DLGAP4-AS1,5,0.500406834825061,0.02673083117017204,0.0
ENSG00000232790,LINC01162,5,0.500406834825061,0.026578650495061102,0.0
ENSG00000232677,LINC00665,5,0.500406834825061,0.026437961354845524,0.0
ENSG00000232546,ENSG00000232546,5,0.500406834825061,0.026437961354845524,0.0
ENSG00000232445,EMSLR,5,0.500406834825061,0.026578650495061102,0.0
ENSG00000232388,SMIM26,5,0.500406834825061,0.02673083117017204,0.0
ENSG00000232301,LNCPRESS1,5,0.500406834825061,0.026578650495061102,0.0
ENSG00000232252,ENSG00000232252,5,0.500406834825061,0.026437961354845524,0.0
ENSG00000231762,ENSG00000231762,5,0.500406834825061,0.026437961354845524,0.0
ENSG00000231074,HCG18,5,0.49739625711961216,0.017124981046396103,0.04
ENSG00000231752,EMBP1,5,0.500406834825061,0.02673083117017204,0.0
ENSG00000231721,LINC-PINT,5,0.500406834825061,0.026437961354845524,0.0
ENSG00000231689,LINC01090,5,0.500406834825061,0.026578650495061102,0.0
ENSG00000231566,ENSG00000231566,5,0.5001627339300246,0.021516014573189544,0.004366812227074236
ENSG00000231557,ENSG00000231557,5,0.49739625711961216,0.017163634442352627,0.012345679012345678
ENSG00000231500,RPS18,5,0.500406834825061,0.02673083117017204,0.0
ENSG00000231482,ENSG00000231482,5,0.500406834825061,0.026437961354845524,0.0
ENSG00000231205,ZNF826P,5,0.500406834825061,0.02673083117017204,0.0
ENSG00000231185,SPRY4-AS1,5,0.49739625711961216,0.017163634442352627,0.012345679012345678
ENSG00000237923,LINC02570,5,0.500406834825061,0.026578650495061102,0.0
ENSG00000238227,TMEM250,5,0.500406834825061,0.026578650495061102,0.0
ENSG00000177679,SRRM3,5,0.5003525901817196,0.023312539316736682,0.0
ENSG00000246985,SOCS2-AS1,5,0.49739625711961216,0.017163634442352627,0.012345679012345678
ENSG00000248152,ANK2-AS1,5,0.500406834825061,0.02673083117017204,0.0
ENSG00000248131,LINC01194,5,0.500406834825061,0.026578650495061102,0.0
ENSG00000248098,BCKDHA,5,0.500406834825061,0.023430240560169298,0.0
ENSG00000247746,USP51,5,0.500406834825061,0.02673083117017204,0.0
ENSG00000247626,MARS2,5,0.500406834825061,0.026578650495061102,0.0
ENSG00000247596,TWF2,5,0.500406834825061,0.026578650495061102,0.0
ENSG00000247315,ZCCHC3,5,0.500406834825061,0.02673083117017204,0.0
ENSG00000247134,ENSG00000247134,5,0.5001627339300246,0.021516014573189544,0.004366812227074236
ENSG00000247077,PGAM5,5,0.500406834825061,0.026578650495061102,0.0
ENSG00000246465,ENSG00000246465,5,0.500406834825061,0.026437961354845524,0.0
ENSG00000248333,CDK11B,5,0.500406834825061,0.02673083117017204,0.0
ENSG00000245910,SNHG6,5,0.5001627339300246,0.02152442658310508,0.004273504273504274
ENSG00000245768,ENSG00000245768,5,0.5003525901817196,0.023312539316736682,0.0
ENSG00000245614,DDX11-AS1,5,0.500406834825061,0.023723110375495814,0.0
ENSG00000245213,GALNT7-DT,5,0.500406834825061,0.026437961354845524,0.0
ENSG00000245025,RHOBTB2-AS1,5,0.500406834825061,0.02673083117017204,0.0
ENSG00000244687,UBE2V1,5,0.5001627339300246,0.021503657160588774,0.004405286343612335
ENSG00000244509,APOBEC3C,5,0.500406834825061,0.02673083117017204,0.0
ENSG00000244462,RBM12,5,0.500406834825061,0.02673083117017204,0.0
ENSG00000244405,ETV5,5,0.500406834825061,0.024260821894683954,0.0
ENSG00000248329,APELA,5,0.500406834825061,0.026578650495061102,0.0
ENSG00000248383,PCDHAC1,5,0.500406834825061,0.026437961354845524,0.0
ENSG00000244274,DBNDD2,5,0.500406834825061,0.026578650495061102,0.0
ENSG00000249684,ENSG00000249684,5,0.500406834825061,0.026437961354845524,0.0
ENSG00000250049,ENSG00000250049,5,0.500406834825061,0.026437961354845524,0.0
ENSG00000249915,PDCD6,5,0.500406834825061,0.026437961354845524,0.0
ENSG00000249894,ENSG00000249894,5,0.5001627339300246,0.021516014573189544,0.004366812227074236
ENSG00000249884,RNF103-CHMP3,5,0.500406834825061,0.02358242123528024,0.037037037037037035
ENSG00000249859,PVT1,5,0.5001627339300246,0.021503657160588774,0.004405286343612335
ENSG00000249853,HS3ST5,5,0.500406834825061,0.026437961354845524,0.0
ENSG00000249835,VCAN-AS1,5,0.500406834825061,0.026578650495061102,0.0
ENSG00000249815,LINC02945,5,0.500406834825061,0.026437961354845524,0.0
ENSG00000249790,LINC02972,5,0.500406834825061,0.026578650495061102,0.0
ENSG00000249572,TARS1-DT,5,0.500406834825061,0.026437961354845524,0.0
ENSG00000248527,MTATP6P1,5,0.500406834825061,0.02673083117017204,0.0
ENSG00000249532,MIR302CHG,5,0.500406834825061,0.026578650495061102,0.0
ENSG00000249378,LINC01060,5,0.500406834825061,0.026578650495061102,0.0
ENSG00000249188,ENPP7P1,5,0.5003525901817196,0.023312539316736682,0.0
ENSG00000249158,PCDHA11,5,0.5003525901817196,0.023312539316736682,0.0
ENSG00000248995,LINC02231,5,0.500406834825061,0.026437961354845524,0.0
ENSG00000248973,ENSG00000248973,5,0.500406834825061,0.026578650495061102,0.0
ENSG00000248746,ACTN3,5,0.500406834825061,0.026437961354845524,0.0
ENSG00000248605,ENSG00000248605,5,0.500406834825061,0.026578650495061102,0.0
ENSG00000248555,LINC01339,5,0.500406834825061,0.02673083117017204,0.0
ENSG00000244342,LINC00698,5,0.500406834825061,0.026578650495061102,0.0
ENSG00000244198,ARHGEF35-AS1,5,0.500406834825061,0.02673083117017204,0.0
ENSG00000239264,TXNDC5,5,0.500406834825061,0.026578650495061102,0.0
ENSG00000240445,FOXO3B,5,0.500406834825061,0.023723110375495814,0.0
ENSG00000241370,RPP21,5,0.500406834825061,0.02673083117017204,0.0
ENSG00000241360,PDXP,5,0.500406834825061,0.02673083117017204,0.0
ENSG00000241343,RPL36A,5,0.500406834825061,0.02673083117017204,0.0
ENSG00000241258,CRCP,5,0.500406834825061,0.026578650495061102,0.0
ENSG00000240972,MIF,5,0.500406834825061,0.026578650495061102,0.0
ENSG00000240963,ENSG00000240963,5,0.500406834825061,0.02673083117017204,0.0
ENSG00000240857,RDH14,5,0.500406834825061,0.026578650495061102,0.0
ENSG00000240849,PEDS1,5,0.500406834825061,0.02673083117017204,0.0
ENSG00000240770,C21orf91-OT1,5,0.500406834825061,0.026437961354845524,0.0
ENSG00000240288,GHRLOS,5,0.500406834825061,0.026437961354845524,0.0
ENSG00000241484,ARHGAP8,5,0.500406834825061,0.026578650495061102,0.0
ENSG00000240225,ZNF542P,5,0.500406834825061,0.026437961354845524,0.0
ENSG00000239900,ADSL,5,0.500406834825061,0.026437961354845524,0.0
ENSG00000239883,PARGP1,5,0.500406834825061,0.026437961354845524,0.0
ENSG00000239857,GET4,5,0.500406834825061,0.02673083117017204,0.0
ENSG00000239789,MRPS17,5,0.500406834825061,0.026578650495061102,0.0
ENSG00000239672,NME1,5,0.500406834825061,0.02673083117017204,0.0
ENSG00000239382,ALKBH6,5,0.500406834825061,0.02673083117017204,0.0
ENSG00000239306,RBM14,5,0.5001627339300246,0.021503657160588774,0.004405286343612335
ENSG00000239268,LINC03051,5,0.5003525901817196,0.023312539316736682,0.0
ENSG00000241468,ATP5MF,5,0.500406834825061,0.02673083117017204,0.0
ENSG00000241553,ARPC4,5,0.500406834825061,0.026437961354845524,0.0
ENSG00000244165,P2RY11,5,0.500406834825061,0.026437961354845524,0.0
ENSG00000242759,LINC00882,5,0.500406834825061,0.026437961354845524,0.0
ENSG00000244045,VMA12,5,0.500406834825061,0.026437961354845524,0.0
ENSG00000244038,DDOST,5,0.500406834825061,0.026437961354845524,0.0
ENSG00000244005,NFS1,5,0.500406834825061,0.026578650495061102,0.0
ENSG00000243989,ACY1,5,0.500406834825061,0.026437961354845524,0.0
ENSG00000243725,TTC4,5,0.500406834825061,0.026578650495061102,0.0
ENSG00000243678,NME2,5,0.500406834825061,0.02673083117017204,0.0
ENSG00000243004,MACC1-OT1,5,0.500406834825061,0.026578650495061102,0.0
ENSG00000242880,ENSG00000242880,5,0.500406834825061,0.02673083117017204,0.0
ENSG00000242802,AP5Z1,5,0.500406834825061,0.026578650495061102,0.0
ENSG00000242715,CCDC169,5,0.500406834825061,0.02673083117017204,0.0
ENSG00000241685,ARPC1A,5,0.500406834825061,0.02673083117017204,0.0
ENSG00000242485,MRPL20,5,0.500406834825061,0.026437961354845524,0.0
ENSG00000242474,LINC03015,5,0.500406834825061,0.026578650495061102,0.0
ENSG00000242372,EIF6,5,0.500406834825061,0.026578650495061102,0.0
ENSG00000242220,TCP10L,5,0.500406834825061,0.026437961354845524,0.0
ENSG00000242114,MTFP1,5,0.500406834825061,0.02673083117017204,0.0
ENSG00000241878,PISD,5,0.5003525901817196,0.023312539316736682,0.0
ENSG00000241839,PLEKHO2,5,0.500406834825061,0.02673083117017204,0.0
ENSG00000241837,ATP5PO,5,0.500406834825061,0.02673083117017204,0.0
ENSG00000241749,RPSAP52,5,0.500406834825061,0.026578650495061102,0.0
ENSG00000228613,LALTOP,5,0.500406834825061,0.026437961354845524,0.0
ENSG00000228592,ENSG00000228592,5,0.500406834825061,0.026578650495061102,0.0
ENSG00000228541,ENSG00000228541,5,0.500406834825061,0.026437961354845524,0.0
ENSG00000213339,QTRT1,5,0.5003525901817196,0.023312539316736682,0.0
ENSG00000213585,VDAC1,5,0.500406834825061,0.02673083117017204,0.0
ENSG00000213533,STIMATE,5,0.500406834825061,0.026437961354845524,0.0
ENSG00000213516,RBMXL1,5,0.500406834825061,0.026578650495061102,0.0
ENSG00000213468,FIRRE,5,0.500406834825061,0.02673083117017204,0.0
ENSG00000213465,ARL2,5,0.500406834825061,0.026578650495061102,0.0
ENSG00000213463,SYNJ2BP,5,0.500406834825061,0.026578650495061102,0.0
ENSG00000213445,SIPA1,5,0.500406834825061,0.026437961354845524,0.0
ENSG00000213380,COG8,5,0.500406834825061,0.026578650495061102,0.0
ENSG00000213341,CHUK,5,0.500406834825061,0.02673083117017204,0.0
ENSG00000213281,NRAS,5,0.500406834825061,0.02673083117017204,0.0
ENSG00000213593,TMX2,5,0.500406834825061,0.026578650495061102,0.0
ENSG00000213246,SUPT4H1,5,0.500406834825061,0.026437961354845524,0.0
ENSG00000213071,LPAL2,5,0.500406834825061,0.026578650495061102,0.0
ENSG00000213024,NUP62,5,0.500406834825061,0.02673083117017204,0.0
ENSG00000213020,ZNF611,5,0.500406834825061,0.02673083117017204,0.0
ENSG00000212907,MT-ND4L,5,0.5001627339300246,0.021516014573189544,0.004366812227074236
ENSG00000211460,TSN,5,0.500406834825061,0.026578650495061102,0.0
ENSG00000211456,SACM1L,5,0.500406834825061,0.02673083117017204,0.0
ENSG00000211455,STK38L,5,0.500406834825061,0.026437961354845524,0.0
ENSG00000211450,SELENOH,5,0.500406834825061,0.026437961354845524,0.0
ENSG00000213588,ZBTB9,5,0.5003525901817196,0.023312539316736682,0.0
ENSG00000213614,HEXA,5,0.5003525901817196,0.023312539316736682,0.0
ENSG00000209082,MT-TL1,5,0.500406834825061,0.023723110375495814,0.0
ENSG00000213967,ZNF726,5,0.5001627339300246,0.02152442658310508,0.004273504273504274
ENSG00000214160,ALG3,5,0.500406834825061,0.026578650495061102,0.0
ENSG00000214114,MYCBP,5,0.500406834825061,0.02673083117017204,0.0
ENSG00000214113,LYRM4,5,0.5003525901817196,0.023312539316736682,0.0
ENSG00000214063,TSPAN4,5,0.500406834825061,0.02673083117017204,0.0
ENSG00000214046,SMIM7,5,0.500406834825061,0.026578650495061102,0.0
ENSG00000214022,REPIN1,5,0.500406834825061,0.026437961354845524,0.0
ENSG00000213995,NAXD,5,0.500406834825061,0.02673083117017204,0.0
ENSG00000213988,ZNF90,5,0.500406834825061,0.02673083117017204,0.0
ENSG00000213983,AP1G2,5,0.5001627339300246,0.021503657160588774,0.004405286343612335
ENSG00000213949,ITGA1,5,0.500406834825061,0.02673083117017204,0.0
ENSG00000213619,NDUFS3,5,0.500406834825061,0.02673083117017204,0.0
ENSG00000213923,CSNK1E,5,0.500406834825061,0.02673083117017204,0.0
ENSG00000213903,LTB4R,5,0.500406834825061,0.026437961354845524,0.0
ENSG00000213799,ZNF845,5,0.500406834825061,0.026578650495061102,0.0
ENSG00000213793,ZNF888,5,0.5001627339300246,0.021405281775118672,0.010752688172043012
ENSG00000213762,ZNF134,5,0.500406834825061,0.026437961354845524,0.0
ENSG00000213741,RPS29,5,0.500406834825061,0.02673083117017204,0.0
ENSG00000213719,CLIC1,5,0.5001627339300246,0.021405281775118672,0.010752688172043012
ENSG00000213672,NCKIPSD,5,0.500406834825061,0.02673083117017204,0.0
ENSG00000213626,LBH,5,0.500406834825061,0.026578650495061102,0.0
ENSG00000211445,GPX3,5,0.500406834825061,0.026437961354845524,0.0
ENSG00000206579,XKR4,5,0.49739625711961216,0.017163634442352627,0.012345679012345678
ENSG00000228495,LINC01013,5,0.5003525901817196,0.023312539316736682,0.0
ENSG00000204713,TRIM27,5,0.500406834825061,0.026437961354845524,0.0
ENSG00000205060,SLC35B4,5,0.5001627339300246,0.02152442658310508,0.004273504273504274
ENSG00000204991,SPIRE2,5,0.5003525901817196,0.023312539316736682,0.0
ENSG00000204961,PCDHA9,5,0.5003525901817196,0.023312539316736682,0.0
ENSG00000204947,ZNF425,5,0.5003525901817196,0.023312539316736682,0.0
ENSG00000204922,UQCC3,5,0.500406834825061,0.02673083117017204,0.0
ENSG00000204920,ZNF155,5,0.5003525901817196,0.023312539316736682,0.0
ENSG00000204856,FAM216A,5,0.5001627339300246,0.021516014573189544,0.004366812227074236
ENSG00000204843,DCTN1,5,0.5003525901817196,0.023312539316736682,0.0
ENSG00000204789,ZNF204P,5,0.500406834825061,0.026437961354845524,0.0
ENSG00000204711,CFAP95,5,0.5003525901817196,0.023312539316736682,0.0
ENSG00000205213,LGR4,5,0.5003525901817196,0.023312539316736682,0.0
ENSG00000204681,GABBR1,5,0.500406834825061,0.023430240560169298,0.0
ENSG00000204673,AKT1S1,5,0.500406834825061,0.026437961354845524,0.0
ENSG00000204634,TBC1D8,5,0.500406834825061,0.026437961354845524,0.0
ENSG00000204628,RACK1,5,0.500406834825061,0.02673083117017204,0.0
ENSG00000204611,ZNF616,5,0.500406834825061,0.026578650495061102,0.0
ENSG00000204604,ZNF468,5,0.500406834825061,0.026578650495061102,0.0
ENSG00000204599,TRIM39,5,0.500406834825061,0.026578650495061102,0.0
ENSG00000204592,HLA-E,5,0.500406834825061,0.02673083117017204,0.0
ENSG00000204590,GNL1,5,0.500406834825061,0.026437961354845524,0.0
ENSG00000205208,C4orf46,5,0.5001627339300246,0.021405281775118672,0.010752688172043012
ENSG00000205250,E2F4,5,0.500406834825061,0.026578650495061102,0.0
ENSG00000206573,THUMPD3-AS1,5,0.500406834825061,0.023723110375495814,0.0
ENSG00000205937,RNPS1,5,0.500406834825061,0.02673083117017204,0.0
ENSG00000206557,TRIM71,5,0.5001627339300246,0.021516014573189544,0.004366812227074236
ENSG00000206538,VGLL3,5,0.5003525901817196,0.023312539316736682,0.0
ENSG00000206527,HACD2,5,0.500406834825061,0.026578650495061102,0.0
ENSG00000206503,HLA-A,5,0.5003525901817196,0.023312539316736682,0.0
ENSG00000206418,RAB12,5,0.500406834825061,0.02673083117017204,0.0
ENSG00000206190,ATP10A,5,0.500406834825061,0.026578650495061102,0.0
ENSG00000206149,HERC2P9,5,0.500406834825061,0.026437961354845524,0.0
ENSG00000206053,JPT2,5,0.5001627339300246,0.02152442658310508,0.004273504273504274
ENSG00000205981,DNAJC19,5,0.500406834825061,0.026578650495061102,0.0
ENSG00000205885,C1RL-AS1,5,0.5003525901817196,0.023312539316736682,0.0
ENSG00000205339,IPO7,5,0.5001627339300246,0.021516014573189544,0.004366812227074236
ENSG00000205822,TPTE2P6,5,0.500406834825061,0.026437961354845524,0.0
ENSG00000205765,RIMOC1,5,0.500406834825061,0.026437961354845524,0.0
ENSG00000205659,LIN52,5,0.500406834825061,0.026578650495061102,0.0
ENSG00000205592,MUC19,5,0.500406834825061,0.02673083117017204,0.0
ENSG00000205581,HMGN1,5,0.5001627339300246,0.02152442658310508,0.004273504273504274
ENSG00000205560,CPT1B,5,0.500406834825061,0.02673083117017204,0.0
ENSG00000205534,SMG1P2,5,0.5001627339300246,0.021516014573189544,0.004366812227074236
ENSG00000205517,RGL3,5,0.500406834825061,0.026578650495061102,0.0
ENSG00000205352,PRR13,5,0.500406834825061,0.02673083117017204,0.0
ENSG00000214193,SH3D21,5,0.5001627339300246,0.021516014573189544,0.004366812227074236
ENSG00000214194,SMIM30,5,0.5003525901817196,0.023312539316736682,0.0
ENSG00000214253,FIS1,5,0.500406834825061,0.026437961354845524,0.0
ENSG00000225439,BOLA3-DT,5,0.500406834825061,0.026437961354845524,0.0
ENSG00000225889,ENSG00000225889,5,0.500406834825061,0.026578650495061102,0.0
ENSG00000225806,ENSG00000225806,5,0.500406834825061,0.02673083117017204,0.0
ENSG00000225697,SLC26A6,5,0.5001627339300246,0.021516014573189544,0.004366812227074236
ENSG00000225689,ENSG00000225689,5,0.49739625711961216,0.017163634442352627,0.012345679012345678
ENSG00000225648,SBDSP1,5,0.500406834825061,0.026578650495061102,0.0
ENSG00000225630,MTND2P28,5,0.500406834825061,0.026578650495061102,0.0
ENSG00000225614,ZNF469,5,0.500406834825061,0.026437961354845524,0.0
ENSG00000225610,ENSG00000225610,5,0.500406834825061,0.026437961354845524,0.0
ENSG00000225450,ENSG00000225450,5,0.500406834825061,0.02673083117017204,0.0
ENSG00000225330,ENSG00000225330,5,0.500406834825061,0.026437961354845524,0.0
ENSG00000226091,LINC00937,5,0.500406834825061,0.026437961354845524,0.0
ENSG00000225218,ENSG00000225218,5,0.500406834825061,0.02673083117017204,0.0
ENSG00000225205,ENSG00000225205,5,0.500406834825061,0.026578650495061102,0.0
ENSG00000225190,PLEKHM1,5,0.5003525901817196,0.023312539316736682,0.0
ENSG00000225087,ENSG00000225087,5,0.500406834825061,0.026437961354845524,0.0
ENSG00000224973,LARGE-AS1,5,0.500406834825061,0.026437961354845524,0.0
ENSG00000224877,NDUFAF8,5,0.500406834825061,0.026437961354845524,0.0
ENSG00000224870,MRPL20-AS1,5,0.500406834825061,0.026578650495061102,0.0
ENSG00000224848,ENSG00000224848,5,0.500406834825061,0.02673083117017204,0.0
ENSG00000224729,PCOLCE-AS1,5,0.500406834825061,0.02673083117017204,0.0
ENSG00000225921,NOL7,5,0.500406834825061,0.026578650495061102,0.0
ENSG00000226328,NUP50-DT,5,0.5003525901817196,0.023312539316736682,0.0
ENSG00000214265,ENSG00000214265,5,0.500406834825061,0.026437961354845524,0.0
ENSG00000227712,ENSG00000227712,5,0.5003525901817196,0.023312539316736682,0.0
ENSG00000228474,OST4,5,0.500406834825061,0.026578650495061102,0.0
ENSG00000228420,LINC01768,5,0.500406834825061,0.026437961354845524,0.0
ENSG00000228409,CCT6P1,5,0.500406834825061,0.026437961354845524,0.0
ENSG00000228315,GUSBP11,5,0.500406834825061,0.02673083117017204,0.0
ENSG00000228253,MT-ATP8,5,0.500406834825061,0.02673083117017204,0.0
ENSG00000228204,ENSG00000228204,5,0.500406834825061,0.026437961354845524,0.0
ENSG00000227963,RBM15-AS1,5,0.500406834825061,0.02673083117017204,0.0
ENSG00000227838,CPMER,5,0.500406834825061,0.026578650495061102,0.0
ENSG00000227733,ENSG00000227733,5,0.500406834825061,0.026437961354845524,0.0
ENSG00000227671,ZNF731P,5,0.5001627339300246,0.021405281775118672,0.010752688172043012
ENSG00000226419,SLC16A1-AS1,5,0.500406834825061,0.023430240560169298,0.0
ENSG00000227500,SCAMP4,5,0.500406834825061,0.02673083117017204,0.0
ENSG00000227372,GFOD3P,5,0.500406834825061,0.02673083117017204,0.0
ENSG00000227345,PARG,5,0.500406834825061,0.02673083117017204,0.0
ENSG00000227115,LINC01630,5,0.49739625711961216,0.017163634442352627,0.012345679012345678
ENSG00000227057,WDR46,5,0.500406834825061,0.026578650495061102,0.0
ENSG00000226950,DANCR,5,0.500406834825061,0.02673083117017204,0.0
ENSG00000226887,ERVMER34-1,5,0.500406834825061,0.02673083117017204,0.0
ENSG00000226792,C13orf42,5,0.500406834825061,0.026578650495061102,0.0
ENSG00000226674,TEX41,5,0.500406834825061,0.026437961354845524,0.0
ENSG00000224578,HNRNPA1L3,5,0.500406834825061,0.02673083117017204,0.0
ENSG00000224557,HLA-DPB2,5,0.500406834825061,0.026437961354845524,0.0
ENSG00000224506,LINC02523,5,0.500406834825061,0.026578650495061102,0.0
ENSG00000215193,PEX26,5,0.500406834825061,0.026437961354845524,0.0
ENSG00000218283,MORF4L1P1,5,0.500406834825061,0.026578650495061102,0.0
ENSG00000217930,PAM16,5,0.500406834825061,0.026578650495061102,0.0
ENSG00000215883,CYB5RL,5,0.500406834825061,0.02673083117017204,0.0
ENSG00000215866,LINC01356,5,0.500406834825061,0.026578650495061102,0.0
ENSG00000215845,TSTD1,5,0.500406834825061,0.026578650495061102,0.0
ENSG00000215695,RSC1A1,5,0.500406834825061,0.02673083117017204,0.0
ENSG00000215417,MIR17HG,5,0.5001627339300246,0.021516014573189544,0.004366812227074236
ENSG00000215301,DDX3X,5,0.4977759696230021,0.012803128438512059,0.13234126984126984
ENSG00000215251,FASTKD5,5,0.500406834825061,0.026578650495061102,0.0
ENSG00000215041,NEURL4,5,0.500406834825061,0.026437961354845524,0.0
ENSG00000224287,ENSG00000224287,5,0.500406834825061,0.02673083117017204,0.0
ENSG00000215021,PHB2,5,0.500406834825061,0.026578650495061102,0.0
ENSG00000214954,LRRC69,5,0.500406834825061,0.026437961354845524,0.0
ENSG00000214826,DDX12P,5,0.4977759696230021,0.015351548424270929,0.03535766729599329
ENSG00000214796,TUBA5P,5,0.500406834825061,0.02673083117017204,0.0
ENSG00000214772,GUCY2C-AS1,5,0.500406834825061,0.026437961354845524,0.0
ENSG00000214756,CSKMT,5,0.500406834825061,0.026437961354845524,0.0
ENSG00000214706,IFRD2,5,0.500406834825061,0.026578650495061102,0.0
ENSG00000214367,HAUS3,5,0.500406834825061,0.02673083117017204,0.0
ENSG00000214331,PDPR2P,5,0.500406834825061,0.026437961354845524,0.0
ENSG00000218739,CEBPZOS,5,0.5001627339300246,0.02152442658310508,0.004273504273504274
ENSG00000219200,RNASEK,5,0.500406834825061,0.02673083117017204,0.0
ENSG00000219438,TAFA5,5,0.5003525901817196,0.023312539316736682,0.0
ENSG00000221829,FANCG,5,0.5001627339300246,0.021516014573189544,0.004366812227074236
ENSG00000224167,ENSG00000224167,5,0.500406834825061,0.026437961354845524,0.0
ENSG00000224081,SLC44A3-AS1,5,0.5003525901817196,0.023312539316736682,0.0
ENSG00000224078,SNHG14,5,0.500406834825061,0.026437961354845524,0.0
ENSG00000224063,CALCRL-AS1,5,0.500406834825061,0.02673083117017204,0.0
ENSG00000224043,CCNT2-AS1,5,0.5003525901817196,0.023312539316736682,0.0
ENSG00000224032,EPB41L4A-AS1,5,0.500406834825061,0.026578650495061102,0.0
ENSG00000223949,ROR1-AS1,5,0.500406834825061,0.026437961354845524,0.0
ENSG00000223865,HLA-DPB1,5,0.500406834825061,0.02673083117017204,0.0
ENSG00000223756,TSSC2,5,0.500406834825061,0.026437961354845524,0.0
ENSG00000223715,LINC01208,5,0.500406834825061,0.026437961354845524,0.0
ENSG00000223496,EXOSC6,5,0.500406834825061,0.02673083117017204,0.0
ENSG00000222017,ENSG00000222017,5,0.500406834825061,0.026437961354845524,0.0
ENSG00000221983,UBA52,5,0.500406834825061,0.02673083117017204,0.0
ENSG00000221968,FADS3,5,0.5001627339300246,0.021516014573189544,0.004366812227074236
ENSG00000221955,SLC12A8,5,0.500406834825061,0.026578650495061102,0.0
ENSG00000221926,TRIM16,5,0.500406834825061,0.026437961354845524,0.0
ENSG00000221874,ZNF816-ZNF321P,5,0.5001627339300246,0.021516014573189544,0.004366812227074236
ENSG00000221866,PLXNA4,5,0.5003525901817196,0.023312539316736682,0.0
ENSG00000221838,AP4M1,5,0.5003525901817196,0.023312539316736682,0.0
ENSG00000250101,ENSG00000250101,5,0.500406834825061,0.026437961354845524,0.0
ENSG00000250251,PKD1P6,5,0.500406834825061,0.02673083117017204,0.0
ENSG00000250317,SMIM20,5,0.500406834825061,0.02673083117017204,0.0
ENSG00000280707,HPAT5,5,0.500406834825061,0.026578650495061102,0.0
ENSG00000282022,ENSG00000282022,5,0.500406834825061,0.026437961354845524,0.0
ENSG00000281649,EBLN3P,5,0.500406834825061,0.026437961354845524,0.0
ENSG00000281641,SAMD12-AS1,5,0.500406834825061,0.026437961354845524,0.0
ENSG00000281566,LINC03077,5,0.500406834825061,0.026578650495061102,0.0
ENSG00000281344,HELLPAR,5,0.5001627339300246,0.021405281775118672,0.010752688172043012
ENSG00000281103,TRG-AS1,5,0.500406834825061,0.026437961354845524,0.0
ENSG00000281016,ENSG00000281016,5,0.500406834825061,0.026437961354845524,0.0
ENSG00000280987,ENSG00000280987,5,0.500406834825061,0.026578650495061102,0.0
ENSG00000280780,JAKMIP2-AS1,5,0.500406834825061,0.026437961354845524,0.0
ENSG00000280511,ENSG00000280511,5,0.500406834825061,0.026578650495061102,0.0
ENSG00000282556,ENSG00000282556,5,0.500406834825061,0.02673083117017204,0.0
ENSG00000280279,LINC02887,5,0.500406834825061,0.02673083117017204,0.0
ENSG00000280114,ENSG00000280114,5,0.500406834825061,0.02673083117017204,0.0
ENSG00000280079,ENSG00000280079,5,0.500406834825061,0.026578650495061102,0.0
ENSG00000279348,ENSG00000279348,5,0.5003525901817196,0.023312539316736682,0.0
ENSG00000278896,ENSG00000278896,5,0.500406834825061,0.026437961354845524,0.0
ENSG00000278845,MRPL45,5,0.500406834825061,0.026578650495061102,0.0
ENSG00000278828,H3C10,5,0.5001627339300246,0.02152442658310508,0.004273504273504274
ENSG00000278811,LINC00624,5,0.500406834825061,0.02673083117017204,0.0
ENSG00000278677,H2AC17,5,0.4977759696230021,0.01535624617174373,0.06712528663748175
ENSG00000282381,ENSG00000282381,5,0.5001627339300246,0.02152442658310508,0.004273504273504274
ENSG00000282988,ENSG00000282988,5,0.500406834825061,0.026578650495061102,0.0
ENSG00000278588,H2BC10,5,0.5001627339300246,0.02152442658310508,0.004273504273504274
ENSG00000284024,MSANTD7,5,0.500406834825061,0.02673083117017204,0.0
ENSG00000285458,C4orf36,5,0.500406834825061,0.026437961354845524,0.0
ENSG00000285454,ENSG00000285454,5,0.500406834825061,0.026578650495061102,0.0
ENSG00000285238,ENSG00000285238,5,0.500406834825061,0.026437961354845524,0.0
ENSG00000285043,ENSG00000285043,5,0.500406834825061,0.026437961354845524,0.0
ENSG00000284770,TBCE,5,0.500406834825061,0.026437961354845524,0.0
ENSG00000284691,ENSG00000284691,5,0.500406834825061,0.026437961354845524,0.0
ENSG00000284686,ENSG00000284686,5,0.5003525901817196,0.023312539316736682,0.0
ENSG00000284644,ENSG00000284644,5,0.500406834825061,0.026437961354845524,0.0
ENSG00000284606,ENSG00000284606,5,0.5003525901817196,0.023312539316736682,0.0
ENSG00000283982,ENSG00000283982,5,0.5003525901817196,0.023312539316736682,0.0
ENSG00000283239,KBTBD11-OT1,5,0.500406834825061,0.02673083117017204,0.0
ENSG00000283877,ENSG00000283877,5,0.500406834825061,0.026578650495061102,0.0
ENSG00000283782,ENSG00000283782,5,0.500406834825061,0.026437961354845524,0.0
ENSG00000283765,ENSG00000283765,5,0.500406834825061,0.02673083117017204,0.0
ENSG00000283757,ENSG00000283757,5,0.500406834825061,0.023430240560169298,0.0
ENSG00000283674,ENSG00000283674,5,0.5003525901817196,0.023312539316736682,0.0
ENSG00000283638,MIR106AHG,5,0.500406834825061,0.02673083117017204,0.0
ENSG00000283515,ENSG00000283515,5,0.500406834825061,0.026437961354845524,0.0
ENSG00000283415,ENSG00000283415,5,0.500406834825061,0.026437961354845524,0.0
ENSG00000283403,ENSG00000283403,5,0.4977759696230021,0.01533547674922743,0.09546219691271804
ENSG00000278630,LINC02335,5,0.500406834825061,0.026578650495061102,0.0
ENSG00000278535,DHRS11,5,0.500406834825061,0.026437961354845524,0.0
ENSG00000272540,ENSG00000272540,5,0.5001627339300246,0.021405281775118672,0.010752688172043012
ENSG00000274523,RCC1L,5,0.500406834825061,0.02673083117017204,0.0
ENSG00000275221,H2AC15,5,0.500406834825061,0.026578650495061102,0.0
ENSG00000275126,H4C13,5,0.5001627339300246,0.02152442658310508,0.004273504273504274
ENSG00000275004,ZNF280B,5,0.500406834825061,0.02673083117017204,0.0
ENSG00000274997,H2AC12,5,0.500406834825061,0.02673083117017204,0.0
ENSG00000274750,H3C6,5,0.5001627339300246,0.02152442658310508,0.004273504273504274
ENSG00000274652,ENSG00000274652,5,0.500406834825061,0.026578650495061102,0.0
ENSG00000274641,H2BC17,5,0.5001627339300246,0.02152442658310508,0.004273504273504274
ENSG00000274618,H4C6,5,0.4977759696230021,0.01535624617174373,0.06712528663748175
ENSG00000274588,DGKK,5,0.500406834825061,0.026578650495061102,0.0
ENSG00000274317,LINC02334,5,0.5003525901817196,0.023312539316736682,0.0
ENSG00000275481,ENSG00000275481,5,0.500406834825061,0.026578650495061102,0.0
ENSG00000274290,H2BC6,5,0.5001627339300246,0.02152442658310508,0.004273504273504274
ENSG00000274265,ENSG00000274265,5,0.5003525901817196,0.023312539316736682,0.0
ENSG00000274090,ENSG00000274090,5,0.500406834825061,0.026437961354845524,0.0
ENSG00000274070,CASTOR2,5,0.500406834825061,0.02673083117017204,0.0
ENSG00000273841,TAF9,5,0.500406834825061,0.026578650495061102,0.0
ENSG00000273703,H2BC14,5,0.5001627339300246,0.02152442658310508,0.004273504273504274
ENSG00000273611,ZNHIT3,5,0.500406834825061,0.023723110375495814,0.0
ENSG00000273489,ENSG00000273489,5,0.500406834825061,0.026578650495061102,0.0
ENSG00000272800,ENSG00000272800,5,0.5001627339300246,0.02152442658310508,0.004273504273504274
ENSG00000275342,PRAG1,5,0.5001627339300246,0.021516014573189544,0.004366812227074236
ENSG00000275700,AATF,5,0.500406834825061,0.026578650495061102,0.0
ENSG00000278463,H2AC4,5,0.5001627339300246,0.02152442658310508,0.004273504273504274
ENSG00000277027,RMRP,5,0.500406834825061,0.026578650495061102,0.0
ENSG00000278259,MYO19,5,0.500406834825061,0.026578650495061102,0.0
ENSG00000278129,ZNF8,5,0.500406834825061,0.026578650495061102,0.0
ENSG00000278053,DDX52,5,0.500406834825061,0.026578650495061102,0.0
ENSG00000277791,PSMB3,5,0.500406834825061,0.02673083117017204,0.0
ENSG00000277462,ZNF670,5,0.500406834825061,0.026578650495061102,0.0
ENSG00000277224,H2BC7,5,0.5001627339300246,0.02152442658310508,0.004273504273504274
ENSG00000277200,CCDC92B,5,0.500406834825061,0.026437961354845524,0.0
ENSG00000277161,PIGW,5,0.500406834825061,0.026578650495061102,0.0
ENSG00000277149,TYW1B,5,0.500406834825061,0.02673083117017204,0.0
ENSG00000276966,H4C5,5,0.5001627339300246,0.02152442658310508,0.004273504273504274
ENSG00000275713,H2BC9,5,0.5001627339300246,0.02152442658310508,0.004273504273504274
ENSG00000276903,H2AC16,5,0.5001627339300246,0.02152442658310508,0.004273504273504274
ENSG00000276550,HERC2P2,5,0.500406834825061,0.026437961354845524,0.0
ENSG00000276476,LINC00540,5,0.500406834825061,0.026437961354845524,0.0
ENSG00000276368,H2AC14,5,0.5001627339300246,0.02152442658310508,0.004273504273504274
ENSG00000276256,ENSG00000276256,5,0.5001627339300246,0.021516014573189544,0.004366812227074236
ENSG00000276045,ORAI1,5,0.500406834825061,0.026578650495061102,0.0
ENSG00000276043,UHRF1,5,0.5001627339300246,0.021405281775118672,0.010752688172043012
ENSG00000275832,ARHGAP23,5,0.500406834825061,0.02673083117017204,0.0
ENSG00000275740,ENSG00000275740,5,0.500406834825061,0.02673083117017204,0.0
ENSG00000285517,LINC00941,5,0.500406834825061,0.026578650495061102,0.0
ENSG00000285589,ENSG00000285589,5,0.500406834825061,0.023430240560169298,0.0
ENSG00000285625,ENSG00000285625,5,0.500406834825061,0.02673083117017204,0.0
ENSG00000290092,ENSG00000290092,5,0.500406834825061,0.026437961354845524,0.0
ENSG00000290746,CA5BP1,5,0.500406834825061,0.02673083117017204,0.0
ENSG00000290720,ZNF542P,5,0.500406834825061,0.026437961354845524,0.0
ENSG00000290709,ENSG00000290709,5,0.500406834825061,0.026578650495061102,0.0
ENSG00000290685,ENSG00000290685,5,0.500406834825061,0.026578650495061102,0.0
ENSG00000290683,ENSG00000290683,5,0.500406834825061,0.026578650495061102,0.0
ENSG00000290588,ENSG00000290588,5,0.500406834825061,0.026578650495061102,0.0
ENSG00000290385,ENSG00000290385,5,0.500406834825061,0.02673083117017204,0.0
ENSG00000290357,ENSG00000290357,5,0.500406834825061,0.026578650495061102,0.0
ENSG00000290180,ENSG00000290180,5,0.500406834825061,0.026578650495061102,0.0
ENSG00000290067,ENSG00000290067,5,0.500406834825061,0.026437961354845524,0.0
ENSG00000290812,ENSG00000290812,5,0.500406834825061,0.026578650495061102,0.0
ENSG00000289894,ENSG00000289894,5,0.500406834825061,0.026578650495061102,0.0
ENSG00000289694,ENSG00000289694,5,0.500406834825061,0.023723110375495814,0.0
ENSG00000289527,ENSG00000289527,5,0.500406834825061,0.026437961354845524,0.0
ENSG00000289479,ENSG00000289479,5,0.500406834825061,0.026578650495061102,0.0
ENSG00000289421,ENSG00000289421,5,0.500406834825061,0.026578650495061102,0.0
ENSG00000289399,ENSG00000289399,5,0.500406834825061,0.026578650495061102,0.0
ENSG00000289358,ENSG00000289358,5,0.500406834825061,0.026578650495061102,0.0
ENSG00000289308,ENSG00000289308,5,0.500406834825061,0.026437961354845524,0.0
ENSG00000289287,ENSG00000289287,5,0.500406834825061,0.026578650495061102,0.0
ENSG00000290791,ENSG00000290791,5,0.500406834825061,0.026578650495061102,0.0
ENSG00000290867,LINC01145,5,0.5003525901817196,0.023312539316736682,0.0
ENSG00000285756,ENSG00000285756,5,0.5001627339300246,0.021503657160588774,0.004405286343612335
ENSG00000291113,ENSG00000291113,5,0.500406834825061,0.02673083117017204,0.0
ENSG00000291299,ENSG00000291299,5,0.500406834825061,0.026437961354845524,0.0
ENSG00000291234,ENSG00000291234,5,0.500406834825061,0.02673083117017204,0.0
ENSG00000291228,ENSG00000291228,5,0.500406834825061,0.026578650495061102,0.0
ENSG00000291224,ENSG00000291224,5,0.5001627339300246,0.02152442658310508,0.004273504273504274
ENSG00000291215,ENSG00000291215,5,0.500406834825061,0.02673083117017204,0.0
ENSG00000291189,ENSG00000291189,5,0.500406834825061,0.026578650495061102,0.0
ENSG00000291171,ENSG00000291171,5,0.500406834825061,0.026437961354845524,0.0
ENSG00000291147,ENSG00000291147,5,0.500406834825061,0.026437961354845524,0.0
ENSG00000291130,ENSG00000291130,5,0.4977759696230021,0.015351548424270929,0.03535766729599329
ENSG00000291112,ENSG00000291112,5,0.500406834825061,0.026437961354845524,0.0
ENSG00000290888,ENSG00000290888,5,0.5003525901817196,0.023312539316736682,0.0
ENSG00000291111,ENSG00000291111,5,0.500406834825061,0.026578650495061102,0.0
ENSG00000291084,ALOX12P2,5,0.5003525901817196,0.023312539316736682,0.0
ENSG00000291080,ZNF252P,5,0.5003525901817196,0.023312539316736682,0.0
ENSG00000291073,ENSG00000291073,5,0.5001627339300246,0.021516014573189544,0.004366812227074236
ENSG00000291068,ENSG00000291068,5,0.500406834825061,0.02673083117017204,0.0
ENSG00000291003,ENSG00000291003,5,0.500406834825061,0.026578650495061102,0.0
ENSG00000290960,ENSG00000290960,5,0.500406834825061,0.026437961354845524,0.0
ENSG00000290927,ENSG00000290927,5,0.500406834825061,0.026437961354845524,0.0
ENSG00000290890,PDPR2P,5,0.500406834825061,0.026437961354845524,0.0
ENSG00000289205,ENSG00000289205,5,0.500406834825061,0.026578650495061102,0.0
ENSG00000289201,ENSG00000289201,5,0.500406834825061,0.02673083117017204,0.0
ENSG00000289195,ENSG00000289195,5,0.500406834825061,0.026578650495061102,0.0
ENSG00000286136,ENSG00000286136,5,0.500406834825061,0.026437961354845524,0.0
ENSG00000286622,ENSG00000286622,5,0.500406834825061,0.026437961354845524,0.0
ENSG00000286615,ENSG00000286615,5,0.5003525901817196,0.023312539316736682,0.0
ENSG00000286548,ENSG00000286548,5,0.500406834825061,0.02673083117017204,0.0
ENSG00000286536,ENSG00000286536,5,0.500406834825061,0.026578650495061102,0.0
ENSG00000286456,ENSG00000286456,5,0.500406834825061,0.023723110375495814,0.0
ENSG00000286415,ENSG00000286415,5,0.5001627339300246,0.021516014573189544,0.004366812227074236
ENSG00000286235,ENSG00000286235,5,0.500406834825061,0.02437996670267037,0.0
ENSG00000286231,ENSG00000286231,5,0.500406834825061,0.023430240560169298,0.0
ENSG00000286195,ENSG00000286195,5,0.500406834825061,0.023723110375495814,0.0
ENSG00000286132,ENSG00000286132,5,0.500406834825061,0.02673083117017204,0.0
ENSG00000289158,ENSG00000289158,5,0.500406834825061,0.026437961354845524,0.0
ENSG00000286098,ENSG00000286098,5,0.5003525901817196,0.023312539316736682,0.0
ENSG00000286044,ENSG00000286044,5,0.5001627339300246,0.021516014573189544,0.004366812227074236
ENSG00000285976,ENSG00000285976,5,0.5001627339300246,0.021405281775118672,0.010752688172043012
ENSG00000285939,ENSG00000285939,5,0.500406834825061,0.026437961354845524,0.0
ENSG00000285920,ENSG00000285920,5,0.500406834825061,0.02673083117017204,0.0
ENSG00000285901,ENSG00000285901,5,0.500406834825061,0.02673083117017204,0.0
ENSG00000285854,ENSG00000285854,5,0.500406834825061,0.026578650495061102,0.0
ENSG00000285834,ENSG00000285834,5,0.500406834825061,0.026437961354845524,0.0
ENSG00000285816,ENSG00000285816,5,0.500406834825061,0.023723110375495814,0.0
ENSG00000286808,ENSG00000286808,5,0.500406834825061,0.026578650495061102,0.0
ENSG00000286850,ENSG00000286850,5,0.49739625711961216,0.017124981046396103,0.04
ENSG00000287022,ENSG00000287022,5,0.5001627339300246,0.02152442658310508,0.004273504273504274
ENSG00000287042,ENSG00000287042,5,0.5003525901817196,0.023312539316736682,0.0
ENSG00000289113,ENSG00000289113,5,0.500406834825061,0.026578650495061102,0.0
ENSG00000289084,ENSG00000289084,5,0.500406834825061,0.026437961354845524,0.0
ENSG00000288932,ENSG00000288932,5,0.500406834825061,0.026437961354845524,0.0
ENSG00000288920,RPSA2,5,0.5001627339300246,0.021503657160588774,0.004405286343612335
ENSG00000288899,ENSG00000288899,5,0.500406834825061,0.026578650495061102,0.0
ENSG00000288880,ENSG00000288880,5,0.5003525901817196,0.023312539316736682,0.0
ENSG00000288749,ENSG00000288749,5,0.500406834825061,0.026578650495061102,0.0
ENSG00000288692,ENSG00000288692,5,0.500406834825061,0.026437961354845524,0.0
ENSG00000288674,ENSG00000288674,5,0.5003525901817196,0.023312539316736682,0.0
ENSG00000288632,ENSG00000288632,5,0.500406834825061,0.02673083117017204,0.0
ENSG00000288612,ENSG00000288612,5,0.500406834825061,0.026437961354845524,0.0
ENSG00000288542,ENSG00000288542,5,0.5001627339300246,0.021503657160588774,0.004405286343612335
ENSG00000287923,ENSG00000287923,5,0.500406834825061,0.02673083117017204,0.0
ENSG00000287862,ENSG00000287862,5,0.500406834825061,0.023430240560169298,0.0
ENSG00000287523,ENSG00000287523,5,0.500406834825061,0.026578650495061102,0.0
ENSG00000287482,ENSG00000287482,5,0.500406834825061,0.026437961354845524,0.0
ENSG00000287392,ENSG00000287392,5,0.500406834825061,0.026578650495061102,0.0
ENSG00000287097,ENSG00000287097,5,0.500406834825061,0.026437961354845524,0.0
ENSG00000287092,ENSG00000287092,5,0.49739625711961216,0.017163634442352627,0.012345679012345678
ENSG00000272602,ZNF595,5,0.500406834825061,0.026578650495061102,0.0
ENSG00000272410,ENSG00000272410,5,0.500406834825061,0.026437961354845524,0.0
ENSG00000250320,EDIL3-DT,5,0.500406834825061,0.026437961354845524,0.0
ENSG00000256269,HMBS,5,0.500406834825061,0.026578650495061102,0.0
ENSG00000257242,LINC01619,5,0.500406834825061,0.026578650495061102,0.0
ENSG00000257150,PGAM1P5,5,0.500406834825061,0.026437961354845524,0.0
ENSG00000256995,LINC02955,5,0.500406834825061,0.02673083117017204,0.0
ENSG00000256771,ZNF253,5,0.500406834825061,0.026578650495061102,0.0
ENSG00000256661,A2ML1-AS1,5,0.500406834825061,0.026437961354845524,0.0
ENSG00000256537,SMIM10L1,5,0.500406834825061,0.026578650495061102,0.0
ENSG00000256525,POLG2,5,0.5001627339300246,0.021516014573189544,0.004366812227074236
ENSG00000256463,SALL3,5,0.500406834825061,0.024183759854023053,0.0
ENSG00000256417,ENSG00000256417,5,0.500406834825061,0.02673083117017204,0.0
ENSG00000256229,ZNF486,5,0.500406834825061,0.02673083117017204,0.0
ENSG00000257337,TNS2-AS1,5,0.500406834825061,0.02673083117017204,0.0
ENSG00000256223,ZNF10,5,0.5003525901817196,0.023312539316736682,0.0
ENSG00000256069,A2MP1,5,0.500406834825061,0.02673083117017204,0.0
ENSG00000256053,COA8,5,0.500406834825061,0.02673083117017204,0.0
ENSG00000255929,PIWIL4-AS1,5,0.5003525901817196,0.023312539316736682,0.0
ENSG00000255717,SNHG1,5,0.500406834825061,0.02673083117017204,0.0
ENSG00000255666,LINC02700,5,0.500406834825061,0.026437961354845524,0.0
ENSG00000255595,LINC02350,5,0.500406834825061,0.026578650495061102,0.0
ENSG00000255508,ENSG00000255508,5,0.500406834825061,0.026437961354845524,0.0
ENSG00000255422,ENSG00000255422,5,0.500406834825061,0.026578650495061102,0.0
ENSG00000257261,SLC38A4-AS1,5,0.49739625711961216,0.017163634442352627,0.012345679012345678
ENSG00000257355,ENSG00000257355,5,0.500406834825061,0.02673083117017204,0.0
ENSG00000255302,EID1,5,0.500406834825061,0.02673083117017204,0.0
ENSG00000258366,RTEL1,5,0.500406834825061,0.026437961354845524,0.0
ENSG00000259330,INAFM2,5,0.5001627339300246,0.021516014573189544,0.004366812227074236
ENSG00000259203,ENSG00000259203,5,0.500406834825061,0.026578650495061102,0.0
ENSG00000259153,MAP3K9-DT,5,0.500406834825061,0.02673083117017204,0.0
ENSG00000259048,ENSG00000259048,5,0.5003525901817196,0.023312539316736682,0.0
ENSG00000259033,ENSG00000259033,5,0.500406834825061,0.026578650495061102,0.0
ENSG00000258947,TUBB3,5,0.5003525901817196,0.023312539316736682,0.0
ENSG00000258932,MIR3171HG,5,0.500406834825061,0.026578650495061102,0.0
ENSG00000258724,PINX1,5,0.5003525901817196,0.023312539316736682,0.0
ENSG00000258603,ENSG00000258603,5,0.500406834825061,0.026437961354845524,0.0
ENSG00000258077,ENSG00000258077,5,0.5003525901817196,0.023312539316736682,0.0
ENSG00000257496,ENSG00000257496,5,0.500406834825061,0.02673083117017204,0.0
ENSG00000258048,PPP1R12A-AS2,5,0.500406834825061,0.02673083117017204,0.0
ENSG00000257956,NOP56P3,5,0.500406834825061,0.026578650495061102,0.0
ENSG00000257949,TEN1,5,0.500406834825061,0.026578650495061102,0.0
ENSG00000257921,ENSG00000257921,5,0.500406834825061,0.026437961354845524,0.0
ENSG00000257894,SYT1-AS1,5,0.500406834825061,0.026437961354845524,0.0
ENSG00000257869,ENSG00000257869,5,0.500406834825061,0.026578650495061102,0.0
ENSG00000257727,CNPY2,5,0.500406834825061,0.026437961354845524,0.0
ENSG00000257647,ENSG00000257647,5,0.500406834825061,0.026437961354845524,0.0
ENSG00000257591,ZNF625,5,0.5003525901817196,0.023312539316736682,0.0
ENSG00000255367,ENSG00000255367,5,0.5003525901817196,0.023312539316736682,0.0
ENSG00000255185,PDXDC2P,5,0.500406834825061,0.026437961354845524,0.0
ENSG00000272398,CD24,5,0.500406834825061,0.026437961354845524,0.0
ENSG00000251027,LINC01950,5,0.500406834825061,0.026578650495061102,0.0
ENSG00000253250,C8orf88,5,0.500406834825061,0.023723110375495814,0.0
ENSG00000253230,MIR124-1HG,5,0.5003525901817196,0.023312539316736682,0.0
ENSG00000251680,CHSY3-AS1,5,0.5003525901817196,0.023312539316736682,0.0
ENSG00000251664,PCDHA12,5,0.500406834825061,0.026437961354845524,0.0
ENSG00000251654,ENSG00000251654,5,0.500406834825061,0.026437961354845524,0.0
ENSG00000251504,LINC01099,5,0.500406834825061,0.026437961354845524,0.0
ENSG00000251432,LINC02615,5,0.500406834825061,0.023430240560169298,0.0
ENSG00000251369,ZNF550,5,0.500406834825061,0.02673083117017204,0.0
ENSG00000251326,LINC02479,5,0.500406834825061,0.026578650495061102,0.0
ENSG00000250994,ENSG00000250994,5,0.500406834825061,0.026578650495061102,0.0
ENSG00000253507,IADEN,5,0.500406834825061,0.026437961354845524,0.0
ENSG00000250993,ENSG00000250993,5,0.500406834825061,0.026437961354845524,0.0
ENSG00000250899,ENSG00000250899,5,0.500406834825061,0.02673083117017204,0.0
ENSG00000250820,ENSG00000250820,5,0.500406834825061,0.026437961354845524,0.0
ENSG00000250708,LINC02269,5,0.500406834825061,0.026437961354845524,0.0
ENSG00000250579,ADAMTS16-DT,5,0.500406834825061,0.02673083117017204,0.0
ENSG00000250546,LINC02994,5,0.500406834825061,0.02673083117017204,0.0
ENSG00000250519,ENSG00000250519,5,0.500406834825061,0.026437961354845524,0.0
ENSG00000250479,CHCHD10,5,0.500406834825061,0.026578650495061102,0.0
ENSG00000250366,TUNAR,5,0.500406834825061,0.02673083117017204,0.0
ENSG00000253368,TRNP1,5,0.500406834825061,0.026578650495061102,0.0
ENSG00000253636,ENSG00000253636,5,0.500406834825061,0.026578650495061102,0.0
ENSG00000255112,CHMP1B,5,0.500406834825061,0.02673083117017204,0.0
ENSG00000254418,SPON1-AS1,5,0.500406834825061,0.02673083117017204,0.0
ENSG00000255062,TIRAP-AS1,5,0.500406834825061,0.023430240560169298,0.0
ENSG00000254999,BRK1,5,0.500406834825061,0.026437961354845524,0.0
ENSG00000254986,DPP3,5,0.500406834825061,0.026578650495061102,0.0
ENSG00000254951,ENSG00000254951,5,0.500406834825061,0.024260821894683954,0.0
ENSG00000254946,LINC02751,5,0.500406834825061,0.026578650495061102,0.0
ENSG00000254772,EEF1G,5,0.5001627339300246,0.021516014573189544,0.004366812227074236
ENSG00000254757,ENSG00000254757,5,0.5003525901817196,0.023312539316736682,0.0
ENSG00000254682,DHCR7-DT,5,0.5001627339300246,0.02152442658310508,0.004273504273504274
ENSG00000254505,CHMP4A,5,0.500406834825061,0.026437961354845524,0.0
ENSG00000254349,MIR2052HG,5,0.500406834825061,0.023430240560169298,0.0
ENSG00000253658,LINC01592,5,0.500406834825061,0.02673083117017204,0.0
ENSG00000254277,ENSG00000254277,5,0.500406834825061,0.026578650495061102,0.0
ENSG00000254093,PINX1,5,0.500406834825061,0.026578650495061102,0.0
ENSG00000254087,LYN,5,0.500406834825061,0.026437961354845524,0.0
ENSG00000254004,ZNF260,5,0.500406834825061,0.026578650495061102,0.0
ENSG00000253846,PCDHGA10,5,0.500406834825061,0.026437961354845524,0.0
ENSG00000253807,LINC01170,5,0.500406834825061,0.026437961354845524,0.0
ENSG00000253767,PCDHGA8,5,0.500406834825061,0.026437961354845524,0.0
ENSG00000253729,PRKDC,5,0.4977759696230021,0.015351548424270929,0.03535766729599329
ENSG00000253686,LINC01484,5,0.500406834825061,0.026437961354845524,0.0
ENSG00000259343,TMC3-AS1,5,0.500406834825061,0.02673083117017204,0.0
ENSG00000259580,ENSG00000259580,5,0.500406834825061,0.026437961354845524,0.0
ENSG00000259635,ENSG00000259635,5,0.5003525901817196,0.023312539316736682,0.0
ENSG00000267523,ENSG00000267523,5,0.500406834825061,0.026437961354845524,0.0
ENSG00000268750,ENSG00000268750,5,0.500406834825061,0.026437961354845524,0.0
ENSG00000268205,LNC-WAL,5,0.500406834825061,0.026437961354845524,0.0
ENSG00000268173,ENSG00000268173,5,0.500406834825061,0.026578650495061102,0.0
ENSG00000268119,ENSG00000268119,5,0.500406834825061,0.02673083117017204,0.0
ENSG00000268089,GABRQ,5,0.500406834825061,0.02673083117017204,0.0
ENSG00000267787,ENSG00000267787,5,0.500406834825061,0.02673083117017204,0.0
ENSG00000267698,ENSG00000267698,5,0.500406834825061,0.026578650495061102,0.0
ENSG00000267537,ENSG00000267537,5,0.5001627339300246,0.02152442658310508,0.004273504273504274
ENSG00000267534,S1PR2,5,0.500406834825061,0.02673083117017204,0.0
ENSG00000267458,ENSG00000267458,5,0.500406834825061,0.026437961354845524,0.0
ENSG00000269343,ZNF587B,5,0.500406834825061,0.026437961354845524,0.0
ENSG00000267405,ENSG00000267405,5,0.500406834825061,0.02673083117017204,0.0
ENSG00000267383,ENSG00000267383,5,0.5001627339300246,0.02152442658310508,0.004273504273504274
ENSG00000267327,ENSG00000267327,5,0.500406834825061,0.02358242123528024,0.037037037037037035
ENSG00000267265,GP6-AS1,5,0.500406834825061,0.026437961354845524,0.0
ENSG00000267254,ZNF790-AS1,5,0.5003525901817196,0.023312539316736682,0.0
ENSG00000267100,ILF3-DT,5,0.500406834825061,0.026578650495061102,0.0
ENSG00000267055,ENSG00000267055,5,0.500406834825061,0.026437961354845524,0.0
ENSG00000267053,CYKILR,5,0.500406834825061,0.026437961354845524,0.0
ENSG00000267041,ZNF850,5,0.500406834825061,0.02673083117017204,0.0
ENSG00000269190,FBXO17,5,0.5001627339300246,0.021516014573189544,0.004366812227074236
ENSG00000269416,LINC01224,5,0.500406834825061,0.023723110375495814,0.0
ENSG00000259639,ENSG00000259639,5,0.500406834825061,0.02673083117017204,0.0
ENSG00000270885,RASL10B,5,0.500406834825061,0.026437961354845524,0.0
ENSG00000272369,ENSG00000272369,5,0.49739625711961216,0.017163634442352627,0.012345679012345678
ENSG00000272335,ENSG00000272335,5,0.500406834825061,0.02673083117017204,0.0
ENSG00000272333,KMT2B,5,0.500406834825061,0.02673083117017204,0.0
ENSG00000272180,ENSG00000272180,5,0.500406834825061,0.026437961354845524,0.0
ENSG00000271945,ENSG00000271945,5,0.500406834825061,0.026437961354845524,0.0
ENSG00000271893,ENSG00000271893,5,0.500406834825061,0.026437961354845524,0.0
ENSG00000271860,ENSG00000271860,5,0.500406834825061,0.026437961354845524,0.0
ENSG00000271793,ENSG00000271793,5,0.500406834825061,0.02673083117017204,0.0
ENSG00000271717,ENSG00000271717,5,0.500406834825061,0.026437961354845524,0.0
ENSG00000270647,TAF15,5,0.4977759696230021,0.015351548424270929,0.03535766729599329
ENSG00000269535,ENSG00000269535,5,0.500406834825061,0.026578650495061102,0.0
ENSG00000270299,ENSG00000270299,5,0.500406834825061,0.02673083117017204,0.0
ENSG00000270170,NCBP2AS2,5,0.500406834825061,0.02673083117017204,0.0
ENSG00000270141,TERC,5,0.500406834825061,0.02673083117017204,0.0
ENSG00000270069,MIR222HG,5,0.5001627339300246,0.021503657160588774,0.004405286343612335
ENSG00000270066,ENSG00000270066,5,0.5001627339300246,0.021516014573189544,0.004366812227074236
ENSG00000269893,SNHG8,5,0.500406834825061,0.026437961354845524,0.0
ENSG00000269858,EGLN2,5,0.500406834825061,0.02673083117017204,0.0
ENSG00000269842,ENSG00000269842,5,0.500406834825061,0.026578650495061102,0.0
ENSG00000269609,C10orf95-AS1,5,0.500406834825061,0.026437961354845524,0.0
ENSG00000266967,AARSD1,5,0.500406834825061,0.026437961354845524,0.0
ENSG00000266913,LINC01841,5,0.500406834825061,0.026437961354845524,0.0
ENSG00000266869,ENSG00000266869,5,0.500406834825061,0.02673083117017204,0.0
ENSG00000260658,ENSG00000260658,5,0.5003525901817196,0.023312539316736682,0.0
ENSG00000261373,VPS9D1-AS1,5,0.500406834825061,0.026578650495061102,0.0
ENSG00000261324,ENSG00000261324,5,0.5003525901817196,0.023312539316736682,0.0
ENSG00000261236,BOP1,5,0.500406834825061,0.026437961354845524,0.0
ENSG00000261235,HSD17B2-AS1,5,0.500406834825061,0.02673083117017204,0.0
ENSG00000261150,EPPK1,5,0.500406834825061,0.026437961354845524,0.0
ENSG00000261115,TMEM178B,5,0.5003525901817196,0.023312539316736682,0.0
ENSG00000261069,ENSG00000261069,5,0.500406834825061,0.026437961354845524,0.0
ENSG00000260930,LINC01416,5,0.500406834825061,0.026437961354845524,0.0
ENSG00000260719,ENSG00000260719,5,0.500406834825061,0.026578650495061102,0.0
ENSG00000260400,ENSG00000260400,5,0.500406834825061,0.026578650495061102,0.0
ENSG00000266472,MRPS21,5,0.500406834825061,0.026578650495061102,0.0
ENSG00000260364,ENSG00000260364,5,0.500406834825061,0.026437961354845524,0.0
ENSG00000260362,ENSG00000260362,5,0.500406834825061,0.026578650495061102,0.0
ENSG00000260269,ENSG00000260269,5,0.5003525901817196,0.023312539316736682,0.0
ENSG00000260260,SNHG19,5,0.500406834825061,0.026437961354845524,0.0
ENSG00000260257,ENSG00000260257,5,0.500406834825061,0.02673083117017204,0.0
ENSG00000260086,ENSG00000260086,5,0.500406834825061,0.02673083117017204,0.0
ENSG00000259959,ENSG00000259959,5,0.500406834825061,0.02673083117017204,0.0
ENSG00000259956,RBM15B,5,0.500406834825061,0.026437961354845524,0.0
ENSG00000259723,TSHZ2-AS1,5,0.500406834825061,0.02358242123528024,0.037037037037037035
ENSG00000261520,DLGAP1-AS5,5,0.500406834825061,0.026578650495061102,0.0
ENSG00000261556,SMG1P7,5,0.5001627339300246,0.021405281775118672,0.010752688172043012
ENSG00000261609,GAN,5,0.4977759696230021,0.015351548424270929,0.03535766729599329
ENSG00000261824,LINC00662,5,0.5003525901817196,0.023312539316736682,0.0
ENSG00000266412,NCOA4,5,0.5003525901817196,0.023312539316736682,0.0
ENSG00000266402,SNHG25,5,0.500406834825061,0.026437961354845524,0.0
ENSG00000265681,RPL17,5,0.500406834825061,0.02673083117017204,0.0
ENSG00000265479,DTX2P1-UPK3BP1-PMS2P11,5,0.500406834825061,0.026437961354845524,0.0
ENSG00000265354,TIMM23,5,0.500406834825061,0.02673083117017204,0.0
ENSG00000265241,RBM8A,5,0.5001627339300246,0.021405281775118672,0.010752688172043012
ENSG00000264859,DSG2-AS1,5,0.500406834825061,0.026578650495061102,0.0
ENSG00000263528,IKBKE,5,0.5003525901817196,0.023312539316736682,0.0
ENSG00000263272,ENSG00000263272,5,0.500406834825061,0.023430240560169298,0.0
ENSG00000262943,ALOX12P2,5,0.500406834825061,0.026437961354845524,0.0
ENSG00000262814,MRPL12,5,0.500406834825061,0.026578650495061102,0.0
ENSG00000262801,ENSG00000262801,5,0.5001627339300246,0.021503657160588774,0.004405286343612335
ENSG00000262660,ENSG00000262660,5,0.500406834825061,0.02673083117017204,0.0
ENSG00000262655,SPON1,5,0.500406834825061,0.026437961354845524,0.0
ENSG00000262454,MIR193BHG,5,0.500406834825061,0.026437961354845524,0.0
ENSG00000262246,CORO7,5,0.5003525901817196,0.023312539316736682,0.0
ENSG00000262001,DLGAP1-AS2,5,0.5003525901817196,0.023312539316736682,0.0
ENSG00000261971,MMP25-AS1,5,0.500406834825061,0.023430240560169298,0.0
ENSG00000261848,ENSG00000261848,5,0.500406834825061,0.02673083117017204,0.0
ENSG00000204574,ABCF1,5,0.500406834825061,0.02673083117017204,0.0
ENSG00000204568,MRPS18B,5,0.500406834825061,0.026578650495061102,0.0
ENSG00000204560,DHX16,5,0.500406834825061,0.026437961354845524,0.0
ENSG00000184408,KCND2,5,0.5003525901817196,0.023312539316736682,0.0
ENSG00000184640,SEPTIN9,5,0.500406834825061,0.02673083117017204,0.0
ENSG00000184635,ZNF93,5,0.5001627339300246,0.02152442658310508,0.004273504273504274
ENSG00000184611,KCNH7,5,0.5003525901817196,0.023312539316736682,0.0
ENSG00000184575,XPOT,5,0.500406834825061,0.02673083117017204,0.0
ENSG00000184557,SOCS3,5,0.5001627339300246,0.021516014573189544,0.004366812227074236
ENSG00000184489,PTP4A3,5,0.500406834825061,0.026578650495061102,0.0
ENSG00000184481,FOXO4,5,0.500406834825061,0.026437961354845524,0.0
ENSG00000184432,COPB2,5,0.5001627339300246,0.021516014573189544,0.004366812227074236
ENSG00000184428,TOP1MT,5,0.500406834825061,0.026437961354845524,0.0
ENSG00000184357,H1-5,5,0.4977759696230021,0.01535624617174373,0.06712528663748175
ENSG00000184675,AMER1,5,0.5001627339300246,0.021516014573189544,0.004366812227074236
ENSG00000184307,ZDHHC23,5,0.500406834825061,0.026437961354845524,0.0
ENSG00000184281,TSSC4,5,0.500406834825061,0.02673083117017204,0.0
ENSG00000184271,POU6F1,5,0.500406834825061,0.026578650495061102,0.0
ENSG00000184261,KCNK12,5,0.5001627339300246,0.021516014573189544,0.004366812227074236
ENSG00000184220,CMSS1,5,0.500406834825061,0.023723110375495814,0.0
ENSG00000184216,IRAK1,5,0.500406834825061,0.02673083117017204,0.0
ENSG00000184208,C22orf46P,5,0.500406834825061,0.026437961354845524,0.0
ENSG00000184182,UBE2F,5,0.5003525901817196,0.023312539316736682,0.0
ENSG00000184178,SCFD2,5,0.5003525901817196,0.023312539316736682,0.0
ENSG00000184672,RALYL,5,0.5003525901817196,0.023312539316736682,0.0
ENSG00000184677,ZBTB40,5,0.500406834825061,0.026578650495061102,0.0
ENSG00000184076,UQCR10,5,0.5001627339300246,0.021516014573189544,0.004366812227074236
ENSG00000184992,BRI3BP,5,0.500406834825061,0.02673083117017204,0.0
ENSG00000185130,H2BC13,5,0.5001627339300246,0.02152442658310508,0.004273504273504274
ENSG00000185127,C6orf120,5,0.500406834825061,0.026578650495061102,0.0
ENSG00000185122,HSF1,5,0.500406834825061,0.02673083117017204,0.0
ENSG00000185115,NSMCE3,5,0.500406834825061,0.026437961354845524,0.0
ENSG00000185101,ANO9,5,0.500406834825061,0.026578650495061102,0.0
ENSG00000185085,INTS5,5,0.500406834825061,0.026578650495061102,0.0
ENSG00000185052,SLC24A3,5,0.5003525901817196,0.023312539316736682,0.0
ENSG00000185043,CIB1,5,0.500406834825061,0.026437961354845524,0.0
ENSG00000185033,SEMA4B,5,0.5003525901817196,0.023312539316736682,0.0
ENSG00000184990,SIVA1,5,0.500406834825061,0.02673083117017204,0.0
ENSG00000184731,FAM110C,5,0.500406834825061,0.026437961354845524,0.0
ENSG00000184983,NDUFA6,5,0.500406834825061,0.02673083117017204,0.0
ENSG00000184967,NOC4L,5,0.500406834825061,0.026578650495061102,0.0
ENSG00000184924,PTRHD1,5,0.500406834825061,0.026578650495061102,0.0
ENSG00000184905,TCEAL2,5,0.500406834825061,0.02673083117017204,0.0
ENSG00000184900,SUMO3,5,0.5001627339300246,0.021405281775118672,0.010752688172043012
ENSG00000184867,ARMCX2,5,0.5001627339300246,0.021503657160588774,0.004405286343612335
ENSG00000184840,TMED9,5,0.500406834825061,0.026437961354845524,0.0
ENSG00000184809,B3GALT5-AS1,5,0.500406834825061,0.026578650495061102,0.0
ENSG00000184787,UBE2G2,5,0.500406834825061,0.02673083117017204,0.0
ENSG00000184164,CRELD2,5,0.5003525901817196,0.023312539316736682,0.0
ENSG00000183978,COA3,5,0.500406834825061,0.026437961354845524,0.0
ENSG00000183092,BEGAIN,5,0.500406834825061,0.023430240560169298,0.0
ENSG00000183431,SF3A3,5,0.500406834825061,0.02673083117017204,0.0
ENSG00000183597,TANGO2,5,0.500406834825061,0.026437961354845524,0.0
ENSG00000183576,SETD3,5,0.5001627339300246,0.021405281775118672,0.010752688172043012
ENSG00000183570,PCBP3,5,0.5001627339300246,0.02152442658310508,0.004273504273504274
ENSG00000183530,PRR14L,5,0.5001627339300246,0.021516014573189544,0.004366812227074236
ENSG00000183527,PSMG1,5,0.500406834825061,0.026437961354845524,0.0
ENSG00000183520,UTP11,5,0.500406834825061,0.02673083117017204,0.0
ENSG00000183486,MX2,5,0.500406834825061,0.026437961354845524,0.0
ENSG00000183479,TREX2,5,0.500406834825061,0.02673083117017204,0.0
ENSG00000183474,GTF2H2C,5,0.500406834825061,0.026437961354845524,0.0
ENSG00000183386,FHL3,5,0.500406834825061,0.02673083117017204,0.0
ENSG00000183605,SFXN4,5,0.5003525901817196,0.023312539316736682,0.0
ENSG00000183337,BCOR,5,0.5003525901817196,0.023312539316736682,0.0
ENSG00000183309,ZNF623,5,0.500406834825061,0.026578650495061102,0.0
ENSG00000183291,SELENOF,5,0.500406834825061,0.026578650495061102,0.0
ENSG00000183287,CCBE1,5,0.5003525901817196,0.023312539316736682,0.0
ENSG00000183258,DDX41,5,0.500406834825061,0.026578650495061102,0.0
ENSG00000183207,RUVBL2,5,0.500406834825061,0.02673083117017204,0.0
ENSG00000183196,CHST6,5,0.500406834825061,0.02673083117017204,0.0
ENSG00000183166,CALN1,5,0.500406834825061,0.02673083117017204,0.0
ENSG00000183161,FANCF,5,0.5003525901817196,0.023312539316736682,0.0
ENSG00000183604,SMG1P5,5,0.500406834825061,0.02673083117017204,0.0
ENSG00000183617,MRPL54,5,0.500406834825061,0.026578650495061102,0.0
ENSG00000183960,KCNH8,5,0.500406834825061,0.023430240560169298,0.0
ENSG00000183751,TBL3,5,0.500406834825061,0.026578650495061102,0.0
ENSG00000183943,PRKX,5,0.500406834825061,0.02673083117017204,0.0
ENSG00000183873,SCN5A,5,0.500406834825061,0.026578650495061102,0.0
ENSG00000183864,TOB2,5,0.500406834825061,0.026437961354845524,0.0
ENSG00000183814,LIN9,5,0.5001627339300246,0.02152442658310508,0.004273504273504274
ENSG00000183783,KCTD8,5,0.500406834825061,0.026437961354845524,0.0
ENSG00000183780,SLC35F3,5,0.500406834825061,0.026578650495061102,0.0
ENSG00000183778,B3GALT5,5,0.500406834825061,0.026437961354845524,0.0
ENSG00000183765,CHEK2,5,0.5001627339300246,0.02152442658310508,0.004273504273504274
ENSG00000183763,TRAIP,5,0.5001627339300246,0.02152442658310508,0.004273504273504274
ENSG00000183742,MACC1,5,0.500406834825061,0.026437961354845524,0.0
ENSG00000183647,ZNF530,5,0.500406834825061,0.026578650495061102,0.0
ENSG00000183741,CBX6,5,0.5003525901817196,0.023312539316736682,0.0
ENSG00000183735,TBK1,5,0.500406834825061,0.02673083117017204,0.0
ENSG00000183726,TMEM50A,5,0.500406834825061,0.02673083117017204,0.0
ENSG00000183723,CMTM4,5,0.500406834825061,0.026578650495061102,0.0
ENSG00000183696,UPP1,5,0.5001627339300246,0.021503657160588774,0.004405286343612335
ENSG00000183688,RFLNB,5,0.500406834825061,0.02673083117017204,0.0
ENSG00000183684,ALYREF,5,0.500406834825061,0.026578650495061102,0.0
ENSG00000183665,TRMT12,5,0.5003525901817196,0.023312539316736682,0.0
ENSG00000183648,NDUFB1,5,0.500406834825061,0.026578650495061102,0.0
ENSG00000185163,DDX51,5,0.500406834825061,0.026437961354845524,0.0
ENSG00000185164,NOMO2,5,0.500406834825061,0.026578650495061102,0.0
ENSG00000185187,SIGIRR,5,0.500406834825061,0.026578650495061102,0.0
ENSG00000186047,DLEU7,5,0.5003525901817196,0.023312539316736682,0.0
ENSG00000186205,MTARC1,5,0.5003525901817196,0.023312539316736682,0.0
ENSG00000186197,EDARADD,5,0.500406834825061,0.026578650495061102,0.0
ENSG00000186193,SAPCD2,5,0.4978030919446728,0.01541737596855485,0.07384972185731199
ENSG00000186184,POLR1D,5,0.500406834825061,0.026437961354845524,0.0
ENSG00000186174,BCL9L,5,0.500406834825061,0.02673083117017204,0.0
ENSG00000186141,POLR3C,5,0.500406834825061,0.023430240560169298,0.0
ENSG00000186130,ZBTB6,5,0.500406834825061,0.02673083117017204,0.0
ENSG00000186111,PIP5K1C,5,0.500406834825061,0.026578650495061102,0.0
ENSG00000186063,AIDA,5,0.500406834825061,0.023723110375495814,0.0
ENSG00000186017,ZNF566,5,0.5003525901817196,0.023312539316736682,0.0
ENSG00000186230,ZNF749,5,0.500406834825061,0.026437961354845524,0.0
ENSG00000186010,NDUFA13,5,0.500406834825061,0.02673083117017204,0.0
ENSG00000185963,BICD2,5,0.500406834825061,0.02673083117017204,0.0
ENSG00000185947,ZNF267,5,0.500406834825061,0.02673083117017204,0.0
ENSG00000185917,SETD4,5,0.500406834825061,0.026578650495061102,0.0
ENSG00000185896,LAMP1,5,0.5003525901817196,0.023312539316736682,0.0
ENSG00000185885,IFITM1,5,0.500406834825061,0.02673083117017204,0.0
ENSG00000185883,ATP6V0C,5,0.500406834825061,0.026437961354845524,0.0
ENSG00000185869,ZNF829,5,0.500406834825061,0.026578650495061102,0.0
ENSG00000185864,NPIPB4,5,0.500406834825061,0.02673083117017204,0.0
ENSG00000186222,BLOC1S4,5,0.500406834825061,0.02673083117017204,0.0
ENSG00000186283,TOR3A,5,0.500406834825061,0.026578650495061102,0.0
ENSG00000185220,PGBD2,5,0.5003525901817196,0.023312539316736682,0.0
ENSG00000186575,NF2,5,0.500406834825061,0.026437961354845524,0.0
ENSG00000186777,ZNF732,5,0.5001627339300246,0.02152442658310508,0.004273504273504274
ENSG00000186716,BCR,5,0.5003525901817196,0.023312539316736682,0.0
ENSG00000186704,DTX2P1,5,0.500406834825061,0.02673083117017204,0.0
ENSG00000186687,LYRM7,5,0.5001627339300246,0.02152442658310508,0.004273504273504274
ENSG00000186665,C17orf58,5,0.500406834825061,0.02673083117017204,0.0
ENSG00000186660,ZFP91,5,0.4977759696230021,0.015351548424270929,0.03535766729599329
ENSG00000186648,CARMIL3,5,0.5003525901817196,0.023312539316736682,0.0
ENSG00000186635,ARAP1,5,0.500406834825061,0.026437961354845524,0.0
ENSG00000186625,KATNA1,5,0.500406834825061,0.02673083117017204,0.0
ENSG00000186468,RPS23,5,0.5001627339300246,0.021503657160588774,0.004405286343612335
ENSG00000186297,GABRA5,5,0.500406834825061,0.026578650495061102,0.0
ENSG00000186462,NAP1L2,5,0.500406834825061,0.026437961354845524,0.0
ENSG00000186439,TRDN,5,0.500406834825061,0.026437961354845524,0.0
ENSG00000186432,KPNA4,5,0.5001627339300246,0.021503657160588774,0.004405286343612335
ENSG00000186416,NKRF,5,0.500406834825061,0.02673083117017204,0.0
ENSG00000186395,KRT10,5,0.500406834825061,0.02673083117017204,0.0
ENSG00000186340,THBS2,5,0.5003525901817196,0.023312539316736682,0.0
ENSG00000186312,CA5BP1,5,0.500406834825061,0.02673083117017204,0.0
ENSG00000186310,NAP1L3,5,0.500406834825061,0.026437961354845524,0.0
ENSG00000186298,PPP1CC,5,0.5001627339300246,0.021516014573189544,0.004366812227074236
ENSG00000185838,GNB1L,5,0.5001627339300246,0.021503657160588774,0.004405286343612335
ENSG00000185825,BCAP31,5,0.500406834825061,0.026578650495061102,0.0
ENSG00000185818,NAT8L,5,0.500406834825061,0.023723110375495814,0.0
ENSG00000185344,ATP6V0A2,5,0.500406834825061,0.026578650495061102,0.0
ENSG00000185453,ZSWIM9,5,0.5003525901817196,0.023312539316736682,0.0
ENSG00000185442,FAM174B,5,0.5003525901817196,0.023312539316736682,0.0
ENSG00000185436,IFNLR1,5,0.500406834825061,0.02673083117017204,0.0
ENSG00000185432,TMT1A,5,0.5003525901817196,0.023312539316736682,0.0
ENSG00000185414,MRPL30,5,0.500406834825061,0.02673083117017204,0.0
ENSG00000185379,RAD51D,5,0.500406834825061,0.02673083117017204,0.0
ENSG00000185359,HGS,5,0.500406834825061,0.02673083117017204,0.0
ENSG00000185352,HS6ST3,5,0.500406834825061,0.026437961354845524,0.0
ENSG00000185347,TEDC1,5,0.5001627339300246,0.021405281775118672,0.010752688172043012
ENSG00000185339,TCN2,5,0.5003525901817196,0.023312539316736682,0.0
ENSG00000185813,PCYT2,5,0.500406834825061,0.02673083117017204,0.0
ENSG00000185306,C12orf56,5,0.500406834825061,0.026437961354845524,0.0
ENSG00000185298,CCDC137,5,0.500406834825061,0.026578650495061102,0.0
ENSG00000185274,GALNT17,5,0.500406834825061,0.026437961354845524,0.0
ENSG00000185261,KIAA0825,5,0.5003525901817196,0.023312539316736682,0.0
ENSG00000185252,ZNF74,5,0.500406834825061,0.026437961354845524,0.0
ENSG00000185246,PRPF39,5,0.5001627339300246,0.021503657160588774,0.004405286343612335
ENSG00000185238,PRMT3,5,0.500406834825061,0.02673083117017204,0.0
ENSG00000185236,RAB11B,5,0.5003525901817196,0.023312539316736682,0.0
ENSG00000185222,TCEAL9,5,0.500406834825061,0.02673083117017204,0.0
ENSG00000185477,GPRIN3,5,0.5003525901817196,0.023312539316736682,0.0
ENSG00000185483,ROR1,5,0.500406834825061,0.026437961354845524,0.0
ENSG00000185504,FAAP100,5,0.500406834825061,0.026578650495061102,0.0
ENSG00000185515,BRCC3,5,0.500406834825061,0.023430240560169298,0.0
ENSG00000185803,SLC52A2,5,0.500406834825061,0.026437961354845524,0.0
ENSG00000185798,WDR53,5,0.5001627339300246,0.02152442658310508,0.004273504273504274
ENSG00000185787,MORF4L1,5,0.5001627339300246,0.021405281775118672,0.010752688172043012
ENSG00000185760,KCNQ5,5,0.47957689178195545,0.010979521787141476,0.2003798670465337
ENSG00000185736,ADARB2,5,0.500406834825061,0.023723110375495814,0.0
ENSG00000185730,ZNF696,5,0.500406834825061,0.026437961354845524,0.0
ENSG00000185728,YTHDF3,5,0.500406834825061,0.02673083117017204,0.0
ENSG00000185721,DRG1,5,0.500406834825061,0.026437961354845524,0.0
ENSG00000185684,EP400P1,5,0.500406834825061,0.026437961354845524,0.0
ENSG00000185670,ZBTB3,5,0.500406834825061,0.026578650495061102,0.0
ENSG00000185666,SYN3,5,0.500406834825061,0.026578650495061102,0.0
ENSG00000185664,PMEL,5,0.500406834825061,0.02673083117017204,0.0
ENSG00000185651,UBE2L3,5,0.500406834825061,0.026578650495061102,0.0
ENSG00000185630,PBX1,5,0.5003525901817196,0.023312539316736682,0.0
ENSG00000185627,PSMD13,5,0.500406834825061,0.026437961354845524,0.0
ENSG00000185624,P4HB,5,0.500406834825061,0.026578650495061102,0.0
ENSG00000185591,SP1,5,0.500406834825061,0.02673083117017204,0.0
ENSG00000185585,OLFML2A,5,0.5001627339300246,0.021503657160588774,0.004405286343612335
ENSG00000185532,PRKG1,5,0.5003525901817196,0.023312539316736682,0.0
ENSG00000183117,CSMD1,5,0.5003525901817196,0.023312539316736682,0.0
ENSG00000183091,NEB,5,0.500406834825061,0.026437961354845524,0.0
ENSG00000186834,HEXIM1,5,0.500406834825061,0.02673083117017204,0.0
ENSG00000179403,VWA1,5,0.500406834825061,0.026437961354845524,0.0
ENSG00000179841,AKAP5,5,0.500406834825061,0.026578650495061102,0.0
ENSG00000179832,MROH1,5,0.500406834825061,0.026437961354845524,0.0
ENSG00000179820,MYADM,5,0.5001627339300246,0.021516014573189544,0.004366812227074236
ENSG00000179796,LRRC3B,5,0.5003525901817196,0.023312539316736682,0.0
ENSG00000179761,PIPOX,5,0.5003525901817196,0.023312539316736682,0.0
ENSG00000179632,MAF1,5,0.500406834825061,0.02673083117017204,0.0
ENSG00000179630,LACC1,5,0.500406834825061,0.026578650495061102,0.0
ENSG00000179562,GCC1,5,0.5003525901817196,0.023312539316736682,0.0
ENSG00000179409,GEMIN4,5,0.500406834825061,0.02673083117017204,0.0
ENSG00000179361,ARID3B,5,0.5001627339300246,0.021503657160588774,0.004405286343612335
ENSG00000179915,NRXN1,5,0.5003525901817196,0.023312539316736682,0.0
ENSG00000179331,RAB39A,5,0.500406834825061,0.026578650495061102,0.0
ENSG00000179295,PTPN11,5,0.500406834825061,0.02673083117017204,0.0
ENSG00000179271,GADD45GIP1,5,0.500406834825061,0.026578650495061102,0.0
ENSG00000179218,CALR,5,0.5003525901817196,0.023312539316736682,0.0
ENSG00000179151,EDC3,5,0.500406834825061,0.02673083117017204,0.0
ENSG00000179119,SPTY2D1,5,0.500406834825061,0.02673083117017204,0.0
ENSG00000179115,FARSA,5,0.500406834825061,0.026437961354845524,0.0
ENSG00000179097,HTR1F,5,0.500406834825061,0.026437961354845524,0.0
ENSG00000179091,CYC1,5,0.500406834825061,0.02673083117017204,0.0
ENSG00000179889,PDXDC1,5,0.500406834825061,0.026437961354845524,0.0
ENSG00000179918,SEPHS2,5,0.500406834825061,0.026437961354845524,0.0
ENSG00000179046,TRIML2,5,0.500406834825061,0.026578650495061102,0.0
ENSG00000180287,PLD5,5,0.5003525901817196,0.023312539316736682,0.0
ENSG00000180747,SMG1P3,5,0.500406834825061,0.02673083117017204,0.0
ENSG00000180730,SHISA2,5,0.500406834825061,0.026437961354845524,0.0
ENSG00000180694,TMEM64,5,0.49739625711961216,0.017163634442352627,0.012345679012345678
ENSG00000180611,MB21D2,5,0.500406834825061,0.026437961354845524,0.0
ENSG00000180573,H2AC6,5,0.500406834825061,0.023723110375495814,0.0
ENSG00000180448,ARHGAP45,5,0.500406834825061,0.026578650495061102,0.0
ENSG00000180398,MCFD2,5,0.500406834825061,0.02673083117017204,0.0
ENSG00000180329,CCDC43,5,0.500406834825061,0.026578650495061102,0.0
ENSG00000180304,OAZ2,5,0.500406834825061,0.026437961354845524,0.0
ENSG00000180263,FGD6,5,0.500406834825061,0.02673083117017204,0.0
ENSG00000179933,C14orf119,5,0.500406834825061,0.026437961354845524,0.0
ENSG00000180229,HERC2P3,5,0.500406834825061,0.026437961354845524,0.0
ENSG00000180198,RCC1,5,0.500406834825061,0.02673083117017204,0.0
ENSG00000180190,TDRP,5,0.500406834825061,0.026437961354845524,0.0
ENSG00000180185,FAHD1,5,0.5003525901817196,0.023312539316736682,0.0
ENSG00000180182,MED14,5,0.500406834825061,0.02673083117017204,0.0
ENSG00000180071,ANKRD18A,5,0.500406834825061,0.02673083117017204,0.0
ENSG00000180008,SOCS4,5,0.5001627339300246,0.021516014573189544,0.004366812227074236
ENSG00000179958,DCTPP1,5,0.500406834825061,0.026578650495061102,0.0
ENSG00000179950,PUF60,5,0.500406834825061,0.026578650495061102,0.0
ENSG00000179051,RCC2,5,0.500406834825061,0.026578650495061102,0.0
ENSG00000179041,RRS1,5,0.500406834825061,0.026578650495061102,0.0
ENSG00000183087,GAS6,5,0.500406834825061,0.026437961354845524,0.0
ENSG00000177954,RPS27,5,0.500406834825061,0.02673083117017204,0.0
ENSG00000178233,TMEM151B,5,0.5003525901817196,0.023312539316736682,0.0
ENSG00000178209,PLEC,5,0.500406834825061,0.02673083117017204,0.0
ENSG00000178150,ZNF114,5,0.500406834825061,0.026437961354845524,0.0
ENSG00000178127,NDUFV2,5,0.5001627339300246,0.02152442658310508,0.004273504273504274
ENSG00000178105,DDX10,5,0.5003525901817196,0.02113539985657514,0.0
ENSG00000178035,IMPDH2,5,0.500406834825061,0.02673083117017204,0.0
ENSG00000178028,DMAP1,5,0.500406834825061,0.026437961354845524,0.0
ENSG00000177971,IMP3,5,0.500406834825061,0.026578650495061102,0.0
ENSG00000177963,RIC8A,5,0.500406834825061,0.026578650495061102,0.0
ENSG00000177951,BET1L,5,0.500406834825061,0.02673083117017204,0.0
ENSG00000178307,TMEM11,5,0.500406834825061,0.026578650495061102,0.0
ENSG00000177946,CENPBD1P,5,0.500406834825061,0.026578650495061102,0.0
ENSG00000146223,RPL7L1,5,0.500406834825061,0.026437961354845524,0.0
ENSG00000177885,GRB2,5,0.5003525901817196,0.023312539316736682,0.0
ENSG00000177830,CHID1,5,0.500406834825061,0.02673083117017204,0.0
ENSG00000177733,HNRNPA0,5,0.500406834825061,0.02673083117017204,0.0
ENSG00000177732,SOX12,5,0.500406834825061,0.02673083117017204,0.0
ENSG00000177731,FLII,5,0.500406834825061,0.02673083117017204,0.0
ENSG00000177706,FAM20C,5,0.500406834825061,0.026578650495061102,0.0
ENSG00000177700,POLR2L,5,0.500406834825061,0.026578650495061102,0.0
ENSG00000178252,WDR6,5,0.500406834825061,0.02673083117017204,0.0
ENSG00000178338,ZNF354B,5,0.500406834825061,0.026437961354845524,0.0
ENSG00000179010,MRFAP1,5,0.500406834825061,0.026437961354845524,0.0
ENSG00000178927,CYBC1,5,0.500406834825061,0.02673083117017204,0.0
ENSG00000178988,MRFAP1L1,5,0.500406834825061,0.026437961354845524,0.0
ENSG00000178982,EIF3K,5,0.500406834825061,0.026437961354845524,0.0
ENSG00000178980,SELENOW,5,0.500406834825061,0.026437961354845524,0.0
ENSG00000178971,CTC1,5,0.500406834825061,0.026437961354845524,0.0
ENSG00000178966,RMI1,5,0.5001627339300246,0.02152442658310508,0.004273504273504274
ENSG00000178952,TUFM,5,0.500406834825061,0.026578650495061102,0.0
ENSG00000178951,ZBTB7A,5,0.500406834825061,0.026437961354845524,0.0
ENSG00000178950,GAK,5,0.500406834825061,0.026437961354845524,0.0
ENSG00000178935,ZNF552,5,0.500406834825061,0.026437961354845524,0.0
ENSG00000178921,PFAS,5,0.500406834825061,0.026578650495061102,0.0
ENSG00000178381,ZFAND2A,5,0.500406834825061,0.023430240560169298,0.0
ENSG00000178913,TAF7,5,0.5003525901817196,0.023312539316736682,0.0
ENSG00000178896,EXOSC4,5,0.500406834825061,0.026578650495061102,0.0
ENSG00000178814,OPLAH,5,0.500406834825061,0.02673083117017204,0.0
ENSG00000178773,CPNE7,5,0.500406834825061,0.026437961354845524,0.0
ENSG00000178741,COX5A,5,0.500406834825061,0.02673083117017204,0.0
ENSG00000178719,GRINA,5,0.5003525901817196,0.023312539316736682,0.0
ENSG00000178425,NT5DC1,5,0.500406834825061,0.02358242123528024,0.037037037037037035
ENSG00000178409,BEND3,5,0.500406834825061,0.026437961354845524,0.0
ENSG00000178397,FAM220A,5,0.500406834825061,0.026578650495061102,0.0
ENSG00000180801,ARSJ,5,0.500406834825061,0.02673083117017204,0.0
ENSG00000180815,MAP3K15,5,0.500406834825061,0.026578650495061102,0.0
ENSG00000180817,PPA1,5,0.500406834825061,0.02673083117017204,0.0
ENSG00000182372,CLN8,5,0.500406834825061,0.02673083117017204,0.0
ENSG00000182667,NTM,5,0.49739625711961216,0.017163634442352627,0.012345679012345678
ENSG00000182601,HS3ST4,5,0.500406834825061,0.02673083117017204,0.0
ENSG00000182568,SATB1,5,0.5003525901817196,0.023312539316736682,0.0
ENSG00000182551,ADI1,5,0.5003525901817196,0.023312539316736682,0.0
ENSG00000182541,LIMK2,5,0.500406834825061,0.026437961354845524,0.0
ENSG00000182512,GLRX5,5,0.500406834825061,0.02673083117017204,0.0
ENSG00000182473,EXOC7,5,0.5003525901817196,0.023312539316736682,0.0
ENSG00000182446,NPLOC4,5,0.500406834825061,0.02673083117017204,0.0
ENSG00000182389,CACNB4,5,0.5003525901817196,0.023312539316736682,0.0
ENSG00000182324,KCNJ14,5,0.500406834825061,0.026437961354845524,0.0
ENSG00000182732,RGS6,5,0.500406834825061,0.02358242123528024,0.037037037037037035
ENSG00000182307,C8orf33,5,0.500406834825061,0.02673083117017204,0.0
ENSG00000182287,AP1S2,5,0.500406834825061,0.026578650495061102,0.0
ENSG00000182272,B4GALNT4,5,0.500406834825061,0.026437961354845524,0.0
ENSG00000182224,CYB5D1,5,0.5003525901817196,0.023312539316736682,0.0
ENSG00000182220,ATP6AP2,5,0.500406834825061,0.026437961354845524,0.0
ENSG00000182199,SHMT2,5,0.500406834825061,0.026578650495061102,0.0
ENSG00000182196,ARL6IP4,5,0.500406834825061,0.02673083117017204,0.0
ENSG00000182180,MRPS16,5,0.500406834825061,0.026578650495061102,0.0
ENSG00000182173,TSEN54,5,0.500406834825061,0.026437961354845524,0.0
ENSG00000182704,TSKU,5,0.500406834825061,0.026578650495061102,0.0
ENSG00000182768,NGRN,5,0.500406834825061,0.026578650495061102,0.0
ENSG00000180879,SSR4,5,0.500406834825061,0.026437961354845524,0.0
ENSG00000182944,EWSR1,5,0.500406834825061,0.026578650495061102,0.0
ENSG00000183077,AFMID,5,0.500406834825061,0.023430240560169298,0.0
ENSG00000183067,IGSF5,5,0.500406834825061,0.026437961354845524,0.0
ENSG00000183048,SLC25A10,5,0.500406834825061,0.026578650495061102,0.0
ENSG00000183032,SLC25A21,5,0.5003525901817196,0.023312539316736682,0.0
ENSG00000183010,PYCR1,5,0.500406834825061,0.026578650495061102,0.0
ENSG00000182986,ZNF320,5,0.500406834825061,0.02673083117017204,0.0
ENSG00000182979,MTA1,5,0.500406834825061,0.02673083117017204,0.0
ENSG00000182963,GJC1,5,0.5001627339300246,0.021503657160588774,0.004405286343612335
ENSG00000182952,HMGN4,5,0.500406834825061,0.02673083117017204,0.0
ENSG00000182934,SRPRA,5,0.500406834825061,0.026578650495061102,0.0
ENSG00000182774,RPS17,5,0.5001627339300246,0.021516014573189544,0.004366812227074236
ENSG00000182903,ZNF721,5,0.5003525901817196,0.023312539316736682,0.0
ENSG00000182902,SLC25A18,5,0.500406834825061,0.023430240560169298,0.0
ENSG00000182901,RGS7,5,0.5003525901817196,0.023312539316736682,0.0
ENSG00000182899,RPL35A,5,0.5001627339300246,0.021516014573189544,0.004366812227074236
ENSG00000182872,RBM10,5,0.500406834825061,0.02673083117017204,0.0
ENSG00000182871,COL18A1,5,0.500406834825061,0.02673083117017204,0.0
ENSG00000182866,LCK,5,0.500406834825061,0.026578650495061102,0.0
ENSG00000182841,RRP7BP,5,0.500406834825061,0.02673083117017204,0.0
ENSG00000182827,ACBD3,5,0.500406834825061,0.02673083117017204,0.0
ENSG00000182154,MRPL41,5,0.500406834825061,0.02673083117017204,0.0
ENSG00000182149,IST1,5,0.500406834825061,0.02673083117017204,0.0
ENSG00000182141,ZNF708,5,0.500406834825061,0.026437961354845524,0.0
ENSG00000181038,METTL23,5,0.500406834825061,0.026437961354845524,0.0
ENSG00000181274,FRAT2,5,0.500406834825061,0.026578650495061102,0.0
ENSG00000181222,POLR2A,5,0.5001627339300246,0.021503657160588774,0.004405286343612335
ENSG00000181218,H2AC25,5,0.500406834825061,0.026578650495061102,0.0
ENSG00000181192,DHTKD1,5,0.500406834825061,0.02673083117017204,0.0
ENSG00000181191,PJA1,5,0.500406834825061,0.026437961354845524,0.0
ENSG00000181163,NPM1,5,0.500406834825061,0.02673083117017204,0.0
ENSG00000181135,ZNF707,5,0.500406834825061,0.026437961354845524,0.0
ENSG00000181072,CHRM2,5,0.5003525901817196,0.023312539316736682,0.0
ENSG00000181061,HIGD1A,5,0.500406834825061,0.02673083117017204,0.0
ENSG00000181029,TRAPPC5,5,0.500406834825061,0.02673083117017204,0.0
ENSG00000182117,NOP10,5,0.500406834825061,0.026578650495061102,0.0
ENSG00000181027,FKRP,5,0.5003525901817196,0.023312539316736682,0.0
ENSG00000181026,AEN,5,0.500406834825061,0.02673083117017204,0.0
ENSG00000181019,NQO1,5,0.5003525901817196,0.023312539316736682,0.0
ENSG00000181007,ZFP82,5,0.500406834825061,0.02673083117017204,0.0
ENSG00000180992,MRPL14,5,0.500406834825061,0.02673083117017204,0.0
ENSG00000180964,TCEAL8,5,0.500406834825061,0.026437961354845524,0.0
ENSG00000180957,PITPNB,5,0.500406834825061,0.02673083117017204,0.0
ENSG00000180921,FAM83H,5,0.500406834825061,0.026437961354845524,0.0
ENSG00000180901,KCTD2,5,0.5003525901817196,0.023312539316736682,0.0
ENSG00000181350,LRRC75A,5,0.5003525901817196,0.023312539316736682,0.0
ENSG00000181355,OFCC1,5,0.500406834825061,0.026578650495061102,0.0
ENSG00000181467,RAP2B,5,0.500406834825061,0.026578650495061102,0.0
ENSG00000181472,ZBTB2,5,0.500406834825061,0.026437961354845524,0.0
ENSG00000182108,DEXI,5,0.500406834825061,0.026578650495061102,0.0
ENSG00000182087,TMEM259,5,0.500406834825061,0.02673083117017204,0.0
ENSG00000182050,MGAT4C,5,0.500406834825061,0.026437961354845524,0.0
ENSG00000182022,CHST15,5,0.500406834825061,0.026437961354845524,0.0
ENSG00000182004,SNRPE,5,0.500406834825061,0.02673083117017204,0.0
ENSG00000181991,MRPS11,5,0.500406834825061,0.023430240560169298,0.0
ENSG00000181938,GINS3,5,0.500406834825061,0.026578650495061102,0.0
ENSG00000181924,COA4,5,0.500406834825061,0.026437961354845524,0.0
ENSG00000181915,ADO,5,0.500406834825061,0.026578650495061102,0.0
ENSG00000181896,ZNF101,5,0.500406834825061,0.026578650495061102,0.0
ENSG00000181885,CLDN7,5,0.500406834825061,0.026578650495061102,0.0
ENSG00000181852,RNF41,5,0.500406834825061,0.026578650495061102,0.0
ENSG00000181826,RELL1,5,0.47957689178195545,0.010979521787141476,0.2003798670465337
ENSG00000181817,LSM10,5,0.500406834825061,0.026578650495061102,0.0
ENSG00000181790,ADGRB1,5,0.500406834825061,0.026437961354845524,0.0
ENSG00000181789,COPG1,5,0.500406834825061,0.02673083117017204,0.0
ENSG00000181788,SIAH2,5,0.500406834825061,0.02673083117017204,0.0
ENSG00000181610,MRPS23,5,0.500406834825061,0.026437961354845524,0.0
ENSG00000181588,MEX3D,5,0.500406834825061,0.026578650495061102,0.0
ENSG00000186815,TPCN1,5,0.500406834825061,0.02358242123528024,0.037037037037037035
ENSG00000186838,SELENOV,5,0.500406834825061,0.026437961354845524,0.0
ENSG00000204536,CCHCR1,5,0.500406834825061,0.02673083117017204,0.0
ENSG00000198108,CHSY3,5,0.49739625711961216,0.017163634442352627,0.012345679012345678
ENSG00000198218,QRICH1,5,0.500406834825061,0.02673083117017204,0.0
ENSG00000198211,ENSG00000198211,5,0.5003525901817196,0.023312539316736682,0.0
ENSG00000198208,RPS6KL1,5,0.500406834825061,0.023430240560169298,0.0
ENSG00000198176,TFDP1,5,0.500406834825061,0.026578650495061102,0.0
ENSG00000198169,ZNF251,5,0.5003525901817196,0.023312539316736682,0.0
ENSG00000198157,HMGN5,5,0.5001627339300246,0.02152442658310508,0.004273504273504274
ENSG00000198146,ZNF770,5,0.500406834825061,0.026578650495061102,0.0
ENSG00000198142,SOWAHC,5,0.5001627339300246,0.021516014573189544,0.004366812227074236
ENSG00000198131,ZNF544,5,0.5001627339300246,0.02152442658310508,0.004273504273504274
ENSG00000198093,ZNF649,5,0.500406834825061,0.026578650495061102,0.0
ENSG00000198242,RPL23A,5,0.500406834825061,0.02673083117017204,0.0
ENSG00000198087,CD2AP,5,0.500406834825061,0.026578650495061102,0.0
ENSG00000198081,ZBTB14,5,0.500406834825061,0.026578650495061102,0.0
ENSG00000198056,PRIM1,5,0.5001627339300246,0.021516014573189544,0.004366812227074236
ENSG00000198055,GRK6,5,0.5001627339300246,0.021405281775118672,0.010752688172043012
ENSG00000198046,ZNF667,5,0.500406834825061,0.026437961354845524,0.0
ENSG00000198042,MAK16,5,0.500406834825061,0.026578650495061102,0.0
ENSG00000198039,ZNF273,5,0.500406834825061,0.02673083117017204,0.0
ENSG00000198034,RPS4X,5,0.500406834825061,0.02673083117017204,0.0
ENSG00000198026,ZNF335,5,0.500406834825061,0.026437961354845524,0.0
ENSG00000198231,DDX42,5,0.500406834825061,0.026578650495061102,0.0
ENSG00000198246,SLC29A3,5,0.500406834825061,0.023430240560169298,0.0
ENSG00000198015,MRPL42,5,0.4977759696230021,0.015351548424270929,0.03535766729599329
ENSG00000198431,TXNRD1,5,0.4977759696230021,0.015351548424270929,0.03535766729599329
ENSG00000198538,ZNF28,5,0.500406834825061,0.026578650495061102,0.0
ENSG00000198522,GPN1,5,0.500406834825061,0.02673083117017204,0.0
ENSG00000198517,MAFK,5,0.5001627339300246,0.021503657160588774,0.004405286343612335
ENSG00000198498,TMA16,5,0.500406834825061,0.02673083117017204,0.0
ENSG00000198496,NBR2,5,0.500406834825061,0.023430240560169298,0.0
ENSG00000198492,YTHDF2,5,0.500406834825061,0.026578650495061102,0.0
ENSG00000198468,FLVCR1-DT,5,0.500406834825061,0.026578650495061102,0.0
ENSG00000198467,TPM2,5,0.500406834825061,0.02673083117017204,0.0
ENSG00000198464,ZNF480,5,0.500406834825061,0.026437961354845524,0.0
ENSG00000198380,GFPT1,5,0.5001627339300246,0.021503657160588774,0.004405286343612335
ENSG00000198252,STYX,5,0.500406834825061,0.02673083117017204,0.0
ENSG00000198373,WWP2,5,0.5003525901817196,0.023312539316736682,0.0
ENSG00000198356,GET3,5,0.500406834825061,0.026437961354845524,0.0
ENSG00000198346,ZNF813,5,0.500406834825061,0.02673083117017204,0.0
ENSG00000198331,HYLS1,5,0.500406834825061,0.026578650495061102,0.0
ENSG00000198301,SDAD1,5,0.500406834825061,0.026578650495061102,0.0
ENSG00000198298,ZNF485,5,0.500406834825061,0.026437961354845524,0.0
ENSG00000198286,CARD11,5,0.500406834825061,0.02673083117017204,0.0
ENSG00000198276,UCKL1,5,0.500406834825061,0.026578650495061102,0.0
ENSG00000198258,UBL5,5,0.500406834825061,0.02673083117017204,0.0
ENSG00000198018,ENTPD7,5,0.500406834825061,0.02673083117017204,0.0
ENSG00000198010,DLGAP2,5,0.500406834825061,0.023723110375495814,0.0
ENSG00000197312,DDI2,5,0.500406834825061,0.026578650495061102,0.0
ENSG00000197462,ENSG00000197462,5,0.500406834825061,0.026437961354845524,0.0
ENSG00000197721,CR1L,5,0.500406834825061,0.026578650495061102,0.0
ENSG00000197714,ZNF460,5,0.500406834825061,0.026578650495061102,0.0
ENSG00000197713,RPE,5,0.500406834825061,0.02673083117017204,0.0
ENSG00000197594,ENPP1,5,0.500406834825061,0.026578650495061102,0.0
ENSG00000197586,ENTPD6,5,0.5001627339300246,0.021516014573189544,0.004366812227074236
ENSG00000197579,TOPORS,5,0.500406834825061,0.02673083117017204,0.0
ENSG00000197498,RPF2,5,0.500406834825061,0.026437961354845524,0.0
ENSG00000197472,ZNF695,5,0.5001627339300246,0.02152442658310508,0.004273504273504274
ENSG00000197467,COL13A1,5,0.500406834825061,0.026437961354845524,0.0
ENSG00000197461,PDGFA,5,0.500406834825061,0.026578650495061102,0.0
ENSG00000197747,S100A10,5,0.500406834825061,0.026578650495061102,0.0
ENSG00000197457,STMN3,5,0.5003525901817196,0.023312539316736682,0.0
ENSG00000197451,HNRNPAB,5,0.500406834825061,0.02673083117017204,0.0
ENSG00000197444,OGDHL,5,0.500406834825061,0.026578650495061102,0.0
ENSG00000197442,MAP3K5,5,0.500406834825061,0.026437961354845524,0.0
ENSG00000197417,SHPK,5,0.500406834825061,0.02673083117017204,0.0
ENSG00000197385,ZNF860,5,0.500406834825061,0.026437961354845524,0.0
ENSG00000197372,ZNF675,5,0.5001627339300246,0.02152442658310508,0.004273504273504274
ENSG00000197362,ZNF786,5,0.500406834825061,0.026578650495061102,0.0
ENSG00000197345,MRPL21,5,0.500406834825061,0.026578650495061102,0.0
ENSG00000197728,RPS26,5,0.500406834825061,0.026578650495061102,0.0
ENSG00000197771,MCMBP,5,0.500406834825061,0.02673083117017204,0.0
ENSG00000198000,NOL8,5,0.500406834825061,0.026578650495061102,0.0
ENSG00000197905,TEAD4,5,0.500406834825061,0.02673083117017204,0.0
ENSG00000197989,SNHG12,5,0.500406834825061,0.026578650495061102,0.0
ENSG00000197971,MBP,5,0.500406834825061,0.026437961354845524,0.0
ENSG00000197961,ZNF121,5,0.500406834825061,0.02673083117017204,0.0
ENSG00000197959,DNM3,5,0.5003525901817196,0.023312539316736682,0.0
ENSG00000197958,RPL12,5,0.500406834825061,0.02673083117017204,0.0
ENSG00000197948,FCHSD1,5,0.500406834825061,0.02673083117017204,0.0
ENSG00000197943,PLCG2,5,0.500406834825061,0.026578650495061102,0.0
ENSG00000197937,ZNF347,5,0.500406834825061,0.02673083117017204,0.0
ENSG00000197928,ZNF677,5,0.500406834825061,0.02673083117017204,0.0
ENSG00000197894,ADH5,5,0.500406834825061,0.02673083117017204,0.0
ENSG00000197774,EME2,5,0.500406834825061,0.026437961354845524,0.0
ENSG00000197879,MYO1C,5,0.4977759696230021,0.012803128438512059,0.13234126984126984
ENSG00000197860,SGTB,5,0.500406834825061,0.02673083117017204,0.0
ENSG00000197852,INKA2,5,0.500406834825061,0.02673083117017204,0.0
ENSG00000197847,SLC22A20P,5,0.500406834825061,0.026437961354845524,0.0
ENSG00000197837,H4C16,5,0.500406834825061,0.026578650495061102,0.0
ENSG00000197822,OCLN,5,0.500406834825061,0.02673083117017204,0.0
ENSG00000197798,FAM118B,5,0.500406834825061,0.026437961354845524,0.0
ENSG00000197785,ATAD3A,5,0.500406834825061,0.026578650495061102,0.0
ENSG00000197780,TAF13,5,0.500406834825061,0.026437961354845524,0.0
ENSG00000198546,ZNF511,5,0.500406834825061,0.02673083117017204,0.0
ENSG00000198554,WDHD1,5,0.4977759696230021,0.015351548424270929,0.03535766729599329
ENSG00000198563,DDX39B,5,0.500406834825061,0.023723110375495814,0.0
ENSG00000203485,INF2,5,0.500406834825061,0.02673083117017204,0.0
ENSG00000204209,DAXX,5,0.500406834825061,0.02673083117017204,0.0
ENSG00000204175,GPRIN2,5,0.5003525901817196,0.023312539316736682,0.0
ENSG00000204131,NHSL2,5,0.5001627339300246,0.021516014573189544,0.004366812227074236
ENSG00000204084,INPP5B,5,0.500406834825061,0.026437961354845524,0.0
ENSG00000203739,PRDX6-AS1,5,0.500406834825061,0.02673083117017204,0.0
ENSG00000203721,LINC00862,5,0.500406834825061,0.02673083117017204,0.0
ENSG00000203685,STUM,5,0.49739625711961216,0.017163634442352627,0.012345679012345678
ENSG00000203668,CHML,5,0.5003525901817196,0.023312539316736682,0.0
ENSG00000203667,COX20,5,0.5003525901817196,0.023312539316736682,0.0
ENSG00000203326,ZNF525,5,0.500406834825061,0.026578650495061102,0.0
ENSG00000204252,HLA-DOA,5,0.500406834825061,0.026437961354845524,0.0
ENSG00000203279,ENSG00000203279,5,0.500406834825061,0.026437961354845524,0.0
ENSG00000198964,SGMS1,5,0.5003525901817196,0.023312539316736682,0.0
ENSG00000198963,RORB,5,0.49772172497966066,0.017197740464449586,0.16666666666666666
ENSG00000198954,KIFBP,5,0.500406834825061,0.026578650495061102,0.0
ENSG00000198952,SMG5,5,0.500406834825061,0.02673083117017204,0.0
ENSG00000198938,MT-CO3,5,0.500406834825061,0.02673083117017204,0.0
ENSG00000198933,TBKBP1,5,0.5003525901817196,0.023312539316736682,0.0
ENSG00000198931,APRT,5,0.500406834825061,0.026578650495061102,0.0
ENSG00000198918,RPL39,5,0.500406834825061,0.02673083117017204,0.0
ENSG00000204220,PFDN6,5,0.500406834825061,0.026578650495061102,0.0
ENSG00000204256,BRD2,5,0.5001627339300246,0.021503657160588774,0.004405286343612335
ENSG00000198586,TLK1,5,0.49742337944128284,0.01712067842378869,0.07692307692307693
ENSG00000204392,LSM2,5,0.500406834825061,0.02673083117017204,0.0
ENSG00000204525,HLA-C,5,0.500406834825061,0.02673083117017204,0.0
ENSG00000204514,ZNF814,5,0.500406834825061,0.026437961354845524,0.0
ENSG00000204469,PRRC2A,5,0.4977759696230021,0.015351548424270929,0.03535766729599329
ENSG00000204463,BAG6,5,0.500406834825061,0.02673083117017204,0.0
ENSG00000204442,NALF1,5,0.5003525901817196,0.023312539316736682,0.0
ENSG00000204439,C6orf47,5,0.500406834825061,0.026578650495061102,0.0
ENSG00000204438,GPANK1,5,0.500406834825061,0.02673083117017204,0.0
ENSG00000204435,CSNK2B,5,0.500406834825061,0.026578650495061102,0.0
ENSG00000204394,VARS1,5,0.500406834825061,0.026578650495061102,0.0
ENSG00000204387,SNHG32,5,0.500406834825061,0.026437961354845524,0.0
ENSG00000204267,TAP2,5,0.500406834825061,0.026578650495061102,0.0
ENSG00000204386,NEU1,5,0.5001627339300246,0.021516014573189544,0.004366812227074236
ENSG00000204371,EHMT2,5,0.500406834825061,0.023723110375495814,0.0
ENSG00000204370,SDHD,5,0.500406834825061,0.026578650495061102,0.0
ENSG00000204356,NELFE,5,0.500406834825061,0.02673083117017204,0.0
ENSG00000204351,SKIC2,5,0.500406834825061,0.02673083117017204,0.0
ENSG00000204316,MRPL38,5,0.500406834825061,0.026437961354845524,0.0
ENSG00000204310,AGPAT1,5,0.500406834825061,0.023723110375495814,0.0
ENSG00000204308,RNF5,5,0.500406834825061,0.026578650495061102,0.0
ENSG00000204271,SPIN3,5,0.5003525901817196,0.023312539316736682,0.0
ENSG00000198917,SPOUT1,5,0.500406834825061,0.026578650495061102,0.0
ENSG00000198915,RASGEF1A,5,0.500406834825061,0.02673083117017204,0.0
ENSG00000198912,C1orf174,5,0.500406834825061,0.02673083117017204,0.0
ENSG00000198727,MT-CYB,5,0.500406834825061,0.026578650495061102,0.0
ENSG00000198783,ZNF830,5,0.500406834825061,0.026578650495061102,0.0
ENSG00000198780,FAM169A,5,0.5003525901817196,0.023312539316736682,0.0
ENSG00000198768,APCDD1L,5,0.500406834825061,0.026578650495061102,0.0
ENSG00000198763,MT-ND2,5,0.500406834825061,0.02673083117017204,0.0
ENSG00000198755,RPL10A,5,0.500406834825061,0.02673083117017204,0.0
ENSG00000198746,GPATCH3,5,0.500406834825061,0.026437961354845524,0.0
ENSG00000198736,MSRB1,5,0.500406834825061,0.026578650495061102,0.0
ENSG00000198730,CTR9,5,0.500406834825061,0.026578650495061102,0.0
ENSG00000198728,LDB1,5,0.500406834825061,0.023430240560169298,0.0
ENSG00000198720,ANKRD13B,5,0.500406834825061,0.023430240560169298,0.0
ENSG00000198910,L1CAM,5,0.500406834825061,0.023430240560169298,0.0
ENSG00000198715,GLMP,5,0.5003525901817196,0.023312539316736682,0.0
ENSG00000198712,MT-CO2,5,0.500406834825061,0.026578650495061102,0.0
ENSG00000198695,MT-ND6,5,0.500406834825061,0.02673083117017204,0.0
ENSG00000198682,PAPSS2,5,0.5003525901817196,0.023312539316736682,0.0
ENSG00000198668,CALM1,5,0.5001627339300246,0.021503657160588774,0.004405286343612335
ENSG00000198626,RYR2,5,0.500406834825061,0.026437961354845524,0.0
ENSG00000198624,CCDC69,5,0.500406834825061,0.026437961354845524,0.0
ENSG00000198598,MMP17,5,0.500406834825061,0.026437961354845524,0.0
ENSG00000198589,LRBA,5,0.5003525901817196,0.023312539316736682,0.0
ENSG00000198786,MT-ND5,5,0.5001627339300246,0.021503657160588774,0.004405286343612335
ENSG00000198791,CNOT7,5,0.500406834825061,0.02673083117017204,0.0
ENSG00000198793,MTOR,5,0.500406834825061,0.026578650495061102,0.0
ENSG00000198794,SCAMP5,5,0.500406834825061,0.023430240560169298,0.0
ENSG00000198900,TOP1,5,0.500406834825061,0.024260821894683954,0.0
ENSG00000198899,MT-ATP6,5,0.500406834825061,0.02673083117017204,0.0
ENSG00000198898,CAPZA2,5,0.500406834825061,0.026578650495061102,0.0
ENSG00000198894,CIPC,5,0.5003525901817196,0.023312539316736682,0.0
ENSG00000198890,PRMT6,5,0.500406834825061,0.026437961354845524,0.0
ENSG00000198888,MT-ND1,5,0.500406834825061,0.026578650495061102,0.0
ENSG00000198886,MT-ND4,5,0.500406834825061,0.02673083117017204,0.0
ENSG00000198874,TYW1,5,0.5003525901817196,0.023312539316736682,0.0
ENSG00000198858,R3HDM4,5,0.500406834825061,0.026578650495061102,0.0
ENSG00000198856,OSTC,5,0.500406834825061,0.026578650495061102,0.0
ENSG00000198855,FICD,5,0.500406834825061,0.026437961354845524,0.0
ENSG00000198843,SELENOT,5,0.500406834825061,0.02673083117017204,0.0
ENSG00000198840,MT-ND3,5,0.500406834825061,0.026578650495061102,0.0
ENSG00000198839,ZNF277,5,0.500406834825061,0.026437961354845524,0.0
ENSG00000198837,DENND4B,5,0.500406834825061,0.02673083117017204,0.0
ENSG00000198836,OPA1,5,0.5001627339300246,0.02152442658310508,0.004273504273504274
ENSG00000198805,PNP,5,0.500406834825061,0.02673083117017204,0.0
ENSG00000198804,MT-CO1,5,0.5001627339300246,0.021503657160588774,0.004405286343612335
ENSG00000198799,LRIG2,5,0.500406834825061,0.026437961354845524,0.0
ENSG00000197329,PELI1,5,0.500406834825061,0.02673083117017204,0.0
ENSG00000197302,KRBOX5,5,0.500406834825061,0.026437961354845524,0.0
ENSG00000186854,TRABD2A,5,0.500406834825061,0.026578650495061102,0.0
ENSG00000188846,RPL14,5,0.5001627339300246,0.021516014573189544,0.004366812227074236
ENSG00000189046,ALKBH2,5,0.500406834825061,0.026437961354845524,0.0
ENSG00000189043,NDUFA4,5,0.500406834825061,0.02673083117017204,0.0
ENSG00000189042,ZNF567,5,0.500406834825061,0.02437996670267037,0.0
ENSG00000189007,ADAT2,5,0.500406834825061,0.02358242123528024,0.037037037037037035
ENSG00000188986,NELFB,5,0.500406834825061,0.026578650495061102,0.0
ENSG00000188976,NOC2L,5,0.500406834825061,0.026437961354845524,0.0
ENSG00000188883,KLRG2,5,0.500406834825061,0.026578650495061102,0.0
ENSG00000188859,FAM78B,5,0.5003525901817196,0.023312539316736682,0.0
ENSG00000188848,BEND4,5,0.500406834825061,0.026578650495061102,0.0
ENSG00000188818,ZDHHC11,5,0.500406834825061,0.026437961354845524,0.0
ENSG00000189067,LITAF,5,0.5001627339300246,0.021503657160588774,0.004405286343612335
ENSG00000188807,TMEM201,5,0.500406834825061,0.02673083117017204,0.0
ENSG00000188766,SPRED3,5,0.5003525901817196,0.023312539316736682,0.0
ENSG00000188735,TMEM120B,5,0.500406834825061,0.026437961354845524,0.0
ENSG00000188732,FAM221A,5,0.500406834825061,0.02673083117017204,0.0
ENSG00000188725,SMIM15,5,0.500406834825061,0.026437961354845524,0.0
ENSG00000188690,UROS,5,0.5003525901817196,0.023312539316736682,0.0
ENSG00000188677,PARVB,5,0.500406834825061,0.02673083117017204,0.0
ENSG00000188612,SUMO2,5,0.5001627339300246,0.02152442658310508,0.004273504273504274
ENSG00000188603,CLN3,5,0.500406834825061,0.026437961354845524,0.0
ENSG00000189057,FAM111B,5,0.500406834825061,0.023430240560169298,0.0
ENSG00000189091,SF3B3,5,0.500406834825061,0.02673083117017204,0.0
ENSG00000188580,NKAIN2,5,0.5003525901817196,0.023312539316736682,0.0
ENSG00000189350,TOGARAM2,5,0.5003525901817196,0.023312539316736682,0.0
ENSG00000196152,ZNF79,5,0.500406834825061,0.02673083117017204,0.0
ENSG00000196141,SPATS2L,5,0.49739625711961216,0.017163634442352627,0.012345679012345678
ENSG00000196104,SPOCK3,5,0.500406834825061,0.021372245907994143,0.0
ENSG00000196081,ZNF724,5,0.500406834825061,0.02673083117017204,0.0
ENSG00000196072,BLOC1S2,5,0.5001627339300246,0.021516014573189544,0.004366812227074236
ENSG00000189410,SH2D5,5,0.500406834825061,0.02673083117017204,0.0
ENSG00000189403,HMGB1,5,0.5003525901817196,0.015070432009350397,0.125
ENSG00000189369,GSPT2,5,0.500406834825061,0.026437961354845524,0.0
ENSG00000189362,NEMP2,5,0.500406834825061,0.024260821894683954,0.0
ENSG00000189306,RRP7A,5,0.500406834825061,0.026578650495061102,0.0
ENSG00000189108,IL1RAPL2,5,0.5003525901817196,0.023312539316736682,0.0
ENSG00000189266,PNRC2,5,0.5001627339300246,0.02152442658310508,0.004273504273504274
ENSG00000189241,TSPYL1,5,0.500406834825061,0.026437961354845524,0.0
ENSG00000189229,ENSG00000189229,5,0.500406834825061,0.02673083117017204,0.0
ENSG00000189190,ZNF600,5,0.500406834825061,0.02673083117017204,0.0
ENSG00000189184,PCDH18,5,0.5001627339300246,0.021516014573189544,0.004366812227074236
ENSG00000189180,ZNF33A,5,0.49739625711961216,0.017124981046396103,0.04
ENSG00000189171,S100A13,5,0.5001627339300246,0.021516014573189544,0.004366812227074236
ENSG00000189159,JPT1,5,0.5001627339300246,0.021405281775118672,0.010752688172043012
ENSG00000189143,CLDN4,5,0.500406834825061,0.026437961354845524,0.0
ENSG00000188599,NPIPP1,5,0.500406834825061,0.026578650495061102,0.0
ENSG00000188566,NDOR1,5,0.500406834825061,0.02673083117017204,0.0
ENSG00000197299,BLM,5,0.5001627339300246,0.02152442658310508,0.004273504273504274
ENSG00000187514,PTMA,5,0.500406834825061,0.02673083117017204,0.0
ENSG00000187741,FANCA,5,0.5001627339300246,0.02152442658310508,0.004273504273504274
ENSG00000187736,NHEJ1,5,0.500406834825061,0.026578650495061102,0.0
ENSG00000187720,THSD4,5,0.5003525901817196,0.023312539316736682,0.0
ENSG00000187713,TMEM203,5,0.5003525901817196,0.023312539316736682,0.0
ENSG00000187678,SPRY4,5,0.5003525901817196,0.023312539316736682,0.0
ENSG00000187607,ZNF286A,5,0.500406834825061,0.02673083117017204,0.0
ENSG00000187555,USP7,5,0.500406834825061,0.02673083117017204,0.0
ENSG00000187531,SIRT7,5,0.5003525901817196,0.023312539316736682,0.0
ENSG00000187522,HSPA14,5,0.5001627339300246,0.021516014573189544,0.004366812227074236
ENSG00000187498,COL4A1,5,0.4977759696230021,0.012803128438512059,0.13234126984126984
ENSG00000187772,LIN28B,5,0.4977759696230021,0.015351548424270929,0.03535766729599329
ENSG00000187446,CHP1,5,0.500406834825061,0.02673083117017204,0.0
ENSG00000187416,LHFPL3,5,0.49739625711961216,0.017163634442352627,0.012345679012345678
ENSG00000187398,LUZP2,5,0.500406834825061,0.026437961354845524,0.0
ENSG00000187244,BCAM,5,0.500406834825061,0.026437961354845524,0.0
ENSG00000187147,RNF220,5,0.500406834825061,0.026578650495061102,0.0
ENSG00000187123,LYPD6,5,0.5003525901817196,0.023312539316736682,0.0
ENSG00000187098,MITF,5,0.5003525901817196,0.023312539316736682,0.0
ENSG00000187051,RPS19BP1,5,0.500406834825061,0.026437961354845524,0.0
ENSG00000186871,ERCC6L,5,0.5001627339300246,0.02152442658310508,0.004273504273504274
ENSG00000187764,SEMA4D,5,0.500406834825061,0.026437961354845524,0.0
ENSG00000187778,MCRS1,5,0.500406834825061,0.026578650495061102,0.0
ENSG00000188529,SRSF10,5,0.5001627339300246,0.02152442658310508,0.004273504273504274
ENSG00000188229,TUBB4B,5,0.4978030919446728,0.01541737596855485,0.07384972185731199
ENSG00000188522,FAM83G,5,0.500406834825061,0.02673083117017204,0.0
ENSG00000188517,COL25A1,5,0.5003525901817196,0.023312539316736682,0.0
ENSG00000188493,ACTMAP,5,0.500406834825061,0.02673083117017204,0.0
ENSG00000188385,JAKMIP3,5,0.500406834825061,0.026578650495061102,0.0
ENSG00000188342,GTF2F2,5,0.500406834825061,0.02358242123528024,0.037037037037037035
ENSG00000188322,SBK1,5,0.500406834825061,0.023430240560169298,0.0
ENSG00000188313,PLSCR1,5,0.500406834825061,0.026578650495061102,0.0
ENSG00000188312,CENPP,5,0.49796582587469707,0.01534031392789394,0.29594017094017094
ENSG00000188295,ZNF669,5,0.500406834825061,0.026437961354845524,0.0
ENSG00000188215,DCUN1D3,5,0.500406834825061,0.026437961354845524,0.0
ENSG00000187823,RTL4,5,0.5003525901817196,0.023312539316736682,0.0
ENSG00000188191,PRKAR1B,5,0.500406834825061,0.026437961354845524,0.0
ENSG00000188186,LAMTOR4,5,0.500406834825061,0.026437961354845524,0.0
ENSG00000188171,ZNF626,5,0.500406834825061,0.026437961354845524,0.0
ENSG00000188112,C6orf132,5,0.500406834825061,0.026578650495061102,0.0
ENSG00000187961,KLHL17,5,0.500406834825061,0.026437961354845524,0.0
ENSG00000187955,COL14A1,5,0.500406834825061,0.026578650495061102,0.0
ENSG00000187867,PALM3,5,0.500406834825061,0.02673083117017204,0.0
ENSG00000187840,EIF4EBP1,5,0.500406834825061,0.026578650495061102,0.0
ENSG00000187824,TMEM220,5,0.500406834825061,0.026578650495061102,0.0
ENSG00000196172,ZNF681,5,0.500406834825061,0.023723110375495814,0.0
ENSG00000196182,STK40,5,0.500406834825061,0.026578650495061102,0.0
ENSG00000196187,TMEM63A,5,0.500406834825061,0.02673083117017204,0.0
ENSG00000196747,H2AC13,5,0.5001627339300246,0.02152442658310508,0.004273504273504274
ENSG00000196924,FLNA,5,0.5001627339300246,0.021503657160588774,0.004405286343612335
ENSG00000196922,ZNF252P,5,0.500406834825061,0.026437961354845524,0.0
ENSG00000196876,SCN8A,5,0.500406834825061,0.023430240560169298,0.0
ENSG00000196850,PPTC7,5,0.500406834825061,0.026578650495061102,0.0
ENSG00000196821,ILRUN,5,0.500406834825061,0.02673083117017204,0.0
ENSG00000196793,ZNF239,5,0.500406834825061,0.026437961354845524,0.0
ENSG00000196787,H2AC11,5,0.5001627339300246,0.02152442658310508,0.004273504273504274
ENSG00000196781,TLE1,5,0.5003525901817196,0.023312539316736682,0.0
ENSG00000196756,SNHG17,5,0.500406834825061,0.026578650495061102,0.0
ENSG00000196743,GM2A,5,0.5003525901817196,0.023312539316736682,0.0
ENSG00000196943,NOP9,5,0.500406834825061,0.02673083117017204,0.0
ENSG00000196739,COL27A1,5,0.500406834825061,0.026437961354845524,0.0
ENSG00000196730,DAPK1,5,0.500406834825061,0.026578650495061102,0.0
ENSG00000196724,ZNF418,5,0.500406834825061,0.02673083117017204,0.0
ENSG00000196715,VKORC1L1,5,0.500406834825061,0.026578650495061102,0.0
ENSG00000196705,ZNF431,5,0.500406834825061,0.026578650495061102,0.0
ENSG00000196700,ZNF512B,5,0.500406834825061,0.026437961354845524,0.0
ENSG00000196693,ZNF33B,5,0.49739625711961216,0.017124981046396103,0.04
ENSG00000196683,TOMM7,5,0.500406834825061,0.02673083117017204,0.0
ENSG00000196660,SLC30A10,5,0.500406834825061,0.026578650495061102,0.0
ENSG00000196932,TMEM26,5,0.500406834825061,0.026578650495061102,0.0
ENSG00000196950,SLC39A10,5,0.500406834825061,0.026578650495061102,0.0
ENSG00000196199,MPHOSPH8,5,0.5003525901817196,0.023312539316736682,0.0
ENSG00000197136,PCNX3,5,0.500406834825061,0.026578650495061102,0.0
ENSG00000197283,SYNGAP1,5,0.500406834825061,0.026437961354845524,0.0
ENSG00000197279,ZNF165,5,0.500406834825061,0.026578650495061102,0.0
ENSG00000197275,RAD54B,5,0.4977759696230021,0.015351548424270929,0.03535766729599329
ENSG00000197265,GTF2E2,5,0.5003525901817196,0.023312539316736682,0.0
ENSG00000197256,KANK2,5,0.500406834825061,0.026437961354845524,0.0
ENSG00000197170,PSMD12,5,0.500406834825061,0.02673083117017204,0.0
ENSG00000197157,SND1,5,0.5003525901817196,0.023312539316736682,0.0
ENSG00000197153,H3C12,5,0.4977759696230021,0.01533547674922743,0.09546219691271804
ENSG00000197147,LRRC8B,5,0.5001627339300246,0.021503657160588774,0.004405286343612335
ENSG00000197114,ZGPAT,5,0.500406834825061,0.026578650495061102,0.0
ENSG00000196961,AP2A1,5,0.500406834825061,0.02673083117017204,0.0
ENSG00000197081,IGF2R,5,0.5001627339300246,0.021516014573189544,0.004366812227074236
ENSG00000197063,MAFG,5,0.500406834825061,0.026578650495061102,0.0
ENSG00000197045,GMFB,5,0.500406834825061,0.02673083117017204,0.0
ENSG00000197037,ZSCAN25,5,0.500406834825061,0.02673083117017204,0.0
ENSG00000197024,ZNF398,5,0.500406834825061,0.026437961354845524,0.0
ENSG00000197020,ZNF100,5,0.5001627339300246,0.021344151978307555,0.024390243902439025
ENSG00000197016,ZNF470,5,0.500406834825061,0.026437961354845524,0.0
ENSG00000197008,ZNF138,5,0.500406834825061,0.023723110375495814,0.0
ENSG00000196998,WDR45,5,0.5003525901817196,0.023312539316736682,0.0
ENSG00000196655,TRAPPC4,5,0.500406834825061,0.02673083117017204,0.0
ENSG00000196642,RABL6,5,0.500406834825061,0.02673083117017204,0.0
ENSG00000196636,SDHAF3,5,0.5001627339300246,0.021516014573189544,0.004366812227074236
ENSG00000196312,MFSD14CP,5,0.500406834825061,0.026578650495061102,0.0
ENSG00000196378,ZNF34,5,0.5003525901817196,0.023312539316736682,0.0
ENSG00000196372,ASB13,5,0.5003525901817196,0.023312539316736682,0.0
ENSG00000196368,NUDT11,5,0.500406834825061,0.02673083117017204,0.0
ENSG00000196365,LONP1,5,0.500406834825061,0.02673083117017204,0.0
ENSG00000196363,WDR5,5,0.500406834825061,0.02673083117017204,0.0
ENSG00000196353,CPNE4,5,0.5003525901817196,0.023312539316736682,0.0
ENSG00000196352,CD55,5,0.500406834825061,0.026437961354845524,0.0
ENSG00000196323,ZBTB44,5,0.500406834825061,0.026578650495061102,0.0
ENSG00000196313,POM121,5,0.500406834825061,0.02673083117017204,0.0
ENSG00000196305,IARS1,5,0.500406834825061,0.02673083117017204,0.0
ENSG00000196591,HDAC2,5,0.500406834825061,0.02673083117017204,0.0
ENSG00000196290,NIF3L1,5,0.5001627339300246,0.02152442658310508,0.004273504273504274
ENSG00000196268,ZNF493,5,0.500406834825061,0.026437961354845524,0.0
ENSG00000196267,ZNF836,5,0.5003525901817196,0.023312539316736682,0.0
ENSG00000196262,PPIA,5,0.500406834825061,0.02673083117017204,0.0
ENSG00000196247,ZNF107,5,0.500406834825061,0.026578650495061102,0.0
ENSG00000196235,SUPT5H,5,0.500406834825061,0.026437961354845524,0.0
ENSG00000196230,TUBB,5,0.4978030919446728,0.01541737596855485,0.07384972185731199
ENSG00000196218,RYR1,5,0.500406834825061,0.026437961354845524,0.0
ENSG00000196214,ZNF766,5,0.500406834825061,0.023430240560169298,0.0
ENSG00000196396,PTPN1,5,0.500406834825061,0.02673083117017204,0.0
ENSG00000196411,EPHB4,5,0.500406834825061,0.026578650495061102,0.0
ENSG00000196417,ZNF765,5,0.500406834825061,0.02673083117017204,0.0
ENSG00000196418,ZNF124,5,0.500406834825061,0.026437961354845524,0.0
ENSG00000196584,XRCC2,5,0.5001627339300246,0.02152442658310508,0.004273504273504274
ENSG00000196581,AJAP1,5,0.49739625711961216,0.017163634442352627,0.012345679012345678
ENSG00000196549,MME,5,0.500406834825061,0.02673083117017204,0.0
ENSG00000196542,SPTSSB,5,0.500406834825061,0.026437961354845524,0.0
ENSG00000196535,MYO18A,5,0.500406834825061,0.026437961354845524,0.0
ENSG00000196531,NACA,5,0.5001627339300246,0.021516014573189544,0.004366812227074236
ENSG00000196517,SLC6A9,5,0.500406834825061,0.026437961354845524,0.0
ENSG00000196510,ANAPC7,5,0.500406834825061,0.026578650495061102,0.0
ENSG00000196504,PRPF40A,5,0.500406834825061,0.02673083117017204,0.0
ENSG00000196498,NCOR2,5,0.5003525901817196,0.023312539316736682,0.0
ENSG00000196497,IPO4,5,0.500406834825061,0.026578650495061102,0.0
ENSG00000196470,SIAH1,5,0.5003525901817196,0.023312539316736682,0.0
ENSG00000196465,MYL6B,5,0.500406834825061,0.02673083117017204,0.0
ENSG00000196458,ZNF605,5,0.5003525901817196,0.023312539316736682,0.0
ENSG00000196456,ZNF775,5,0.500406834825061,0.026437961354845524,0.0
ENSG00000196455,PIK3R4,5,0.500406834825061,0.02673083117017204,0.0
ENSG00000196449,YRDC,5,0.500406834825061,0.026578650495061102,0.0
ENSG00000196422,PPP1R26,5,0.500406834825061,0.02673083117017204,0.0
ENSG00000196419,XRCC6,5,0.500406834825061,0.02673083117017204,0.0
ENSG00000146232,NFKBIE,5,0.500406834825061,0.02673083117017204,0.0
ENSG00000146143,PRIM2,5,0.5001627339300246,0.02152442658310508,0.004273504273504274
ENSG00000146215,CRIP3,5,0.500406834825061,0.02673083117017204,0.0
ENSG00000103018,CYB5B,5,0.5001627339300246,0.02152442658310508,0.004273504273504274
ENSG00000103111,MON1B,5,0.500406834825061,0.026578650495061102,0.0
ENSG00000103091,WDR59,5,0.500406834825061,0.02673083117017204,0.0
ENSG00000103067,ESRP2,5,0.500406834825061,0.026578650495061102,0.0
ENSG00000103047,TANGO6,5,0.500406834825061,0.02673083117017204,0.0
ENSG00000103044,HAS3,5,0.500406834825061,0.026437961354845524,0.0
ENSG00000103043,VAC14,5,0.5003525901817196,0.023312539316736682,0.0
ENSG00000103042,SLC38A7,5,0.5003525901817196,0.023312539316736682,0.0
ENSG00000103037,SETD6,5,0.500406834825061,0.026437961354845524,0.0
ENSG00000103035,PSMD7,5,0.500406834825061,0.02673083117017204,0.0
ENSG00000103005,USB1,5,0.500406834825061,0.02673083117017204,0.0
ENSG00000103148,NPRL3,5,0.500406834825061,0.026578650495061102,0.0
ENSG00000102996,MMP15,5,0.5003525901817196,0.023312539316736682,0.0
ENSG00000102978,POLR2C,5,0.500406834825061,0.02673083117017204,0.0
ENSG00000102977,ACD,5,0.500406834825061,0.026578650495061102,0.0
ENSG00000102974,CTCF,5,0.500406834825061,0.02059074468849729,0.0
ENSG00000102967,DHODH,5,0.500406834825061,0.02673083117017204,0.0
ENSG00000102921,N4BP1,5,0.500406834825061,0.02673083117017204,0.0
ENSG00000102901,CENPT,5,0.500406834825061,0.026578650495061102,0.0
ENSG00000102900,NUP93,5,0.500406834825061,0.02673083117017204,0.0
ENSG00000102898,NUTF2,5,0.500406834825061,0.02673083117017204,0.0
ENSG00000103126,AXIN1,5,0.500406834825061,0.02673083117017204,0.0
ENSG00000103150,MLYCD,5,0.5003525901817196,0.023312539316736682,0.0
ENSG00000102786,INTS6,5,0.500406834825061,0.026437961354845524,0.0
ENSG00000103275,UBE2I,5,0.5001627339300246,0.02152442658310508,0.004273504273504274
ENSG00000103404,USP31,5,0.500406834825061,0.026578650495061102,0.0
ENSG00000103363,ELOB,5,0.500406834825061,0.026578650495061102,0.0
ENSG00000103356,EARS2,5,0.500406834825061,0.026437961354845524,0.0
ENSG00000103353,UBFD1,5,0.500406834825061,0.026437961354845524,0.0
ENSG00000103342,GSPT1,5,0.500406834825061,0.02673083117017204,0.0
ENSG00000103335,PIEZO1,5,0.500406834825061,0.02673083117017204,0.0
ENSG00000103326,CAPN15,5,0.500406834825061,0.026437961354845524,0.0
ENSG00000103319,EEF2K,5,0.500406834825061,0.026578650495061102,0.0
ENSG00000103316,CRYM,5,0.500406834825061,0.026578650495061102,0.0
ENSG00000103274,NUBP1,5,0.500406834825061,0.026437961354845524,0.0
ENSG00000103152,MPG,5,0.500406834825061,0.026437961354845524,0.0
ENSG00000103266,STUB1,5,0.500406834825061,0.026437961354845524,0.0
ENSG00000103264,FBXO31,5,0.500406834825061,0.026437961354845524,0.0
ENSG00000103249,CLCN7,5,0.500406834825061,0.026437961354845524,0.0
ENSG00000103226,NOMO3,5,0.500406834825061,0.026437961354845524,0.0
ENSG00000103222,ABCC1,5,0.500406834825061,0.026437961354845524,0.0
ENSG00000103202,NME4,5,0.500406834825061,0.02673083117017204,0.0
ENSG00000103196,CRISPLD2,5,0.5003525901817196,0.023312539316736682,0.0
ENSG00000103194,USP10,5,0.500406834825061,0.02673083117017204,0.0
ENSG00000103168,TAF1C,5,0.500406834825061,0.02673083117017204,0.0
ENSG00000102858,MGRN1,5,0.500406834825061,0.026437961354845524,0.0
ENSG00000102753,KPNA3,5,0.5003525901817196,0.023312539316736682,0.0
ENSG00000103423,DNAJA3,5,0.500406834825061,0.026578650495061102,0.0
ENSG00000101773,RBBP8,5,0.5001627339300246,0.021516014573189544,0.004366812227074236
ENSG00000101974,ATP11C,5,0.49739625711961216,0.017163634442352627,0.012345679012345678
ENSG00000101955,SRPX,5,0.500406834825061,0.02673083117017204,0.0
ENSG00000101945,SUV39H1,5,0.5001627339300246,0.02152442658310508,0.004273504273504274
ENSG00000101935,AMMECR1,5,0.5003525901817196,0.023312539316736682,0.0
ENSG00000101928,MOSPD1,5,0.500406834825061,0.026437961354845524,0.0
ENSG00000101911,PRPS2,5,0.500406834825061,0.02673083117017204,0.0
ENSG00000101888,NXT2,5,0.500406834825061,0.026437961354845524,0.0
ENSG00000101850,GPR143,5,0.500406834825061,0.026437961354845524,0.0
ENSG00000101811,CSTF2,5,0.500406834825061,0.02673083117017204,0.0
ENSG00000101695,RNF125,5,0.500406834825061,0.026578650495061102,0.0
ENSG00000102003,SYP,5,0.5003525901817196,0.023312539316736682,0.0
ENSG00000101665,SMAD7,5,0.49739625711961216,0.017163634442352627,0.012345679012345678
ENSG00000101654,RNMT,5,0.500406834825061,0.02673083117017204,0.0
ENSG00000101624,CEP76,5,0.5001627339300246,0.02152442658310508,0.004273504273504274
ENSG00000101608,MYL12A,5,0.500406834825061,0.02673083117017204,0.0
ENSG00000101557,USP14,5,0.500406834825061,0.02673083117017204,0.0
ENSG00000101544,ADNP2,5,0.5001627339300246,0.021503657160588774,0.004405286343612335
ENSG00000101489,CELF4,5,0.5003525901817196,0.023312539316736682,0.0
ENSG00000101474,APMAP,5,0.500406834825061,0.02673083117017204,0.0
ENSG00000101473,ACOT8,5,0.500406834825061,0.026437961354845524,0.0
ENSG00000101977,MCF2,5,0.5003525901817196,0.023312539316736682,0.0
ENSG00000102024,PLS3,5,0.49739625711961216,0.017163634442352627,0.012345679012345678
ENSG00000102580,DNAJC3,5,0.500406834825061,0.026437961354845524,0.0
ENSG00000102221,JADE3,5,0.5001627339300246,0.02152442658310508,0.004273504273504274
ENSG00000102471,NDFIP2,5,0.500406834825061,0.026437961354845524,0.0
ENSG00000102393,GLA,5,0.500406834825061,0.02673083117017204,0.0
ENSG00000102390,PBDC1,5,0.500406834825061,0.026578650495061102,0.0
ENSG00000102317,RBM3,5,0.500406834825061,0.026578650495061102,0.0
ENSG00000102290,PCDH11X,5,0.500406834825061,0.026578650495061102,0.0
ENSG00000102271,KLHL4,5,0.5003525901817196,0.023312539316736682,0.0
ENSG00000102265,TIMP1,5,0.5001627339300246,0.021516014573189544,0.004366812227074236
ENSG00000102241,HTATSF1,5,0.5001627339300246,0.021405281775118672,0.010752688172043012
ENSG00000102230,PCYT1B,5,0.5003525901817196,0.023312539316736682,0.0
ENSG00000102178,UBL4A,5,0.500406834825061,0.026437961354845524,0.0
ENSG00000102030,NAA10,5,0.500406834825061,0.026578650495061102,0.0
ENSG00000102174,PHEX,5,0.500406834825061,0.02673083117017204,0.0
ENSG00000102172,SMS,5,0.5001627339300246,0.021503657160588774,0.004405286343612335
ENSG00000102144,PGK1,5,0.5001627339300246,0.021516014573189544,0.004366812227074236
ENSG00000102119,EMD,5,0.5001627339300246,0.021405281775118672,0.010752688172043012
ENSG00000102103,PQBP1,5,0.500406834825061,0.026437961354845524,0.0
ENSG00000102100,SLC35A2,5,0.500406834825061,0.026578650495061102,0.0
ENSG00000102098,SCML2,5,0.5001627339300246,0.02152442658310508,0.004273504273504274
ENSG00000102096,PIM2,5,0.500406834825061,0.026578650495061102,0.0
ENSG00000102032,RENBP,5,0.5003525901817196,0.023312539316736682,0.0
ENSG00000103415,HMOX2,5,0.500406834825061,0.026437961354845524,0.0
ENSG00000103429,BFAR,5,0.500406834825061,0.026578650495061102,0.0
ENSG00000101457,DNTTIP1,5,0.500406834825061,0.026578650495061102,0.0
ENSG00000104833,TUBB4A,5,0.500406834825061,0.023430240560169298,0.0
ENSG00000104880,ARHGEF18,5,0.500406834825061,0.026437961354845524,0.0
ENSG00000104872,PIH1D1,5,0.500406834825061,0.02673083117017204,0.0
ENSG00000104870,FCGRT,5,0.500406834825061,0.026437961354845524,0.0
ENSG00000104866,PPP1R37,5,0.500406834825061,0.026437961354845524,0.0
ENSG00000104859,CLASRP,5,0.500406834825061,0.026437961354845524,0.0
ENSG00000104856,RELB,5,0.500406834825061,0.02673083117017204,0.0
ENSG00000104853,CLPTM1,5,0.5003525901817196,0.023312539316736682,0.0
ENSG00000104852,SNRNP70,5,0.5001627339300246,0.021516014573189544,0.004366812227074236
ENSG00000104835,SARS2,5,0.500406834825061,0.026578650495061102,0.0
ENSG00000104825,NFKBIB,5,0.500406834825061,0.026437961354845524,0.0
ENSG00000104884,ERCC2,5,0.500406834825061,0.02673083117017204,0.0
ENSG00000104824,HNRNPL,5,0.5001627339300246,0.02152442658310508,0.004273504273504274
ENSG00000104823,ECH1,5,0.500406834825061,0.026437961354845524,0.0
ENSG00000104812,GYS1,5,0.5003525901817196,0.023312539316736682,0.0
ENSG00000104805,NUCB1,5,0.5003525901817196,0.023312539316736682,0.0
ENSG00000104774,MAN2B1,5,0.500406834825061,0.026437961354845524,0.0
ENSG00000104763,ASAH1,5,0.49739625711961216,0.017124981046396103,0.04
ENSG00000104738,MCM4,5,0.500406834825061,0.02673083117017204,0.0
ENSG00000104731,KLHDC4,5,0.500406834825061,0.02673083117017204,0.0
ENSG00000104728,ARHGEF10,5,0.5001627339300246,0.021503657160588774,0.004405286343612335
ENSG00000104881,PPP1R13L,5,0.500406834825061,0.02673083117017204,0.0
ENSG00000104886,PLEKHJ1,5,0.500406834825061,0.026578650495061102,0.0
ENSG00000104714,ERICH1,5,0.500406834825061,0.02673083117017204,0.0
ENSG00000104998,IL27RA,5,0.500406834825061,0.02673083117017204,0.0
ENSG00000105135,ILVBL,5,0.500406834825061,0.02673083117017204,0.0
ENSG00000105131,EPHX3,5,0.500406834825061,0.026578650495061102,0.0
ENSG00000105127,AKAP8,5,0.500406834825061,0.026437961354845524,0.0
ENSG00000105088,OLFM2,5,0.500406834825061,0.026437961354845524,0.0
ENSG00000105085,MED26,5,0.500406834825061,0.023430240560169298,0.0
ENSG00000105063,PPP6R1,5,0.500406834825061,0.026578650495061102,0.0
ENSG00000105058,FAM32A,5,0.500406834825061,0.026437961354845524,0.0
ENSG00000105048,TNNT1,5,0.500406834825061,0.026578650495061102,0.0
ENSG00000105011,ASF1B,5,0.5001627339300246,0.02152442658310508,0.004273504273504274
ENSG00000104980,TIMM44,5,0.500406834825061,0.026578650495061102,0.0
ENSG00000104889,RNASEH2A,5,0.500406834825061,0.02673083117017204,0.0
ENSG00000104979,C19orf53,5,0.500406834825061,0.02673083117017204,0.0
ENSG00000104969,SGTA,5,0.500406834825061,0.026578650495061102,0.0
ENSG00000104964,TLE5,5,0.500406834825061,0.026437961354845524,0.0
ENSG00000104951,IL4I1,5,0.500406834825061,0.026578650495061102,0.0
ENSG00000104946,TBC1D17,5,0.500406834825061,0.02673083117017204,0.0
ENSG00000104915,STX10,5,0.500406834825061,0.02673083117017204,0.0
ENSG00000104907,TRMT1,5,0.500406834825061,0.026437961354845524,0.0
ENSG00000104904,OAZ1,5,0.500406834825061,0.02673083117017204,0.0
ENSG00000104897,SF3A2,5,0.500406834825061,0.02673083117017204,0.0
ENSG00000104722,NEFM,5,0.5003525901817196,0.023312539316736682,0.0
ENSG00000104691,UBXN8,5,0.500406834825061,0.026578650495061102,0.0
ENSG00000103449,SALL1,5,0.5001627339300246,0.021516014573189544,0.004366812227074236
ENSG00000103740,ACSBG1,5,0.5001627339300246,0.02152442658310508,0.004273504273504274
ENSG00000104142,VPS18,5,0.500406834825061,0.026437961354845524,0.0
ENSG00000104131,EIF3J,5,0.500406834825061,0.026578650495061102,0.0
ENSG00000104112,SCG3,5,0.500406834825061,0.026437961354845524,0.0
ENSG00000104067,TJP1,5,0.4977759696230021,0.015351548424270929,0.03535766729599329
ENSG00000104064,GABPB1,5,0.500406834825061,0.026578650495061102,0.0
ENSG00000104059,ENTREP2,5,0.5003525901817196,0.023312539316736682,0.0
ENSG00000103966,EHD4,5,0.5001627339300246,0.021516014573189544,0.004366812227074236
ENSG00000103932,RPAP1,5,0.500406834825061,0.02673083117017204,0.0
ENSG00000103855,CD276,5,0.500406834825061,0.02673083117017204,0.0
ENSG00000103723,AP3B2,5,0.5003525901817196,0.023312539316736682,0.0
ENSG00000104221,BRF2,5,0.500406834825061,0.02673083117017204,0.0
ENSG00000103550,KNOP1,5,0.500406834825061,0.02673083117017204,0.0
ENSG00000103549,RNF40,5,0.500406834825061,0.026437961354845524,0.0
ENSG00000103512,NOMO1,5,0.500406834825061,0.026437961354845524,0.0
ENSG00000103510,KAT8,5,0.500406834825061,0.02673083117017204,0.0
ENSG00000103507,BCKDK,5,0.500406834825061,0.026437961354845524,0.0
ENSG00000103502,CDIPT,5,0.500406834825061,0.026437961354845524,0.0
ENSG00000103496,STX4,5,0.500406834825061,0.026437961354845524,0.0
ENSG00000103495,MAZ,5,0.5001627339300246,0.021405281775118672,0.010752688172043012
ENSG00000103485,QPRT,5,0.500406834825061,0.026437961354845524,0.0
ENSG00000104205,SGK3,5,0.5003525901817196,0.023312539316736682,0.0
ENSG00000104228,TRIM35,5,0.5001627339300246,0.02152442658310508,0.004273504273504274
ENSG00000104689,TNFRSF10A,5,0.500406834825061,0.02673083117017204,0.0
ENSG00000104522,GFUS,5,0.500406834825061,0.026578650495061102,0.0
ENSG00000104687,GSR,5,0.5001627339300246,0.021516014573189544,0.004366812227074236
ENSG00000104660,LEPROTL1,5,0.500406834825061,0.026437961354845524,0.0
ENSG00000104643,MTMR9,5,0.5003525901817196,0.023312539316736682,0.0
ENSG00000104635,SLC39A14,5,0.500406834825061,0.026578650495061102,0.0
ENSG00000104626,ERI1,5,0.5001627339300246,0.021405281775118672,0.010752688172043012
ENSG00000104613,INTS10,5,0.500406834825061,0.026437961354845524,0.0
ENSG00000104611,SH2D4A,5,0.500406834825061,0.026578650495061102,0.0
ENSG00000104529,EEF1D,5,0.500406834825061,0.02673083117017204,0.0
ENSG00000104524,PYCR3,5,0.500406834825061,0.026437961354845524,0.0
ENSG00000104497,SNX16,5,0.500406834825061,0.026578650495061102,0.0
ENSG00000104312,RIPK2,5,0.500406834825061,0.026437961354845524,0.0
ENSG00000104472,CHRAC1,5,0.500406834825061,0.026578650495061102,0.0
ENSG00000104381,GDAP1,5,0.5003525901817196,0.023312539316736682,0.0
ENSG00000104369,JPH1,5,0.500406834825061,0.026578650495061102,0.0
ENSG00000104361,NIPAL2,5,0.500406834825061,0.026437961354845524,0.0
ENSG00000104356,POP1,5,0.500406834825061,0.026437961354845524,0.0
ENSG00000104341,LAPTM4B,5,0.500406834825061,0.02673083117017204,0.0
ENSG00000104332,SFRP1,5,0.500406834825061,0.02673083117017204,0.0
ENSG00000104327,CALB1,5,0.5003525901817196,0.023312539316736682,0.0
ENSG00000104320,NBN,5,0.5003525901817196,0.023312539316736682,0.0
ENSG00000101463,SYNDIG1,5,0.5003525901817196,0.023312539316736682,0.0
ENSG00000101452,DHX35,5,0.500406834825061,0.026578650495061102,0.0
ENSG00000105143,SLC1A6,5,0.500406834825061,0.02673083117017204,0.0
ENSG00000100209,HSCB,5,0.500406834825061,0.026437961354845524,0.0
ENSG00000100296,THOC5,5,0.500406834825061,0.026437961354845524,0.0
ENSG00000100284,TOM1,5,0.5003525901817196,0.023312539316736682,0.0
ENSG00000100280,AP1B1,5,0.500406834825061,0.026437961354845524,0.0
ENSG00000100266,PACSIN2,5,0.500406834825061,0.02673083117017204,0.0
ENSG00000100263,RHBDD3,5,0.5003525901817196,0.023312539316736682,0.0
ENSG00000100226,GTPBP1,5,0.5001627339300246,0.021503657160588774,0.004405286343612335
ENSG00000100220,RTCB,5,0.5001627339300246,0.021516014573189544,0.004366812227074236
ENSG00000100219,XBP1,5,0.500406834825061,0.02673083117017204,0.0
ENSG00000100216,TOMM22,5,0.500406834825061,0.02673083117017204,0.0
ENSG00000100207,TCF20,5,0.5001627339300246,0.021516014573189544,0.004366812227074236
ENSG00000100304,TTLL12,5,0.500406834825061,0.026578650495061102,0.0
ENSG00000100206,DMC1,5,0.500406834825061,0.023723110375495814,0.0
ENSG00000100167,SEPTIN3,5,0.500406834825061,0.023430240560169298,0.0
ENSG00000100162,CENPM,5,0.5001627339300246,0.02152442658310508,0.004273504273504274
ENSG00000100150,DEPDC5,5,0.500406834825061,0.023430240560169298,0.0
ENSG00000100147,CCDC134,5,0.5001627339300246,0.02152442658310508,0.004273504273504274
ENSG00000100138,SNU13,5,0.500406834825061,0.026578650495061102,0.0
ENSG00000100129,EIF3L,5,0.500406834825061,0.02673083117017204,0.0
ENSG00000100116,GCAT,5,0.500406834825061,0.026578650495061102,0.0
ENSG00000100109,TFIP11,5,0.500406834825061,0.02673083117017204,0.0
ENSG00000100297,MCM5,5,0.500406834825061,0.02673083117017204,0.0
ENSG00000100316,RPL3,5,0.5001627339300246,0.021516014573189544,0.004366812227074236
ENSG00000100104,SRRD,5,0.500406834825061,0.026578650495061102,0.0
ENSG00000100393,EP300,5,0.500406834825061,0.02673083117017204,0.0
ENSG00000100426,ZBED4,5,0.500406834825061,0.023723110375495814,0.0
ENSG00000100418,DESI1,5,0.500406834825061,0.026437961354845524,0.0
ENSG00000100416,TRMU,5,0.500406834825061,0.02673083117017204,0.0
ENSG00000100413,POLR3H,5,0.500406834825061,0.026437961354845524,0.0
ENSG00000100412,ACO2,5,0.5003525901817196,0.023312539316736682,0.0
ENSG00000100410,PHF5A,5,0.500406834825061,0.02673083117017204,0.0
ENSG00000100403,ZC3H7B,5,0.500406834825061,0.026578650495061102,0.0
ENSG00000100401,RANGAP1,5,0.4978030919446728,0.01541737596855485,0.07384972185731199
ENSG00000100395,L3MBTL2,5,0.500406834825061,0.026578650495061102,0.0
ENSG00000100380,ST13,5,0.5001627339300246,0.021503657160588774,0.004405286343612335
ENSG00000100325,ASCC2,5,0.500406834825061,0.026437961354845524,0.0
ENSG00000100372,SLC25A17,5,0.500406834825061,0.026437961354845524,0.0
ENSG00000100364,KIAA0930,5,0.500406834825061,0.026578650495061102,0.0
ENSG00000100353,EIF3D,5,0.500406834825061,0.02673083117017204,0.0
ENSG00000100350,FOXRED2,5,0.500406834825061,0.026578650495061102,0.0
ENSG00000100348,TXN2,5,0.500406834825061,0.026437961354845524,0.0
ENSG00000100347,SAMM50,5,0.500406834825061,0.026578650495061102,0.0
ENSG00000100345,MYH9,5,0.4977759696230021,0.015318195835767769,0.22662750856583455
ENSG00000100344,PNPLA3,5,0.500406834825061,0.02673083117017204,0.0
ENSG00000100335,MIEF1,5,0.500406834825061,0.026437961354845524,0.0
ENSG00000100105,PATZ1,5,0.500406834825061,0.026437961354845524,0.0
ENSG00000100101,ENSG00000100101,5,0.500406834825061,0.026578650495061102,0.0
ENSG00000100442,FKBP3,5,0.500406834825061,0.02673083117017204,0.0
ENSG00000099290,WASHC2A,5,0.5003525901817196,0.023312539316736682,0.0
ENSG00000099795,NDUFB7,5,0.500406834825061,0.026578650495061102,0.0
ENSG00000099783,HNRNPM,5,0.500406834825061,0.02673083117017204,0.0
ENSG00000099624,ATP5F1D,5,0.500406834825061,0.026437961354845524,0.0
ENSG00000099381,SETD1A,5,0.500406834825061,0.02673083117017204,0.0
ENSG00000099365,STX1B,5,0.500406834825061,0.02673083117017204,0.0
ENSG00000099364,FBXL19,5,0.500406834825061,0.02673083117017204,0.0
ENSG00000099341,PSMD8,5,0.500406834825061,0.02673083117017204,0.0
ENSG00000099337,KCNK6,5,0.500406834825061,0.026578650495061102,0.0
ENSG00000099331,MYO9B,5,0.5003525901817196,0.023312539316736682,0.0
ENSG00000097021,ACOT7,5,0.500406834825061,0.02673083117017204,0.0
ENSG00000099804,CDC34,5,0.500406834825061,0.026437961354845524,0.0
ENSG00000097007,ABL1,5,0.49739625711961216,0.017163634442352627,0.012345679012345678
ENSG00000096717,SIRT1,5,0.500406834825061,0.02673083117017204,0.0
ENSG00000096696,DSP,5,0.5001627339300246,0.021503657160588774,0.004405286343612335
ENSG00000096433,ITPR3,5,0.500406834825061,0.026437961354845524,0.0
ENSG00000096384,HSP90AB1,5,0.5001627339300246,0.021516014573189544,0.004366812227074236
ENSG00000096080,MRPS18A,5,0.500406834825061,0.026437961354845524,0.0
ENSG00000096070,BRPF3,5,0.500406834825061,0.026578650495061102,0.0
ENSG00000096063,SRPK1,5,0.5001627339300246,0.021405281775118672,0.010752688172043012
ENSG00000096060,FKBP5,5,0.500406834825061,0.026578650495061102,0.0
ENSG00000099800,TIMM13,5,0.500406834825061,0.026578650495061102,0.0
ENSG00000099810,MTAP,5,0.500406834825061,0.026437961354845524,0.0
ENSG00000100092,SH3BP1,5,0.500406834825061,0.02673083117017204,0.0
ENSG00000100028,SNRPD3,5,0.500406834825061,0.026578650495061102,0.0
ENSG00000100084,HIRA,5,0.5003525901817196,0.023312539316736682,0.0
ENSG00000100078,PLA2G3,5,0.5001627339300246,0.021503657160588774,0.004405286343612335
ENSG00000100075,SLC25A1,5,0.500406834825061,0.02673083117017204,0.0
ENSG00000100068,LRP5L,5,0.500406834825061,0.026437961354845524,0.0
ENSG00000100065,CARD10,5,0.500406834825061,0.02673083117017204,0.0
ENSG00000100056,ESS2,5,0.500406834825061,0.026578650495061102,0.0
ENSG00000100038,TOP3B,5,0.500406834825061,0.02673083117017204,0.0
ENSG00000100034,PPM1F,5,0.500406834825061,0.026437961354845524,0.0
ENSG00000100029,PES1,5,0.500406834825061,0.026437961354845524,0.0
ENSG00000100023,PPIL2,5,0.500406834825061,0.026578650495061102,0.0
ENSG00000099814,CEP170B,5,0.500406834825061,0.026578650495061102,0.0
ENSG00000099995,SF3A1,5,0.500406834825061,0.02673083117017204,0.0
ENSG00000099977,DDT,5,0.500406834825061,0.026578650495061102,0.0
ENSG00000099954,CECR2,5,0.500406834825061,0.023723110375495814,0.0
ENSG00000099942,CRKL,5,0.5001627339300246,0.021503657160588774,0.004405286343612335
ENSG00000099901,RANBP1,5,0.500406834825061,0.02673083117017204,0.0
ENSG00000099899,TRMT2A,5,0.500406834825061,0.026437961354845524,0.0
ENSG00000099875,MKNK2,5,0.500406834825061,0.02673083117017204,0.0
ENSG00000099821,POLRMT,5,0.500406834825061,0.02673083117017204,0.0
ENSG00000099817,POLR2E,5,0.500406834825061,0.02673083117017204,0.0
ENSG00000100439,ABHD4,5,0.500406834825061,0.026437961354845524,0.0
ENSG00000100462,PRMT5,5,0.500406834825061,0.026578650495061102,0.0
ENSG00000101445,PPP1R16B,5,0.500406834825061,0.02673083117017204,0.0
ENSG00000101146,RAE1,5,0.500406834825061,0.02673083117017204,0.0
ENSG00000101194,SLC17A9,5,0.500406834825061,0.026578650495061102,0.0
ENSG00000101193,GID8,5,0.500406834825061,0.026578650495061102,0.0
ENSG00000101191,DIDO1,5,0.500406834825061,0.026578650495061102,0.0
ENSG00000101189,MRGBP,5,0.500406834825061,0.026578650495061102,0.0
ENSG00000101187,SLCO4A1,5,0.500406834825061,0.026578650495061102,0.0
ENSG00000101182,PSMA7,5,0.500406834825061,0.02673083117017204,0.0
ENSG00000101166,PRELID3B,5,0.500406834825061,0.02673083117017204,0.0
ENSG00000101161,PRPF6,5,0.500406834825061,0.026578650495061102,0.0
ENSG00000101150,TPD52L2,5,0.500406834825061,0.026437961354845524,0.0
ENSG00000101138,CSTF1,5,0.500406834825061,0.02673083117017204,0.0
ENSG00000101220,ADISSP,5,0.500406834825061,0.026578650495061102,0.0
ENSG00000101132,PFDN4,5,0.500406834825061,0.02673083117017204,0.0
ENSG00000101115,SALL4,5,0.5001627339300246,0.021516014573189544,0.004366812227074236
ENSG00000101109,STK4,5,0.500406834825061,0.02673083117017204,0.0
ENSG00000101104,PABPC1L,5,0.5001627339300246,0.021516014573189544,0.004366812227074236
ENSG00000101098,RIMS4,5,0.500406834825061,0.026437961354845524,0.0
ENSG00000101084,RAB5IF,5,0.500406834825061,0.02673083117017204,0.0
ENSG00000101079,NDRG3,5,0.5003525901817196,0.023312539316736682,0.0
ENSG00000101057,MYBL2,5,0.500406834825061,0.02673083117017204,0.0
ENSG00000101040,ZMYND8,5,0.500406834825061,0.02673083117017204,0.0
ENSG00000101199,ARFGAP1,5,0.5001627339300246,0.021516014573189544,0.004366812227074236
ENSG00000101247,NDUFAF5,5,0.5003525901817196,0.023312539316736682,0.0
ENSG00000101003,GINS1,5,0.5001627339300246,0.021344151978307555,0.024390243902439025
ENSG00000101361,NOP56,5,0.500406834825061,0.02673083117017204,0.0
ENSG00000101444,AHCY,5,0.500406834825061,0.02673083117017204,0.0
ENSG00000101443,WFDC2,5,0.500406834825061,0.026578650495061102,0.0
ENSG00000101442,ACTR5,5,0.500406834825061,0.026578650495061102,0.0
ENSG00000101421,CHMP4B,5,0.5003525901817196,0.023312539316736682,0.0
ENSG00000101412,E2F1,5,0.500406834825061,0.02673083117017204,0.0
ENSG00000101407,TTI1,5,0.5001627339300246,0.021503657160588774,0.004405286343612335
ENSG00000101391,CDK5RAP1,5,0.500406834825061,0.026437961354845524,0.0
ENSG00000101367,MAPRE1,5,0.5001627339300246,0.021405281775118672,0.010752688172043012
ENSG00000101365,IDH3B,5,0.500406834825061,0.026437961354845524,0.0
ENSG00000101350,KIF3B,5,0.5003525901817196,0.023312539316736682,0.0
ENSG00000101266,CSNK2A1,5,0.5001627339300246,0.021516014573189544,0.004366812227074236
ENSG00000101347,SAMHD1,5,0.500406834825061,0.026437961354845524,0.0
ENSG00000101346,POFUT1,5,0.5003525901817196,0.023312539316736682,0.0
ENSG00000101343,CRNKL1,5,0.500406834825061,0.026437961354845524,0.0
ENSG00000101335,MYL9,5,0.5001627339300246,0.021516014573189544,0.004366812227074236
ENSG00000101311,FERMT1,5,0.500406834825061,0.026578650495061102,0.0
ENSG00000101310,SEC23B,5,0.500406834825061,0.02673083117017204,0.0
ENSG00000101298,SNPH,5,0.500406834825061,0.023430240560169298,0.0
ENSG00000101294,HM13,5,0.500406834825061,0.026437961354845524,0.0
ENSG00000101282,RSPO4,5,0.500406834825061,0.026437961354845524,0.0
ENSG00000101017,CD40,5,0.500406834825061,0.02673083117017204,0.0
ENSG00000101000,PROCR,5,0.500406834825061,0.026437961354845524,0.0
ENSG00000100473,COCH,5,0.500406834825061,0.023723110375495814,0.0
ENSG00000100591,AHSA1,5,0.500406834825061,0.026578650495061102,0.0
ENSG00000100664,EIF5,5,0.500406834825061,0.02673083117017204,0.0
ENSG00000100644,HIF1A,5,0.5001627339300246,0.021503657160588774,0.004405286343612335
ENSG00000100632,ERH,5,0.5001627339300246,0.02152442658310508,0.004273504273504274
ENSG00000100625,SIX4,5,0.500406834825061,0.02673083117017204,0.0
ENSG00000100605,ITPK1,5,0.500406834825061,0.026437961354845524,0.0
ENSG00000100604,CHGA,5,0.500406834825061,0.026437961354845524,0.0
ENSG00000100603,SNW1,5,0.500406834825061,0.02673083117017204,0.0
ENSG00000100601,ALKBH1,5,0.5003525901817196,0.023312539316736682,0.0
ENSG00000100596,SPTLC2,5,0.5003525901817196,0.023312539316736682,0.0
ENSG00000100575,TIMM9,5,0.500406834825061,0.026578650495061102,0.0
ENSG00000100726,TELO2,5,0.500406834825061,0.026578650495061102,0.0
ENSG00000100568,VTI1B,5,0.5001627339300246,0.021405281775118672,0.010752688172043012
ENSG00000100567,PSMA3,5,0.500406834825061,0.026578650495061102,0.0
ENSG00000100554,ATP6V1D,5,0.5003525901817196,0.023312539316736682,0.0
ENSG00000100528,CNIH1,5,0.5001627339300246,0.021516014573189544,0.004366812227074236
ENSG00000100522,GNPNAT1,5,0.500406834825061,0.02673083117017204,0.0
ENSG00000100519,PSMC6,5,0.500406834825061,0.02673083117017204,0.0
ENSG00000100504,PYGL,5,0.500406834825061,0.02358242123528024,0.037037037037037035
ENSG00000100483,VCPKMT,5,0.500406834825061,0.026578650495061102,0.0
ENSG00000100478,AP4S1,5,0.5003525901817196,0.023312539316736682,0.0
ENSG00000100714,MTHFD1,5,0.500406834825061,0.026578650495061102,0.0
ENSG00000100744,GSKIP,5,0.500406834825061,0.02673083117017204,0.0
ENSG00000100997,ABHD12,5,0.5001627339300246,0.021516014573189544,0.004366812227074236
ENSG00000100888,CHD8,5,0.500406834825061,0.026578650495061102,0.0
ENSG00000100979,PLTP,5,0.49739625711961216,0.017163634442352627,0.012345679012345678
ENSG00000100941,PNN,5,0.500406834825061,0.02673083117017204,0.0
ENSG00000100938,GMPR2,5,0.500406834825061,0.026437961354845524,0.0
ENSG00000100911,PSME2,5,0.500406834825061,0.026578650495061102,0.0
ENSG00000100906,NFKBIA,5,0.500406834825061,0.026578650495061102,0.0
ENSG00000100902,PSMA6,5,0.500406834825061,0.02673083117017204,0.0
ENSG00000100897,DCAF11,5,0.500406834825061,0.02673083117017204,0.0
ENSG00000100890,PRORP,5,0.5003525901817196,0.023312539316736682,0.0
ENSG00000100889,PCK2,5,0.500406834825061,0.026578650495061102,0.0
ENSG00000100883,SRP54,5,0.500406834825061,0.02673083117017204,0.0
ENSG00000100764,PSMC1,5,0.500406834825061,0.02673083117017204,0.0
ENSG00000100865,CINP,5,0.500406834825061,0.026437961354845524,0.0
ENSG00000100836,PABPN1,5,0.5001627339300246,0.02152442658310508,0.004273504273504274
ENSG00000100823,APEX1,5,0.500406834825061,0.026437961354845524,0.0
ENSG00000100814,CCNB1IP1,5,0.500406834825061,0.02673083117017204,0.0
ENSG00000100813,ACIN1,5,0.500406834825061,0.02673083117017204,0.0
ENSG00000100811,YY1,5,0.500406834825061,0.02673083117017204,0.0
ENSG00000100804,PSMB5,5,0.500406834825061,0.02673083117017204,0.0
ENSG00000100796,PPP4R3A,5,0.500406834825061,0.02673083117017204,0.0
ENSG00000100767,PAPLN,5,0.500406834825061,0.026437961354845524,0.0
ENSG00000105137,SYDE1,5,0.500406834825061,0.02673083117017204,0.0
ENSG00000105171,POP4,5,0.500406834825061,0.026437961354845524,0.0
ENSG00000095777,MYO3A,5,0.47957689178195545,0.010979521787141476,0.2003798670465337
ENSG00000110148,CCKBR,5,0.5001627339300246,0.021516014573189544,0.004366812227074236
ENSG00000110514,MADD,5,0.500406834825061,0.023430240560169298,0.0
ENSG00000110442,COMMD9,5,0.5003525901817196,0.023312539316736682,0.0
ENSG00000110400,NECTIN1,5,0.500406834825061,0.023430240560169298,0.0
ENSG00000110395,CBL,5,0.5001627339300246,0.02152442658310508,0.004273504273504274
ENSG00000110367,DDX6,5,0.4978030919446728,0.01541737596855485,0.07384972185731199
ENSG00000110344,UBE4A,5,0.500406834825061,0.026578650495061102,0.0
ENSG00000110218,PANX1,5,0.500406834825061,0.026578650495061102,0.0
ENSG00000110200,ANAPC15,5,0.500406834825061,0.026578650495061102,0.0
ENSG00000110172,CHORDC1,5,0.500406834825061,0.02673083117017204,0.0
ENSG00000110107,PRPF19,5,0.500406834825061,0.026578650495061102,0.0
ENSG00000110583,NAA40,5,0.500406834825061,0.026578650495061102,0.0
ENSG00000110104,CCDC86,5,0.500406834825061,0.026578650495061102,0.0
ENSG00000110090,CPT1A,5,0.500406834825061,0.026437961354845524,0.0
ENSG00000110080,ST3GAL4,5,0.500406834825061,0.026578650495061102,0.0
ENSG00000110074,FOXRED1,5,0.500406834825061,0.02673083117017204,0.0
ENSG00000110063,DCPS,5,0.500406834825061,0.02673083117017204,0.0
ENSG00000110060,PUS3,5,0.500406834825061,0.026437961354845524,0.0
ENSG00000110048,OSBP,5,0.500406834825061,0.02673083117017204,0.0
ENSG00000110047,EHD1,5,0.500406834825061,0.026578650495061102,0.0
ENSG00000110046,ATG2A,5,0.500406834825061,0.026437961354845524,0.0
ENSG00000110536,PTPMT1,5,0.500406834825061,0.02673083117017204,0.0
ENSG00000110619,CARS1,5,0.500406834825061,0.026578650495061102,0.0
ENSG00000109971,HSPA8,5,0.500406834825061,0.026578650495061102,0.0
ENSG00000110888,CAPRIN2,5,0.500406834825061,0.02673083117017204,0.0
ENSG00000111087,GLI1,5,0.5003525901817196,0.023312539316736682,0.0
ENSG00000111077,TNS2,5,0.49739625711961216,0.017163634442352627,0.012345679012345678
ENSG00000111057,KRT18,5,0.500406834825061,0.026578650495061102,0.0
ENSG00000110958,PTGES3,5,0.5001627339300246,0.02152442658310508,0.004273504273504274
ENSG00000110955,ATP5F1B,5,0.500406834825061,0.026578650495061102,0.0
ENSG00000110931,CAMKK2,5,0.500406834825061,0.023430240560169298,0.0
ENSG00000110917,MLEC,5,0.500406834825061,0.026578650495061102,0.0
ENSG00000110911,SLC11A2,5,0.500406834825061,0.026578650495061102,0.0
ENSG00000110906,KCTD10,5,0.500406834825061,0.026437961354845524,0.0
ENSG00000110786,PTPN5,5,0.500406834825061,0.023430240560169298,0.0
ENSG00000110651,CD81,5,0.500406834825061,0.026437961354845524,0.0
ENSG00000110768,GTF2H1,5,0.5003525901817196,0.023312539316736682,0.0
ENSG00000110756,HPS5,5,0.500406834825061,0.02673083117017204,0.0
ENSG00000110723,EXPH5,5,0.5001627339300246,0.02152442658310508,0.004273504273504274
ENSG00000110719,TCIRG1,5,0.500406834825061,0.02673083117017204,0.0
ENSG00000110717,NDUFS8,5,0.500406834825061,0.026437961354845524,0.0
ENSG00000110713,NUP98,5,0.4977759696230021,0.01535624617174373,0.06712528663748175
ENSG00000110700,RPS13,5,0.500406834825061,0.02673083117017204,0.0
ENSG00000110696,C11orf58,5,0.500406834825061,0.026437961354845524,0.0
ENSG00000110660,SLC35F2,5,0.500406834825061,0.026437961354845524,0.0
ENSG00000110025,SNX15,5,0.500406834825061,0.02673083117017204,0.0
ENSG00000109956,B3GAT1,5,0.500406834825061,0.026578650495061102,0.0
ENSG00000111142,METAP2,5,0.500406834825061,0.02673083117017204,0.0
ENSG00000108950,FAM20A,5,0.500406834825061,0.026437961354845524,0.0
ENSG00000109107,ALDOC,5,0.500406834825061,0.02673083117017204,0.0
ENSG00000109089,CDR2L,5,0.500406834825061,0.026578650495061102,0.0
ENSG00000109084,TMEM97,5,0.4977759696230021,0.015351548424270929,0.03535766729599329
ENSG00000109066,TMEM104,5,0.500406834825061,0.026437961354845524,0.0
ENSG00000109065,NAT9,5,0.500406834825061,0.02673083117017204,0.0
ENSG00000109063,MYH3,5,0.500406834825061,0.026437961354845524,0.0
ENSG00000109062,NHERF1,5,0.5003525901817196,0.023312539316736682,0.0
ENSG00000108963,DPH1,5,0.5003525901817196,0.023312539316736682,0.0
ENSG00000108961,RANGRF,5,0.500406834825061,0.02673083117017204,0.0
ENSG00000108883,EFTUD2,5,0.500406834825061,0.02673083117017204,0.0
ENSG00000109113,RAB34,5,0.500406834825061,0.026578650495061102,0.0
ENSG00000108852,MPP2,5,0.500406834825061,0.026437961354845524,0.0
ENSG00000108830,RND2,5,0.5003525901817196,0.023312539316736682,0.0
ENSG00000108829,LRRC59,5,0.500406834825061,0.02673083117017204,0.0
ENSG00000108828,VAT1,5,0.500406834825061,0.026437961354845524,0.0
ENSG00000108826,MRPL27,5,0.500406834825061,0.026578650495061102,0.0
ENSG00000108788,MLX,5,0.500406834825061,0.026437961354845524,0.0
ENSG00000108784,NAGLU,5,0.500406834825061,0.026437961354845524,0.0
ENSG00000108774,RAB5C,5,0.500406834825061,0.026578650495061102,0.0
ENSG00000108773,KAT2A,5,0.500406834825061,0.026578650495061102,0.0
ENSG00000109111,SUPT6H,5,0.500406834825061,0.026437961354845524,0.0
ENSG00000109118,PHF12,5,0.500406834825061,0.026578650495061102,0.0
ENSG00000109929,SC5D,5,0.5001627339300246,0.021503657160588774,0.004405286343612335
ENSG00000109625,CPZ,5,0.500406834825061,0.026437961354845524,0.0
ENSG00000109919,MTCH2,5,0.500406834825061,0.026578650495061102,0.0
ENSG00000109917,ZPR1,5,0.500406834825061,0.02673083117017204,0.0
ENSG00000109861,CTSC,5,0.5003525901817196,0.023312539316736682,0.0
ENSG00000109854,HTATIP2,5,0.500406834825061,0.02673083117017204,0.0
ENSG00000109832,DDX25,5,0.500406834825061,0.026437961354845524,0.0
ENSG00000109814,UGDH,5,0.500406834825061,0.026437961354845524,0.0
ENSG00000109794,FAM149A,5,0.5001627339300246,0.021516014573189544,0.004366812227074236
ENSG00000109736,MFSD10,5,0.5003525901817196,0.023312539316736682,0.0
ENSG00000109686,SH3D19,5,0.5003525901817196,0.023312539316736682,0.0
ENSG00000109606,DHX15,5,0.5001627339300246,0.021516014573189544,0.004366812227074236
ENSG00000109133,TMEM33,5,0.500406834825061,0.026578650495061102,0.0
ENSG00000109586,GALNT7,5,0.5003525901817196,0.023312539316736682,0.0
ENSG00000109534,GAR1,5,0.500406834825061,0.026437961354845524,0.0
ENSG00000109519,GRPEL1,5,0.500406834825061,0.026437961354845524,0.0
ENSG00000109501,WFS1,5,0.500406834825061,0.026578650495061102,0.0
ENSG00000109475,RPL34,5,0.500406834825061,0.02673083117017204,0.0
ENSG00000109466,KLHL2,5,0.5001627339300246,0.021516014573189544,0.004366812227074236
ENSG00000109390,NDUFC1,5,0.500406834825061,0.02673083117017204,0.0
ENSG00000109323,MANBA,5,0.5001627339300246,0.021516014573189544,0.004366812227074236
ENSG00000109180,OCIAD1,5,0.5001627339300246,0.021516014573189544,0.004366812227074236
ENSG00000111110,PPM1H,5,0.5003525901817196,0.023312539316736682,0.0
ENSG00000111144,LTA4H,5,0.500406834825061,0.026437961354845524,0.0
ENSG00000108679,LGALS3BP,5,0.49739625711961216,0.017163634442352627,0.012345679012345678
ENSG00000112159,MDN1,5,0.500406834825061,0.026437961354845524,0.0
ENSG00000112304,ACOT13,5,0.500406834825061,0.026437961354845524,0.0
ENSG00000112297,CRYBG1,5,0.500406834825061,0.026437961354845524,0.0
ENSG00000112293,GPLD1,5,0.500406834825061,0.02673083117017204,0.0
ENSG00000112242,E2F3,5,0.500406834825061,0.023723110375495814,0.0
ENSG00000112237,CCNC,5,0.500406834825061,0.026578650495061102,0.0
ENSG00000112232,KHDRBS2,5,0.5003525901817196,0.023312539316736682,0.0
ENSG00000112218,GPR63,5,0.5003525901817196,0.023312539316736682,0.0
ENSG00000112208,BAG2,5,0.500406834825061,0.02673083117017204,0.0
ENSG00000112164,GLP1R,5,0.500406834825061,0.026578650495061102,0.0
ENSG00000112146,FBXO9,5,0.500406834825061,0.026578650495061102,0.0
ENSG00000112308,C6orf62,5,0.500406834825061,0.026578650495061102,0.0
ENSG00000112137,PHACTR1,5,0.5003525901817196,0.023312539316736682,0.0
ENSG00000112130,RNF8,5,0.500406834825061,0.02673083117017204,0.0
ENSG00000112118,MCM3,5,0.500406834825061,0.02673083117017204,0.0
ENSG00000112110,MRPL18,5,0.500406834825061,0.02673083117017204,0.0
ENSG00000112081,SRSF3,5,0.500406834825061,0.02673083117017204,0.0
ENSG00000112039,FANCE,5,0.500406834825061,0.02673083117017204,0.0
ENSG00000112031,MTRF1L,5,0.500406834825061,0.026578650495061102,0.0
ENSG00000111962,UST,5,0.5003525901817196,0.023312539316736682,0.0
ENSG00000111913,RIPOR2,5,0.5003525901817196,0.023312539316736682,0.0
ENSG00000112306,RPS12,5,0.500406834825061,0.02673083117017204,0.0
ENSG00000112309,B3GAT2,5,0.500406834825061,0.026578650495061102,0.0
ENSG00000111906,HDDC2,5,0.500406834825061,0.026578650495061102,0.0
ENSG00000112651,MRPL2,5,0.500406834825061,0.026437961354845524,0.0
ENSG00000112787,FBRSL1,5,0.500406834825061,0.026437961354845524,0.0
ENSG00000112759,SLC29A1,5,0.500406834825061,0.026578650495061102,0.0
ENSG00000112739,PRP4K,5,0.500406834825061,0.02673083117017204,0.0
ENSG00000112715,VEGFA,5,0.5001627339300246,0.021516014573189544,0.004366812227074236
ENSG00000112699,GMDS,5,0.5003525901817196,0.023312539316736682,0.0
ENSG00000112695,COX7A2,5,0.500406834825061,0.02673083117017204,0.0
ENSG00000112685,EXOC2,5,0.500406834825061,0.026578650495061102,0.0
ENSG00000112658,SRF,5,0.500406834825061,0.026578650495061102,0.0
ENSG00000112655,PTK7,5,0.500406834825061,0.026437961354845524,0.0
ENSG00000112578,BYSL,5,0.500406834825061,0.026578650495061102,0.0
ENSG00000112312,GMNN,5,0.5001627339300246,0.02152442658310508,0.004273504273504274
ENSG00000112562,SMOC2,5,0.500406834825061,0.026437961354845524,0.0
ENSG00000112559,MDFI,5,0.49739625711961216,0.017163634442352627,0.012345679012345678
ENSG00000112514,CUTA,5,0.500406834825061,0.026437961354845524,0.0
ENSG00000112473,SLC39A7,5,0.500406834825061,0.026578650495061102,0.0
ENSG00000112425,EPM2A,5,0.5003525901817196,0.023312539316736682,0.0
ENSG00000112379,ARFGEF3,5,0.500406834825061,0.026437961354845524,0.0
ENSG00000112378,PERP,5,0.500406834825061,0.026437961354845524,0.0
ENSG00000112365,ZBTB24,5,0.500406834825061,0.026578650495061102,0.0
ENSG00000112339,HBS1L,5,0.5001627339300246,0.02152442658310508,0.004273504273504274
ENSG00000111912,NCOA7,5,0.5003525901817196,0.023312539316736682,0.0
ENSG00000111875,ASF1A,5,0.500406834825061,0.026578650495061102,0.0
ENSG00000111145,ELK3,5,0.5003525901817196,0.023312539316736682,0.0
ENSG00000111328,CDK2AP1,5,0.5003525901817196,0.023312539316736682,0.0
ENSG00000111615,KRR1,5,0.500406834825061,0.02673083117017204,0.0
ENSG00000111602,TIMELESS,5,0.5001627339300246,0.02152442658310508,0.004273504273504274
ENSG00000111581,NUP107,5,0.4977759696230021,0.01533547674922743,0.09546219691271804
ENSG00000111445,RFC5,5,0.5001627339300246,0.02152442658310508,0.004273504273504274
ENSG00000111412,SPRING1,5,0.500406834825061,0.026578650495061102,0.0
ENSG00000111371,SLC38A1,5,0.500406834825061,0.02673083117017204,0.0
ENSG00000111364,DDX55,5,0.500406834825061,0.026578650495061102,0.0
ENSG00000111361,EIF2B1,5,0.500406834825061,0.02437996670267037,0.0
ENSG00000111358,GTF2H3,5,0.500406834825061,0.026437961354845524,0.0
ENSG00000111319,SCNN1A,5,0.500406834825061,0.026578650495061102,0.0
ENSG00000111640,GAPDH,5,0.5001627339300246,0.021516014573189544,0.004366812227074236
ENSG00000111300,NAA25,5,0.500406834825061,0.02673083117017204,0.0
ENSG00000111266,DUSP16,5,0.500406834825061,0.02673083117017204,0.0
ENSG00000111252,SH2B3,5,0.500406834825061,0.02673083117017204,0.0
ENSG00000111249,CUX2,5,0.5003525901817196,0.023312539316736682,0.0
ENSG00000111231,GPN3,5,0.5001627339300246,0.02152442658310508,0.004273504273504274
ENSG00000111229,ARPC3,5,0.500406834825061,0.026578650495061102,0.0
ENSG00000111206,FOXM1,5,0.4978030919446728,0.01541737596855485,0.07384972185731199
ENSG00000111203,ITFG2,5,0.500406834825061,0.023723110375495814,0.0
ENSG00000111196,MAGOHB,5,0.500406834825061,0.02673083117017204,0.0
ENSG00000111639,MRPL51,5,0.500406834825061,0.02673083117017204,0.0
ENSG00000111641,NOP2,5,0.500406834825061,0.026578650495061102,0.0
ENSG00000111846,GCNT2,5,0.500406834825061,0.026437961354845524,0.0
ENSG00000111725,PRKAB1,5,0.500406834825061,0.02673083117017204,0.0
ENSG00000111845,PAK1IP1,5,0.500406834825061,0.026578650495061102,0.0
ENSG00000111832,RWDD1,5,0.500406834825061,0.026578650495061102,0.0
ENSG00000111802,TDP2,5,0.500406834825061,0.026578650495061102,0.0
ENSG00000111786,SRSF9,5,0.500406834825061,0.02673083117017204,0.0
ENSG00000111780,ENSG00000111780,5,0.500406834825061,0.026578650495061102,0.0
ENSG00000111775,COX6A1,5,0.500406834825061,0.02673083117017204,0.0
ENSG00000111752,PHC1,5,0.500406834825061,0.026437961354845524,0.0
ENSG00000111737,RAB35,5,0.500406834825061,0.026578650495061102,0.0
ENSG00000111726,CMAS,5,0.500406834825061,0.02673083117017204,0.0
ENSG00000111716,LDHB,5,0.500406834825061,0.02673083117017204,0.0
ENSG00000111652,COPS7A,5,0.500406834825061,0.026578650495061102,0.0
ENSG00000111707,SUDS3,5,0.500406834825061,0.02673083117017204,0.0
ENSG00000111704,NANOG,5,0.500406834825061,0.026578650495061102,0.0
ENSG00000111696,NT5DC3,5,0.500406834825061,0.026578650495061102,0.0
ENSG00000111684,LPCAT3,5,0.500406834825061,0.023430240560169298,0.0
ENSG00000111679,PTPN6,5,0.500406834825061,0.026437961354845524,0.0
ENSG00000111678,C12orf57,5,0.500406834825061,0.02673083117017204,0.0
ENSG00000111670,GNPTAB,5,0.500406834825061,0.026578650495061102,0.0
ENSG00000111669,TPI1,5,0.500406834825061,0.02673083117017204,0.0
ENSG00000111667,USP5,5,0.500406834825061,0.026578650495061102,0.0
ENSG00000108684,ASIC2,5,0.500406834825061,0.026437961354845524,0.0
ENSG00000108671,PSMD11,5,0.500406834825061,0.02673083117017204,0.0
ENSG00000105173,CCNE1,5,0.500406834825061,0.026437961354845524,0.0
ENSG00000105701,FKBP8,5,0.500406834825061,0.026437961354845524,0.0
ENSG00000105750,ZNF85,5,0.5001627339300246,0.02152442658310508,0.004273504273504274
ENSG00000105738,SIPA1L3,5,0.5001627339300246,0.021516014573189544,0.004366812227074236
ENSG00000105737,GRIK5,5,0.5003525901817196,0.023312539316736682,0.0
ENSG00000105732,ZNF574,5,0.500406834825061,0.02673083117017204,0.0
ENSG00000105726,ATP13A1,5,0.500406834825061,0.026578650495061102,0.0
ENSG00000105723,GSK3A,5,0.500406834825061,0.026578650495061102,0.0
ENSG00000105722,ERF,5,0.5001627339300246,0.021516014573189544,0.004366812227074236
ENSG00000105707,HPN,5,0.500406834825061,0.026437961354845524,0.0
ENSG00000105705,SUGP1,5,0.500406834825061,0.02673083117017204,0.0
ENSG00000105700,KXD1,5,0.500406834825061,0.02673083117017204,0.0
ENSG00000105819,PMPCB,5,0.500406834825061,0.02673083117017204,0.0
ENSG00000105699,LSR,5,0.500406834825061,0.026437961354845524,0.0
ENSG00000105698,USF2,5,0.500406834825061,0.026437961354845524,0.0
ENSG00000105677,TMEM147,5,0.500406834825061,0.026437961354845524,0.0
ENSG00000105676,ARMC6,5,0.500406834825061,0.026578650495061102,0.0
ENSG00000105671,DDX49,5,0.500406834825061,0.026437961354845524,0.0
ENSG00000105669,COPE,5,0.500406834825061,0.02673083117017204,0.0
ENSG00000105656,ELL,5,0.500406834825061,0.026578650495061102,0.0
ENSG00000105647,PIK3R2,5,0.500406834825061,0.026578650495061102,0.0
ENSG00000105640,RPL18A,5,0.500406834825061,0.02673083117017204,0.0
ENSG00000105755,ETHE1,5,0.500406834825061,0.026578650495061102,0.0
ENSG00000105821,DNAJC2,5,0.500406834825061,0.026578650495061102,0.0
ENSG00000105618,PRPF31,5,0.500406834825061,0.026578650495061102,0.0
ENSG00000106066,CPVL,5,0.5001627339300246,0.021516014573189544,0.004366812227074236
ENSG00000106244,PDAP1,5,0.500406834825061,0.02673083117017204,0.0
ENSG00000106236,NPTX2,5,0.500406834825061,0.026578650495061102,0.0
ENSG00000106123,EPHB6,5,0.5003525901817196,0.023312539316736682,0.0
ENSG00000106105,GARS1,5,0.500406834825061,0.026578650495061102,0.0
ENSG00000106089,STX1A,5,0.500406834825061,0.02673083117017204,0.0
ENSG00000106080,FKBP14,5,0.500406834825061,0.026437961354845524,0.0
ENSG00000106078,COBL,5,0.500406834825061,0.026437961354845524,0.0
ENSG00000106077,ABHD11,5,0.500406834825061,0.026578650495061102,0.0
ENSG00000106069,CHN2,5,0.49739625711961216,0.017124981046396103,0.04
ENSG00000106028,SSBP1,5,0.500406834825061,0.02673083117017204,0.0
ENSG00000105825,TFPI2,5,0.5001627339300246,0.021405281775118672,0.010752688172043012
ENSG00000105993,DNAJB6,5,0.500406834825061,0.026578650495061102,0.0
ENSG00000105976,MET,5,0.500406834825061,0.02673083117017204,0.0
ENSG00000105963,ADAP1,5,0.500406834825061,0.02673083117017204,0.0
ENSG00000105939,ZC3HAV1,5,0.500406834825061,0.026578650495061102,0.0
ENSG00000105926,PALS2,5,0.500406834825061,0.026578650495061102,0.0
ENSG00000105889,STEAP1B,5,0.500406834825061,0.026437961354845524,0.0
ENSG00000105887,MTPN,5,0.5001627339300246,0.021516014573189544,0.004366812227074236
ENSG00000105849,POLR1F,5,0.500406834825061,0.026437961354845524,0.0
ENSG00000105835,NAMPT,5,0.5001627339300246,0.021516014573189544,0.004366812227074236
ENSG00000105619,TFPT,5,0.500406834825061,0.026437961354845524,0.0
ENSG00000105617,LENG1,5,0.500406834825061,0.026437961354845524,0.0
ENSG00000106246,PTCD1,5,0.500406834825061,0.02673083117017204,0.0
ENSG00000105255,FSD1,5,0.500406834825061,0.026578650495061102,0.0
ENSG00000105357,MYH14,5,0.500406834825061,0.02673083117017204,0.0
ENSG00000105341,DMAC2,5,0.500406834825061,0.02673083117017204,0.0
ENSG00000105323,HNRNPUL1,5,0.5001627339300246,0.02152442658310508,0.004273504273504274
ENSG00000105321,CCDC9,5,0.500406834825061,0.02673083117017204,0.0
ENSG00000105298,CACTIN,5,0.500406834825061,0.02673083117017204,0.0
ENSG00000105289,TJP3,5,0.500406834825061,0.026437961354845524,0.0
ENSG00000105287,PRKD2,5,0.500406834825061,0.026578650495061102,0.0
ENSG00000105281,SLC1A5,5,0.500406834825061,0.026578650495061102,0.0
ENSG00000105258,POLR2I,5,0.500406834825061,0.02673083117017204,0.0
ENSG00000105254,TBCB,5,0.500406834825061,0.026578650495061102,0.0
ENSG00000105372,RPS19,5,0.5001627339300246,0.021503657160588774,0.004405286343612335
ENSG00000105248,YJU2,5,0.500406834825061,0.026437961354845524,0.0
ENSG00000105229,PIAS4,5,0.500406834825061,0.026437961354845524,0.0
ENSG00000105221,AKT2,5,0.5001627339300246,0.021516014573189544,0.004366812227074236
ENSG00000105220,GPI,5,0.500406834825061,0.02673083117017204,0.0
ENSG00000105202,FBL,5,0.500406834825061,0.02673083117017204,0.0
ENSG00000105197,TIMM50,5,0.500406834825061,0.026578650495061102,0.0
ENSG00000105193,RPS16,5,0.5001627339300246,0.021516014573189544,0.004366812227074236
ENSG00000105186,ANKRD27,5,0.5001627339300246,0.021516014573189544,0.004366812227074236
ENSG00000105185,PDCD5,5,0.5001627339300246,0.021503657160588774,0.004405286343612335
ENSG00000105364,MRPL4,5,0.500406834825061,0.026578650495061102,0.0
ENSG00000105373,NOP53,5,0.500406834825061,0.02673083117017204,0.0
ENSG00000105613,MAST1,5,0.5003525901817196,0.023312539316736682,0.0
ENSG00000105499,PLA2G4C,5,0.500406834825061,0.026437961354845524,0.0
ENSG00000105612,DNASE2,5,0.500406834825061,0.02673083117017204,0.0
ENSG00000105607,GCDH,5,0.500406834825061,0.026437961354845524,0.0
ENSG00000105605,CACNG7,5,0.5003525901817196,0.023312539316736682,0.0
ENSG00000105583,WDR83OS,5,0.500406834825061,0.026437961354845524,0.0
ENSG00000105576,TNPO2,5,0.500406834825061,0.026578650495061102,0.0
ENSG00000105568,PPP2R1A,5,0.500406834825061,0.026437961354845524,0.0
ENSG00000105556,MIER2,5,0.500406834825061,0.02673083117017204,0.0
ENSG00000105518,TMEM205,5,0.500406834825061,0.026437961354845524,0.0
ENSG00000105514,RAB3D,5,0.5003525901817196,0.023312539316736682,0.0
ENSG00000105486,LIG1,5,0.5001627339300246,0.02152442658310508,0.004273504273504274
ENSG00000105379,ETFB,5,0.500406834825061,0.026578650495061102,0.0
ENSG00000105464,GRIN2D,5,0.5003525901817196,0.023312539316736682,0.0
ENSG00000105447,GRWD1,5,0.500406834825061,0.026437961354845524,0.0
ENSG00000105438,KDELR1,5,0.5003525901817196,0.023312539316736682,0.0
ENSG00000105409,ATP1A3,5,0.5003525901817196,0.023312539316736682,0.0
ENSG00000105404,RABAC1,5,0.500406834825061,0.026578650495061102,0.0
ENSG00000105402,NAPA,5,0.5003525901817196,0.023312539316736682,0.0
ENSG00000105401,CDC37,5,0.500406834825061,0.02673083117017204,0.0
ENSG00000105397,TYK2,5,0.500406834825061,0.026578650495061102,0.0
ENSG00000105393,BABAM1,5,0.500406834825061,0.02673083117017204,0.0
ENSG00000106245,BUD31,5,0.500406834825061,0.026578650495061102,0.0
ENSG00000106263,EIF3B,5,0.500406834825061,0.02673083117017204,0.0
ENSG00000108651,UTP6,5,0.500406834825061,0.026437961354845524,0.0
ENSG00000107902,LHPP,5,0.5003525901817196,0.023312539316736682,0.0
ENSG00000108091,CCDC6,5,0.500406834825061,0.026437961354845524,0.0
ENSG00000108064,TFAM,5,0.500406834825061,0.02673083117017204,0.0
ENSG00000108021,TASOR2,5,0.5003525901817196,0.023312539316736682,0.0
ENSG00000108010,GLRX3,5,0.500406834825061,0.02673083117017204,0.0
ENSG00000107951,MTPAP,5,0.500406834825061,0.02673083117017204,0.0
ENSG00000107949,BCCIP,5,0.500406834825061,0.026578650495061102,0.0
ENSG00000107938,EDRF1,5,0.500406834825061,0.02673083117017204,0.0
ENSG00000107937,GTPBP4,5,0.500406834825061,0.02673083117017204,0.0
ENSG00000107929,LARP4B,5,0.500406834825061,0.02673083117017204,0.0
ENSG00000107833,NPM3,5,0.500406834825061,0.026578650495061102,0.0
ENSG00000108106,UBE2S,5,0.4977759696230021,0.015351548424270929,0.03535766729599329
ENSG00000107816,LZTS2,5,0.500406834825061,0.02673083117017204,0.0
ENSG00000107815,TWNK,5,0.500406834825061,0.026437961354845524,0.0
ENSG00000107798,LIPA,5,0.500406834825061,0.023430240560169298,0.0
ENSG00000107789,MINPP1,5,0.500406834825061,0.026437961354845524,0.0
ENSG00000107779,BMPR1A,5,0.5003525901817196,0.023312539316736682,0.0
ENSG00000107731,UNC5B,5,0.5003525901817196,0.023312539316736682,0.0
ENSG00000107719,PALD1,5,0.500406834825061,0.026578650495061102,0.0
ENSG00000107651,SEC23IP,5,0.500406834825061,0.026578650495061102,0.0
ENSG00000107581,EIF3A,5,0.500406834825061,0.02673083117017204,0.0
ENSG00000108094,CUL2,5,0.500406834825061,0.02673083117017204,0.0
ENSG00000108107,RPL28,5,0.5001627339300246,0.021516014573189544,0.004366812227074236
ENSG00000107521,HPS1,5,0.5001627339300246,0.021516014573189544,0.004366812227074236
ENSG00000108518,PFN1,5,0.500406834825061,0.026578650495061102,0.0
ENSG00000108639,SYNGR2,5,0.500406834825061,0.026437961354845524,0.0
ENSG00000108604,SMARCD2,5,0.500406834825061,0.02673083117017204,0.0
ENSG00000108592,FTSJ3,5,0.500406834825061,0.026437961354845524,0.0
ENSG00000108591,DRG2,5,0.500406834825061,0.026437961354845524,0.0
ENSG00000108588,CCDC47,5,0.500406834825061,0.026578650495061102,0.0
ENSG00000108578,BLMH,5,0.500406834825061,0.02673083117017204,0.0
ENSG00000108561,C1QBP,5,0.500406834825061,0.026578650495061102,0.0
ENSG00000108528,SLC25A11,5,0.500406834825061,0.026437961354845524,0.0
ENSG00000108523,RNF167,5,0.500406834825061,0.026578650495061102,0.0
ENSG00000108469,RECQL5,5,0.500406834825061,0.026437961354845524,0.0
ENSG00000108179,PPIF,5,0.500406834825061,0.026578650495061102,0.0
ENSG00000108468,CBX1,5,0.5001627339300246,0.021405281775118672,0.010752688172043012
ENSG00000108424,KPNB1,5,0.500406834825061,0.02673083117017204,0.0
ENSG00000108395,TRIM37,5,0.500406834825061,0.026578650495061102,0.0
ENSG00000108349,CASC3,5,0.500406834825061,0.02673083117017204,0.0
ENSG00000108344,PSMD3,5,0.500406834825061,0.02673083117017204,0.0
ENSG00000108312,UBTF,5,0.5003525901817196,0.023312539316736682,0.0
ENSG00000108298,RPL19,5,0.5001627339300246,0.021516014573189544,0.004366812227074236
ENSG00000108262,GIT1,5,0.500406834825061,0.026578650495061102,0.0
ENSG00000108256,NUFIP2,5,0.5001627339300246,0.021503657160588774,0.004405286343612335
ENSG00000107562,CXCL12,5,0.500406834825061,0.026437961354845524,0.0
ENSG00000107443,CCNJ,5,0.500406834825061,0.026578650495061102,0.0
ENSG00000106266,SNX8,5,0.500406834825061,0.026437961354845524,0.0
ENSG00000106392,C1GALT1,5,0.500406834825061,0.026437961354845524,0.0
ENSG00000106609,TMEM248,5,0.500406834825061,0.02673083117017204,0.0
ENSG00000106605,BLVRA,5,0.500406834825061,0.02673083117017204,0.0
ENSG00000106591,MRPL32,5,0.500406834825061,0.026437961354845524,0.0
ENSG00000106588,PSMA2,5,0.500406834825061,0.02673083117017204,0.0
ENSG00000106554,CHCHD3,5,0.500406834825061,0.026578650495061102,0.0
ENSG00000106538,RARRES2,5,0.500406834825061,0.026578650495061102,0.0
ENSG00000106400,ZNHIT1,5,0.5003525901817196,0.023312539316736682,0.0
ENSG00000106399,RPA3,5,0.500406834825061,0.02673083117017204,0.0
ENSG00000106397,PLOD3,5,0.500406834825061,0.026578650495061102,0.0
ENSG00000106355,LSM5,5,0.5001627339300246,0.02152442658310508,0.004273504273504274
ENSG00000106635,BCL7B,5,0.500406834825061,0.02673083117017204,0.0
ENSG00000106351,AGFG2,5,0.500406834825061,0.023430240560169298,0.0
ENSG00000106348,IMPDH1,5,0.500406834825061,0.026578650495061102,0.0
ENSG00000106344,RBM28,5,0.500406834825061,0.02673083117017204,0.0
ENSG00000106333,PCOLCE,5,0.500406834825061,0.026578650495061102,0.0
ENSG00000106305,AIMP2,5,0.500406834825061,0.026578650495061102,0.0
ENSG00000106299,WASL,5,0.500406834825061,0.02673083117017204,0.0
ENSG00000106290,TAF6,5,0.500406834825061,0.02673083117017204,0.0
ENSG00000106278,PTPRZ1,5,0.5001627339300246,0.021503657160588774,0.004405286343612335
ENSG00000106268,NUDT1,5,0.500406834825061,0.02673083117017204,0.0
ENSG00000106624,AEBP1,5,0.500406834825061,0.02673083117017204,0.0
ENSG00000106636,YKT6,5,0.500406834825061,0.02673083117017204,0.0
ENSG00000107438,PDLIM1,5,0.500406834825061,0.02673083117017204,0.0
ENSG00000107130,NCS1,5,0.5001627339300246,0.021503657160588774,0.004405286343612335
ENSG00000107404,DVL1,5,0.500406834825061,0.02673083117017204,0.0
ENSG00000107362,ABHD17B,5,0.5001627339300246,0.021516014573189544,0.004366812227074236
ENSG00000107295,SH3GL2,5,0.500406834825061,0.023430240560169298,0.0
ENSG00000107290,SETX,5,0.500406834825061,0.026437961354845524,0.0
ENSG00000107263,RAPGEF1,5,0.5003525901817196,0.023312539316736682,0.0
ENSG00000107262,BAG1,5,0.500406834825061,0.026437961354845524,0.0
ENSG00000107223,EDF1,5,0.500406834825061,0.026578650495061102,0.0
ENSG00000107201,RIGI,5,0.5003525901817196,0.023312539316736682,0.0
ENSG00000107164,FUBP3,5,0.500406834825061,0.02673083117017204,0.0
ENSG00000107105,ELAVL2,5,0.5003525901817196,0.023312539316736682,0.0
ENSG00000106682,EIF4H,5,0.500406834825061,0.02673083117017204,0.0
ENSG00000107077,KDM4C,5,0.5003525901817196,0.023312539316736682,0.0
ENSG00000106993,CDC37L1,5,0.500406834825061,0.026578650495061102,0.0
ENSG00000106948,AKNA,5,0.500406834825061,0.026437961354845524,0.0
ENSG00000106803,SEC61B,5,0.500406834825061,0.026578650495061102,0.0
ENSG00000106789,CORO2A,5,0.500406834825061,0.026437961354845524,0.0
ENSG00000106785,TRIM14,5,0.500406834825061,0.026578650495061102,0.0
ENSG00000106772,PRUNE2,5,0.5001627339300246,0.021516014573189544,0.004366812227074236
ENSG00000106688,SLC1A1,5,0.500406834825061,0.02673083117017204,0.0
ENSG00000106683,LIMK1,5,0.500406834825061,0.026437961354845524,0.0
ENSG00000095906,NUBP2,5,0.500406834825061,0.026437961354845524,0.0
ENSG00000095637,SORBS1,5,0.500406834825061,0.026437961354845524,0.0
ENSG00000000460,FIRRM,5,0.4977759696230021,0.01535624617174373,0.06712528663748175
ENSG00000054118,THRAP3,5,0.500406834825061,0.02673083117017204,0.0
ENSG00000055950,MRPL43,5,0.500406834825061,0.02673083117017204,0.0
ENSG00000055483,USP36,5,0.500406834825061,0.026437961354845524,0.0
ENSG00000055332,EIF2AK2,5,0.500406834825061,0.026437961354845524,0.0
ENSG00000055130,CUL1,5,0.500406834825061,0.026578650495061102,0.0
ENSG00000055070,SZRD1,5,0.5001627339300246,0.02152442658310508,0.004273504273504274
ENSG00000055044,NOP58,5,0.500406834825061,0.02673083117017204,0.0
ENSG00000054690,PLEKHH1,5,0.5001627339300246,0.021516014573189544,0.004366812227074236
ENSG00000054611,TBC1D22A,5,0.5003525901817196,0.023312539316736682,0.0
ENSG00000054219,LY75,5,0.500406834825061,0.026437961354845524,0.0
ENSG00000053900,ANAPC4,5,0.500406834825061,0.026437961354845524,0.0
ENSG00000056487,PHF21B,5,0.500406834825061,0.023430240560169298,0.0
ENSG00000053770,AP5M1,5,0.500406834825061,0.02673083117017204,0.0
ENSG00000053501,USE1,5,0.5003525901817196,0.023312539316736682,0.0
ENSG00000053372,MRTO4,5,0.500406834825061,0.026578650495061102,0.0
ENSG00000053254,FOXN3,5,0.5003525901817196,0.023312539316736682,0.0
ENSG00000053108,FSTL4,5,0.5003525901817196,0.023312539316736682,0.0
ENSG00000052749,RRP12,5,0.500406834825061,0.026437961354845524,0.0
ENSG00000052723,SIKE1,5,0.500406834825061,0.02673083117017204,0.0
ENSG00000052344,PRSS8,5,0.500406834825061,0.026578650495061102,0.0
ENSG00000051620,HEBP2,5,0.500406834825061,0.026437961354845524,0.0
ENSG00000056291,NPFFR2,5,0.500406834825061,0.026437961354845524,0.0
ENSG00000056736,IL17RB,5,0.500406834825061,0.026578650495061102,0.0
ENSG00000051523,CYBA,5,0.500406834825061,0.026437961354845524,0.0
ENSG00000058600,POLR3E,5,0.500406834825061,0.026437961354845524,0.0
ENSG00000059804,SLC2A3,5,0.5001627339300246,0.021516014573189544,0.004366812227074236
ENSG00000059769,DNAJC25,5,0.500406834825061,0.02673083117017204,0.0
ENSG00000059691,GATB,5,0.500406834825061,0.026437961354845524,0.0
ENSG00000059573,ALDH18A1,5,0.500406834825061,0.026437961354845524,0.0
ENSG00000059378,PARP12,5,0.500406834825061,0.026437961354845524,0.0
ENSG00000059145,UNKL,5,0.500406834825061,0.02673083117017204,0.0
ENSG00000058804,NDC1,5,0.5001627339300246,0.02152442658310508,0.004273504273504274
ENSG00000058799,YIPF1,5,0.500406834825061,0.026437961354845524,0.0
ENSG00000058729,RIOK2,5,0.500406834825061,0.026578650495061102,0.0
ENSG00000058453,CROCC,5,0.5001627339300246,0.02136022365335106,0.016666666666666666
ENSG00000056972,TRAF3IP2,5,0.500406834825061,0.026578650495061102,0.0
ENSG00000058262,SEC61A1,5,0.500406834825061,0.026437961354845524,0.0
ENSG00000058085,LAMC2,5,0.500406834825061,0.026578650495061102,0.0
ENSG00000057935,MTA3,5,0.500406834825061,0.026437961354845524,0.0
ENSG00000057757,PITHD1,5,0.500406834825061,0.02673083117017204,0.0
ENSG00000057663,ATG5,5,0.5003525901817196,0.023312539316736682,0.0
ENSG00000057608,GDI2,5,0.500406834825061,0.02673083117017204,0.0
ENSG00000057468,MSH4,5,0.500406834825061,0.02673083117017204,0.0
ENSG00000057294,PKP2,5,0.500406834825061,0.02673083117017204,0.0
ENSG00000056998,GYG2,5,0.5001627339300246,0.021503657160588774,0.004405286343612335
ENSG00000051596,THOC3,5,0.500406834825061,0.026578650495061102,0.0
ENSG00000051382,PIK3CB,5,0.500406834825061,0.02673083117017204,0.0
ENSG00000060138,YBX3,5,0.500406834825061,0.02673083117017204,0.0
ENSG00000041357,PSMA4,5,0.500406834825061,0.02673083117017204,0.0
ENSG00000046604,DSG2,5,0.500406834825061,0.02673083117017204,0.0
ENSG00000044574,HSPA5,5,0.500406834825061,0.026437961354845524,0.0
ENSG00000043143,JADE2,5,0.500406834825061,0.026578650495061102,0.0
ENSG00000043093,DCUN1D1,5,0.500406834825061,0.026437961354845524,0.0
ENSG00000042753,AP2S1,5,0.500406834825061,0.026578650495061102,0.0
ENSG00000042286,AIFM2,5,0.5003525901817196,0.023312539316736682,0.0
ENSG00000042062,RIPOR3,5,0.500406834825061,0.02673083117017204,0.0
ENSG00000041982,TNC,5,0.500406834825061,0.026437961354845524,0.0
ENSG00000041802,LSG1,5,0.500406834825061,0.026578650495061102,0.0
ENSG00000040933,INPP4A,5,0.5003525901817196,0.023312539316736682,0.0
ENSG00000046653,GPM6B,5,0.500406834825061,0.023430240560169298,0.0
ENSG00000040633,PHF23,5,0.500406834825061,0.026437961354845524,0.0
ENSG00000040531,CTNS,5,0.500406834825061,0.026437961354845524,0.0
ENSG00000040487,SLC66A1,5,0.5003525901817196,0.023312539316736682,0.0
ENSG00000040275,SPDL1,5,0.4978030919446728,0.01541737596855485,0.07384972185731199
ENSG00000039650,PNKP,5,0.500406834825061,0.026437961354845524,0.0
ENSG00000039123,MTREX,5,0.500406834825061,0.02673083117017204,0.0
ENSG00000039068,CDH1,5,0.500406834825061,0.026437961354845524,0.0
ENSG00000038427,VCAN,5,0.500406834825061,0.023430240560169298,0.0
ENSG00000038358,EDC4,5,0.500406834825061,0.026578650495061102,0.0
ENSG00000046651,OFD1,5,0.500406834825061,0.026437961354845524,0.0
ENSG00000047230,CTPS2,5,0.5003525901817196,0.023312539316736682,0.0
ENSG00000051180,RAD51,5,0.5001627339300246,0.02152442658310508,0.004273504273504274
ENSG00000049759,NEDD4L,5,0.5003525901817196,0.023312539316736682,0.0
ENSG00000051128,HOMER3,5,0.500406834825061,0.026578650495061102,0.0
ENSG00000051108,HERPUD1,5,0.500406834825061,0.023430240560169298,0.0
ENSG00000050820,BCAR1,5,0.5001627339300246,0.021503657160588774,0.004405286343612335
ENSG00000050767,COL23A1,5,0.5003525901817196,0.023312539316736682,0.0
ENSG00000050748,MAPK9,5,0.500406834825061,0.026578650495061102,0.0
ENSG00000050555,LAMC3,5,0.500406834825061,0.026437961354845524,0.0
ENSG00000050426,LETMD1,5,0.500406834825061,0.023430240560169298,0.0
ENSG00000050405,LIMA1,5,0.500406834825061,0.026437961354845524,0.0
ENSG00000050344,NFE2L3,5,0.500406834825061,0.026437961354845524,0.0
ENSG00000049656,CLPTM1L,5,0.500406834825061,0.02673083117017204,0.0
ENSG00000047249,ATP6V1H,5,0.5003525901817196,0.023312539316736682,0.0
ENSG00000049541,RFC2,5,0.500406834825061,0.02673083117017204,0.0
ENSG00000048828,FAM120A,5,0.5003525901817196,0.023312539316736682,0.0
ENSG00000048544,MRPS10,5,0.500406834825061,0.02673083117017204,0.0
ENSG00000048392,RRM2B,5,0.5001627339300246,0.021503657160588774,0.004405286343612335
ENSG00000048162,NOP16,5,0.500406834825061,0.026437961354845524,0.0
ENSG00000048140,TSPAN17,5,0.500406834825061,0.026437961354845524,0.0
ENSG00000048028,USP28,5,0.500406834825061,0.02673083117017204,0.0
ENSG00000047617,ANO2,5,0.49739625711961216,0.017163634442352627,0.012345679012345678
ENSG00000047315,POLR2B,5,0.5001627339300246,0.021516014573189544,0.004366812227074236
ENSG00000060069,CTDP1,5,0.500406834825061,0.026578650495061102,0.0
ENSG00000060339,CCAR1,5,0.5001627339300246,0.021503657160588774,0.004405286343612335
ENSG00000037897,METTL1,5,0.500406834825061,0.026437961354845524,0.0
ENSG00000065675,PRKCQ,5,0.500406834825061,0.026437961354845524,0.0
ENSG00000066117,SMARCD1,5,0.500406834825061,0.02673083117017204,0.0
ENSG00000066084,DIP2B,5,0.49739625711961216,0.017163634442352627,0.012345679012345678
ENSG00000066044,ELAVL1,5,0.5001627339300246,0.02152442658310508,0.004273504273504274
ENSG00000066027,PPP2R5A,5,0.5001627339300246,0.021503657160588774,0.004405286343612335
ENSG00000065978,YBX1,5,0.5001627339300246,0.021503657160588774,0.004405286343612335
ENSG00000065923,SLC9A7,5,0.5003525901817196,0.023312539316736682,0.0
ENSG00000065911,MTHFD2,5,0.500406834825061,0.026578650495061102,0.0
ENSG00000065882,TBC1D1,5,0.500406834825061,0.026578650495061102,0.0
ENSG00000065833,ME1,5,0.500406834825061,0.026578650495061102,0.0
ENSG00000065621,GSTO2,5,0.49739625711961216,0.017163634442352627,0.012345679012345678
ENSG00000066322,ELOVL1,5,0.500406834825061,0.026578650495061102,0.0
ENSG00000065615,CYB5R4,5,0.500406834825061,0.02673083117017204,0.0
ENSG00000065600,PACC1,5,0.500406834825061,0.026437961354845524,0.0
ENSG00000065548,ZC3H15,5,0.500406834825061,0.02673083117017204,0.0
ENSG00000065518,NDUFB4,5,0.500406834825061,0.02673083117017204,0.0
ENSG00000065485,PDIA5,5,0.500406834825061,0.026578650495061102,0.0
ENSG00000065457,ADAT1,5,0.500406834825061,0.026578650495061102,0.0
ENSG00000065427,KARS1,5,0.500406834825061,0.026578650495061102,0.0
ENSG00000065361,ERBB3,5,0.500406834825061,0.026578650495061102,0.0
ENSG00000065328,MCM10,5,0.500406834825061,0.023723110375495814,0.0
ENSG00000066135,KDM4A,5,0.5003525901817196,0.023312539316736682,0.0
ENSG00000066382,MPPED2,5,0.500406834825061,0.023430240560169298,0.0
ENSG00000065268,WDR18,5,0.500406834825061,0.026578650495061102,0.0
ENSG00000067191,CACNB1,5,0.500406834825061,0.023430240560169298,0.0
ENSG00000067715,SYT1,5,0.500406834825061,0.023430240560169298,0.0
ENSG00000067704,IARS2,5,0.500406834825061,0.02673083117017204,0.0
ENSG00000067606,PRKCZ,5,0.5003525901817196,0.023312539316736682,0.0
ENSG00000067596,DHX8,5,0.500406834825061,0.026578650495061102,0.0
ENSG00000067560,RHOA,5,0.5001627339300246,0.021405281775118672,0.010752688172043012
ENSG00000067533,RRP15,5,0.500406834825061,0.026437961354845524,0.0
ENSG00000067334,DNTTIP2,5,0.500406834825061,0.02673083117017204,0.0
ENSG00000067248,DHX29,5,0.500406834825061,0.02673083117017204,0.0
ENSG00000067225,PKM,5,0.500406834825061,0.02673083117017204,0.0
ENSG00000067177,PHKA1,5,0.5001627339300246,0.021503657160588774,0.004405286343612335
ENSG00000066422,ZBTB11,5,0.500406834825061,0.026578650495061102,0.0
ENSG00000067167,TRAM1,5,0.500406834825061,0.02673083117017204,0.0
ENSG00000067113,PLPP1,5,0.500406834825061,0.02673083117017204,0.0
ENSG00000067057,PFKP,5,0.500406834825061,0.026437961354845524,0.0
ENSG00000066827,ZFAT,5,0.5003525901817196,0.023312539316736682,0.0
ENSG00000066777,ARFGEF1,5,0.5001627339300246,0.021516014573189544,0.004366812227074236
ENSG00000066735,KIF26A,5,0.500406834825061,0.026437961354845524,0.0
ENSG00000066654,THUMPD1,5,0.500406834825061,0.026437961354845524,0.0
ENSG00000066651,TRMT11,5,0.5003525901817196,0.023312539316736682,0.0
ENSG00000066583,ISOC1,5,0.500406834825061,0.026437961354845524,0.0
ENSG00000065320,NTN1,5,0.500406834825061,0.023723110375495814,0.0
ENSG00000065183,WDR3,5,0.500406834825061,0.026578650495061102,0.0
ENSG00000060491,OGFR,5,0.500406834825061,0.02673083117017204,0.0
ENSG00000062485,CS,5,0.500406834825061,0.026578650495061102,0.0
ENSG00000063180,CA11,5,0.5003525901817196,0.023312539316736682,0.0
ENSG00000063177,RPL18,5,0.500406834825061,0.02673083117017204,0.0
ENSG00000063176,SPHK2,5,0.500406834825061,0.026578650495061102,0.0
ENSG00000063169,BICRA,5,0.500406834825061,0.02673083117017204,0.0
ENSG00000063046,EIF4B,5,0.500406834825061,0.02673083117017204,0.0
ENSG00000062822,POLD1,5,0.5001627339300246,0.021516014573189544,0.004366812227074236
ENSG00000062716,VMP1,5,0.500406834825061,0.024260821894683954,0.0
ENSG00000062650,WAPL,5,0.4977759696230021,0.015351548424270929,0.03535766729599329
ENSG00000062582,MRPS24,5,0.500406834825061,0.02673083117017204,0.0
ENSG00000062038,CDH3,5,0.500406834825061,0.026437961354845524,0.0
ENSG00000063244,U2AF2,5,0.500406834825061,0.02673083117017204,0.0
ENSG00000061938,TNK2,5,0.5001627339300246,0.021516014573189544,0.004366812227074236
ENSG00000061936,SFSWAP,5,0.500406834825061,0.026578650495061102,0.0
ENSG00000061794,MRPS35,5,0.500406834825061,0.026578650495061102,0.0
ENSG00000061273,HDAC7,5,0.4977759696230021,0.012764480623927148,0.3055555555555556
ENSG00000060982,BCAT1,5,0.5001627339300246,0.021516014573189544,0.004366812227074236
ENSG00000060971,ACAA1,5,0.500406834825061,0.026437961354845524,0.0
ENSG00000060749,QSER1,5,0.500406834825061,0.02673083117017204,0.0
ENSG00000060688,SNRNP40,5,0.5001627339300246,0.02152442658310508,0.004273504273504274
ENSG00000060656,PTPRU,5,0.500406834825061,0.02358242123528024,0.037037037037037035
ENSG00000063241,ISOC2,5,0.500406834825061,0.026578650495061102,0.0
ENSG00000063245,EPN1,5,0.500406834825061,0.026578650495061102,0.0
ENSG00000065154,OAT,5,0.500406834825061,0.026437961354845524,0.0
ENSG00000064726,BTBD1,5,0.500406834825061,0.02673083117017204,0.0
ENSG00000065150,IPO5,5,0.5001627339300246,0.021503657160588774,0.004405286343612335
ENSG00000065060,BLTP3A,5,0.500406834825061,0.02673083117017204,0.0
ENSG00000065057,NTHL1,5,0.500406834825061,0.026578650495061102,0.0
ENSG00000065000,AP3D1,5,0.500406834825061,0.02673083117017204,0.0
ENSG00000064995,TAF11,5,0.500406834825061,0.02673083117017204,0.0
ENSG00000064961,HMG20B,5,0.500406834825061,0.026578650495061102,0.0
ENSG00000064933,PMS1,5,0.500406834825061,0.02673083117017204,0.0
ENSG00000064932,SBNO2,5,0.500406834825061,0.026578650495061102,0.0
ENSG00000064763,FAR2,5,0.500406834825061,0.026578650495061102,0.0
ENSG00000064703,DDX20,5,0.500406834825061,0.026578650495061102,0.0
ENSG00000063322,MED29,5,0.500406834825061,0.026437961354845524,0.0
ENSG00000064666,CNN2,5,0.500406834825061,0.02673083117017204,0.0
ENSG00000064601,CTSA,5,0.5003525901817196,0.023312539316736682,0.0
ENSG00000064545,TMEM161A,5,0.500406834825061,0.02673083117017204,0.0
ENSG00000064490,RFXANK,5,0.500406834825061,0.026578650495061102,0.0
ENSG00000064419,TNPO3,5,0.5001627339300246,0.02152442658310508,0.004273504273504274
ENSG00000064102,INTS13,5,0.500406834825061,0.02673083117017204,0.0
ENSG00000064012,CASP8,5,0.5003525901817196,0.023312539316736682,0.0
ENSG00000063978,RNF4,5,0.500406834825061,0.02673083117017204,0.0
ENSG00000063761,ADCK1,5,0.5003525901817196,0.023312539316736682,0.0
ENSG00000038274,MAT2B,5,0.5001627339300246,0.021503657160588774,0.004405286343612335
ENSG00000037474,NSUN2,5,0.500406834825061,0.026437961354845524,0.0
ENSG00000067840,PDZD4,5,0.500406834825061,0.026578650495061102,0.0
ENSG00000007314,SCN4A,5,0.500406834825061,0.02673083117017204,0.0
ENSG00000008128,CDK11A,5,0.500406834825061,0.026437961354845524,0.0
ENSG00000008086,CDKL5,5,0.5003525901817196,0.023312539316736682,0.0
ENSG00000008083,JARID2,5,0.5003525901817196,0.023312539316736682,0.0
ENSG00000008056,SYN1,5,0.500406834825061,0.026437961354845524,0.0
ENSG00000008018,PSMB1,5,0.500406834825061,0.02673083117017204,0.0
ENSG00000007944,MYLIP,5,0.5003525901817196,0.023312539316736682,0.0
ENSG00000007923,DNAJC11,5,0.500406834825061,0.026437961354845524,0.0
ENSG00000007520,TSR3,5,0.500406834825061,0.026437961354845524,0.0
ENSG00000007376,RPUSD1,5,0.500406834825061,0.026578650495061102,0.0
ENSG00000007202,BLTP2,5,0.500406834825061,0.02673083117017204,0.0
ENSG00000008277,ADAM22,5,0.500406834825061,0.023430240560169298,0.0
ENSG00000007080,CCDC124,5,0.500406834825061,0.026578650495061102,0.0
ENSG00000007062,PROM1,5,0.5003525901817196,0.023312539316736682,0.0
ENSG00000006831,ADIPOR2,5,0.500406834825061,0.023723110375495814,0.0
ENSG00000006744,ELAC2,5,0.500406834825061,0.026578650495061102,0.0
ENSG00000006740,ARHGAP44,5,0.500406834825061,0.02673083117017204,0.0
ENSG00000006712,PAF1,5,0.500406834825061,0.02673083117017204,0.0
ENSG00000006695,COX10,5,0.5003525901817196,0.023312539316736682,0.0
ENSG00000006652,IFRD1,5,0.4977759696230021,0.015351548424270929,0.03535766729599329
ENSG00000006625,GGCT,5,0.500406834825061,0.02673083117017204,0.0
ENSG00000008130,NADK,5,0.500406834825061,0.026578650495061102,0.0
ENSG00000008282,SYPL1,5,0.500406834825061,0.02673083117017204,0.0
ENSG00000006468,ETV1,5,0.500406834825061,0.024260821894683954,0.0
ENSG00000009950,MLXIPL,5,0.5001627339300246,0.021516014573189544,0.004366812227074236
ENSG00000011009,LYPLA2,5,0.500406834825061,0.026578650495061102,0.0
ENSG00000011007,ELOA,5,0.500406834825061,0.026437961354845524,0.0
ENSG00000010818,HIVEP2,5,0.5001627339300246,0.021503657160588774,0.004405286343612335
ENSG00000010539,ZNF200,5,0.500406834825061,0.026578650495061102,0.0
ENSG00000010278,CD9,5,0.500406834825061,0.026578650495061102,0.0
ENSG00000010256,UQCRC1,5,0.500406834825061,0.02673083117017204,0.0
ENSG00000010244,ZNF207,5,0.500406834825061,0.02673083117017204,0.0
ENSG00000010165,METTL13,5,0.500406834825061,0.02673083117017204,0.0
ENSG00000009954,BAZ1B,5,0.5001627339300246,0.021503657160588774,0.004405286343612335
ENSG00000009844,VTA1,5,0.500406834825061,0.026578650495061102,0.0
ENSG00000008283,CYB561,5,0.5003525901817196,0.023312539316736682,0.0
ENSG00000009694,TENM1,5,0.5003525901817196,0.023312539316736682,0.0
ENSG00000009307,CSDE1,5,0.4783563873067735,0.006604623649872437,0.5251984126984127
ENSG00000008988,RPS20,5,0.5001627339300246,0.021516014573189544,0.004366812227074236
ENSG00000008516,MMP25,5,0.500406834825061,0.026578650495061102,0.0
ENSG00000008394,MGST1,5,0.500406834825061,0.02673083117017204,0.0
ENSG00000008324,SS18L2,5,0.500406834825061,0.026578650495061102,0.0
ENSG00000008323,PLEKHG6,5,0.500406834825061,0.026578650495061102,0.0
ENSG00000008311,AASS,5,0.500406834825061,0.02673083117017204,0.0
ENSG00000008300,CELSR3,5,0.500406834825061,0.023723110375495814,0.0
ENSG00000006530,AGK,5,0.5001627339300246,0.021516014573189544,0.004366812227074236
ENSG00000006453,BAIAP2L1,5,0.500406834825061,0.02673083117017204,0.0
ENSG00000011114,BTBD7,5,0.5003525901817196,0.023312539316736682,0.0
ENSG00000003056,M6PR,5,0.500406834825061,0.02673083117017204,0.0
ENSG00000004487,KDM1A,5,0.5001627339300246,0.021516014573189544,0.004366812227074236
ENSG00000004478,FKBP4,5,0.500406834825061,0.02673083117017204,0.0
ENSG00000004455,AK2,5,0.500406834825061,0.026578650495061102,0.0
ENSG00000004142,POLDIP2,5,0.500406834825061,0.026437961354845524,0.0
ENSG00000003989,SLC7A2,5,0.500406834825061,0.02673083117017204,0.0
ENSG00000003987,MTMR7,5,0.5003525901817196,0.023312539316736682,0.0
ENSG00000003509,NDUFAF7,5,0.500406834825061,0.026437961354845524,0.0
ENSG00000003249,DBNDD1,5,0.500406834825061,0.026437961354845524,0.0
ENSG00000003147,ICA1,5,0.500406834825061,0.026437961354845524,0.0
ENSG00000002919,SNX11,5,0.500406834825061,0.02673083117017204,0.0
ENSG00000004700,RECQL,5,0.5001627339300246,0.021516014573189544,0.004366812227074236
ENSG00000002834,LASP1,5,0.500406834825061,0.026578650495061102,0.0
ENSG00000002822,MAD1L1,5,0.500406834825061,0.02673083117017204,0.0
ENSG00000002746,HECW1,5,0.5003525901817196,0.023312539316736682,0.0
ENSG00000002549,LAP3,5,0.500406834825061,0.026437961354845524,0.0
ENSG00000001617,SEMA3F,5,0.500406834825061,0.02673083117017204,0.0
ENSG00000001497,LAS1L,5,0.500406834825061,0.026578650495061102,0.0
ENSG00000001167,NFYA,5,0.500406834825061,0.02673083117017204,0.0
ENSG00000001084,GCLC,5,0.500406834825061,0.02673083117017204,0.0
ENSG00000001036,FUCA2,5,0.500406834825061,0.02673083117017204,0.0
ENSG00000004660,CAMKK1,5,0.500406834825061,0.02358242123528024,0.037037037037037035
ENSG00000004779,NDUFAB1,5,0.500406834825061,0.026578650495061102,0.0
ENSG00000006451,RALA,5,0.500406834825061,0.026437961354845524,0.0
ENSG00000006007,GDE1,5,0.500406834825061,0.026437961354845524,0.0
ENSG00000006432,MAP3K9,5,0.500406834825061,0.02673083117017204,0.0
ENSG00000006327,TNFRSF12A,5,0.5001627339300246,0.021516014573189544,0.004366812227074236
ENSG00000006194,ZNF263,5,0.500406834825061,0.026437961354845524,0.0
ENSG00000006125,AP2B1,5,0.500406834825061,0.02673083117017204,0.0
ENSG00000006118,TMEM132A,5,0.500406834825061,0.026437961354845524,0.0
ENSG00000006071,ABCC8,5,0.500406834825061,0.023430240560169298,0.0
ENSG00000006047,YBX2,5,0.5001627339300246,0.02152442658310508,0.004273504273504274
ENSG00000006016,CRLF1,5,0.500406834825061,0.026578650495061102,0.0
ENSG00000006015,REX1BD,5,0.500406834825061,0.02673083117017204,0.0
ENSG00000005884,ITGA3,5,0.500406834825061,0.026437961354845524,0.0
ENSG00000004864,SLC25A13,5,0.500406834825061,0.026437961354845524,0.0
ENSG00000005801,ZNF195,5,0.500406834825061,0.026437961354845524,0.0
ENSG00000005194,CIAPIN1,5,0.5003525901817196,0.023312539316736682,0.0
ENSG00000005175,RPAP3,5,0.5001627339300246,0.021516014573189544,0.004366812227074236
ENSG00000005156,LIG3,5,0.5001627339300246,0.021405281775118672,0.010752688172043012
ENSG00000005100,DHX33,5,0.500406834825061,0.026437961354845524,0.0
ENSG00000005022,SLC25A5,5,0.500406834825061,0.02673083117017204,0.0
ENSG00000005020,SKAP2,5,0.500406834825061,0.026578650495061102,0.0
ENSG00000005007,UPF1,5,0.500406834825061,0.02673083117017204,0.0
ENSG00000004961,HCCS,5,0.500406834825061,0.026578650495061102,0.0
ENSG00000011105,TSPAN9,5,0.47952264713861403,0.010983824409748884,0.17734567901234566
ENSG00000011132,APBA3,5,0.500406834825061,0.02673083117017204,0.0
ENSG00000037280,FLT4,5,0.500406834825061,0.02673083117017204,0.0
ENSG00000026508,CD44,5,0.49739625711961216,0.017163634442352627,0.012345679012345678
ENSG00000029153,BMAL2,5,0.500406834825061,0.02673083117017204,0.0
ENSG00000028839,TBPL1,5,0.500406834825061,0.023723110375495814,0.0
ENSG00000028310,BRD9,5,0.500406834825061,0.02673083117017204,0.0
ENSG00000028277,POU2F2,5,0.5003525901817196,0.023312539316736682,0.0
ENSG00000028116,VRK2,5,0.500406834825061,0.02673083117017204,0.0
ENSG00000027847,B4GALT7,5,0.5003525901817196,0.023312539316736682,0.0
ENSG00000027075,PRKCH,5,0.500406834825061,0.02673083117017204,0.0
ENSG00000027001,MIPEP,5,0.5003525901817196,0.023312539316736682,0.0
ENSG00000026559,KCNG1,5,0.500406834825061,0.02673083117017204,0.0
ENSG00000025800,KPNA6,5,0.500406834825061,0.026578650495061102,0.0
ENSG00000029534,ANK1,5,0.500406834825061,0.026578650495061102,0.0
ENSG00000025796,SEC63,5,0.500406834825061,0.02673083117017204,0.0
ENSG00000025772,TOMM34,5,0.500406834825061,0.02673083117017204,0.0
ENSG00000025770,NCAPH2,5,0.5001627339300246,0.02152442658310508,0.004273504273504274
ENSG00000025434,NR1H3,5,0.500406834825061,0.02673083117017204,0.0
ENSG00000025423,HSD17B6,5,0.500406834825061,0.02673083117017204,0.0
ENSG00000025293,PHF20,5,0.5001627339300246,0.021503657160588774,0.004405286343612335
ENSG00000023909,GCLM,5,0.500406834825061,0.026437961354845524,0.0
ENSG00000023902,PLEKHO1,5,0.5003525901817196,0.023312539316736682,0.0
ENSG00000023734,STRAP,5,0.500406834825061,0.02673083117017204,0.0
ENSG00000029363,BCLAF1,5,0.500406834825061,0.026578650495061102,0.0
ENSG00000029639,TFB1M,5,0.500406834825061,0.023430240560169298,0.0
ENSG00000023330,ALAS1,5,0.500406834825061,0.02673083117017204,0.0
ENSG00000033030,ZCCHC8,5,0.5001627339300246,0.02152442658310508,0.004273504273504274
ENSG00000035928,RFC1,5,0.5001627339300246,0.02152442658310508,0.004273504273504274
ENSG00000035687,ADSS2,5,0.500406834825061,0.02673083117017204,0.0
ENSG00000035664,DAPK2,5,0.500406834825061,0.023723110375495814,0.0
ENSG00000035403,VCL,5,0.5001627339300246,0.021516014573189544,0.004366812227074236
ENSG00000035141,FAM136A,5,0.500406834825061,0.026578650495061102,0.0
ENSG00000034152,MAP2K3,5,0.500406834825061,0.026437961354845524,0.0
ENSG00000033867,SLC4A7,5,0.5001627339300246,0.021503657160588774,0.004405286343612335
ENSG00000033100,CHPF2,5,0.5003525901817196,0.023312539316736682,0.0
ENSG00000033050,ABCF2,5,0.500406834825061,0.026437961354845524,0.0
ENSG00000033011,ALG1,5,0.500406834825061,0.026437961354845524,0.0
ENSG00000029725,RABEP1,5,0.5003525901817196,0.023312539316736682,0.0
ENSG00000032444,PNPLA6,5,0.500406834825061,0.026437961354845524,0.0
ENSG00000032389,EIPR1,5,0.500406834825061,0.02673083117017204,0.0
ENSG00000031823,RANBP3,5,0.5001627339300246,0.02152442658310508,0.004273504273504274
ENSG00000031698,SARS1,5,0.5001627339300246,0.021516014573189544,0.004366812227074236
ENSG00000031691,CENPQ,5,0.5001627339300246,0.02152442658310508,0.004273504273504274
ENSG00000030582,GRN,5,0.5003525901817196,0.023312539316736682,0.0
ENSG00000030110,BAK1,5,0.500406834825061,0.02673083117017204,0.0
ENSG00000030066,NUP160,5,0.5001627339300246,0.02152442658310508,0.004273504273504274
ENSG00000029993,HMGB3,5,0.5001627339300246,0.021405281775118672,0.010752688172043012
ENSG00000023572,GLRX2,5,0.500406834825061,0.026578650495061102,0.0
ENSG00000023228,NDUFS1,5,0.500406834825061,0.02673083117017204,0.0
ENSG00000011198,ABHD5,5,0.5003525901817196,0.023312539316736682,0.0
ENSG00000011485,PPP5C,5,0.500406834825061,0.026578650495061102,0.0
ENSG00000013523,ANGEL1,5,0.5003525901817196,0.023312539316736682,0.0
ENSG00000013503,POLR3B,5,0.500406834825061,0.026437961354845524,0.0
ENSG00000013306,SLC25A39,5,0.500406834825061,0.026437961354845524,0.0
ENSG00000013275,PSMC4,5,0.500406834825061,0.026437961354845524,0.0
ENSG00000013016,EHD3,5,0.500406834825061,0.02673083117017204,0.0
ENSG00000012232,EXTL3,5,0.5003525901817196,0.023312539316736682,0.0
ENSG00000011677,GABRA3,5,0.500406834825061,0.023430240560169298,0.0
ENSG00000011638,LDAF1,5,0.500406834825061,0.023723110375495814,0.0
ENSG00000011523,CEP68,5,0.500406834825061,0.023430240560169298,0.0
ENSG00000011478,QPCTL,5,0.500406834825061,0.026437961354845524,0.0
ENSG00000013583,HEBP1,5,0.500406834825061,0.026437961354845524,0.0
ENSG00000011422,PLAUR,5,0.5001627339300246,0.021516014573189544,0.004366812227074236
ENSG00000011405,PIK3C2A,5,0.5001627339300246,0.021503657160588774,0.004405286343612335
ENSG00000011376,LARS2,5,0.500406834825061,0.026437961354845524,0.0
ENSG00000011347,SYT7,5,0.500406834825061,0.023430240560169298,0.0
ENSG00000011332,DPF1,5,0.500406834825061,0.023430240560169298,0.0
ENSG00000011304,PTBP1,5,0.500406834825061,0.02673083117017204,0.0
ENSG00000011260,UTP18,5,0.500406834825061,0.02673083117017204,0.0
ENSG00000011258,MBTD1,5,0.500406834825061,0.02673083117017204,0.0
ENSG00000011201,ANOS1,5,0.500406834825061,0.023430240560169298,0.0
ENSG00000013573,DDX11,5,0.5001627339300246,0.021503657160588774,0.004405286343612335
ENSG00000014138,POLA2,5,0.5001627339300246,0.02152442658310508,0.004273504273504274
ENSG00000023191,RNH1,5,0.500406834825061,0.026578650495061102,0.0
ENSG00000018610,STEEP1,5,0.500406834825061,0.026578650495061102,0.0
ENSG00000022840,RNF10,5,0.500406834825061,0.026437961354845524,0.0
ENSG00000022567,SLC45A4,5,0.500406834825061,0.026437961354845524,0.0
ENSG00000022556,NLRP2,5,0.500406834825061,0.026578650495061102,0.0
ENSG00000021776,AQR,5,0.500406834825061,0.026578650495061102,0.0
ENSG00000021645,NRXN3,5,0.49739625711961216,0.017124981046396103,0.04
ENSG00000020129,NCDN,5,0.500406834825061,0.026437961354845524,0.0
ENSG00000019582,CD74,5,0.500406834825061,0.026437961354845524,0.0
ENSG00000019505,SYT13,5,0.5003525901817196,0.023312539316736682,0.0
ENSG00000018699,TTC27,5,0.500406834825061,0.026437961354845524,0.0
ENSG00000018510,AGPS,5,0.500406834825061,0.02673083117017204,0.0
ENSG00000014164,ZC3H3,5,0.500406834825061,0.026578650495061102,0.0
ENSG00000018236,CNTN1,5,0.5003525901817196,0.023312539316736682,0.0
ENSG00000017797,RALBP1,5,0.500406834825061,0.02673083117017204,0.0
ENSG00000017483,SLC38A5,5,0.500406834825061,0.026578650495061102,0.0
ENSG00000016391,CHDH,5,0.500406834825061,0.026578650495061102,0.0
ENSG00000015676,NUDCD3,5,0.500406834825061,0.023430240560169298,0.0
ENSG00000015532,XYLT2,5,0.500406834825061,0.026578650495061102,0.0
ENSG00000015475,BID,5,0.500406834825061,0.026578650495061102,0.0
ENSG00000014641,MDH1,5,0.500406834825061,0.02673083117017204,0.0
ENSG00000014216,CAPN1,5,0.500406834825061,0.026437961354845524,0.0
ENSG00000067829,IDH3G,5,0.500406834825061,0.026437961354845524,0.0
ENSG00000068001,HYAL2,5,0.500406834825061,0.026578650495061102,0.0
ENSG00000095587,TLL2,5,0.5003525901817196,0.023312539316736682,0.0
ENSG00000087263,OGFOD1,5,0.500406834825061,0.026437961354845524,0.0
ENSG00000087995,METTL2A,5,0.500406834825061,0.026437961354845524,0.0
ENSG00000087470,DNM1L,5,0.5001627339300246,0.021405281775118672,0.010752688172043012
ENSG00000087460,GNAS,5,0.500406834825061,0.02673083117017204,0.0
ENSG00000087365,SF3B2,5,0.5001627339300246,0.02152442658310508,0.004273504273504274
ENSG00000087338,GMCL1,5,0.5001627339300246,0.02152442658310508,0.004273504273504274
ENSG00000087302,RTRAF,5,0.500406834825061,0.02673083117017204,0.0
ENSG00000087299,L2HGDH,5,0.500406834825061,0.026578650495061102,0.0
ENSG00000087269,NOP14,5,0.500406834825061,0.026578650495061102,0.0
ENSG00000087266,SH3BP2,5,0.500406834825061,0.026437961354845524,0.0
ENSG00000087258,GNAO1,5,0.5003525901817196,0.023312539316736682,0.0
ENSG00000088179,PTPN4,5,0.5003525901817196,0.023312539316736682,0.0
ENSG00000087206,UIMC1,5,0.500406834825061,0.02673083117017204,0.0
ENSG00000087191,PSMC5,5,0.500406834825061,0.026578650495061102,0.0
ENSG00000087157,PGS1,5,0.500406834825061,0.02673083117017204,0.0
ENSG00000087152,ATXN7L3,5,0.500406834825061,0.026578650495061102,0.0
ENSG00000087095,NLK,5,0.5001627339300246,0.021516014573189544,0.004366812227074236
ENSG00000087088,BAX,5,0.500406834825061,0.02673083117017204,0.0
ENSG00000087087,SRRT,5,0.500406834825061,0.02673083117017204,0.0
ENSG00000087086,FTL,5,0.500406834825061,0.02673083117017204,0.0
ENSG00000087077,TRIP6,5,0.500406834825061,0.02673083117017204,0.0
ENSG00000088038,CNOT3,5,0.500406834825061,0.02673083117017204,0.0
ENSG00000088205,DDX18,5,0.500406834825061,0.02673083117017204,0.0
ENSG00000086827,ZW10,5,0.500406834825061,0.02673083117017204,0.0
ENSG00000088986,DYNLL1,5,0.500406834825061,0.026578650495061102,0.0
ENSG00000089154,GCN1,5,0.500406834825061,0.02673083117017204,0.0
ENSG00000089123,TASP1,5,0.49739625711961216,0.017163634442352627,0.012345679012345678
ENSG00000089094,KDM2B,5,0.5001627339300246,0.021516014573189544,0.004366812227074236
ENSG00000089060,SLC8B1,5,0.500406834825061,0.02673083117017204,0.0
ENSG00000089057,SLC23A2,5,0.500406834825061,0.026437961354845524,0.0
ENSG00000089048,ESF1,5,0.500406834825061,0.02673083117017204,0.0
ENSG00000089022,MAPKAPK5,5,0.500406834825061,0.026437961354845524,0.0
ENSG00000089009,RPL6,5,0.500406834825061,0.02673083117017204,0.0
ENSG00000089006,SNX5,5,0.500406834825061,0.02673083117017204,0.0
ENSG00000088970,KIZ,5,0.500406834825061,0.02673083117017204,0.0
ENSG00000088247,KHSRP,5,0.500406834825061,0.02673083117017204,0.0
ENSG00000088930,XRN2,5,0.500406834825061,0.02673083117017204,0.0
ENSG00000088899,LZTS3,5,0.500406834825061,0.02673083117017204,0.0
ENSG00000088833,NSFL1C,5,0.500406834825061,0.02673083117017204,0.0
ENSG00000088832,FKBP1A,5,0.500406834825061,0.02673083117017204,0.0
ENSG00000088808,PPP1R13B,5,0.500406834825061,0.023430240560169298,0.0
ENSG00000088448,ANKRD10,5,0.5001627339300246,0.021503657160588774,0.004405286343612335
ENSG00000088387,DOCK9,5,0.500406834825061,0.026437961354845524,0.0
ENSG00000088305,DNMT3B,5,0.500406834825061,0.026578650495061102,0.0
ENSG00000088298,EDEM2,5,0.500406834825061,0.026437961354845524,0.0
ENSG00000087053,MTMR2,5,0.500406834825061,0.026578650495061102,0.0
ENSG00000086758,HUWE1,5,0.5001627339300246,0.021503657160588774,0.004405286343612335
ENSG00000089159,PXN,5,0.500406834825061,0.02673083117017204,0.0
ENSG00000084453,SLCO1A2,5,0.500406834825061,0.02673083117017204,0.0
ENSG00000084774,CAD,5,0.500406834825061,0.026578650495061102,0.0
ENSG00000084754,HADHA,5,0.500406834825061,0.026578650495061102,0.0
ENSG00000084733,RAB10,5,0.500406834825061,0.026578650495061102,0.0
ENSG00000084731,KIF3C,5,0.500406834825061,0.023430240560169298,0.0
ENSG00000084652,TXLNA,5,0.500406834825061,0.02673083117017204,0.0
ENSG00000084636,COL16A1,5,0.500406834825061,0.026437961354845524,0.0
ENSG00000084628,NKAIN1,5,0.5003525901817196,0.023312539316736682,0.0
ENSG00000084623,EIF3I,5,0.500406834825061,0.026578650495061102,0.0
ENSG00000084463,WBP11,5,0.5001627339300246,0.021405281775118672,0.010752688172043012
ENSG00000084444,FAM234B,5,0.500406834825061,0.026578650495061102,0.0
ENSG00000085274,MYNN,5,0.500406834825061,0.02673083117017204,0.0
ENSG00000084207,GSTP1,5,0.500406834825061,0.02673083117017204,0.0
ENSG00000084092,NOA1,5,0.500406834825061,0.02673083117017204,0.0
ENSG00000084090,STARD7,5,0.500406834825061,0.026578650495061102,0.0
ENSG00000084073,ZMPSTE24,5,0.5003525901817196,0.023312539316736682,0.0
ENSG00000083937,CHMP2B,5,0.500406834825061,0.026578650495061102,0.0
ENSG00000083896,YTHDC1,5,0.500406834825061,0.02673083117017204,0.0
ENSG00000083845,RPS5,5,0.500406834825061,0.02673083117017204,0.0
ENSG00000083817,ZNF416,5,0.500406834825061,0.026437961354845524,0.0
ENSG00000083635,NUFIP1,5,0.500406834825061,0.026578650495061102,0.0
ENSG00000085231,AK6,5,0.500406834825061,0.02673083117017204,0.0
ENSG00000085377,PREP,5,0.5003525901817196,0.023312539316736682,0.0
ENSG00000086712,TXLNG,5,0.500406834825061,0.026578650495061102,0.0
ENSG00000085999,RAD54L,5,0.5001627339300246,0.02152442658310508,0.004273504273504274
ENSG00000086598,TMED2,5,0.500406834825061,0.026437961354845524,0.0
ENSG00000086504,MRPL28,5,0.500406834825061,0.026578650495061102,0.0
ENSG00000086475,SEPHS1,5,0.500406834825061,0.026578650495061102,0.0
ENSG00000086232,EIF2AK1,5,0.5001627339300246,0.021516014573189544,0.004366812227074236
ENSG00000086200,IPO11,5,0.4977759696230021,0.01535624617174373,0.06712528663748175
ENSG00000086189,DIMT1,5,0.500406834825061,0.02673083117017204,0.0
ENSG00000086102,NFX1,5,0.500406834825061,0.026437961354845524,0.0
ENSG00000086061,DNAJA1,5,0.500406834825061,0.02673083117017204,0.0
ENSG00000086015,MAST2,5,0.500406834825061,0.017735204568931996,0.004273504273504274
ENSG00000085978,ATG16L1,5,0.500406834825061,0.026578650495061102,0.0
ENSG00000085415,SEH1L,5,0.500406834825061,0.02673083117017204,0.0
ENSG00000085872,CHERP,5,0.500406834825061,0.02673083117017204,0.0
ENSG00000085840,ORC1,5,0.500406834825061,0.02673083117017204,0.0
ENSG00000085831,TTC39A,5,0.500406834825061,0.02673083117017204,0.0
ENSG00000085760,MTIF2,5,0.500406834825061,0.02673083117017204,0.0
ENSG00000085733,CTTN,5,0.500406834825061,0.02673083117017204,0.0
ENSG00000085721,RRN3,5,0.500406834825061,0.026578650495061102,0.0
ENSG00000085662,AKR1B1,5,0.500406834825061,0.02673083117017204,0.0
ENSG00000085552,IGSF9,5,0.5003525901817196,0.023312539316736682,0.0
ENSG00000085449,WDFY1,5,0.500406834825061,0.02673083117017204,0.0
ENSG00000089157,RPLP0,5,0.5001627339300246,0.021516014573189544,0.004366812227074236
ENSG00000089195,TRMT6,5,0.500406834825061,0.026578650495061102,0.0
ENSG00000083444,PLOD1,5,0.500406834825061,0.026437961354845524,0.0
ENSG00000092094,OSGEP,5,0.500406834825061,0.026437961354845524,0.0
ENSG00000092445,TYRO3,5,0.500406834825061,0.02673083117017204,0.0
ENSG00000092439,TRPM7,5,0.500406834825061,0.02673083117017204,0.0
ENSG00000092421,SEMA6A,5,0.5003525901817196,0.023312539316736682,0.0
ENSG00000092345,DAZL,5,0.500406834825061,0.026437961354845524,0.0
ENSG00000092208,GEMIN2,5,0.5001627339300246,0.02152442658310508,0.004273504273504274
ENSG00000092201,SUPT16H,5,0.5001627339300246,0.02152442658310508,0.004273504273504274
ENSG00000092199,HNRNPC,5,0.500406834825061,0.02673083117017204,0.0
ENSG00000092148,HECTD1,5,0.500406834825061,0.02673083117017204,0.0
ENSG00000092098,RNF31,5,0.500406834825061,0.026437961354845524,0.0
ENSG00000092068,SLC7A8,5,0.5003525901817196,0.023312539316736682,0.0
ENSG00000092621,PHGDH,5,0.500406834825061,0.02673083117017204,0.0
ENSG00000092051,JPH4,5,0.500406834825061,0.026437961354845524,0.0
ENSG00000092010,PSME1,5,0.500406834825061,0.026578650495061102,0.0
ENSG00000091972,CD200,5,0.5003525901817196,0.023312539316736682,0.0
ENSG00000091844,RGS17,5,0.500406834825061,0.02358242123528024,0.037037037037037035
ENSG00000091732,ZC3HC1,5,0.500406834825061,0.026578650495061102,0.0
ENSG00000091651,ORC6,5,0.4977759696230021,0.01535624617174373,0.06712528663748175
ENSG00000091640,SPAG7,5,0.500406834825061,0.02673083117017204,0.0
ENSG00000091527,CDV3,5,0.500406834825061,0.02673083117017204,0.0
ENSG00000091490,SEL1L3,5,0.500406834825061,0.02673083117017204,0.0
ENSG00000092531,SNAP23,5,0.500406834825061,0.026578650495061102,0.0
ENSG00000092758,COL9A3,5,0.500406834825061,0.02673083117017204,0.0
ENSG00000091409,ITGA6,5,0.500406834825061,0.026578650495061102,0.0
ENSG00000095002,MSH2,5,0.500406834825061,0.02673083117017204,0.0
ENSG00000095485,CWF19L1,5,0.500406834825061,0.02673083117017204,0.0
ENSG00000095383,TBC1D2,5,0.500406834825061,0.026437961354845524,0.0
ENSG00000095380,NANS,5,0.500406834825061,0.026578650495061102,0.0
ENSG00000095319,NUP188,5,0.500406834825061,0.02673083117017204,0.0
ENSG00000095261,PSMD5,5,0.5001627339300246,0.021516014573189544,0.004366812227074236
ENSG00000095203,EPB41L4B,5,0.5003525901817196,0.023312539316736682,0.0
ENSG00000095139,ARCN1,5,0.500406834825061,0.02673083117017204,0.0
ENSG00000095066,HOOK2,5,0.500406834825061,0.026437961354845524,0.0
ENSG00000095059,DHPS,5,0.500406834825061,0.02673083117017204,0.0
ENSG00000094841,UPRT,5,0.500406834825061,0.026437961354845524,0.0
ENSG00000092820,EZR,5,0.5001627339300246,0.021503657160588774,0.004405286343612335
ENSG00000094804,CDC6,5,0.500406834825061,0.02673083117017204,0.0
ENSG00000093217,XYLB,5,0.5003525901817196,0.023312539316736682,0.0
ENSG00000093144,ECHDC1,5,0.5001627339300246,0.021503657160588774,0.004405286343612335
ENSG00000093072,ADA2,5,0.500406834825061,0.026437961354845524,0.0
ENSG00000093009,CDC45,5,0.500406834825061,0.023723110375495814,0.0
ENSG00000093000,NUP50,5,0.5001627339300246,0.02152442658310508,0.004273504273504274
ENSG00000092853,CLSPN,5,0.5001627339300246,0.02152442658310508,0.004273504273504274
ENSG00000092847,AGO1,5,0.5003525901817196,0.023312539316736682,0.0
ENSG00000092841,MYL6,5,0.500406834825061,0.026437961354845524,0.0
ENSG00000091483,FH,5,0.5001627339300246,0.02152442658310508,0.004273504273504274
ENSG00000091317,CMTM6,5,0.5003525901817196,0.023312539316736682,0.0
ENSG00000089220,PEBP1,5,0.500406834825061,0.026578650495061102,0.0
ENSG00000089693,MLF2,5,0.500406834825061,0.02673083117017204,0.0
ENSG00000090263,MRPS33,5,0.500406834825061,0.026437961354845524,0.0
ENSG00000090061,CCNK,5,0.5001627339300246,0.021516014573189544,0.004366812227074236
ENSG00000090060,PAPOLA,5,0.5001627339300246,0.021516014573189544,0.004366812227074236
ENSG00000090054,SPTLC1,5,0.500406834825061,0.02673083117017204,0.0
ENSG00000090020,SLC9A1,5,0.500406834825061,0.026578650495061102,0.0
ENSG00000090013,BLVRB,5,0.5003525901817196,0.023312539316736682,0.0
ENSG00000089847,ANKRD24,5,0.500406834825061,0.026578650495061102,0.0
ENSG00000089820,ARHGAP4,5,0.500406834825061,0.026437961354845524,0.0
ENSG00000089737,DDX24,5,0.5003525901817196,0.023312539316736682,0.0
ENSG00000089639,GMIP,5,0.5003525901817196,0.023312539316736682,0.0
ENSG00000090273,NUDC,5,0.500406834825061,0.026578650495061102,0.0
ENSG00000089597,GANAB,5,0.500406834825061,0.02673083117017204,0.0
ENSG00000089486,CDIP1,5,0.500406834825061,0.02673083117017204,0.0
ENSG00000089351,GRAMD1A,5,0.500406834825061,0.026578650495061102,0.0
ENSG00000089327,FXYD5,5,0.500406834825061,0.026578650495061102,0.0
ENSG00000089289,IGBP1,5,0.5003525901817196,0.023312539316736682,0.0
ENSG00000089280,FUS,5,0.500406834825061,0.026578650495061102,0.0
ENSG00000089250,NOS1,5,0.5003525901817196,0.023312539316736682,0.0
ENSG00000089248,ERP29,5,0.500406834825061,0.026578650495061102,0.0
ENSG00000089234,BRAP,5,0.500406834825061,0.026578650495061102,0.0
ENSG00000090266,NDUFB2,5,0.500406834825061,0.02673083117017204,0.0
ENSG00000090316,MAEA,5,0.500406834825061,0.026578650495061102,0.0
ENSG00000091164,TXNL1,5,0.500406834825061,0.02673083117017204,0.0
ENSG00000090661,CERS4,5,0.500406834825061,0.026437961354845524,0.0
ENSG00000091140,DLD,5,0.5001627339300246,0.021503657160588774,0.004405286343612335
ENSG00000091138,SLC26A3,5,0.500406834825061,0.026578650495061102,0.0
ENSG00000091127,PUS7,5,0.500406834825061,0.026578650495061102,0.0
ENSG00000091073,DTX2,5,0.500406834825061,0.026437961354845524,0.0
ENSG00000091009,RBM27,5,0.500406834825061,0.02673083117017204,0.0
ENSG00000090861,AARS1,5,0.500406834825061,0.026578650495061102,0.0
ENSG00000090857,PDPR,5,0.500406834825061,0.026578650495061102,0.0
ENSG00000090686,USP48,5,0.500406834825061,0.02673083117017204,0.0
ENSG00000090674,MCOLN1,5,0.5003525901817196,0.023312539316736682,0.0
ENSG00000090621,PABPC4,5,0.500406834825061,0.02673083117017204,0.0
ENSG00000090372,STRN4,5,0.500406834825061,0.02673083117017204,0.0
ENSG00000090615,GOLGA3,5,0.500406834825061,0.02673083117017204,0.0
ENSG00000090612,ZNF268,5,0.500406834825061,0.026437961354845524,0.0
ENSG00000090581,GNPTG,5,0.5003525901817196,0.023312539316736682,0.0
ENSG00000090530,P3H2,5,0.4977759696230021,0.012803128438512059,0.13234126984126984
ENSG00000090520,DNAJB11,5,0.500406834825061,0.026578650495061102,0.0
ENSG00000090487,SPG21,5,0.5003525901817196,0.023312539316736682,0.0
ENSG00000090447,TFAP4,5,0.500406834825061,0.02673083117017204,0.0
ENSG00000090432,MUL1,5,0.500406834825061,0.026437961354845524,0.0
ENSG00000090376,IRAK3,5,0.500406834825061,0.02673083117017204,0.0
ENSG00000083520,DIS3,5,0.500406834825061,0.02673083117017204,0.0
ENSG00000083223,TUT7,5,0.500406834825061,0.026437961354845524,0.0
ENSG00000068120,COASY,5,0.500406834825061,0.02673083117017204,0.0
ENSG00000072506,HSD17B10,5,0.500406834825061,0.026437961354845524,0.0
ENSG00000072954,TMEM38A,5,0.500406834825061,0.026437961354845524,0.0
ENSG00000072849,DERL2,5,0.500406834825061,0.026578650495061102,0.0
ENSG00000072832,CRMP1,5,0.500406834825061,0.023430240560169298,0.0
ENSG00000072818,ACAP1,5,0.500406834825061,0.026437961354845524,0.0
ENSG00000072803,FBXW11,5,0.5003525901817196,0.023312539316736682,0.0
ENSG00000072786,STK10,5,0.5003525901817196,0.023312539316736682,0.0
ENSG00000072756,TRNT1,5,0.500406834825061,0.026578650495061102,0.0
ENSG00000072657,TRHDE,5,0.500406834825061,0.026437961354845524,0.0
ENSG00000072518,MARK2,5,0.500406834825061,0.026578650495061102,0.0
ENSG00000072401,UBE2D1,5,0.5003525901817196,0.023312539316736682,0.0
ENSG00000073060,SCARB1,5,0.500406834825061,0.026437961354845524,0.0
ENSG00000072315,TRPC5,5,0.500406834825061,0.026578650495061102,0.0
ENSG00000072310,SREBF1,5,0.5001627339300246,0.02152442658310508,0.004273504273504274
ENSG00000072274,TFRC,5,0.500406834825061,0.02673083117017204,0.0
ENSG00000072195,SPEG,5,0.5003525901817196,0.023312539316736682,0.0
ENSG00000072121,ZFYVE26,5,0.500406834825061,0.026437961354845524,0.0
ENSG00000072110,ACTN1,5,0.5001627339300246,0.021405281775118672,0.010752688172043012
ENSG00000072071,ADGRL1,5,0.5003525901817196,0.023312539316736682,0.0
ENSG00000072042,RDH11,5,0.5001627339300246,0.021516014573189544,0.004366812227074236
ENSG00000072041,SLC6A15,5,0.500406834825061,0.023430240560169298,0.0
ENSG00000073008,PVR,5,0.500406834825061,0.02673083117017204,0.0
ENSG00000073111,MCM2,5,0.500406834825061,0.02673083117017204,0.0
ENSG00000071894,CPSF1,5,0.5001627339300246,0.021516014573189544,0.004366812227074236
ENSG00000074582,BCS1L,5,0.5003525901817196,0.023312539316736682,0.0
ENSG00000075188,NUP37,5,0.4977759696230021,0.01535624617174373,0.06712528663748175
ENSG00000075142,SRI,5,0.500406834825061,0.023430240560169298,0.0
ENSG00000075131,TIPIN,5,0.500406834825061,0.02673083117017204,0.0
ENSG00000075043,KCNQ2,5,0.5003525901817196,0.023312539316736682,0.0
ENSG00000074964,ARHGEF10L,5,0.500406834825061,0.026578650495061102,0.0
ENSG00000074842,MYDGF,5,0.500406834825061,0.02673083117017204,0.0
ENSG00000074800,ENO1,5,0.5001627339300246,0.021516014573189544,0.004366812227074236
ENSG00000074695,LMAN1,5,0.5001627339300246,0.021503657160588774,0.004405286343612335
ENSG00000074657,ZNF532,5,0.5003525901817196,0.023312539316736682,0.0
ENSG00000074370,ATP2A3,5,0.500406834825061,0.026578650495061102,0.0
ENSG00000073169,SELENOO,5,0.500406834825061,0.026578650495061102,0.0
ENSG00000074356,NCBP3,5,0.5003525901817196,0.023312539316736682,0.0
ENSG00000074211,PPP2R2C,5,0.500406834825061,0.026437961354845524,0.0
ENSG00000074071,MRPS34,5,0.500406834825061,0.026578650495061102,0.0
ENSG00000073910,FRY,5,0.5003525901817196,0.023312539316736682,0.0
ENSG00000073849,ST6GAL1,5,0.500406834825061,0.026437961354845524,0.0
ENSG00000073712,FERMT2,5,0.5003525901817196,0.023312539316736682,0.0
ENSG00000073578,SDHA,5,0.5001627339300246,0.021516014573189544,0.004366812227074236
ENSG00000073536,NLE1,5,0.500406834825061,0.026437961354845524,0.0
ENSG00000073350,LLGL2,5,0.500406834825061,0.026578650495061102,0.0
ENSG00000071994,PDCD2,5,0.500406834825061,0.026437961354845524,0.0
ENSG00000071859,FAM50A,5,0.500406834825061,0.02673083117017204,0.0
ENSG00000075336,TIMM21,5,0.500406834825061,0.026578650495061102,0.0
ENSG00000069345,DNAJA2,5,0.500406834825061,0.026578650495061102,0.0
ENSG00000070047,PHRF1,5,0.500406834825061,0.02673083117017204,0.0
ENSG00000070019,GUCY2C,5,0.500406834825061,0.026437961354845524,0.0
ENSG00000070010,UFD1,5,0.500406834825061,0.026578650495061102,0.0
ENSG00000069998,HDHD5,5,0.500406834825061,0.026437961354845524,0.0
ENSG00000069966,GNB5,5,0.49739625711961216,0.017163634442352627,0.012345679012345678
ENSG00000069956,MAPK6,5,0.500406834825061,0.02673083117017204,0.0
ENSG00000069849,ATP1B3,5,0.5001627339300246,0.021503657160588774,0.004405286343612335
ENSG00000069509,FUNDC1,5,0.500406834825061,0.02673083117017204,0.0
ENSG00000069482,GAL,5,0.500406834825061,0.026437961354845524,0.0
ENSG00000069248,NUP133,5,0.5001627339300246,0.02152442658310508,0.004273504273504274
ENSG00000070371,CLTCL1,5,0.5003525901817196,0.023312539316736682,0.0
ENSG00000068878,PSME4,5,0.5001627339300246,0.021503657160588774,0.004405286343612335
ENSG00000068831,RASGRP2,5,0.500406834825061,0.026437961354845524,0.0
ENSG00000068796,KIF2A,5,0.4977759696230021,0.015351548424270929,0.03535766729599329
ENSG00000068697,LAPTM4A,5,0.500406834825061,0.02673083117017204,0.0
ENSG00000068654,POLR1A,5,0.500406834825061,0.026437961354845524,0.0
ENSG00000068438,FTSJ1,5,0.500406834825061,0.026437961354845524,0.0
ENSG00000068400,GRIPAP1,5,0.500406834825061,0.026437961354845524,0.0
ENSG00000068323,TFE3,5,0.500406834825061,0.026578650495061102,0.0
ENSG00000068308,OTUD5,5,0.500406834825061,0.026437961354845524,0.0
ENSG00000070214,SLC44A1,5,0.5003525901817196,0.023312539316736682,0.0
ENSG00000070413,DGCR2,5,0.5003525901817196,0.023312539316736682,0.0
ENSG00000071655,MBD3,5,0.500406834825061,0.02673083117017204,0.0
ENSG00000070950,RAD18,5,0.4977759696230021,0.01535624617174373,0.06712528663748175
ENSG00000071626,DAZAP1,5,0.500406834825061,0.02673083117017204,0.0
ENSG00000071575,TRIB2,5,0.500406834825061,0.026578650495061102,0.0
ENSG00000071564,TCF3,5,0.500406834825061,0.023723110375495814,0.0
ENSG00000071539,TRIP13,5,0.5001627339300246,0.02152442658310508,0.004273504273504274
ENSG00000071462,BUD23,5,0.500406834825061,0.026437961354845524,0.0
ENSG00000071282,LMCD1,5,0.5001627339300246,0.021516014573189544,0.004366812227074236
ENSG00000071243,ING3,5,0.500406834825061,0.026578650495061102,0.0
ENSG00000071127,WDR1,5,0.500406834825061,0.02673083117017204,0.0
ENSG00000071082,RPL31,5,0.5001627339300246,0.021503657160588774,0.004405286343612335
ENSG00000070814,TCOF1,5,0.500406834825061,0.02673083117017204,0.0
ENSG00000070423,RNF126,5,0.500406834825061,0.026578650495061102,0.0
ENSG00000070785,EIF2B3,5,0.5003525901817196,0.023312539316736682,0.0
ENSG00000070770,CSNK2A2,5,0.500406834825061,0.02673083117017204,0.0
ENSG00000070759,TESK2,5,0.5001627339300246,0.021503657160588774,0.004405286343612335
ENSG00000070756,PABPC1,5,0.5001627339300246,0.021503657160588774,0.004405286343612335
ENSG00000070718,AP3M2,5,0.500406834825061,0.026578650495061102,0.0
ENSG00000070669,ASNS,5,0.500406834825061,0.026578650495061102,0.0
ENSG00000070614,NDST1,5,0.500406834825061,0.026578650495061102,0.0
ENSG00000070610,GBA2,5,0.500406834825061,0.026437961354845524,0.0
ENSG00000070495,JMJD6,5,0.500406834825061,0.02673083117017204,0.0
ENSG00000075239,ACAT1,5,0.500406834825061,0.02673083117017204,0.0
ENSG00000075340,ADD2,5,0.5003525901817196,0.023312539316736682,0.0
ENSG00000083093,PALB2,5,0.500406834825061,0.026578650495061102,0.0
ENSG00000079462,PAFAH1B3,5,0.500406834825061,0.026578650495061102,0.0
ENSG00000080224,EPHA6,5,0.47952264713861403,0.010972963613473804,0.3218694885361552
ENSG00000080200,CRYBG3,5,0.49739625711961216,0.017163634442352627,0.012345679012345678
ENSG00000079999,KEAP1,5,0.500406834825061,0.026578650495061102,0.0
ENSG00000079841,RIMS1,5,0.5003525901817196,0.023312539316736682,0.0
ENSG00000079805,DNM2,5,0.500406834825061,0.026578650495061102,0.0
ENSG00000079785,DDX1,5,0.500406834825061,0.026437961354845524,0.0
ENSG00000079739,PGM1,5,0.5001627339300246,0.021516014573189544,0.004366812227074236
ENSG00000079691,CARMIL1,5,0.5003525901817196,0.023312539316736682,0.0
ENSG00000079482,OPHN1,5,0.49739625711961216,0.017124981046396103,0.04
ENSG00000079337,RAPGEF3,5,0.500406834825061,0.02673083117017204,0.0
ENSG00000080603,SRCAP,5,0.500406834825061,0.02673083117017204,0.0
ENSG00000079332,SAR1A,5,0.500406834825061,0.026437961354845524,0.0
ENSG00000079313,REXO1,5,0.500406834825061,0.026578650495061102,0.0
ENSG00000079263,SP140,5,0.5003525901817196,0.023312539316736682,0.0
ENSG00000079246,XRCC5,5,0.5001627339300246,0.02152442658310508,0.004273504273504274
ENSG00000079215,SLC1A3,5,0.5003525901817196,0.023312539316736682,0.0
ENSG00000079102,RUNX1T1,5,0.5003525901817196,0.023312539316736682,0.0
ENSG00000078902,TOLLIP,5,0.500406834825061,0.026437961354845524,0.0
ENSG00000078808,SDF4,5,0.5003525901817196,0.023312539316736682,0.0
ENSG00000078725,BRINP1,5,0.500406834825061,0.026437961354845524,0.0
ENSG00000080345,RIF1,5,0.5001627339300246,0.021516014573189544,0.004366812227074236
ENSG00000080608,PUM3,5,0.500406834825061,0.02673083117017204,0.0
ENSG00000078596,ITM2A,5,0.500406834825061,0.026437961354845524,0.0
ENSG00000081791,DELE1,5,0.500406834825061,0.026578650495061102,0.0
ENSG00000082781,ITGB5,5,0.500406834825061,0.026578650495061102,0.0
ENSG00000082641,NFE2L1,5,0.500406834825061,0.026578650495061102,0.0
ENSG00000082516,GEMIN5,5,0.500406834825061,0.026578650495061102,0.0
ENSG00000082515,MRPL22,5,0.500406834825061,0.02673083117017204,0.0
ENSG00000082512,TRAF5,5,0.500406834825061,0.026578650495061102,0.0
ENSG00000082153,BZW1,5,0.500406834825061,0.02673083117017204,0.0
ENSG00000081923,ATP8B1,5,0.500406834825061,0.026578650495061102,0.0
ENSG00000081842,PCDHA6,5,0.49739625711961216,0.017124981046396103,0.04
ENSG00000081803,CADPS2,5,0.49739625711961216,0.017163634442352627,0.012345679012345678
ENSG00000081760,AACS,5,0.500406834825061,0.02673083117017204,0.0
ENSG00000080709,KCNN2,5,0.500406834825061,0.023430240560169298,0.0
ENSG00000081721,DUSP12,5,0.500406834825061,0.026437961354845524,0.0
ENSG00000081692,JMJD4,5,0.5003525901817196,0.023312539316736682,0.0
ENSG00000081181,ARG2,5,0.500406834825061,0.026578650495061102,0.0
ENSG00000081154,PCNP,5,0.4977759696230021,0.015351548424270929,0.03535766729599329
ENSG00000081087,OSTM1,5,0.500406834825061,0.02673083117017204,0.0
ENSG00000081014,AP4E1,5,0.500406834825061,0.023430240560169298,0.0
ENSG00000080854,IGSF9B,5,0.500406834825061,0.026437961354845524,0.0
ENSG00000080824,HSP90AA1,5,0.5001627339300246,0.021503657160588774,0.004405286343612335
ENSG00000080819,CPOX,5,0.5001627339300246,0.021405281775118672,0.010752688172043012
ENSG00000078618,NRDC,5,0.4977759696230021,0.015351548424270929,0.03535766729599329
ENSG00000078549,ADCYAP1R1,5,0.5003525901817196,0.023312539316736682,0.0
ENSG00000075415,SLC25A3,5,0.4977759696230021,0.012803128438512059,0.13234126984126984
ENSG00000076053,RBM7,5,0.500406834825061,0.02673083117017204,0.0
ENSG00000076826,CAMSAP3,5,0.500406834825061,0.026437961354845524,0.0
ENSG00000076716,GPC4,5,0.500406834825061,0.02673083117017204,0.0
ENSG00000076650,GPATCH1,5,0.500406834825061,0.02673083117017204,0.0
ENSG00000076604,TRAF4,5,0.500406834825061,0.02673083117017204,0.0
ENSG00000076554,TPD52,5,0.500406834825061,0.023430240560169298,0.0
ENSG00000076351,SLC46A1,5,0.500406834825061,0.026437961354845524,0.0
ENSG00000076248,UNG,5,0.500406834825061,0.026437961354845524,0.0
ENSG00000076242,MLH1,5,0.4977759696230021,0.01535624617174373,0.06712528663748175
ENSG00000076201,PTPN23,5,0.500406834825061,0.02673083117017204,0.0
ENSG00000076043,REXO2,5,0.500406834825061,0.026437961354845524,0.0
ENSG00000076924,XAB2,5,0.500406834825061,0.02673083117017204,0.0
ENSG00000076003,MCM6,5,0.500406834825061,0.023723110375495814,0.0
ENSG00000075914,EXOSC7,5,0.500406834825061,0.02673083117017204,0.0
ENSG00000075856,SART3,5,0.500406834825061,0.02673083117017204,0.0
ENSG00000075785,RAB7A,5,0.5003525901817196,0.023312539316736682,0.0
ENSG00000075702,WDR62,5,0.4977759696230021,0.01535624617174373,0.06712528663748175
ENSG00000075643,MOCOS,5,0.5003525901817196,0.023312539316736682,0.0
ENSG00000075624,ACTB,5,0.5001627339300246,0.021405281775118672,0.010752688172043012
ENSG00000075618,FSCN1,5,0.500406834825061,0.02673083117017204,0.0
ENSG00000075429,CACNG5,5,0.5003525901817196,0.023312539316736682,0.0
ENSG00000076864,RAP1GAP,5,0.500406834825061,0.026437961354845524,0.0
ENSG00000076928,ARHGEF1,5,0.500406834825061,0.026437961354845524,0.0
ENSG00000078295,ADCY2,5,0.500406834825061,0.026578650495061102,0.0
ENSG00000077549,CAPZB,5,0.5003525901817196,0.023312539316736682,0.0
ENSG00000078269,SYNJ2,5,0.500406834825061,0.02673083117017204,0.0
ENSG00000078237,TIGAR,5,0.5001627339300246,0.021503657160588774,0.004405286343612335
ENSG00000078140,UBE2K,5,0.4977759696230021,0.015351548424270929,0.03535766729599329
ENSG00000078061,ARAF,5,0.500406834825061,0.02673083117017204,0.0
ENSG00000078043,PIAS2,5,0.49739625711961216,0.017124981046396103,0.04
ENSG00000077942,FBLN1,5,0.49739625711961216,0.017163634442352627,0.012345679012345678
ENSG00000077782,FGFR1,5,0.500406834825061,0.026578650495061102,0.0
ENSG00000077713,SLC25A43,5,0.49739625711961216,0.017163634442352627,0.012345679012345678
ENSG00000077684,JADE1,5,0.500406834825061,0.02673083117017204,0.0
ENSG00000077522,ACTN2,5,0.500406834825061,0.02673083117017204,0.0
ENSG00000076944,STXBP2,5,0.500406834825061,0.02673083117017204,0.0
ENSG00000077463,SIRT6,5,0.500406834825061,0.026437961354845524,0.0
ENSG00000077348,EXOSC5,5,0.500406834825061,0.026437961354845524,0.0
ENSG00000077312,SNRPA,5,0.500406834825061,0.02673083117017204,0.0
ENSG00000077238,IL4R,5,0.500406834825061,0.026437961354845524,0.0
ENSG00000077235,GTF3C1,5,0.500406834825061,0.02673083117017204,0.0
ENSG00000077232,DNAJC10,5,0.500406834825061,0.02673083117017204,0.0
ENSG00000077063,CTTNBP2,5,0.500406834825061,0.026437961354845524,0.0
ENSG00000077009,NMRK2,5,0.500406834825061,0.026437961354845524,0.0
ENSG00000076984,MAP2K7,5,0.500406834825061,0.026578650495061102,0.0
ENSG00000112796,ENPP5,5,0.500406834825061,0.02673083117017204,0.0
ENSG00000112855,HARS2,5,0.500406834825061,0.026437961354845524,0.0
ENSG00000112902,SEMA5A,5,0.49739625711961216,0.017163634442352627,0.012345679012345678
ENSG00000136051,WASHC4,5,0.500406834825061,0.026437961354845524,0.0
ENSG00000136197,C7orf25,5,0.500406834825061,0.026437961354845524,0.0
ENSG00000136159,NUDT15,5,0.500406834825061,0.02673083117017204,0.0
ENSG00000136153,LMO7,5,0.5001627339300246,0.02152442658310508,0.004273504273504274
ENSG00000136144,RCBTB1,5,0.5003525901817196,0.023312539316736682,0.0
ENSG00000136143,SUCLA2,5,0.500406834825061,0.026437961354845524,0.0
ENSG00000136111,TBC1D4,5,0.500406834825061,0.026578650495061102,0.0
ENSG00000136110,CNMD,5,0.500406834825061,0.026578650495061102,0.0
ENSG00000136104,RNASEH2B,5,0.500406834825061,0.02673083117017204,0.0
ENSG00000136068,FLNB,5,0.5001627339300246,0.021503657160588774,0.004405286343612335
ENSG00000136048,DRAM1,5,0.4977759696230021,0.015351548424270929,0.03535766729599329
ENSG00000136237,RAPGEF5,5,0.500406834825061,0.026437961354845524,0.0
ENSG00000136045,PWP1,5,0.500406834825061,0.026437961354845524,0.0
ENSG00000136014,USP44,5,0.500406834825061,0.02673083117017204,0.0
ENSG00000136010,ALDH1L2,5,0.500406834825061,0.023430240560169298,0.0
ENSG00000136003,ISCU,5,0.500406834825061,0.02673083117017204,0.0
ENSG00000135972,MRPS9,5,0.500406834825061,0.026578650495061102,0.0
ENSG00000135968,GCC2,5,0.500406834825061,0.026437961354845524,0.0
ENSG00000135966,TGFBRAP1,5,0.500406834825061,0.026437961354845524,0.0
ENSG00000135956,TMEM127,5,0.500406834825061,0.026437961354845524,0.0
ENSG00000135940,COX5B,5,0.500406834825061,0.026578650495061102,0.0
ENSG00000136213,CHST12,5,0.500406834825061,0.026437961354845524,0.0
ENSG00000136238,RAC1,5,0.500406834825061,0.026578650495061102,0.0
ENSG00000135926,TMBIM1,5,0.500406834825061,0.026578650495061102,0.0
ENSG00000136444,RSAD1,5,0.500406834825061,0.026437961354845524,0.0
ENSG00000136522,MRPL47,5,0.500406834825061,0.02673083117017204,0.0
ENSG00000136521,NDUFB5,5,0.500406834825061,0.026437961354845524,0.0
ENSG00000136518,ACTL6A,5,0.5001627339300246,0.02152442658310508,0.004273504273504274
ENSG00000136504,KAT7,5,0.5001627339300246,0.021516014573189544,0.004366812227074236
ENSG00000136490,LIMD2,5,0.5003525901817196,0.023312539316736682,0.0
ENSG00000136478,TEX2,5,0.5003525901817196,0.023312539316736682,0.0
ENSG00000136463,TACO1,5,0.500406834825061,0.026578650495061102,0.0
ENSG00000136450,SRSF1,5,0.500406834825061,0.02673083117017204,0.0
ENSG00000136448,NMT1,5,0.500406834825061,0.02673083117017204,0.0
ENSG00000136425,CIB2,5,0.500406834825061,0.02673083117017204,0.0
ENSG00000136261,BZW2,5,0.500406834825061,0.026578650495061102,0.0
ENSG00000136383,ALPK3,5,0.500406834825061,0.02673083117017204,0.0
ENSG00000136381,IREB2,5,0.5001627339300246,0.021516014573189544,0.004366812227074236
ENSG00000136379,ABHD17C,5,0.5003525901817196,0.023312539316736682,0.0
ENSG00000136378,ADAMTS7,5,0.5001627339300246,0.021516014573189544,0.004366812227074236
ENSG00000136371,MTHFS,5,0.5003525901817196,0.023312539316736682,0.0
ENSG00000136367,ZFHX2,5,0.5003525901817196,0.023312539316736682,0.0
ENSG00000136273,HUS1,5,0.5001627339300246,0.02152442658310508,0.004273504273504274
ENSG00000136271,DDX56,5,0.500406834825061,0.026578650495061102,0.0
ENSG00000136270,TBRG4,5,0.500406834825061,0.026578650495061102,0.0
ENSG00000135930,EIF4E2,5,0.500406834825061,0.026437961354845524,0.0
ENSG00000135919,SERPINE2,5,0.5001627339300246,0.021405281775118672,0.010752688172043012
ENSG00000136603,SKIL,5,0.5003525901817196,0.023312539316736682,0.0
ENSG00000135392,DNAJC14,5,0.500406834825061,0.02673083117017204,0.0
ENSG00000135535,CD164,5,0.500406834825061,0.026578650495061102,0.0
ENSG00000135525,MAP7,5,0.5003525901817196,0.023312539316736682,0.0
ENSG00000135521,LTV1,5,0.500406834825061,0.026437961354845524,0.0
ENSG00000135486,HNRNPA1,5,0.5001627339300246,0.021503657160588774,0.004405286343612335
ENSG00000135457,TFCP2,5,0.5003525901817196,0.023312539316736682,0.0
ENSG00000135446,CDK4,5,0.500406834825061,0.02673083117017204,0.0
ENSG00000135441,BLOC1S1,5,0.500406834825061,0.02673083117017204,0.0
ENSG00000135423,GLS2,5,0.500406834825061,0.02673083117017204,0.0
ENSG00000135404,CD63,5,0.5001627339300246,0.021516014573189544,0.004366812227074236
ENSG00000135387,CAPRIN1,5,0.5001627339300246,0.02152442658310508,0.004273504273504274
ENSG00000135596,MICAL1,5,0.500406834825061,0.02358242123528024,0.037037037037037035
ENSG00000135372,NAT10,5,0.500406834825061,0.026437961354845524,0.0
ENSG00000135336,ORC3,5,0.5001627339300246,0.02152442658310508,0.004273504273504274
ENSG00000135334,AKIRIN2,5,0.5001627339300246,0.021516014573189544,0.004366812227074236
ENSG00000135324,MRAP2,5,0.500406834825061,0.026578650495061102,0.0
ENSG00000135316,SYNCRIP,5,0.500406834825061,0.02673083117017204,0.0
ENSG00000135297,MTO1,5,0.500406834825061,0.026437961354845524,0.0
ENSG00000135269,TES,5,0.49739625711961216,0.017163634442352627,0.012345679012345678
ENSG00000135253,KCP,5,0.5003525901817196,0.023312539316736682,0.0
ENSG00000135249,RINT1,5,0.500406834825061,0.026437961354845524,0.0
ENSG00000135547,HEY2,5,0.500406834825061,0.026578650495061102,0.0
ENSG00000135605,TEC,5,0.500406834825061,0.026437961354845524,0.0
ENSG00000135916,ITM2C,5,0.5003525901817196,0.023312539316736682,0.0
ENSG00000135801,TAF5L,5,0.5003525901817196,0.023312539316736682,0.0
ENSG00000135913,USP37,5,0.500406834825061,0.023723110375495814,0.0
ENSG00000135912,TTLL4,5,0.500406834825061,0.02673083117017204,0.0
ENSG00000135900,MRPL44,5,0.500406834825061,0.026578650495061102,0.0
ENSG00000135899,SP110,5,0.5003525901817196,0.023312539316736682,0.0
ENSG00000135862,LAMC1,5,0.500406834825061,0.024260821894683954,0.0
ENSG00000135842,NIBAN1,5,0.500406834825061,0.02673083117017204,0.0
ENSG00000135829,DHX9,5,0.500406834825061,0.02673083117017204,0.0
ENSG00000135823,STX6,5,0.5003525901817196,0.023312539316736682,0.0
ENSG00000135821,GLUL,5,0.4977759696230021,0.012803128438512059,0.13234126984126984
ENSG00000135775,COG2,5,0.500406834825061,0.02673083117017204,0.0
ENSG00000135624,CCT7,5,0.500406834825061,0.02673083117017204,0.0
ENSG00000135763,URB2,5,0.500406834825061,0.026578650495061102,0.0
ENSG00000135750,KCNK1,5,0.500406834825061,0.026437961354845524,0.0
ENSG00000135749,PCNX2,5,0.5003525901817196,0.023312539316736682,0.0
ENSG00000135740,SLC9A5,5,0.500406834825061,0.02673083117017204,0.0
ENSG00000135736,CCDC102A,5,0.500406834825061,0.026437961354845524,0.0
ENSG00000135723,FHOD1,5,0.500406834825061,0.02673083117017204,0.0
ENSG00000135636,DYSF,5,0.500406834825061,0.026437961354845524,0.0
ENSG00000135632,SMYD5,5,0.500406834825061,0.02673083117017204,0.0
ENSG00000135631,RAB11FIP5,5,0.500406834825061,0.026578650495061102,0.0
ENSG00000136527,TRA2B,5,0.5001627339300246,0.021503657160588774,0.004405286343612335
ENSG00000136628,EPRS1,5,0.500406834825061,0.02673083117017204,0.0
ENSG00000135185,TMEM243,5,0.500406834825061,0.02673083117017204,0.0
ENSG00000137364,TPMT,5,0.500406834825061,0.026437961354845524,0.0
ENSG00000137642,SORL1,5,0.500406834825061,0.02673083117017204,0.0
ENSG00000137574,TGS1,5,0.500406834825061,0.02673083117017204,0.0
ENSG00000137547,MRPL15,5,0.500406834825061,0.026437961354845524,0.0
ENSG00000137522,RNF121,5,0.500406834825061,0.026437961354845524,0.0
ENSG00000137513,NARS2,5,0.500406834825061,0.026437961354845524,0.0
ENSG00000137486,ARRB1,5,0.500406834825061,0.023430240560169298,0.0
ENSG00000137460,FHDC1,5,0.500406834825061,0.026437961354845524,0.0
ENSG00000137409,MTCH1,5,0.500406834825061,0.02673083117017204,0.0
ENSG00000137393,RNF144B,5,0.500406834825061,0.026437961354845524,0.0
ENSG00000137312,FLOT1,5,0.500406834825061,0.026437961354845524,0.0
ENSG00000137692,DCUN1D5,5,0.500406834825061,0.026578650495061102,0.0
ENSG00000137310,TCF19,5,0.500406834825061,0.026578650495061102,0.0
ENSG00000137309,HMGA1,5,0.5001627339300246,0.021516014573189544,0.004366812227074236
ENSG00000137275,RIPK1,5,0.500406834825061,0.026437961354845524,0.0
ENSG00000137267,TUBB2A,5,0.5001627339300246,0.021405281775118672,0.010752688172043012
ENSG00000137261,KIAA0319,5,0.500406834825061,0.023430240560169298,0.0
ENSG00000137221,TJAP1,5,0.500406834825061,0.02673083117017204,0.0
ENSG00000137216,TMEM63B,5,0.500406834825061,0.026437961354845524,0.0
ENSG00000137207,YIPF3,5,0.5003525901817196,0.023312539316736682,0.0
ENSG00000137200,CMTR1,5,0.500406834825061,0.026578650495061102,0.0
ENSG00000137656,BUD13,5,0.500406834825061,0.02673083117017204,0.0
ENSG00000137713,PPP2R1B,5,0.5001627339300246,0.021503657160588774,0.004405286343612335
ENSG00000137168,PPIL1,5,0.500406834825061,0.026578650495061102,0.0
ENSG00000137960,GIPC2,5,0.500406834825061,0.023723110375495814,0.0
ENSG00000138073,PREB,5,0.500406834825061,0.026437961354845524,0.0
ENSG00000138061,CYP1B1,5,0.49739625711961216,0.017163634442352627,0.012345679012345678
ENSG00000138050,THUMPD2,5,0.500406834825061,0.026437961354845524,0.0
ENSG00000138035,PNPT1,5,0.500406834825061,0.026578650495061102,0.0
ENSG00000138032,PPM1B,5,0.500406834825061,0.026578650495061102,0.0
ENSG00000138031,ADCY3,5,0.500406834825061,0.02673083117017204,0.0
ENSG00000138018,SELENOI,5,0.4977759696230021,0.012803128438512059,0.13234126984126984
ENSG00000137996,RTCA,5,0.500406834825061,0.026578650495061102,0.0
ENSG00000137992,DBT,5,0.500406834825061,0.02673083117017204,0.0
ENSG00000137955,RABGGTB,5,0.500406834825061,0.02673083117017204,0.0
ENSG00000137760,ALKBH8,5,0.500406834825061,0.026578650495061102,0.0
ENSG00000137944,KYAT3,5,0.500406834825061,0.02673083117017204,0.0
ENSG00000137878,GCOM1,5,0.500406834825061,0.02673083117017204,0.0
ENSG00000137876,RSL24D1,5,0.500406834825061,0.02673083117017204,0.0
ENSG00000137843,PAK6,5,0.4977759696230021,0.01535624617174373,0.06712528663748175
ENSG00000137819,PAQR5,5,0.500406834825061,0.026437961354845524,0.0
ENSG00000137818,RPLP1,5,0.500406834825061,0.02673083117017204,0.0
ENSG00000137815,RTF1,5,0.5001627339300246,0.021405281775118672,0.010752688172043012
ENSG00000137814,HAUS2,5,0.500406834825061,0.026578650495061102,0.0
ENSG00000137776,SLTM,5,0.500406834825061,0.02673083117017204,0.0
ENSG00000137193,PIM1,5,0.5001627339300246,0.021503657160588774,0.004405286343612335
ENSG00000137161,CNPY3,5,0.500406834825061,0.026578650495061102,0.0
ENSG00000136636,KCTD3,5,0.500406834825061,0.02673083117017204,0.0
ENSG00000136802,LRRC8A,5,0.500406834825061,0.026578650495061102,0.0
ENSG00000136848,DAB2IP,5,0.500406834825061,0.026578650495061102,0.0
ENSG00000136830,NIBAN2,5,0.5003525901817196,0.023312539316736682,0.0
ENSG00000136827,TOR1A,5,0.500406834825061,0.026437961354845524,0.0
ENSG00000136824,SMC2,5,0.4977759696230021,0.01535624617174373,0.06712528663748175
ENSG00000136819,C9orf78,5,0.500406834825061,0.026578650495061102,0.0
ENSG00000136816,TOR1B,5,0.500406834825061,0.023430240560169298,0.0
ENSG00000136813,ECPAS,5,0.500406834825061,0.026437961354845524,0.0
ENSG00000136810,TXN,5,0.500406834825061,0.026578650495061102,0.0
ENSG00000136807,CDK9,5,0.500406834825061,0.02673083117017204,0.0
ENSG00000136738,STAM,5,0.5001627339300246,0.021503657160588774,0.004405286343612335
ENSG00000136859,ANGPTL2,5,0.500406834825061,0.02673083117017204,0.0
ENSG00000136732,GYPC,5,0.5003525901817196,0.023312539316736682,0.0
ENSG00000136731,UGGT1,5,0.5001627339300246,0.021405281775118672,0.010752688172043012
ENSG00000136720,HS6ST1,5,0.500406834825061,0.023723110375495814,0.0
ENSG00000136718,IMP4,5,0.500406834825061,0.026578650495061102,0.0
ENSG00000136717,BIN1,5,0.5001627339300246,0.021503657160588774,0.004405286343612335
ENSG00000136715,SAP130,5,0.500406834825061,0.02437996670267037,0.0
ENSG00000136710,VMA22,5,0.500406834825061,0.02673083117017204,0.0
ENSG00000136709,WDR33,5,0.5001627339300246,0.021503657160588774,0.004405286343612335
ENSG00000136699,SMPD4,5,0.500406834825061,0.02673083117017204,0.0
ENSG00000136856,SLC2A8,5,0.500406834825061,0.026578650495061102,0.0
ENSG00000136868,SLC31A1,5,0.500406834825061,0.02673083117017204,0.0
ENSG00000137154,RPS6,5,0.5001627339300246,0.021503657160588774,0.004405286343612335
ENSG00000136950,ARPC5L,5,0.500406834825061,0.026578650495061102,0.0
ENSG00000137124,ALDH1B1,5,0.500406834825061,0.026578650495061102,0.0
ENSG00000137094,DNAJB5,5,0.500406834825061,0.02673083117017204,0.0
ENSG00000137073,UBAP2,5,0.500406834825061,0.026578650495061102,0.0
ENSG00000137055,PLAA,5,0.500406834825061,0.02673083117017204,0.0
ENSG00000137054,POLR1E,5,0.500406834825061,0.02673083117017204,0.0
ENSG00000137038,DMAC1,5,0.5003525901817196,0.023312539316736682,0.0
ENSG00000136997,MYC,5,0.500406834825061,0.026578650495061102,0.0
ENSG00000136986,DERL1,5,0.500406834825061,0.026578650495061102,0.0
ENSG00000136982,DSCC1,5,0.500406834825061,0.02673083117017204,0.0
ENSG00000136943,CTSV,5,0.500406834825061,0.026578650495061102,0.0
ENSG00000136875,PRPF4,5,0.500406834825061,0.02673083117017204,0.0
ENSG00000136942,RPL35,5,0.500406834825061,0.02673083117017204,0.0
ENSG00000136937,NCBP1,5,0.500406834825061,0.023430240560169298,0.0
ENSG00000136933,RABEPK,5,0.500406834825061,0.026578650495061102,0.0
ENSG00000136930,PSMB7,5,0.500406834825061,0.026437961354845524,0.0
ENSG00000136908,DPM2,5,0.500406834825061,0.023430240560169298,0.0
ENSG00000136897,MRPL50,5,0.500406834825061,0.02673083117017204,0.0
ENSG00000136891,TEX10,5,0.500406834825061,0.02673083117017204,0.0
ENSG00000136888,ATP6V1G1,5,0.5003525901817196,0.023312539316736682,0.0
ENSG00000136877,FPGS,5,0.500406834825061,0.02673083117017204,0.0
ENSG00000135245,HILPDA,5,0.500406834825061,0.02673083117017204,0.0
ENSG00000135144,DTX1,5,0.500406834825061,0.023430240560169298,0.0
ENSG00000138085,ATRAID,5,0.500406834825061,0.026437961354845524,0.0
ENSG00000132623,ANKEF1,5,0.500406834825061,0.026437961354845524,0.0
ENSG00000132768,DPH2,5,0.500406834825061,0.026437961354845524,0.0
ENSG00000132763,MMACHC,5,0.500406834825061,0.02673083117017204,0.0
ENSG00000132749,TESMIN,5,0.500406834825061,0.02673083117017204,0.0
ENSG00000132740,IGHMBP2,5,0.500406834825061,0.02673083117017204,0.0
ENSG00000132680,KHDC4,5,0.500406834825061,0.02673083117017204,0.0
ENSG00000132676,DAP3,5,0.500406834825061,0.02673083117017204,0.0
ENSG00000132664,POLR3F,5,0.500406834825061,0.026578650495061102,0.0
ENSG00000132661,NXT1,5,0.500406834825061,0.02673083117017204,0.0
ENSG00000132646,PCNA,5,0.5001627339300246,0.02152442658310508,0.004273504273504274
ENSG00000132612,VPS4A,5,0.500406834825061,0.02673083117017204,0.0
ENSG00000132780,NASP,5,0.500406834825061,0.02673083117017204,0.0
ENSG00000132603,NIP7,5,0.500406834825061,0.026578650495061102,0.0
ENSG00000132591,ERAL1,5,0.500406834825061,0.026437961354845524,0.0
ENSG00000132589,FLOT2,5,0.5001627339300246,0.021516014573189544,0.004366812227074236
ENSG00000132581,SDF2,5,0.500406834825061,0.026437961354845524,0.0
ENSG00000132570,PCBD2,5,0.49739625711961216,0.017163634442352627,0.012345679012345678
ENSG00000132541,RIDA,5,0.500406834825061,0.026437961354845524,0.0
ENSG00000132522,GPS2,5,0.500406834825061,0.026578650495061102,0.0
ENSG00000132507,EIF5A,5,0.500406834825061,0.02673083117017204,0.0
ENSG00000132485,ZRANB2,5,0.5003525901817196,0.023312539316736682,0.0
ENSG00000132773,TOE1,5,0.500406834825061,0.026578650495061102,0.0
ENSG00000132781,MUTYH,5,0.500406834825061,0.026578650495061102,0.0
ENSG00000132467,UTP3,5,0.500406834825061,0.026578650495061102,0.0
ENSG00000133027,PEMT,5,0.500406834825061,0.026437961354845524,0.0
ENSG00000133169,BEX1,5,0.5003525901817196,0.023312539316736682,0.0
ENSG00000133142,TCEAL4,5,0.5003525901817196,0.023312539316736682,0.0
ENSG00000133138,TBC1D8B,5,0.500406834825061,0.026578650495061102,0.0
ENSG00000133135,RNF128,5,0.500406834825061,0.026578650495061102,0.0
ENSG00000133134,BEX2,5,0.5003525901817196,0.023312539316736682,0.0
ENSG00000133112,TPT1,5,0.5001627339300246,0.021516014573189544,0.004366812227074236
ENSG00000133107,TRPC4,5,0.5003525901817196,0.023312539316736682,0.0
ENSG00000133065,SLC41A1,5,0.500406834825061,0.026437961354845524,0.0
ENSG00000133028,SCO1,5,0.500406834825061,0.026578650495061102,0.0
ENSG00000133019,CHRM3,5,0.500406834825061,0.026437961354845524,0.0
ENSG00000132801,ZSWIM3,5,0.500406834825061,0.026437961354845524,0.0
ENSG00000132967,HMGB1P5,5,0.5001627339300246,0.02152442658310508,0.004273504273504274
ENSG00000132963,POMP,5,0.500406834825061,0.02673083117017204,0.0
ENSG00000132953,XPO4,5,0.500406834825061,0.026578650495061102,0.0
ENSG00000132932,ATP8A2,5,0.500406834825061,0.026437961354845524,0.0
ENSG00000132906,CASP9,5,0.500406834825061,0.026437961354845524,0.0
ENSG00000132879,FBXO44,5,0.500406834825061,0.026437961354845524,0.0
ENSG00000132849,PATJ,5,0.49739625711961216,0.017163634442352627,0.012345679012345678
ENSG00000132824,SERINC3,5,0.500406834825061,0.02673083117017204,0.0
ENSG00000132819,RBM38,5,0.500406834825061,0.02673083117017204,0.0
ENSG00000132471,WBP2,5,0.500406834825061,0.02673083117017204,0.0
ENSG00000132463,GRSF1,5,0.500406834825061,0.026437961354845524,0.0
ENSG00000133226,SRRM1,5,0.5001627339300246,0.021516014573189544,0.004366812227074236
ENSG00000131828,PDHA1,5,0.500406834825061,0.02673083117017204,0.0
ENSG00000131979,GCH1,5,0.500406834825061,0.02673083117017204,0.0
ENSG00000131941,RHPN2,5,0.500406834825061,0.02673083117017204,0.0
ENSG00000131931,THAP1,5,0.500406834825061,0.02673083117017204,0.0
ENSG00000131914,LIN28A,5,0.5001627339300246,0.021503657160588774,0.004405286343612335
ENSG00000131876,SNRPA1,5,0.5001627339300246,0.02152442658310508,0.004273504273504274
ENSG00000131873,CHSY1,5,0.49739625711961216,0.017163634442352627,0.012345679012345678
ENSG00000131871,SELENOS,5,0.500406834825061,0.026578650495061102,0.0
ENSG00000131845,ZNF304,5,0.500406834825061,0.026578650495061102,0.0
ENSG00000131844,MCCC2,5,0.500406834825061,0.026437961354845524,0.0
ENSG00000131791,PRKAB2,5,0.500406834825061,0.02673083117017204,0.0
ENSG00000132005,RFX1,5,0.5003525901817196,0.023312539316736682,0.0
ENSG00000131778,CHD1L,5,0.5001627339300246,0.02152442658310508,0.004273504273504274
ENSG00000131759,RARA,5,0.5003525901817196,0.023312539316736682,0.0
ENSG00000131748,STARD3,5,0.5003525901817196,0.023312539316736682,0.0
ENSG00000131732,ZCCHC9,5,0.5001627339300246,0.021405281775118672,0.010752688172043012
ENSG00000131730,CKMT2,5,0.5003525901817196,0.023312539316736682,0.0
ENSG00000131653,TRAF7,5,0.500406834825061,0.02673083117017204,0.0
ENSG00000131652,THOC6,5,0.500406834825061,0.02673083117017204,0.0
ENSG00000131626,PPFIA1,5,0.500406834825061,0.026437961354845524,0.0
ENSG00000131620,ANO1,5,0.500406834825061,0.026437961354845524,0.0
ENSG00000132002,DNAJB1,5,0.5001627339300246,0.021405281775118672,0.010752688172043012
ENSG00000132017,DCAF15,5,0.500406834825061,0.02673083117017204,0.0
ENSG00000132432,SEC61G,5,0.500406834825061,0.02673083117017204,0.0
ENSG00000132330,SCLY,5,0.500406834825061,0.026437961354845524,0.0
ENSG00000132423,COQ3,5,0.500406834825061,0.02673083117017204,0.0
ENSG00000132405,TBC1D14,5,0.5003525901817196,0.023312539316736682,0.0
ENSG00000132388,UBE2G1,5,0.500406834825061,0.026578650495061102,0.0
ENSG00000132383,RPA1,5,0.4977759696230021,0.015351548424270929,0.03535766729599329
ENSG00000132382,MYBBP1A,5,0.500406834825061,0.026578650495061102,0.0
ENSG00000132376,INPP5K,5,0.500406834825061,0.023430240560169298,0.0
ENSG00000132361,CLUH,5,0.500406834825061,0.026578650495061102,0.0
ENSG00000132359,RAP1GAP2,5,0.500406834825061,0.026437961354845524,0.0
ENSG00000132341,RAN,5,0.500406834825061,0.02673083117017204,0.0
ENSG00000132313,MRPL35,5,0.500406834825061,0.02673083117017204,0.0
ENSG00000132024,CC2D1A,5,0.500406834825061,0.026437961354845524,0.0
ENSG00000132305,IMMT,5,0.500406834825061,0.02673083117017204,0.0
ENSG00000132300,PTCD3,5,0.5001627339300246,0.021503657160588774,0.004405286343612335
ENSG00000132297,HHLA1,5,0.500406834825061,0.026437961354845524,0.0
ENSG00000132294,EFR3A,5,0.500406834825061,0.026437961354845524,0.0
ENSG00000132274,TRIM22,5,0.500406834825061,0.026437961354845524,0.0
ENSG00000132254,ARFIP2,5,0.500406834825061,0.026437961354845524,0.0
ENSG00000132182,NUP210,5,0.500406834825061,0.023723110375495814,0.0
ENSG00000132153,DHX30,5,0.500406834825061,0.02673083117017204,0.0
ENSG00000132109,TRIM21,5,0.500406834825061,0.02673083117017204,0.0
ENSG00000133193,VCF1,5,0.500406834825061,0.026578650495061102,0.0
ENSG00000133243,BTBD2,5,0.500406834825061,0.02673083117017204,0.0
ENSG00000135127,BICDL1,5,0.49739625711961216,0.017163634442352627,0.012345679012345678
ENSG00000134444,RELCH,5,0.5003525901817196,0.023312539316736682,0.0
ENSG00000134717,BTF3L4,5,0.500406834825061,0.023723110375495814,0.0
ENSG00000134709,HOOK1,5,0.500406834825061,0.026437961354845524,0.0
ENSG00000134697,GNL2,5,0.500406834825061,0.026578650495061102,0.0
ENSG00000134684,YARS1,5,0.500406834825061,0.026578650495061102,0.0
ENSG00000134602,STK26,5,0.500406834825061,0.02673083117017204,0.0
ENSG00000134516,DOCK2,5,0.500406834825061,0.026578650495061102,0.0
ENSG00000134508,CABLES1,5,0.49739625711961216,0.017163634442352627,0.012345679012345678
ENSG00000134453,RBM17,5,0.500406834825061,0.02673083117017204,0.0
ENSG00000134452,FBH1,5,0.500406834825061,0.02673083117017204,0.0
ENSG00000134440,NARS1,5,0.500406834825061,0.026578650495061102,0.0
ENSG00000134755,DSC2,5,0.4977759696230021,0.015351548424270929,0.03535766729599329
ENSG00000134419,RPS15A,5,0.5001627339300246,0.021516014573189544,0.004366812227074236
ENSG00000134375,TIMM17A,5,0.500406834825061,0.026578650495061102,0.0
ENSG00000134371,CDC73,5,0.5003525901817196,0.023312539316736682,0.0
ENSG00000134363,FST,5,0.500406834825061,0.023723110375495814,0.0
ENSG00000134333,LDHA,5,0.5001627339300246,0.02152442658310508,0.004273504273504274
ENSG00000134323,MYCN,5,0.500406834825061,0.026578650495061102,0.0
ENSG00000134297,PLEKHA8P1,5,0.5003525901817196,0.023312539316736682,0.0
ENSG00000134294,SLC38A2,5,0.500406834825061,0.02673083117017204,0.0
ENSG00000134287,ARF3,5,0.500406834825061,0.02673083117017204,0.0
ENSG00000134748,PRPF38A,5,0.500406834825061,0.02673083117017204,0.0
ENSG00000134758,RNF138,5,0.500406834825061,0.02673083117017204,0.0
ENSG00000134265,NAPG,5,0.500406834825061,0.026437961354845524,0.0
ENSG00000134954,ETS1,5,0.500406834825061,0.02673083117017204,0.0
ENSG00000135090,TAOK3,5,0.49739625711961216,0.017124981046396103,0.04
ENSG00000135083,CCNJL,5,0.500406834825061,0.026437961354845524,0.0
ENSG00000135070,ISCA1,5,0.500406834825061,0.026437961354845524,0.0
ENSG00000135069,PSAT1,5,0.500406834825061,0.02673083117017204,0.0
ENSG00000135063,ENTREP1,5,0.500406834825061,0.02673083117017204,0.0
ENSG00000135047,CTSL,5,0.5003525901817196,0.023312539316736682,0.0
ENSG00000134996,OSTF1,5,0.5003525901817196,0.023312539316736682,0.0
ENSG00000134987,WDR36,5,0.500406834825061,0.02673083117017204,0.0
ENSG00000134970,TMED7,5,0.500406834825061,0.02673083117017204,0.0
ENSG00000134917,ADAMTS8,5,0.500406834825061,0.026437961354845524,0.0
ENSG00000134759,ELP2,5,0.5001627339300246,0.021516014573189544,0.004366812227074236
ENSG00000134910,STT3A,5,0.500406834825061,0.02673083117017204,0.0
ENSG00000134900,TPP2,5,0.500406834825061,0.02673083117017204,0.0
ENSG00000134882,UBAC2,5,0.500406834825061,0.026437961354845524,0.0
ENSG00000134873,CLDN10,5,0.500406834825061,0.02673083117017204,0.0
ENSG00000134825,TMEM258,5,0.500406834825061,0.02673083117017204,0.0
ENSG00000134815,DHX34,5,0.500406834825061,0.02673083117017204,0.0
ENSG00000134809,TIMM10,5,0.500406834825061,0.026578650495061102,0.0
ENSG00000134802,SLC43A3,5,0.500406834825061,0.02673083117017204,0.0
ENSG00000134780,DAGLA,5,0.5003525901817196,0.023312539316736682,0.0
ENSG00000134285,FKBP11,5,0.500406834825061,0.02673083117017204,0.0
ENSG00000134215,VAV3,5,0.500406834825061,0.02673083117017204,0.0
ENSG00000133265,HSPBP1,5,0.500406834825061,0.026437961354845524,0.0
ENSG00000133477,FAM83F,5,0.500406834825061,0.026578650495061102,0.0
ENSG00000133706,LARS1,5,0.500406834825061,0.02673083117017204,0.0
ENSG00000133704,IPO8,5,0.500406834825061,0.026437961354845524,0.0
ENSG00000133703,KRAS,5,0.500406834825061,0.02673083117017204,0.0
ENSG00000133687,TMTC1,5,0.5001627339300246,0.021516014573189544,0.004366812227074236
ENSG00000133657,ATP13A3,5,0.4977759696230021,0.015351548424270929,0.03535766729599329
ENSG00000133641,RLIG1,5,0.500406834825061,0.02673083117017204,0.0
ENSG00000133627,ACTR3B,5,0.500406834825061,0.02673083117017204,0.0
ENSG00000133612,AGAP3,5,0.500406834825061,0.02673083117017204,0.0
ENSG00000133606,MKRN1,5,0.500406834825061,0.02673083117017204,0.0
ENSG00000133424,LARGE1,5,0.5003525901817196,0.023312539316736682,0.0
ENSG00000133739,LRRCC1,5,0.500406834825061,0.021372245907994143,0.0
ENSG00000133422,MORC2,5,0.500406834825061,0.026437961354845524,0.0
ENSG00000133401,PDZD2,5,0.500406834825061,0.026437961354845524,0.0
ENSG00000133398,MED10,5,0.500406834825061,0.02437996670267037,0.0
ENSG00000133393,CEP20,5,0.5001627339300246,0.021405281775118672,0.010752688172043012
ENSG00000133318,RTN3,5,0.500406834825061,0.023430240560169298,0.0
ENSG00000133316,WDR74,5,0.500406834825061,0.026578650495061102,0.0
ENSG00000133315,MACROD1,5,0.500406834825061,0.02673083117017204,0.0
ENSG00000133313,CNDP2,5,0.500406834825061,0.02673083117017204,0.0
ENSG00000133275,CSNK1G2,5,0.500406834825061,0.02673083117017204,0.0
ENSG00000133710,SPINK5,5,0.500406834825061,0.026437961354845524,0.0
ENSG00000133773,CCDC59,5,0.500406834825061,0.02673083117017204,0.0
ENSG00000134207,SYT6,5,0.500406834825061,0.026578650495061102,0.0
ENSG00000133983,COX16,5,0.500406834825061,0.026437961354845524,0.0
ENSG00000134186,PRPF38B,5,0.500406834825061,0.026578650495061102,0.0
ENSG00000134153,EMC7,5,0.500406834825061,0.026437961354845524,0.0
ENSG00000134108,ARL8B,5,0.5003525901817196,0.023312539316736682,0.0
ENSG00000134086,VHL,5,0.500406834825061,0.026437961354845524,0.0
ENSG00000134077,THUMPD3,5,0.500406834825061,0.02673083117017204,0.0
ENSG00000134058,CDK7,5,0.500406834825061,0.026578650495061102,0.0
ENSG00000134056,KGD4,5,0.500406834825061,0.026578650495061102,0.0
ENSG00000134001,EIF2S1,5,0.500406834825061,0.02673083117017204,0.0
ENSG00000133985,TTC9,5,0.5003525901817196,0.023312539316736682,0.0
ENSG00000133980,VRTN,5,0.500406834825061,0.026578650495061102,0.0
ENSG00000133789,SWAP70,5,0.500406834825061,0.02673083117017204,0.0
ENSG00000133962,CATSPERB,5,0.500406834825061,0.026437961354845524,0.0
ENSG00000133958,UNC79,5,0.5001627339300246,0.021516014573189544,0.004366812227074236
ENSG00000133895,MEN1,5,0.500406834825061,0.026578650495061102,0.0
ENSG00000133884,DPF2,5,0.500406834825061,0.026437961354845524,0.0
ENSG00000133863,TEX15,5,0.500406834825061,0.026578650495061102,0.0
ENSG00000133835,HSD17B4,5,0.500406834825061,0.026437961354845524,0.0
ENSG00000133818,RRAS2,5,0.500406834825061,0.02673083117017204,0.0
ENSG00000133805,AMPD3,5,0.5001627339300246,0.021516014573189544,0.004366812227074236
ENSG00000133794,BMAL1,5,0.500406834825061,0.026578650495061102,0.0
ENSG00000138074,SLC5A6,5,0.500406834825061,0.026437961354845524,0.0
ENSG00000138095,LRPPRC,5,0.500406834825061,0.02673083117017204,0.0
ENSG00000112983,BRD8,5,0.4978030919446728,0.01541737596855485,0.07384972185731199
ENSG00000143549,TPM3,5,0.500406834825061,0.026578650495061102,0.0
ENSG00000143633,FSAF1,5,0.500406834825061,0.02673083117017204,0.0
ENSG00000143624,INTS3,5,0.500406834825061,0.026437961354845524,0.0
ENSG00000143621,ILF2,5,0.500406834825061,0.02673083117017204,0.0
ENSG00000143612,C1orf43,5,0.500406834825061,0.02673083117017204,0.0
ENSG00000143578,CREB3L4,5,0.500406834825061,0.026437961354845524,0.0
ENSG00000143575,HAX1,5,0.500406834825061,0.02673083117017204,0.0
ENSG00000143570,SLC39A1,5,0.500406834825061,0.026578650495061102,0.0
ENSG00000143569,UBAP2L,5,0.500406834825061,0.026437961354845524,0.0
ENSG00000143554,SLC27A3,5,0.500406834825061,0.026437961354845524,0.0
ENSG00000143545,RAB13,5,0.500406834825061,0.02673083117017204,0.0
ENSG00000143727,ACP1,5,0.500406834825061,0.02673083117017204,0.0
ENSG00000143543,JTB,5,0.500406834825061,0.026578650495061102,0.0
ENSG00000143537,ADAM15,5,0.500406834825061,0.02673083117017204,0.0
ENSG00000143515,ATP8B2,5,0.500406834825061,0.02673083117017204,0.0
ENSG00000143502,SUSD4,5,0.5001627339300246,0.021516014573189544,0.004366812227074236
ENSG00000143498,TAF1A,5,0.500406834825061,0.02673083117017204,0.0
ENSG00000143494,VASH2,5,0.500406834825061,0.026578650495061102,0.0
ENSG00000143493,INTS7,5,0.5001627339300246,0.02152442658310508,0.004273504273504274
ENSG00000143469,SYT14,5,0.5003525901817196,0.023312539316736682,0.0
ENSG00000143457,GOLPH3L,5,0.500406834825061,0.026578650495061102,0.0
ENSG00000143674,MAP3K21,5,0.500406834825061,0.026437961354845524,0.0
ENSG00000143740,SNAP47,5,0.500406834825061,0.026437961354845524,0.0
ENSG00000143418,CERS2,5,0.500406834825061,0.02673083117017204,0.0
ENSG00000143811,PYCR2,5,0.500406834825061,0.02673083117017204,0.0
ENSG00000143947,RPS27A,5,0.500406834825061,0.02673083117017204,0.0
ENSG00000143942,CHAC2,5,0.500406834825061,0.026578650495061102,0.0
ENSG00000143924,EML4,5,0.5003525901817196,0.023312539316736682,0.0
ENSG00000143919,CAMKMT,5,0.500406834825061,0.026437961354845524,0.0
ENSG00000143870,PDIA6,5,0.500406834825061,0.02673083117017204,0.0
ENSG00000143858,SYT2,5,0.500406834825061,0.026437961354845524,0.0
ENSG00000143845,ETNK2,5,0.500406834825061,0.026437961354845524,0.0
ENSG00000143842,SOX13,5,0.500406834825061,0.02673083117017204,0.0
ENSG00000143819,EPHX1,5,0.500406834825061,0.026437961354845524,0.0
ENSG00000143801,PSEN2,5,0.500406834825061,0.026578650495061102,0.0
ENSG00000143742,SRP9,5,0.4977759696230021,0.015351548424270929,0.03535766729599329
ENSG00000143799,PARP1,5,0.500406834825061,0.02673083117017204,0.0
ENSG00000143793,C1orf35,5,0.500406834825061,0.026437961354845524,0.0
ENSG00000143786,CNIH3,5,0.5003525901817196,0.023312539316736682,0.0
ENSG00000143771,CNIH4,5,0.5001627339300246,0.021405281775118672,0.010752688172043012
ENSG00000143761,ARF1,5,0.5001627339300246,0.021516014573189544,0.004366812227074236
ENSG00000143756,FBXO28,5,0.500406834825061,0.023430240560169298,0.0
ENSG00000143753,DEGS1,5,0.500406834825061,0.02673083117017204,0.0
ENSG00000143751,SDE2,5,0.500406834825061,0.026437961354845524,0.0
ENSG00000143748,NVL,5,0.500406834825061,0.026578650495061102,0.0
ENSG00000143436,MRPL9,5,0.500406834825061,0.02673083117017204,0.0
ENSG00000143401,ANP32E,5,0.4977759696230021,0.01533547674922743,0.09546219691271804
ENSG00000143970,ASXL2,5,0.5003525901817196,0.023312539316736682,0.0
ENSG00000142669,SH3BGRL3,5,0.5001627339300246,0.021516014573189544,0.004366812227074236
ENSG00000142867,BCL10,5,0.500406834825061,0.026437961354845524,0.0
ENSG00000142864,SERBP1,5,0.500406834825061,0.02673083117017204,0.0
ENSG00000142798,HSPG2,5,0.5001627339300246,0.021503657160588774,0.004405286343612335
ENSG00000142751,GPN2,5,0.500406834825061,0.026437961354845524,0.0
ENSG00000142698,C1orf94,5,0.500406834825061,0.026578650495061102,0.0
ENSG00000142686,C1orf216,5,0.500406834825061,0.02673083117017204,0.0
ENSG00000142684,ZNF593,5,0.500406834825061,0.026437961354845524,0.0
ENSG00000142676,RPL11,5,0.5001627339300246,0.021516014573189544,0.004366812227074236
ENSG00000142675,CNKSR1,5,0.500406834825061,0.02673083117017204,0.0
ENSG00000142657,PGD,5,0.500406834825061,0.02673083117017204,0.0
ENSG00000143013,LMO4,5,0.500406834825061,0.02673083117017204,0.0
ENSG00000142634,EFHD2,5,0.500406834825061,0.026437961354845524,0.0
ENSG00000142632,ARHGEF19,5,0.500406834825061,0.026437961354845524,0.0
ENSG00000142556,ZNF614,5,0.500406834825061,0.026437961354845524,0.0
ENSG00000142552,RCN3,5,0.500406834825061,0.026578650495061102,0.0
ENSG00000142549,IGLON5,5,0.500406834825061,0.026437961354845524,0.0
ENSG00000142546,NOSIP,5,0.500406834825061,0.026578650495061102,0.0
ENSG00000142541,RPL13A,5,0.500406834825061,0.02673083117017204,0.0
ENSG00000142534,RPS11,5,0.5001627339300246,0.021516014573189544,0.004366812227074236
ENSG00000142507,PSMB6,5,0.500406834825061,0.026578650495061102,0.0
ENSG00000142937,RPS8,5,0.5001627339300246,0.021503657160588774,0.004405286343612335
ENSG00000143061,IGSF3,5,0.5003525901817196,0.023312539316736682,0.0
ENSG00000143384,MCL1,5,0.5001627339300246,0.021503657160588774,0.004405286343612335
ENSG00000143319,ISG20L2,5,0.500406834825061,0.026437961354845524,0.0
ENSG00000143376,SNX27,5,0.500406834825061,0.02673083117017204,0.0
ENSG00000143375,CGN,5,0.500406834825061,0.026437961354845524,0.0
ENSG00000143373,ZNF687,5,0.500406834825061,0.02673083117017204,0.0
ENSG00000143368,SF3B4,5,0.500406834825061,0.026578650495061102,0.0
ENSG00000143363,PRUNE1,5,0.500406834825061,0.026437961354845524,0.0
ENSG00000143341,HMCN1,5,0.500406834825061,0.02358242123528024,0.037037037037037035
ENSG00000143337,TOR1AIP1,5,0.500406834825061,0.026578650495061102,0.0
ENSG00000143333,RGS16,5,0.5003525901817196,0.023312539316736682,0.0
ENSG00000143321,HDGF,5,0.500406834825061,0.02673083117017204,0.0
ENSG00000143314,MRPL24,5,0.500406834825061,0.026578650495061102,0.0
ENSG00000143067,ZNF697,5,0.5001627339300246,0.021516014573189544,0.004366812227074236
ENSG00000143294,PRCC,5,0.500406834825061,0.02673083117017204,0.0
ENSG00000143256,PFDN2,5,0.500406834825061,0.02673083117017204,0.0
ENSG00000143252,SDHC,5,0.500406834825061,0.026578650495061102,0.0
ENSG00000143222,UFC1,5,0.500406834825061,0.02673083117017204,0.0
ENSG00000143179,UCK2,5,0.500406834825061,0.026578650495061102,0.0
ENSG00000143162,CREG1,5,0.5003525901817196,0.023312539316736682,0.0
ENSG00000143157,POGK,5,0.500406834825061,0.02673083117017204,0.0
ENSG00000143149,ALDH9A1,5,0.5003525901817196,0.023312539316736682,0.0
ENSG00000143106,PSMA5,5,0.500406834825061,0.026437961354845524,0.0
ENSG00000143951,WDPCP,5,0.47957689178195545,0.010979521787141476,0.2003798670465337
ENSG00000143971,ETAA1,5,0.500406834825061,0.023723110375495814,0.0
ENSG00000142449,FBN3,5,0.5003525901817196,0.023312539316736682,0.0
ENSG00000145494,NDUFS6,5,0.500406834825061,0.02673083117017204,0.0
ENSG00000145703,IQGAP2,5,0.5003525901817196,0.023312539316736682,0.0
ENSG00000145685,LHFPL2,5,0.5003525901817196,0.023312539316736682,0.0
ENSG00000145642,SHISAL2B,5,0.500406834825061,0.026578650495061102,0.0
ENSG00000145623,OSMR,5,0.5003525901817196,0.023312539316736682,0.0
ENSG00000145604,SKP2,5,0.500406834825061,0.02673083117017204,0.0
ENSG00000145592,RPL37,5,0.5001627339300246,0.021516014573189544,0.004366812227074236
ENSG00000145569,OTULINL,5,0.500406834825061,0.023430240560169298,0.0
ENSG00000145545,SRD5A1,5,0.500406834825061,0.026578650495061102,0.0
ENSG00000145536,ADAMTS16,5,0.5001627339300246,0.021503657160588774,0.004405286343612335
ENSG00000145425,RPS3A,5,0.500406834825061,0.02673083117017204,0.0
ENSG00000145736,GTF2H2,5,0.500406834825061,0.02673083117017204,0.0
ENSG00000145423,SFRP2,5,0.5001627339300246,0.021516014573189544,0.004366812227074236
ENSG00000145414,NAF1,5,0.5001627339300246,0.021516014573189544,0.004366812227074236
ENSG00000145390,USP53,5,0.500406834825061,0.02358242123528024,0.037037037037037035
ENSG00000145375,AFG2A,5,0.4977759696230021,0.01535624617174373,0.06712528663748175
ENSG00000145362,ANK2,5,0.500406834825061,0.02673083117017204,0.0
ENSG00000145354,CISD2,5,0.500406834825061,0.026578650495061102,0.0
ENSG00000145337,PYURF,5,0.500406834825061,0.026437961354845524,0.0
ENSG00000145293,ENOPH1,5,0.500406834825061,0.026437961354845524,0.0
ENSG00000145247,OCIAD2,5,0.500406834825061,0.026437961354845524,0.0
ENSG00000145734,BDP1,5,0.5001627339300246,0.021516014573189544,0.004366812227074236
ENSG00000145741,BTF3,5,0.500406834825061,0.02673083117017204,0.0
ENSG00000145191,EIF2B5,5,0.500406834825061,0.02673083117017204,0.0
ENSG00000145912,NHP2,5,0.500406834825061,0.02673083117017204,0.0
ENSG00000146109,ABT1,5,0.500406834825061,0.026578650495061102,0.0
ENSG00000146083,RNF44,5,0.500406834825061,0.02673083117017204,0.0
ENSG00000146072,TNFRSF21,5,0.5003525901817196,0.023312539316736682,0.0
ENSG00000146066,HIGD2A,5,0.5003525901817196,0.023312539316736682,0.0
ENSG00000146021,KLHL3,5,0.500406834825061,0.026437961354845524,0.0
ENSG00000146007,ZMAT2,5,0.500406834825061,0.026578650495061102,0.0
ENSG00000145990,GFOD1,5,0.500406834825061,0.026437961354845524,0.0
ENSG00000145919,BOD1,5,0.500406834825061,0.02673083117017204,0.0
ENSG00000145916,RMND5B,5,0.500406834825061,0.026578650495061102,0.0
ENSG00000145911,N4BP3,5,0.500406834825061,0.02673083117017204,0.0
ENSG00000145779,TNFAIP8,5,0.500406834825061,0.026578650495061102,0.0
ENSG00000145908,ZNF300,5,0.5003525901817196,0.023312539316736682,0.0
ENSG00000145907,G3BP1,5,0.5001627339300246,0.021405281775118672,0.010752688172043012
ENSG00000145864,GABRB2,5,0.500406834825061,0.026578650495061102,0.0
ENSG00000145833,DDX46,5,0.500406834825061,0.02673083117017204,0.0
ENSG00000145819,ARHGAP26,5,0.5003525901817196,0.023312539316736682,0.0
ENSG00000145817,YIPF5,5,0.500406834825061,0.02673083117017204,0.0
ENSG00000145808,ADAMTS19,5,0.5003525901817196,0.023312539316736682,0.0
ENSG00000145794,MEGF10,5,0.49742337944128284,0.01712067842378869,0.07692307692307693
ENSG00000145782,ATG12,5,0.500406834825061,0.026578650495061102,0.0
ENSG00000145220,LYAR,5,0.500406834825061,0.026578650495061102,0.0
ENSG00000145087,STXBP5L,5,0.5003525901817196,0.023312539316736682,0.0
ENSG00000143977,SNRPG,5,0.500406834825061,0.02673083117017204,0.0
ENSG00000144231,POLR2D,5,0.5001627339300246,0.02152442658310508,0.004273504273504274
ENSG00000144583,MARCHF4,5,0.5003525901817196,0.023312539316736682,0.0
ENSG00000144580,CNOT9,5,0.500406834825061,0.026578650495061102,0.0
ENSG00000144567,RETREG2,5,0.500406834825061,0.026578650495061102,0.0
ENSG00000144566,RAB5A,5,0.500406834825061,0.02673083117017204,0.0
ENSG00000144381,HSPD1,5,0.500406834825061,0.02673083117017204,0.0
ENSG00000144366,GULP1,5,0.5001627339300246,0.021503657160588774,0.004405286343612335
ENSG00000144354,CDCA7,5,0.500406834825061,0.02673083117017204,0.0
ENSG00000144278,GALNT13,5,0.5003525901817196,0.023312539316736682,0.0
ENSG00000144233,AMMECR1L,5,0.500406834825061,0.02673083117017204,0.0
ENSG00000144229,THSD7B,5,0.500406834825061,0.026437961354845524,0.0
ENSG00000144597,EAF1,5,0.500406834825061,0.02673083117017204,0.0
ENSG00000144227,NXPH2,5,0.500406834825061,0.02673083117017204,0.0
ENSG00000144182,LIPT1,5,0.500406834825061,0.02673083117017204,0.0
ENSG00000144136,SLC20A1,5,0.5003525901817196,0.023312539316736682,0.0
ENSG00000144048,DUSP11,5,0.500406834825061,0.026437961354845524,0.0
ENSG00000144040,SFXN5,5,0.5003525901817196,0.023312539316736682,0.0
ENSG00000144034,TPRKB,5,0.5001627339300246,0.02152442658310508,0.004273504273504274
ENSG00000144029,MRPS5,5,0.500406834825061,0.02673083117017204,0.0
ENSG00000144028,SNRNP200,5,0.5001627339300246,0.021405281775118672,0.010752688172043012
ENSG00000144021,CIAO1,5,0.500406834825061,0.026578650495061102,0.0
ENSG00000144591,GMPPA,5,0.500406834825061,0.026578650495061102,0.0
ENSG00000144645,OSBPL10,5,0.500406834825061,0.026437961354845524,0.0
ENSG00000145050,MANF,5,0.500406834825061,0.026578650495061102,0.0
ENSG00000144802,NFKBIZ,5,0.500406834825061,0.02673083117017204,0.0
ENSG00000145041,DCAF1,5,0.500406834825061,0.026578650495061102,0.0
ENSG00000145020,AMT,5,0.500406834825061,0.02673083117017204,0.0
ENSG00000144959,NCEH1,5,0.500406834825061,0.026437961354845524,0.0
ENSG00000144895,EIF2A,5,0.500406834825061,0.026578650495061102,0.0
ENSG00000144868,TMEM108,5,0.5003525901817196,0.023312539316736682,0.0
ENSG00000144867,SRPRB,5,0.500406834825061,0.026437961354845524,0.0
ENSG00000144848,ATG3,5,0.500406834825061,0.02673083117017204,0.0
ENSG00000144840,RABL3,5,0.5003525901817196,0.023312539316736682,0.0
ENSG00000144815,NXPE3,5,0.5001627339300246,0.021516014573189544,0.004366812227074236
ENSG00000144791,LIMD1,5,0.500406834825061,0.026437961354845524,0.0
ENSG00000144649,GASK1A,5,0.500406834825061,0.026578650495061102,0.0
ENSG00000144785,ENSG00000144785,5,0.5003525901817196,0.023312539316736682,0.0
ENSG00000144749,LRIG1,5,0.500406834825061,0.023723110375495814,0.0
ENSG00000144741,SLC25A26,5,0.500406834825061,0.026437961354845524,0.0
ENSG00000144736,SHQ1,5,0.500406834825061,0.026437961354845524,0.0
ENSG00000144724,PTPRG,5,0.5003525901817196,0.023312539316736682,0.0
ENSG00000144713,RPL32,5,0.500406834825061,0.02673083117017204,0.0
ENSG00000144681,STAC,5,0.5001627339300246,0.021503657160588774,0.004405286343612335
ENSG00000144668,ITGA9,5,0.5003525901817196,0.023312539316736682,0.0
ENSG00000144659,SLC25A38,5,0.500406834825061,0.026437961354845524,0.0
ENSG00000142453,CARM1,5,0.500406834825061,0.02673083117017204,0.0
ENSG00000142444,TIMM29,5,0.500406834825061,0.026437961354845524,0.0
ENSG00000138111,MFSD13A,5,0.500406834825061,0.026437961354845524,0.0
ENSG00000139405,RITA1,5,0.500406834825061,0.026437961354845524,0.0
ENSG00000139637,MYG1,5,0.500406834825061,0.026437961354845524,0.0
ENSG00000139629,GALNT6,5,0.500406834825061,0.026437961354845524,0.0
ENSG00000139624,CERS5,5,0.500406834825061,0.026437961354845524,0.0
ENSG00000139620,KANSL2,5,0.500406834825061,0.02673083117017204,0.0
ENSG00000139579,NABP2,5,0.500406834825061,0.026578650495061102,0.0
ENSG00000139546,TARBP2,5,0.500406834825061,0.02673083117017204,0.0
ENSG00000139517,LNX2,5,0.500406834825061,0.026437961354845524,0.0
ENSG00000139514,SLC7A1,5,0.500406834825061,0.02673083117017204,0.0
ENSG00000139433,GLTP,5,0.500406834825061,0.026437961354845524,0.0
ENSG00000139372,TDG,5,0.500406834825061,0.026578650495061102,0.0
ENSG00000139644,TMBIM6,5,0.500406834825061,0.02673083117017204,0.0
ENSG00000139364,TMEM132B,5,0.500406834825061,0.026437961354845524,0.0
ENSG00000139343,SNRPF,5,0.5001627339300246,0.021405281775118672,0.010752688172043012
ENSG00000139324,TMTC3,5,0.500406834825061,0.026578650495061102,0.0
ENSG00000139318,DUSP6,5,0.5003525901817196,0.023312539316736682,0.0
ENSG00000139289,PHLDA1,5,0.500406834825061,0.026437961354845524,0.0
ENSG00000139233,LLPH,5,0.500406834825061,0.026578650495061102,0.0
ENSG00000139209,SLC38A4,5,0.500406834825061,0.026578650495061102,0.0
ENSG00000139197,PEX5,5,0.500406834825061,0.026437961354845524,0.0
ENSG00000139187,KLRG1,5,0.500406834825061,0.02673083117017204,0.0
ENSG00000139641,ESYT1,5,0.5001627339300246,0.021516014573189544,0.004366812227074236
ENSG00000139697,SBNO1,5,0.4977759696230021,0.015351548424270929,0.03535766729599329
ENSG00000139174,PRICKLE1,5,0.500406834825061,0.026437961354845524,0.0
ENSG00000140015,KCNH5,5,0.5003525901817196,0.023312539316736682,0.0
ENSG00000140284,SLC27A2,5,0.500406834825061,0.026437961354845524,0.0
ENSG00000140265,ZSCAN29,5,0.500406834825061,0.02673083117017204,0.0
ENSG00000140264,SERF2,5,0.500406834825061,0.026578650495061102,0.0
ENSG00000140263,SORD,5,0.500406834825061,0.026578650495061102,0.0
ENSG00000140259,MFAP1,5,0.500406834825061,0.02673083117017204,0.0
ENSG00000140157,NIPA2,5,0.500406834825061,0.026578650495061102,0.0
ENSG00000140105,WARS1,5,0.500406834825061,0.026578650495061102,0.0
ENSG00000140044,JDP2,5,0.500406834825061,0.02673083117017204,0.0
ENSG00000140043,PTGR2,5,0.500406834825061,0.02673083117017204,0.0
ENSG00000140006,WDR89,5,0.500406834825061,0.02673083117017204,0.0
ENSG00000139718,SETD1B,5,0.500406834825061,0.02437996670267037,0.0
ENSG00000139998,RAB15,5,0.500406834825061,0.026437961354845524,0.0
ENSG00000139973,SYT16,5,0.500406834825061,0.023430240560169298,0.0
ENSG00000139921,TMX1,5,0.500406834825061,0.02673083117017204,0.0
ENSG00000139842,CUL4A,5,0.500406834825061,0.026437961354845524,0.0
ENSG00000139835,GRTP1,5,0.500406834825061,0.026578650495061102,0.0
ENSG00000139832,RAB20,5,0.500406834825061,0.026578650495061102,0.0
ENSG00000139767,SRRM4,5,0.5003525901817196,0.023312539316736682,0.0
ENSG00000139726,DENR,5,0.500406834825061,0.026437961354845524,0.0
ENSG00000139719,VPS33A,5,0.5003525901817196,0.023312539316736682,0.0
ENSG00000139180,NDUFA9,5,0.500406834825061,0.023430240560169298,0.0
ENSG00000139146,SINHCAF,5,0.5001627339300246,0.021516014573189544,0.004366812227074236
ENSG00000140307,GTF2A2,5,0.5001627339300246,0.02152442658310508,0.004273504273504274
ENSG00000138356,AOX1,5,0.500406834825061,0.026578650495061102,0.0
ENSG00000138604,GLCE,5,0.5003525901817196,0.023312539316736682,0.0
ENSG00000138592,USP8,5,0.500406834825061,0.02673083117017204,0.0
ENSG00000138442,WDR12,5,0.500406834825061,0.026578650495061102,0.0
ENSG00000138413,IDH1,5,0.500406834825061,0.02673083117017204,0.0
ENSG00000138399,FASTKD1,5,0.500406834825061,0.02673083117017204,0.0
ENSG00000138398,PPIG,5,0.5001627339300246,0.02152442658310508,0.004273504273504274
ENSG00000138385,SSB,5,0.500406834825061,0.02673083117017204,0.0
ENSG00000138381,ASNSD1,5,0.500406834825061,0.026578650495061102,0.0
ENSG00000138363,ATIC,5,0.500406834825061,0.02673083117017204,0.0
ENSG00000138346,DNA2,5,0.5001627339300246,0.021344151978307555,0.024390243902439025
ENSG00000138623,SEMA7A,5,0.500406834825061,0.02673083117017204,0.0
ENSG00000138336,TET1,5,0.500406834825061,0.026578650495061102,0.0
ENSG00000138326,RPS24,5,0.500406834825061,0.02673083117017204,0.0
ENSG00000138316,ADAMTS14,5,0.500406834825061,0.026437961354845524,0.0
ENSG00000138279,ANXA7,5,0.500406834825061,0.026437961354845524,0.0
ENSG00000138185,ENTPD1,5,0.500406834825061,0.026578650495061102,0.0
ENSG00000138166,DUSP5,5,0.500406834825061,0.02673083117017204,0.0
ENSG00000138161,CUZD1,5,0.500406834825061,0.026437961354845524,0.0
ENSG00000138138,ATAD1,5,0.500406834825061,0.02673083117017204,0.0
ENSG00000138134,STAMBPL1,5,0.500406834825061,0.026578650495061102,0.0
ENSG00000138622,HCN4,5,0.500406834825061,0.026437961354845524,0.0
ENSG00000138629,UBL7,5,0.500406834825061,0.02673083117017204,0.0
ENSG00000139132,FGD4,5,0.500406834825061,0.026437961354845524,0.0
ENSG00000138750,NUP54,5,0.500406834825061,0.02673083117017204,0.0
ENSG00000139131,YARS2,5,0.5003525901817196,0.023312539316736682,0.0
ENSG00000139112,GABARAPL1,5,0.5001627339300246,0.021516014573189544,0.004366812227074236
ENSG00000139044,B4GALNT3,5,0.500406834825061,0.02673083117017204,0.0
ENSG00000138944,SHISAL1,5,0.5003525901817196,0.023312539316736682,0.0
ENSG00000138867,GUCD1,5,0.500406834825061,0.026578650495061102,0.0
ENSG00000138821,SLC39A8,5,0.500406834825061,0.026437961354845524,0.0
ENSG00000138768,USO1,5,0.500406834825061,0.026578650495061102,0.0
ENSG00000138759,FRAS1,5,0.5001627339300246,0.021516014573189544,0.004366812227074236
ENSG00000138757,G3BP2,5,0.500406834825061,0.02673083117017204,0.0
ENSG00000138744,NAAA,5,0.500406834825061,0.026437961354845524,0.0
ENSG00000138642,HERC6,5,0.500406834825061,0.02673083117017204,0.0
ENSG00000138738,PRDM5,5,0.500406834825061,0.02673083117017204,0.0
ENSG00000138735,PDE5A,5,0.500406834825061,0.026578650495061102,0.0
ENSG00000138709,LARP1B,5,0.500406834825061,0.02673083117017204,0.0
ENSG00000138685,FGF2,5,0.500406834825061,0.02673083117017204,0.0
ENSG00000138670,RASGEF1B,5,0.5003525901817196,0.023312539316736682,0.0
ENSG00000138669,PRKG2,5,0.500406834825061,0.023430240560169298,0.0
ENSG00000138668,HNRNPD,5,0.5001627339300246,0.021503657160588774,0.004405286343612335
ENSG00000138660,AP1AR,5,0.500406834825061,0.026578650495061102,0.0
ENSG00000138646,HERC5,5,0.500406834825061,0.026578650495061102,0.0
ENSG00000140299,BNIP2,5,0.500406834825061,0.02673083117017204,0.0
ENSG00000140319,SRP14,5,0.5003525901817196,0.023312539316736682,0.0
ENSG00000142409,ZNF787,5,0.500406834825061,0.026437961354845524,0.0
ENSG00000141551,CSNK1D,5,0.500406834825061,0.026437961354845524,0.0
ENSG00000141736,ERBB2,5,0.500406834825061,0.026437961354845524,0.0
ENSG00000141698,NT5C3B,5,0.500406834825061,0.02673083117017204,0.0
ENSG00000141682,PMAIP1,5,0.500406834825061,0.026578650495061102,0.0
ENSG00000141655,TNFRSF11A,5,0.500406834825061,0.026437961354845524,0.0
ENSG00000141580,WDR45B,5,0.500406834825061,0.02673083117017204,0.0
ENSG00000141569,TRIM65,5,0.500406834825061,0.026578650495061102,0.0
ENSG00000141568,FOXK2,5,0.5001627339300246,0.021516014573189544,0.004366812227074236
ENSG00000141564,RPTOR,5,0.500406834825061,0.023430240560169298,0.0
ENSG00000141552,ANAPC11,5,0.500406834825061,0.02673083117017204,0.0
ENSG00000141543,EIF4A3,5,0.500406834825061,0.02673083117017204,0.0
ENSG00000141753,IGFBP4,5,0.500406834825061,0.026578650495061102,0.0
ENSG00000141524,TMC6,5,0.500406834825061,0.026437961354845524,0.0
ENSG00000141522,ARHGDIA,5,0.500406834825061,0.026578650495061102,0.0
ENSG00000141510,TP53,5,0.500406834825061,0.026578650495061102,0.0
ENSG00000141503,MINK1,5,0.500406834825061,0.026437961354845524,0.0
ENSG00000141480,ARRB2,5,0.500406834825061,0.02673083117017204,0.0
ENSG00000141456,PELP1,5,0.500406834825061,0.02673083117017204,0.0
ENSG00000141446,ESCO1,5,0.500406834825061,0.026437961354845524,0.0
ENSG00000141429,GALNT1,5,0.49739625711961216,0.017163634442352627,0.012345679012345678
ENSG00000141428,C18orf21,5,0.500406834825061,0.026578650495061102,0.0
ENSG00000141738,GRB7,5,0.500406834825061,0.026578650495061102,0.0
ENSG00000141759,TXNL4A,5,0.500406834825061,0.02673083117017204,0.0
ENSG00000141401,IMPA2,5,0.500406834825061,0.02673083117017204,0.0
ENSG00000142102,PGGHG,5,0.500406834825061,0.02673083117017204,0.0
ENSG00000142408,CACNG8,5,0.5003525901817196,0.023312539316736682,0.0
ENSG00000142273,CBLC,5,0.500406834825061,0.026578650495061102,0.0
ENSG00000142235,LMTK3,5,0.500406834825061,0.026437961354845524,0.0
ENSG00000142230,SAE1,5,0.5001627339300246,0.02152442658310508,0.004273504273504274
ENSG00000142207,URB1,5,0.500406834825061,0.026437961354845524,0.0
ENSG00000142186,SCYL1,5,0.5003525901817196,0.023312539316736682,0.0
ENSG00000142173,COL6A2,5,0.5003525901817196,0.023312539316736682,0.0
ENSG00000142168,SOD1,5,0.500406834825061,0.02673083117017204,0.0
ENSG00000142156,COL6A1,5,0.5003525901817196,0.023312539316736682,0.0
ENSG00000142089,IFITM3,5,0.5001627339300246,0.021503657160588774,0.004405286343612335
ENSG00000141858,SAMD1,5,0.500406834825061,0.026578650495061102,0.0
ENSG00000142039,CCDC97,5,0.500406834825061,0.02673083117017204,0.0
ENSG00000142002,DPP9,5,0.500406834825061,0.026578650495061102,0.0
ENSG00000141994,DUS3L,5,0.500406834825061,0.026578650495061102,0.0
ENSG00000141985,SH3GL1,5,0.500406834825061,0.026578650495061102,0.0
ENSG00000141965,FEM1A,5,0.500406834825061,0.026578650495061102,0.0
ENSG00000141959,PFKL,5,0.500406834825061,0.02673083117017204,0.0
ENSG00000141956,PRDM15,5,0.500406834825061,0.026578650495061102,0.0
ENSG00000141934,PLPP2,5,0.500406834825061,0.026437961354845524,0.0
ENSG00000141867,BRD4,5,0.5001627339300246,0.021516014573189544,0.004366812227074236
ENSG00000141425,RPRD1A,5,0.5001627339300246,0.021516014573189544,0.004366812227074236
ENSG00000141391,PRELID3A,5,0.500406834825061,0.02673083117017204,0.0
ENSG00000140320,BAHD1,5,0.500406834825061,0.026578650495061102,0.0
ENSG00000140521,POLG,5,0.500406834825061,0.02673083117017204,0.0
ENSG00000140650,PMM2,5,0.500406834825061,0.026437961354845524,0.0
ENSG00000140632,GLYR1,5,0.500406834825061,0.026437961354845524,0.0
ENSG00000140612,SEC11A,5,0.500406834825061,0.026578650495061102,0.0
ENSG00000140600,SH3GL3,5,0.500406834825061,0.02673083117017204,0.0
ENSG00000140598,EFL1,5,0.5003525901817196,0.023312539316736682,0.0
ENSG00000140575,IQGAP1,5,0.5001627339300246,0.02152442658310508,0.004273504273504274
ENSG00000140563,MCTP2,5,0.500406834825061,0.026578650495061102,0.0
ENSG00000140553,UNC45A,5,0.500406834825061,0.02673083117017204,0.0
ENSG00000140545,MFGE8,5,0.500406834825061,0.026578650495061102,0.0
ENSG00000140511,HAPLN3,5,0.500406834825061,0.026578650495061102,0.0
ENSG00000140740,UQCRC2,5,0.500406834825061,0.026437961354845524,0.0
ENSG00000140497,SCAMP2,5,0.500406834825061,0.02673083117017204,0.0
ENSG00000140470,ADAMTS17,5,0.500406834825061,0.026437961354845524,0.0
ENSG00000140464,PML,5,0.500406834825061,0.026437961354845524,0.0
ENSG00000140451,PIF1,5,0.4978030919446728,0.01541737596855485,0.07384972185731199
ENSG00000140398,NEIL1,5,0.500406834825061,0.023430240560169298,0.0
ENSG00000140367,UBE2Q2,5,0.5003525901817196,0.023312539316736682,0.0
ENSG00000140365,COMMD4,5,0.500406834825061,0.026578650495061102,0.0
ENSG00000140350,ANP32A,5,0.5001627339300246,0.021405281775118672,0.010752688172043012
ENSG00000140332,TLE3,5,0.500406834825061,0.023430240560169298,0.0
ENSG00000140694,PARN,5,0.500406834825061,0.02673083117017204,0.0
ENSG00000140743,CDR2,5,0.500406834825061,0.02673083117017204,0.0
ENSG00000141385,AFG3L2,5,0.500406834825061,0.026578650495061102,0.0
ENSG00000141076,UTP4,5,0.5003525901817196,0.023312539316736682,0.0
ENSG00000141384,TAF4B,5,0.500406834825061,0.026437961354845524,0.0
ENSG00000141378,PTRH2,5,0.500406834825061,0.02673083117017204,0.0
ENSG00000141367,CLTC,5,0.500406834825061,0.02673083117017204,0.0
ENSG00000141349,G6PC3,5,0.500406834825061,0.02673083117017204,0.0
ENSG00000141314,RHBDL3,5,0.5003525901817196,0.023312539316736682,0.0
ENSG00000141219,MTNAP1,5,0.500406834825061,0.026578650495061102,0.0
ENSG00000141198,TOM1L1,5,0.500406834825061,0.026437961354845524,0.0
ENSG00000141101,NOB1,5,0.500406834825061,0.026437961354845524,0.0
ENSG00000141098,GFOD2,5,0.5003525901817196,0.023312539316736682,0.0
ENSG00000141030,COPS3,5,0.500406834825061,0.02673083117017204,0.0
ENSG00000140829,DHX38,5,0.500406834825061,0.02673083117017204,0.0
ENSG00000141013,GAS8,5,0.500406834825061,0.026437961354845524,0.0
ENSG00000140993,TIGD7,5,0.5003525901817196,0.023312539316736682,0.0
ENSG00000140990,NDUFB10,5,0.500406834825061,0.02673083117017204,0.0
ENSG00000140988,RPS2,5,0.500406834825061,0.02673083117017204,0.0
ENSG00000140987,ZSCAN32,5,0.500406834825061,0.02673083117017204,0.0
ENSG00000140983,RHOT2,5,0.500406834825061,0.02673083117017204,0.0
ENSG00000140941,MAP1LC3B,5,0.500406834825061,0.026437961354845524,0.0
ENSG00000140854,KATNB1,5,0.500406834825061,0.02673083117017204,0.0
ENSG00000140832,MARVELD3,5,0.500406834825061,0.026437961354845524,0.0
ENSG00000131508,UBE2D2,5,0.500406834825061,0.026578650495061102,0.0
ENSG00000131504,DIAPH1,5,0.500406834825061,0.02673083117017204,0.0
ENSG00000131495,NDUFA2,5,0.5001627339300246,0.021405281775118672,0.010752688172043012
ENSG00000118939,UCHL3,5,0.500406834825061,0.026437961354845524,0.0
ENSG00000119318,RAD23B,5,0.4977759696230021,0.015351548424270929,0.03535766729599329
ENSG00000119314,PTBP3,5,0.500406834825061,0.02673083117017204,0.0
ENSG00000119285,HEATR1,5,0.500406834825061,0.02673083117017204,0.0
ENSG00000119203,CPSF3,5,0.500406834825061,0.02673083117017204,0.0
ENSG00000119139,TJP2,5,0.500406834825061,0.026578650495061102,0.0
ENSG00000119004,CYP20A1,5,0.500406834825061,0.026437961354845524,0.0
ENSG00000118985,ELL2,5,0.4977759696230021,0.015351548424270929,0.03535766729599329
ENSG00000118971,CCND2,5,0.5003525901817196,0.023312539316736682,0.0
ENSG00000118965,WDR35,5,0.49739625711961216,0.017163634442352627,0.012345679012345678
ENSG00000118900,UBN1,5,0.500406834825061,0.02673083117017204,0.0
ENSG00000119335,SET,5,0.500406834825061,0.02673083117017204,0.0
ENSG00000118898,PPL,5,0.500406834825061,0.02673083117017204,0.0
ENSG00000118894,EEF2KMT,5,0.500406834825061,0.026578650495061102,0.0
ENSG00000118873,RAB3GAP2,5,0.5003525901817196,0.023312539316736682,0.0
ENSG00000118707,TGIF2,5,0.500406834825061,0.023723110375495814,0.0
ENSG00000118705,RPN2,5,0.500406834825061,0.026578650495061102,0.0
ENSG00000118680,MYL12B,5,0.500406834825061,0.026437961354845524,0.0
ENSG00000118640,VAMP8,5,0.500406834825061,0.026578650495061102,0.0
ENSG00000118600,RXYLT1,5,0.500406834825061,0.026437961354845524,0.0
ENSG00000118596,SLC16A7,5,0.500406834825061,0.026578650495061102,0.0
ENSG00000119326,CTNNAL1,5,0.5001627339300246,0.021503657160588774,0.004405286343612335
ENSG00000119383,PTPA,5,0.500406834825061,0.02673083117017204,0.0
ENSG00000118513,MYB,5,0.500406834825061,0.023430240560169298,0.0
ENSG00000119655,NPC2,5,0.4977759696230021,0.015351548424270929,0.03535766729599329
ENSG00000119812,FAM98A,5,0.500406834825061,0.026437961354845524,0.0
ENSG00000119782,FKBP1B,5,0.500406834825061,0.026437961354845524,0.0
ENSG00000119777,TMEM214,5,0.500406834825061,0.026437961354845524,0.0
ENSG00000119772,DNMT3A,5,0.49739625711961216,0.017163634442352627,0.012345679012345678
ENSG00000119718,EIF2B2,5,0.500406834825061,0.026578650495061102,0.0
ENSG00000119705,SLIRP,5,0.500406834825061,0.02673083117017204,0.0
ENSG00000119689,DLST,5,0.5001627339300246,0.021516014573189544,0.004366812227074236
ENSG00000119682,AREL1,5,0.500406834825061,0.026578650495061102,0.0
ENSG00000119669,IRF2BPL,5,0.49739625711961216,0.017163634442352627,0.012345679012345678
ENSG00000119616,FCF1,5,0.500406834825061,0.026578650495061102,0.0
ENSG00000119402,FBXW2,5,0.500406834825061,0.026578650495061102,0.0
ENSG00000119599,DCAF4,5,0.500406834825061,0.026578650495061102,0.0
ENSG00000119559,C19orf25,5,0.500406834825061,0.026578650495061102,0.0
ENSG00000119541,VPS4B,5,0.500406834825061,0.02673083117017204,0.0
ENSG00000119537,KDSR,5,0.500406834825061,0.02673083117017204,0.0
ENSG00000119523,ALG2,5,0.500406834825061,0.026437961354845524,0.0
ENSG00000119487,MAPKAP1,5,0.5003525901817196,0.023312539316736682,0.0
ENSG00000119446,RBM18,5,0.5003525901817196,0.023312539316736682,0.0
ENSG00000119431,HDHD3,5,0.500406834825061,0.026437961354845524,0.0
ENSG00000119421,NDUFA8,5,0.500406834825061,0.026578650495061102,0.0
ENSG00000118515,SGK1,5,0.500406834825061,0.026578650495061102,0.0
ENSG00000118496,FBXO30,5,0.500406834825061,0.02673083117017204,0.0
ENSG00000119888,EPCAM,5,0.500406834825061,0.026437961354845524,0.0
ENSG00000117411,B4GALT2,5,0.500406834825061,0.026578650495061102,0.0
ENSG00000117593,DARS2,5,0.4977759696230021,0.01535624617174373,0.06712528663748175
ENSG00000117592,PRDX6,5,0.5001627339300246,0.021503657160588774,0.004405286343612335
ENSG00000117523,PRRC2C,5,0.4783563873067735,0.006604623649872437,0.5251984126984127
ENSG00000117505,DR1,5,0.5001627339300246,0.021405281775118672,0.010752688172043012
ENSG00000117500,TMED5,5,0.5001627339300246,0.02152442658310508,0.004273504273504274
ENSG00000117481,NSUN4,5,0.500406834825061,0.026578650495061102,0.0
ENSG00000117480,FAAH,5,0.500406834825061,0.026437961354845524,0.0
ENSG00000117450,PRDX1,5,0.500406834825061,0.02673083117017204,0.0
ENSG00000117448,AKR1A1,5,0.500406834825061,0.02673083117017204,0.0
ENSG00000117410,ATP6V0B,5,0.500406834825061,0.026578650495061102,0.0
ENSG00000117598,PLPPR5,5,0.500406834825061,0.023430240560169298,0.0
ENSG00000117408,IPO13,5,0.500406834825061,0.026437961354845524,0.0
ENSG00000117399,CDC20,5,0.4978030919446728,0.01541737596855485,0.07384972185731199
ENSG00000117395,EBNA1BP2,5,0.500406834825061,0.026437961354845524,0.0
ENSG00000117362,APH1A,5,0.500406834825061,0.026437961354845524,0.0
ENSG00000117360,PRPF3,5,0.500406834825061,0.02673083117017204,0.0
ENSG00000117318,ID3,5,0.49739625711961216,0.017163634442352627,0.012345679012345678
ENSG00000117308,GALE,5,0.500406834825061,0.02673083117017204,0.0
ENSG00000117298,ECE1,5,0.500406834825061,0.02673083117017204,0.0
ENSG00000117280,RAB29,5,0.500406834825061,0.026578650495061102,0.0
ENSG00000117597,UTP25,5,0.500406834825061,0.026437961354845524,0.0
ENSG00000117602,RCAN3,5,0.49739625711961216,0.017163634442352627,0.012345679012345678
ENSG00000118482,PHF3,5,0.5001627339300246,0.021503657160588774,0.004405286343612335
ENSG00000118046,STK11,5,0.500406834825061,0.02673083117017204,0.0
ENSG00000118412,CASP8AP2,5,0.5001627339300246,0.021516014573189544,0.004366812227074236
ENSG00000118402,ELOVL4,5,0.500406834825061,0.023430240560169298,0.0
ENSG00000118363,SPCS2,5,0.500406834825061,0.026437961354845524,0.0
ENSG00000118276,B4GALT6,5,0.500406834825061,0.02673083117017204,0.0
ENSG00000118246,FASTKD2,5,0.500406834825061,0.026437961354845524,0.0
ENSG00000118242,MREG,5,0.5003525901817196,0.023312539316736682,0.0
ENSG00000118181,RPS25,5,0.500406834825061,0.02673083117017204,0.0
ENSG00000118162,KPTN,5,0.500406834825061,0.026578650495061102,0.0
ENSG00000118160,SLC8A2,5,0.500406834825061,0.026437961354845524,0.0
ENSG00000117984,CTSD,5,0.5003525901817196,0.023312539316736682,0.0
ENSG00000117614,SYF2,5,0.500406834825061,0.026437961354845524,0.0
ENSG00000117899,MESD,5,0.500406834825061,0.026578650495061102,0.0
ENSG00000117877,POLR1G,5,0.500406834825061,0.026578650495061102,0.0
ENSG00000117862,TXNDC12,5,0.500406834825061,0.02673083117017204,0.0
ENSG00000117791,MTARC2,5,0.5003525901817196,0.023312539316736682,0.0
ENSG00000117751,PPP1R8,5,0.500406834825061,0.02673083117017204,0.0
ENSG00000117748,RPA2,5,0.500406834825061,0.02673083117017204,0.0
ENSG00000117682,DHDDS,5,0.500406834825061,0.026437961354845524,0.0
ENSG00000117676,RPS6KA1,5,0.500406834825061,0.02673083117017204,0.0
ENSG00000117643,MAN1C1,5,0.500406834825061,0.023430240560169298,0.0
ENSG00000119866,BCL11A,5,0.49739625711961216,0.017163634442352627,0.012345679012345678
ENSG00000119899,SLC17A5,5,0.500406834825061,0.02673083117017204,0.0
ENSG00000117245,KIF17,5,0.500406834825061,0.026578650495061102,0.0
ENSG00000121644,DESI2,5,0.500406834825061,0.02673083117017204,0.0
ENSG00000121904,CSMD2,5,0.500406834825061,0.026437961354845524,0.0
ENSG00000121898,CPXM2,5,0.5003525901817196,0.023312539316736682,0.0
ENSG00000121897,LIAS,5,0.500406834825061,0.02673083117017204,0.0
ENSG00000121864,ZNF639,5,0.500406834825061,0.02673083117017204,0.0
ENSG00000121769,FABP3,5,0.5001627339300246,0.021516014573189544,0.004366812227074236
ENSG00000121766,ZCCHC17,5,0.500406834825061,0.026437961354845524,0.0
ENSG00000121716,PILRB,5,0.4978030919446728,0.01541737596855485,0.07384972185731199
ENSG00000121690,DEPDC7,5,0.500406834825061,0.02673083117017204,0.0
ENSG00000121653,MAPK8IP1,5,0.500406834825061,0.026437961354845524,0.0
ENSG00000121579,NAA50,5,0.500406834825061,0.02673083117017204,0.0
ENSG00000122026,RPL21,5,0.500406834825061,0.02673083117017204,0.0
ENSG00000121578,B4GALT4,5,0.500406834825061,0.026578650495061102,0.0
ENSG00000121570,DPPA4,5,0.500406834825061,0.026578650495061102,0.0
ENSG00000121454,LHX4,5,0.500406834825061,0.026437961354845524,0.0
ENSG00000121316,PLBD1,5,0.500406834825061,0.02673083117017204,0.0
ENSG00000121310,ECHDC2,5,0.500406834825061,0.026578650495061102,0.0
ENSG00000121297,TSHZ3,5,0.500406834825061,0.026437961354845524,0.0
ENSG00000121236,TRIM6,5,0.500406834825061,0.02673083117017204,0.0
ENSG00000121210,TMEM131L,5,0.500406834825061,0.026578650495061102,0.0
ENSG00000121207,LRAT,5,0.500406834825061,0.026578650495061102,0.0
ENSG00000121931,LRIF1,5,0.5001627339300246,0.021503657160588774,0.004405286343612335
ENSG00000122034,GTF3A,5,0.500406834825061,0.026578650495061102,0.0
ENSG00000121101,TEX14,5,0.500406834825061,0.02673083117017204,0.0
ENSG00000122692,SMU1,5,0.500406834825061,0.02673083117017204,0.0
ENSG00000122958,VPS26A,5,0.5003525901817196,0.023312539316736682,0.0
ENSG00000122952,ZWINT,5,0.5001627339300246,0.02152442658310508,0.004273504273504274
ENSG00000122882,ECD,5,0.500406834825061,0.02673083117017204,0.0
ENSG00000122873,CISD1,5,0.500406834825061,0.026437961354845524,0.0
ENSG00000122861,PLAU,5,0.5001627339300246,0.021503657160588774,0.004405286343612335
ENSG00000122824,NUDT10,5,0.500406834825061,0.026437961354845524,0.0
ENSG00000122786,CALD1,5,0.500406834825061,0.02673083117017204,0.0
ENSG00000122729,ACO1,5,0.500406834825061,0.02673083117017204,0.0
ENSG00000122705,CLTA,5,0.5003525901817196,0.023312539316736682,0.0
ENSG00000122687,MRM2,5,0.500406834825061,0.026578650495061102,0.0
ENSG00000122140,MRPS2,5,0.500406834825061,0.026437961354845524,0.0
ENSG00000122591,HYCC1,5,0.500406834825061,0.02673083117017204,0.0
ENSG00000122574,WIPF3,5,0.500406834825061,0.026437961354845524,0.0
ENSG00000122565,CBX3,5,0.5001627339300246,0.021405281775118672,0.010752688172043012
ENSG00000122547,EEPD1,5,0.49739625711961216,0.017124981046396103,0.04
ENSG00000122406,RPL5,5,0.5001627339300246,0.021503657160588774,0.004405286343612335
ENSG00000122386,ZNF205,5,0.500406834825061,0.026578650495061102,0.0
ENSG00000122376,SHLD2,5,0.500406834825061,0.02673083117017204,0.0
ENSG00000122359,ANXA11,5,0.5001627339300246,0.021503657160588774,0.004405286343612335
ENSG00000122254,HS3ST2,5,0.49742337944128284,0.01712067842378869,0.07692307692307693
ENSG00000121104,FAM117A,5,0.5001627339300246,0.021516014573189544,0.004366812227074236
ENSG00000121073,SLC35B1,5,0.500406834825061,0.026437961354845524,0.0
ENSG00000119912,IDE,5,0.500406834825061,0.02673083117017204,0.0
ENSG00000120253,NUP43,5,0.500406834825061,0.02673083117017204,0.0
ENSG00000120656,TAF12,5,0.500406834825061,0.02673083117017204,0.0
ENSG00000120647,CCDC77,5,0.4977759696230021,0.01535624617174373,0.06712528663748175
ENSG00000120533,ENY2,5,0.500406834825061,0.02673083117017204,0.0
ENSG00000120526,NUDCD1,5,0.500406834825061,0.02673083117017204,0.0
ENSG00000120438,TCP1,5,0.500406834825061,0.02673083117017204,0.0
ENSG00000120318,ARAP3,5,0.500406834825061,0.02673083117017204,0.0
ENSG00000120314,WDR55,5,0.500406834825061,0.026578650495061102,0.0
ENSG00000120265,PCMT1,5,0.500406834825061,0.02673083117017204,0.0
ENSG00000120254,MTHFD1L,5,0.500406834825061,0.02673083117017204,0.0
ENSG00000120159,CAAP1,5,0.5001627339300246,0.02152442658310508,0.004273504273504274
ENSG00000120662,MTRF1,5,0.500406834825061,0.02673083117017204,0.0
ENSG00000120158,RCL1,5,0.500406834825061,0.026437961354845524,0.0
ENSG00000120063,GNA13,5,0.5003525901817196,0.023312539316736682,0.0
ENSG00000120053,GOT1,5,0.5001627339300246,0.021405281775118672,0.010752688172043012
ENSG00000120051,CFAP58,5,0.500406834825061,0.026437961354845524,0.0
ENSG00000119979,DENND10,5,0.500406834825061,0.02673083117017204,0.0
ENSG00000119969,HELLS,5,0.5001627339300246,0.021503657160588774,0.004405286343612335
ENSG00000119953,SMNDC1,5,0.500406834825061,0.02673083117017204,0.0
ENSG00000119929,CUTC,5,0.500406834825061,0.02673083117017204,0.0
ENSG00000119927,GPAM,5,0.500406834825061,0.026578650495061102,0.0
ENSG00000120659,TNFSF11,5,0.500406834825061,0.026437961354845524,0.0
ENSG00000120664,SPART-AS1,5,0.500406834825061,0.026578650495061102,0.0
ENSG00000121064,SCPEP1,5,0.500406834825061,0.02673083117017204,0.0
ENSG00000120833,SOCS2,5,0.5003525901817196,0.023312539316736682,0.0
ENSG00000121060,TRIM25,5,0.500406834825061,0.02673083117017204,0.0
ENSG00000121058,COIL,5,0.5001627339300246,0.02152442658310508,0.004273504273504274
ENSG00000121057,AKAP1,5,0.500406834825061,0.02673083117017204,0.0
ENSG00000121022,COPS5,5,0.500406834825061,0.026578650495061102,0.0
ENSG00000120992,LYPLA1,5,0.500406834825061,0.02673083117017204,0.0
ENSG00000120949,TNFRSF8,5,0.500406834825061,0.026578650495061102,0.0
ENSG00000120948,TARDBP,5,0.500406834825061,0.02673083117017204,0.0
ENSG00000120942,UBIAD1,5,0.500406834825061,0.026578650495061102,0.0
ENSG00000120837,NFYB,5,0.5001627339300246,0.02152442658310508,0.004273504273504274
ENSG00000120800,UTP20,5,0.500406834825061,0.026437961354845524,0.0
ENSG00000120669,SOHLH2,5,0.500406834825061,0.02673083117017204,0.0
ENSG00000120756,PLS1,5,0.500406834825061,0.02673083117017204,0.0
ENSG00000120742,SERP1,5,0.500406834825061,0.023430240560169298,0.0
ENSG00000120727,PAIP2,5,0.5001627339300246,0.021503657160588774,0.004405286343612335
ENSG00000120709,FAM53C,5,0.5001627339300246,0.021405281775118672,0.010752688172043012
ENSG00000120705,ETF1,5,0.500406834825061,0.026578650495061102,0.0
ENSG00000120696,KBTBD7,5,0.500406834825061,0.026437961354845524,0.0
ENSG00000120694,HSPH1,5,0.500406834825061,0.026578650495061102,0.0
ENSG00000120686,UFM1,5,0.500406834825061,0.02673083117017204,0.0
ENSG00000120685,PROSER1,5,0.500406834825061,0.02673083117017204,0.0
ENSG00000117266,CDK18,5,0.500406834825061,0.026437961354845524,0.0
ENSG00000117222,RBBP5,5,0.500406834825061,0.02673083117017204,0.0
ENSG00000131475,VPS25,5,0.500406834825061,0.02673083117017204,0.0
ENSG00000114744,COMMD2,5,0.500406834825061,0.026437961354845524,0.0
ENSG00000114933,INO80D,5,0.5003525901817196,0.023312539316736682,0.0
ENSG00000114902,SPCS1,5,0.500406834825061,0.026437961354845524,0.0
ENSG00000114867,EIF4G1,5,0.500406834825061,0.02673083117017204,0.0
ENSG00000114850,SSR3,5,0.500406834825061,0.02673083117017204,0.0
ENSG00000114812,VIPR1,5,0.500406834825061,0.026578650495061102,0.0
ENSG00000114784,EIF1B,5,0.500406834825061,0.02673083117017204,0.0
ENSG00000114770,ABCC5,5,0.5003525901817196,0.023312539316736682,0.0
ENSG00000114767,RRP9,5,0.500406834825061,0.026578650495061102,0.0
ENSG00000114757,PEX5L,5,0.500406834825061,0.023430240560169298,0.0
ENSG00000114739,ACVR2B,5,0.4977759696230021,0.015351548424270929,0.03535766729599329
ENSG00000114956,DGUOK,5,0.500406834825061,0.026437961354845524,0.0
ENSG00000114738,MAPKAPK3,5,0.500406834825061,0.026437961354845524,0.0
ENSG00000114686,MRPL3,5,0.500406834825061,0.026578650495061102,0.0
ENSG00000114650,SCAP,5,0.500406834825061,0.026578650495061102,0.0
ENSG00000114648,KLHL18,5,0.5003525901817196,0.023312539316736682,0.0
ENSG00000114631,PODXL2,5,0.5003525901817196,0.023312539316736682,0.0
ENSG00000114573,ATP6V1A,5,0.5003525901817196,0.023312539316736682,0.0
ENSG00000114554,PLXNA1,5,0.5001627339300246,0.021503657160588774,0.004405286343612335
ENSG00000114529,C3orf52,5,0.500406834825061,0.02673083117017204,0.0
ENSG00000114503,NCBP2,5,0.500406834825061,0.02673083117017204,0.0
ENSG00000114942,EEF1B2,5,0.500406834825061,0.02673083117017204,0.0
ENSG00000114993,RTKN,5,0.500406834825061,0.026437961354845524,0.0
ENSG00000114391,RPL24,5,0.500406834825061,0.02673083117017204,0.0
ENSG00000115241,PPM1G,5,0.500406834825061,0.02673083117017204,0.0
ENSG00000115350,POLE4,5,0.500406834825061,0.026578650495061102,0.0
ENSG00000115339,GALNT3,5,0.500406834825061,0.026437961354845524,0.0
ENSG00000115307,AUP1,5,0.500406834825061,0.02673083117017204,0.0
ENSG00000115306,SPTBN1,5,0.500406834825061,0.026578650495061102,0.0
ENSG00000115290,GRB14,5,0.500406834825061,0.02673083117017204,0.0
ENSG00000115286,NDUFS7,5,0.500406834825061,0.02673083117017204,0.0
ENSG00000115275,MOGS,5,0.500406834825061,0.026437961354845524,0.0
ENSG00000115271,GCA,5,0.5001627339300246,0.021516014573189544,0.004366812227074236
ENSG00000115268,RPS15,5,0.500406834825061,0.02673083117017204,0.0
ENSG00000115234,SNX17,5,0.500406834825061,0.026437961354845524,0.0
ENSG00000115053,NCL,5,0.500406834825061,0.02673083117017204,0.0
ENSG00000115233,PSMD14,5,0.500406834825061,0.02673083117017204,0.0
ENSG00000115232,ITGA4,5,0.5003525901817196,0.023312539316736682,0.0
ENSG00000115216,NRBP1,5,0.500406834825061,0.02673083117017204,0.0
ENSG00000115211,EIF2B4,5,0.500406834825061,0.026437961354845524,0.0
ENSG00000115207,GTF3C2,5,0.500406834825061,0.02673083117017204,0.0
ENSG00000115159,GPD2,5,0.500406834825061,0.023430240560169298,0.0
ENSG00000115129,TP53I3,5,0.5003525901817196,0.023312539316736682,0.0
ENSG00000115128,SF3B6,5,0.500406834825061,0.026578650495061102,0.0
ENSG00000115107,STEAP3,5,0.500406834825061,0.026578650495061102,0.0
ENSG00000114491,UMPS,5,0.500406834825061,0.02673083117017204,0.0
ENSG00000114383,TUSC2,5,0.500406834825061,0.026578650495061102,0.0
ENSG00000115363,EVA1A,5,0.500406834825061,0.02673083117017204,0.0
ENSG00000113282,CLINT1,5,0.500406834825061,0.026437961354845524,0.0
ENSG00000113460,BRIX1,5,0.500406834825061,0.02673083117017204,0.0
ENSG00000113456,RAD1,5,0.500406834825061,0.02673083117017204,0.0
ENSG00000113407,TARS1,5,0.500406834825061,0.026578650495061102,0.0
ENSG00000113387,SUB1,5,0.500406834825061,0.02673083117017204,0.0
ENSG00000113384,GOLPH3,5,0.500406834825061,0.02673083117017204,0.0
ENSG00000113356,POLR3G,5,0.500406834825061,0.026437961354845524,0.0
ENSG00000113328,CCNG1,5,0.4977759696230021,0.015351548424270929,0.03535766729599329
ENSG00000113319,RASGRF2,5,0.500406834825061,0.026437961354845524,0.0
ENSG00000113312,TTC1,5,0.500406834825061,0.026437961354845524,0.0
ENSG00000113273,ARSB,5,0.49739625711961216,0.017163634442352627,0.012345679012345678
ENSG00000113504,SLC12A7,5,0.500406834825061,0.026437961354845524,0.0
ENSG00000113272,THG1L,5,0.500406834825061,0.026437961354845524,0.0
ENSG00000113248,PCDHB15,5,0.5003525901817196,0.023312539316736682,0.0
ENSG00000113194,FAF2,5,0.500406834825061,0.026578650495061102,0.0
ENSG00000113141,IK,5,0.500406834825061,0.026437961354845524,0.0
ENSG00000113119,TMCO6,5,0.500406834825061,0.023723110375495814,0.0
ENSG00000113100,CDH9,5,0.5003525901817196,0.023312539316736682,0.0
ENSG00000113048,MRPS27,5,0.500406834825061,0.02673083117017204,0.0
ENSG00000113013,HSPA9,5,0.500406834825061,0.026578650495061102,0.0
ENSG00000112996,MRPS30,5,0.500406834825061,0.026578650495061102,0.0
ENSG00000113494,PRLR,5,0.5003525901817196,0.023312539316736682,0.0
ENSG00000113522,RAD50,5,0.500406834825061,0.02358242123528024,0.037037037037037035
ENSG00000114279,FGF12,5,0.5003525901817196,0.020917648675698623,0.07692307692307693
ENSG00000113742,CPEB4,5,0.47952264713861403,0.010983824409748884,0.17734567901234566
ENSG00000114270,COL7A1,5,0.5001627339300246,0.021516014573189544,0.004366812227074236
ENSG00000114209,PDCD10,5,0.500406834825061,0.026578650495061102,0.0
ENSG00000114125,RNF7,5,0.500406834825061,0.026437961354845524,0.0
ENSG00000114023,FAM162A,5,0.500406834825061,0.02673083117017204,0.0
ENSG00000113845,TIMMDC1,5,0.500406834825061,0.02673083117017204,0.0
ENSG00000113812,ACTR8,5,0.500406834825061,0.026437961354845524,0.0
ENSG00000113763,UNC5A,5,0.500406834825061,0.026437961354845524,0.0
ENSG00000113758,DBN1,5,0.500406834825061,0.026578650495061102,0.0
ENSG00000113749,HRH2,5,0.500406834825061,0.026578650495061102,0.0
ENSG00000113739,STC2,5,0.500406834825061,0.02673083117017204,0.0
ENSG00000113552,GNPDA1,5,0.500406834825061,0.026578650495061102,0.0
ENSG00000113732,ATP6V0E1,5,0.500406834825061,0.026437961354845524,0.0
ENSG00000113719,ERGIC1,5,0.5003525901817196,0.023312539316736682,0.0
ENSG00000113716,HMGXB3,5,0.500406834825061,0.026437961354845524,0.0
ENSG00000113657,DPYSL3,5,0.5003525901817196,0.023312539316736682,0.0
ENSG00000113645,WWC1,5,0.5003525901817196,0.023312539316736682,0.0
ENSG00000113643,RARS1,5,0.500406834825061,0.02673083117017204,0.0
ENSG00000113615,SEC24A,5,0.5001627339300246,0.021516014573189544,0.004366812227074236
ENSG00000113575,PPP2CA,5,0.500406834825061,0.02673083117017204,0.0
ENSG00000113569,NUP155,5,0.5001627339300246,0.02152442658310508,0.004273504273504274
ENSG00000115353,TACR1,5,0.500406834825061,0.026578650495061102,0.0
ENSG00000115364,MRPL19,5,0.500406834825061,0.02673083117017204,0.0
ENSG00000117174,ZNHIT6,5,0.500406834825061,0.02673083117017204,0.0
ENSG00000116489,CAPZA1,5,0.500406834825061,0.02673083117017204,0.0
ENSG00000116679,IVNS1ABP,5,0.5001627339300246,0.021405281775118672,0.010752688172043012
ENSG00000116670,MAD2L2,5,0.500406834825061,0.026578650495061102,0.0
ENSG00000116649,SRM,5,0.500406834825061,0.026578650495061102,0.0
ENSG00000116586,LAMTOR2,5,0.5001627339300246,0.021405281775118672,0.010752688172043012
ENSG00000116584,ARHGEF2,5,0.500406834825061,0.02673083117017204,0.0
ENSG00000116544,DLGAP3,5,0.500406834825061,0.023430240560169298,0.0
ENSG00000116525,TRIM62,5,0.500406834825061,0.026437961354845524,0.0
ENSG00000116521,SCAMP3,5,0.500406834825061,0.02673083117017204,0.0
ENSG00000116497,S100PBP,5,0.5001627339300246,0.02152442658310508,0.004273504273504274
ENSG00000116478,HDAC1,5,0.5001627339300246,0.021516014573189544,0.004366812227074236
ENSG00000116691,MIIP,5,0.5001627339300246,0.021405281775118672,0.010752688172043012
ENSG00000116459,ATP5PB,5,0.500406834825061,0.026437961354845524,0.0
ENSG00000116455,WDR77,5,0.500406834825061,0.026578650495061102,0.0
ENSG00000116396,KCNC4,5,0.5001627339300246,0.021516014573189544,0.004366812227074236
ENSG00000116353,MECR,5,0.5003525901817196,0.023312539316736682,0.0
ENSG00000116288,PARK7,5,0.500406834825061,0.02673083117017204,0.0
ENSG00000116285,ERRFI1,5,0.5001627339300246,0.021503657160588774,0.004405286343612335
ENSG00000116273,PHF13,5,0.500406834825061,0.02673083117017204,0.0
ENSG00000116260,QSOX1,5,0.500406834825061,0.026437961354845524,0.0
ENSG00000116251,RPL22,5,0.500406834825061,0.026578650495061102,0.0
ENSG00000116688,MFN2,5,0.5001627339300246,0.021516014573189544,0.004366812227074236
ENSG00000116698,SMG7,5,0.5003525901817196,0.023312539316736682,0.0
ENSG00000116221,MRPL37,5,0.500406834825061,0.02673083117017204,0.0
ENSG00000116922,AIRIM,5,0.500406834825061,0.026578650495061102,0.0
ENSG00000117155,SSX2IP,5,0.500406834825061,0.02673083117017204,0.0
ENSG00000117154,IGSF21,5,0.5003525901817196,0.023312539316736682,0.0
ENSG00000117153,KLHL12,5,0.500406834825061,0.026437961354845524,0.0
ENSG00000117133,RPF1,5,0.500406834825061,0.026578650495061102,0.0
ENSG00000117118,SDHB,5,0.500406834825061,0.026578650495061102,0.0
ENSG00000117054,ACADM,5,0.500406834825061,0.023430240560169298,0.0
ENSG00000117036,ETV3,5,0.500406834825061,0.026437961354845524,0.0
ENSG00000117013,KCNQ4,5,0.500406834825061,0.02673083117017204,0.0
ENSG00000116954,RRAGC,5,0.500406834825061,0.026437961354845524,0.0
ENSG00000116918,TSNAX,5,0.500406834825061,0.026437961354845524,0.0
ENSG00000116741,RGS2,5,0.500406834825061,0.02673083117017204,0.0
ENSG00000116903,EXOC8,5,0.500406834825061,0.026437961354845524,0.0
ENSG00000116898,MRPS15,5,0.500406834825061,0.02673083117017204,0.0
ENSG00000116852,KIF21B,5,0.500406834825061,0.023430240560169298,0.0
ENSG00000116833,NR5A2,5,0.500406834825061,0.026437961354845524,0.0
ENSG00000116830,TTF2,5,0.5001627339300246,0.02152442658310508,0.004273504273504274
ENSG00000116774,OLFML3,5,0.500406834825061,0.026437961354845524,0.0
ENSG00000116761,CTH,5,0.500406834825061,0.02673083117017204,0.0
ENSG00000116752,BCAS2,5,0.500406834825061,0.02673083117017204,0.0
ENSG00000116750,UCHL5,5,0.5001627339300246,0.021503657160588774,0.004405286343612335
ENSG00000116237,ICMT,5,0.500406834825061,0.02673083117017204,0.0
ENSG00000116212,LRRC42,5,0.500406834825061,0.026437961354845524,0.0
ENSG00000115368,WDR75,5,0.500406834825061,0.02673083117017204,0.0
ENSG00000115540,MOB4,5,0.500406834825061,0.02673083117017204,0.0
ENSG00000115685,PPP1R7,5,0.500406834825061,0.026578650495061102,0.0
ENSG00000115677,HDLBP,5,0.500406834825061,0.02673083117017204,0.0
ENSG00000115657,ABCB6,5,0.500406834825061,0.02673083117017204,0.0
ENSG00000115652,UXS1,5,0.5001627339300246,0.021405281775118672,0.010752688172043012
ENSG00000115649,CNPPD1,5,0.500406834825061,0.026437961354845524,0.0
ENSG00000115648,MLPH,5,0.500406834825061,0.026578650495061102,0.0
ENSG00000115641,FHL2,5,0.500406834825061,0.02673083117017204,0.0
ENSG00000115568,ZNF142,5,0.5003525901817196,0.023312539316736682,0.0
ENSG00000115541,HSPE1,5,0.500406834825061,0.02673083117017204,0.0
ENSG00000115539,PDCL3,5,0.500406834825061,0.026437961354845524,0.0
ENSG00000115694,STK25,5,0.500406834825061,0.02673083117017204,0.0
ENSG00000115526,CHST10,5,0.5003525901817196,0.023312539316736682,0.0
ENSG00000115524,SF3B1,5,0.5001627339300246,0.021503657160588774,0.004405286343612335
ENSG00000115520,COQ10B,5,0.500406834825061,0.026578650495061102,0.0
ENSG00000115514,TXNDC9,5,0.500406834825061,0.02673083117017204,0.0
ENSG00000115484,CCT4,5,0.500406834825061,0.02673083117017204,0.0
ENSG00000115425,PECR,5,0.500406834825061,0.023430240560169298,0.0
ENSG00000115419,GLS,5,0.500406834825061,0.026578650495061102,0.0
ENSG00000115415,STAT1,5,0.5001627339300246,0.021503657160588774,0.004405286343612335
ENSG00000115392,FANCL,5,0.5001627339300246,0.02152442658310508,0.004273504273504274
ENSG00000115687,PASK,5,0.500406834825061,0.02673083117017204,0.0
ENSG00000115761,NOL10,5,0.500406834825061,0.026578650495061102,0.0
ENSG00000116161,CACYBP,5,0.500406834825061,0.02673083117017204,0.0
ENSG00000115946,PNO1,5,0.500406834825061,0.026578650495061102,0.0
ENSG00000116138,DNAJC16,5,0.5003525901817196,0.023312539316736682,0.0
ENSG00000116133,DHCR24,5,0.5001627339300246,0.021516014573189544,0.004366812227074236
ENSG00000116120,FARSB,5,0.500406834825061,0.026578650495061102,0.0
ENSG00000116062,MSH6,5,0.5001627339300246,0.021516014573189544,0.004366812227074236
ENSG00000116030,SUMO1,5,0.500406834825061,0.02673083117017204,0.0
ENSG00000116017,ARID3A,5,0.500406834825061,0.02673083117017204,0.0
ENSG00000116005,PCYOX1,5,0.5003525901817196,0.023312539316736682,0.0
ENSG00000115993,TRAK2,5,0.5003525901817196,0.023312539316736682,0.0
ENSG00000115970,THADA,5,0.49739625711961216,0.017163634442352627,0.012345679012345678
ENSG00000115944,COX7A2L,5,0.500406834825061,0.026437961354845524,0.0
ENSG00000115762,PLEKHB2,5,0.5001627339300246,0.021405281775118672,0.010752688172043012
ENSG00000115942,ORC2,5,0.500406834825061,0.026578650495061102,0.0
ENSG00000115884,SDC1,5,0.500406834825061,0.02673083117017204,0.0
ENSG00000115875,SRSF7,5,0.500406834825061,0.02673083117017204,0.0
ENSG00000115866,DARS1,5,0.500406834825061,0.026437961354845524,0.0
ENSG00000115827,DCAF17,5,0.5001627339300246,0.021503657160588774,0.004405286343612335
ENSG00000115825,PRKD3,5,0.500406834825061,0.026578650495061102,0.0
ENSG00000115816,CEBPZ,5,0.500406834825061,0.02673083117017204,0.0
ENSG00000115808,STRN,5,0.5001627339300246,0.02152442658310508,0.004273504273504274
ENSG00000115806,GORASP2,5,0.500406834825061,0.02673083117017204,0.0
ENSG00000122965,RBM19,5,0.500406834825061,0.026437961354845524,0.0
ENSG00000123064,DDX54,5,0.500406834825061,0.02673083117017204,0.0
ENSG00000123104,ITPR2,5,0.500406834825061,0.026578650495061102,0.0
ENSG00000128872,TMOD2,5,0.5003525901817196,0.023312539316736682,0.0
ENSG00000129128,SPCS3,5,0.5003525901817196,0.023312539316736682,0.0
ENSG00000129084,PSMA1,5,0.4977759696230021,0.015351548424270929,0.03535766729599329
ENSG00000129071,MBD4,5,0.5001627339300246,0.021516014573189544,0.004366812227074236
ENSG00000129007,CALML4,5,0.500406834825061,0.02673083117017204,0.0
ENSG00000128989,ARPP19,5,0.5001627339300246,0.021503657160588774,0.004405286343612335
ENSG00000128973,CLN6,5,0.500406834825061,0.02673083117017204,0.0
ENSG00000128951,DUT,5,0.5003525901817196,0.023312539316736682,0.0
ENSG00000128928,IVD,5,0.500406834825061,0.026437961354845524,0.0
ENSG00000128908,INO80,5,0.5003525901817196,0.023312539316736682,0.0
ENSG00000128849,CGNL1,5,0.500406834825061,0.02673083117017204,0.0
ENSG00000129195,PIMREG,5,0.4978030919446728,0.01541737596855485,0.07384972185731199
ENSG00000128833,MYO5C,5,0.500406834825061,0.02673083117017204,0.0
ENSG00000128829,EIF2AK4,5,0.500406834825061,0.026437961354845524,0.0
ENSG00000128805,ARHGAP22,5,0.500406834825061,0.02673083117017204,0.0
ENSG00000128739,SNRPN,5,0.500406834825061,0.026437961354845524,0.0
ENSG00000128731,HERC2,5,0.500406834825061,0.026437961354845524,0.0
ENSG00000128708,HAT1,5,0.5001627339300246,0.02152442658310508,0.004273504273504274
ENSG00000128699,ORMDL1,5,0.5003525901817196,0.023312539316736682,0.0
ENSG00000128641,MYO1B,5,0.5001627339300246,0.021516014573189544,0.004366812227074236
ENSG00000128626,MRPS12,5,0.500406834825061,0.026578650495061102,0.0
ENSG00000129187,DCTD,5,0.5001627339300246,0.021516014573189544,0.004366812227074236
ENSG00000129219,PLD2,5,0.500406834825061,0.02673083117017204,0.0
ENSG00000128595,CALU,5,0.4977759696230021,0.015351548424270929,0.03535766729599329
ENSG00000129515,SNX6,5,0.500406834825061,0.026578650495061102,0.0
ENSG00000129925,PGAP6,5,0.500406834825061,0.026578650495061102,0.0
ENSG00000129911,KLF16,5,0.500406834825061,0.026578650495061102,0.0
ENSG00000129680,MAP7D3,5,0.5001627339300246,0.021516014573189544,0.004366812227074236
ENSG00000129667,RHBDF2,5,0.500406834825061,0.026437961354845524,0.0
ENSG00000129625,REEP5,5,0.500406834825061,0.026437961354845524,0.0
ENSG00000129562,DAD1,5,0.500406834825061,0.026578650495061102,0.0
ENSG00000129559,NEDD8,5,0.500406834825061,0.02673083117017204,0.0
ENSG00000129535,NRL,5,0.500406834825061,0.026578650495061102,0.0
ENSG00000129521,EGLN3,5,0.4977759696230021,0.015351548424270929,0.03535766729599329
ENSG00000129493,HEATR5A,5,0.500406834825061,0.023430240560169298,0.0
ENSG00000129235,TXNDC17,5,0.500406834825061,0.026578650495061102,0.0
ENSG00000129484,PARP2,5,0.5001627339300246,0.02152442658310508,0.004273504273504274
ENSG00000129460,NGDN,5,0.500406834825061,0.02673083117017204,0.0
ENSG00000129354,AP1M2,5,0.500406834825061,0.026578650495061102,0.0
ENSG00000129351,ILF3,5,0.5001627339300246,0.021503657160588774,0.004405286343612335
ENSG00000129347,KRI1,5,0.500406834825061,0.02673083117017204,0.0
ENSG00000129317,PUS7L,5,0.500406834825061,0.026437961354845524,0.0
ENSG00000129315,CCNT1,5,0.500406834825061,0.02673083117017204,0.0
ENSG00000129255,MPDU1,5,0.500406834825061,0.026578650495061102,0.0
ENSG00000129250,KIF1C,5,0.500406834825061,0.026578650495061102,0.0
ENSG00000128609,NDUFA5,5,0.500406834825061,0.026578650495061102,0.0
ENSG00000128578,STRIP2,5,0.5001627339300246,0.021516014573189544,0.004366812227074236
ENSG00000130038,CRACR2A,5,0.500406834825061,0.023430240560169298,0.0
ENSG00000127540,UQCR11,5,0.500406834825061,0.026437961354845524,0.0
ENSG00000127831,VIL1,5,0.500406834825061,0.026578650495061102,0.0
ENSG00000127804,METTL16,5,0.500406834825061,0.026437961354845524,0.0
ENSG00000127774,EMC6,5,0.500406834825061,0.02673083117017204,0.0
ENSG00000127720,METTL25,5,0.5003525901817196,0.023312539316736682,0.0
ENSG00000127616,SMARCA4,5,0.500406834825061,0.023723110375495814,0.0
ENSG00000127586,CHTF18,5,0.5001627339300246,0.021405281775118672,0.010752688172043012
ENSG00000127580,WDR24,5,0.500406834825061,0.026578650495061102,0.0
ENSG00000127564,PKMYT1,5,0.500406834825061,0.023723110375495814,0.0
ENSG00000127554,GFER,5,0.500406834825061,0.02673083117017204,0.0
ENSG00000127526,SLC35E1,5,0.500406834825061,0.026578650495061102,0.0
ENSG00000127884,ECHS1,5,0.500406834825061,0.026437961354845524,0.0
ENSG00000127511,SIN3B,5,0.500406834825061,0.026437961354845524,0.0
ENSG00000127481,UBR4,5,0.5001627339300246,0.021516014573189544,0.004366812227074236
ENSG00000127463,EMC1,5,0.500406834825061,0.026437961354845524,0.0
ENSG00000127452,FBXL12,5,0.500406834825061,0.026578650495061102,0.0
ENSG00000127445,PIN1,5,0.500406834825061,0.026578650495061102,0.0
ENSG00000127423,AUNIP,5,0.500406834825061,0.02673083117017204,0.0
ENSG00000127334,DYRK2,5,0.500406834825061,0.026578650495061102,0.0
ENSG00000127311,HELB,5,0.5001627339300246,0.021516014573189544,0.004366812227074236
ENSG00000127252,PLAAT1,5,0.500406834825061,0.026437961354845524,0.0
ENSG00000127837,AAMP,5,0.500406834825061,0.026437961354845524,0.0
ENSG00000127922,SEM1,5,0.5003525901817196,0.023312539316736682,0.0
ENSG00000128567,PODXL,5,0.500406834825061,0.02673083117017204,0.0
ENSG00000128272,ATF4,5,0.500406834825061,0.02673083117017204,0.0
ENSG00000128536,CDHR3,5,0.500406834825061,0.026437961354845524,0.0
ENSG00000128524,ATP6V1F,5,0.500406834825061,0.026437961354845524,0.0
ENSG00000128512,DOCK4,5,0.5003525901817196,0.023312539316736682,0.0
ENSG00000128487,SPECC1,5,0.5001627339300246,0.021503657160588774,0.004405286343612335
ENSG00000128463,EMC4,5,0.500406834825061,0.026578650495061102,0.0
ENSG00000128335,APOL2,5,0.5003525901817196,0.023312539316736682,0.0
ENSG00000128311,TST,5,0.500406834825061,0.02673083117017204,0.0
ENSG00000128309,MPST,5,0.500406834825061,0.02673083117017204,0.0
ENSG00000128294,TPST2,5,0.500406834825061,0.026578650495061102,0.0
ENSG00000128245,YWHAH,5,0.500406834825061,0.026578650495061102,0.0
ENSG00000127928,GNGT1,5,0.500406834825061,0.02673083117017204,0.0
ENSG00000128185,DGCR6L,5,0.5003525901817196,0.023312539316736682,0.0
ENSG00000128059,PPAT,5,0.500406834825061,0.02673083117017204,0.0
ENSG00000128052,KDR,5,0.500406834825061,0.026437961354845524,0.0
ENSG00000128050,PAICS,5,0.5001627339300246,0.02152442658310508,0.004273504273504274
ENSG00000128045,RASL11B,5,0.500406834825061,0.02673083117017204,0.0
ENSG00000128016,ZFP36,5,0.5001627339300246,0.021503657160588774,0.004405286343612335
ENSG00000127948,POR,5,0.500406834825061,0.02673083117017204,0.0
ENSG00000127947,PTPN12,5,0.4977759696230021,0.015351548424270929,0.03535766729599329
ENSG00000127946,HIP1,5,0.5001627339300246,0.021516014573189544,0.004366812227074236
ENSG00000129932,DOHH,5,0.500406834825061,0.026437961354845524,0.0
ENSG00000130054,NALF2,5,0.500406834825061,0.026437961354845524,0.0
ENSG00000123119,NECAB1,5,0.49739625711961216,0.017163634442352627,0.012345679012345678
ENSG00000130811,EIF3G,5,0.500406834825061,0.02673083117017204,0.0
ENSG00000130997,POLN,5,0.5003525901817196,0.023312539316736682,0.0
ENSG00000130939,UBE4B,5,0.5003525901817196,0.023312539316736682,0.0
ENSG00000130935,NOL11,5,0.500406834825061,0.026578650495061102,0.0
ENSG00000130844,ZNF331,5,0.5001627339300246,0.02152442658310508,0.004273504273504274
ENSG00000130830,MPP1,5,0.5003525901817196,0.023312539316736682,0.0
ENSG00000130826,DKC1,5,0.500406834825061,0.026578650495061102,0.0
ENSG00000130818,ZNF426,5,0.500406834825061,0.026578650495061102,0.0
ENSG00000130816,DNMT1,5,0.5001627339300246,0.02152442658310508,0.004273504273504274
ENSG00000130813,SHFL,5,0.500406834825061,0.026437961354845524,0.0
ENSG00000130810,PPAN,5,0.500406834825061,0.026437961354845524,0.0
ENSG00000131061,ZNF341,5,0.5003525901817196,0.023312539316736682,0.0
ENSG00000130803,ZNF317,5,0.500406834825061,0.026437961354845524,0.0
ENSG00000130775,THEMIS2,5,0.500406834825061,0.02673083117017204,0.0
ENSG00000130772,MED18,5,0.500406834825061,0.026437961354845524,0.0
ENSG00000130770,ATP5IF1,5,0.500406834825061,0.026437961354845524,0.0
ENSG00000130768,SMPDL3B,5,0.500406834825061,0.026437961354845524,0.0
ENSG00000130766,SESN2,5,0.500406834825061,0.02673083117017204,0.0
ENSG00000130764,LRRC47,5,0.500406834825061,0.026437961354845524,0.0
ENSG00000130762,ARHGEF16,5,0.500406834825061,0.026437961354845524,0.0
ENSG00000130749,ZC3H4,5,0.500406834825061,0.02673083117017204,0.0
ENSG00000131043,AAR2,5,0.500406834825061,0.026437961354845524,0.0
ENSG00000131100,ATP6V1E1,5,0.500406834825061,0.026437961354845524,0.0
ENSG00000130741,EIF2S3,5,0.500406834825061,0.02673083117017204,0.0
ENSG00000131351,HAUS8,5,0.5001627339300246,0.02152442658310508,0.004273504273504274
ENSG00000131473,ACLY,5,0.5001627339300246,0.021503657160588774,0.004405286343612335
ENSG00000131469,RPL27,5,0.500406834825061,0.02673083117017204,0.0
ENSG00000131467,PSME3,5,0.500406834825061,0.026578650495061102,0.0
ENSG00000131462,TUBG1,5,0.500406834825061,0.02673083117017204,0.0
ENSG00000131459,GFPT2,5,0.500406834825061,0.026578650495061102,0.0
ENSG00000131446,MGAT1,5,0.500406834825061,0.026437961354845524,0.0
ENSG00000131398,KCNC3,5,0.500406834825061,0.026437961354845524,0.0
ENSG00000131389,SLC6A6,5,0.500406834825061,0.02673083117017204,0.0
ENSG00000131368,MRPS25,5,0.500406834825061,0.026437961354845524,0.0
ENSG00000131242,RAB11FIP4,5,0.5003525901817196,0.023312539316736682,0.0
ENSG00000131127,ZNF141,5,0.500406834825061,0.02673083117017204,0.0
ENSG00000131238,PPT1,5,0.500406834825061,0.02673083117017204,0.0
ENSG00000131236,CAP1,5,0.500406834825061,0.02673083117017204,0.0
ENSG00000131203,IDO1,5,0.500406834825061,0.026578650495061102,0.0
ENSG00000131174,COX7B,5,0.500406834825061,0.02673083117017204,0.0
ENSG00000131165,CHMP1A,5,0.500406834825061,0.026437961354845524,0.0
ENSG00000131153,GINS2,5,0.5001627339300246,0.02152442658310508,0.004273504273504274
ENSG00000131149,GSE1,5,0.5003525901817196,0.023312539316736682,0.0
ENSG00000131148,EMC8,5,0.500406834825061,0.02673083117017204,0.0
ENSG00000131143,COX4I1,5,0.500406834825061,0.02673083117017204,0.0
ENSG00000130748,TMEM160,5,0.500406834825061,0.02673083117017204,0.0
ENSG00000130733,YIPF2,5,0.500406834825061,0.026578650495061102,0.0
ENSG00000130119,GNL3L,5,0.500406834825061,0.026437961354845524,0.0
ENSG00000130208,APOC1,5,0.500406834825061,0.026578650495061102,0.0
ENSG00000130312,MRPL34,5,0.500406834825061,0.026437961354845524,0.0
ENSG00000130311,DDA1,5,0.500406834825061,0.02673083117017204,0.0
ENSG00000130307,USHBP1,5,0.500406834825061,0.026578650495061102,0.0
ENSG00000130305,NSUN5,5,0.500406834825061,0.026437961354845524,0.0
ENSG00000130299,GTPBP3,5,0.500406834825061,0.02673083117017204,0.0
ENSG00000130294,KIF1A,5,0.500406834825061,0.026437961354845524,0.0
ENSG00000130255,RPL36,5,0.500406834825061,0.02673083117017204,0.0
ENSG00000130254,SAFB2,5,0.500406834825061,0.02673083117017204,0.0
ENSG00000130226,DPP6,5,0.500406834825061,0.026437961354845524,0.0
ENSG00000130204,TOMM40,5,0.500406834825061,0.026578650495061102,0.0
ENSG00000130348,QRSL1,5,0.500406834825061,0.026437961354845524,0.0
ENSG00000130203,APOE,5,0.500406834825061,0.026437961354845524,0.0
ENSG00000130202,NECTIN2,5,0.5001627339300246,0.021503657160588774,0.004405286343612335
ENSG00000130182,ZSCAN10,5,0.500406834825061,0.026578650495061102,0.0
ENSG00000130177,CDC16,5,0.500406834825061,0.026437961354845524,0.0
ENSG00000130176,CNN1,5,0.500406834825061,0.02673083117017204,0.0
ENSG00000130175,PRKCSH,5,0.500406834825061,0.02673083117017204,0.0
ENSG00000130165,ELOF1,5,0.500406834825061,0.026578650495061102,0.0
ENSG00000130159,ECSIT,5,0.5003525901817196,0.023312539316736682,0.0
ENSG00000130158,DOCK6,5,0.5001627339300246,0.021516014573189544,0.004366812227074236
ENSG00000130332,LSM7,5,0.500406834825061,0.02673083117017204,0.0
ENSG00000130349,MTRES1,5,0.5003525901817196,0.023312539316736682,0.0
ENSG00000130731,METTL26,5,0.500406834825061,0.026578650495061102,0.0
ENSG00000130584,ZBTB46,5,0.500406834825061,0.02358242123528024,0.037037037037037035
ENSG00000130726,TRIM28,5,0.500406834825061,0.02673083117017204,0.0
ENSG00000130725,UBE2M,5,0.500406834825061,0.026578650495061102,0.0
ENSG00000130717,UCK1,5,0.500406834825061,0.02673083117017204,0.0
ENSG00000130713,EXOSC2,5,0.500406834825061,0.02673083117017204,0.0
ENSG00000130707,ASS1,5,0.500406834825061,0.026437961354845524,0.0
ENSG00000130706,ADRM1,5,0.500406834825061,0.026578650495061102,0.0
ENSG00000130702,LAMA5,5,0.500406834825061,0.02673083117017204,0.0
ENSG00000130699,TAF4,5,0.4977759696230021,0.015351548424270929,0.03535766729599329
ENSG00000130589,HELZ2,5,0.500406834825061,0.02673083117017204,0.0
ENSG00000130560,UBAC1,5,0.5001627339300246,0.02152442658310508,0.004273504273504274
ENSG00000130402,ACTN4,5,0.5001627339300246,0.021503657160588774,0.004405286343612335
ENSG00000130558,OLFM1,5,0.5003525901817196,0.023312539316736682,0.0
ENSG00000130544,ZNF557,5,0.500406834825061,0.026437961354845524,0.0
ENSG00000130540,SULT4A1,5,0.500406834825061,0.026437961354845524,0.0
ENSG00000130520,LSM4,5,0.500406834825061,0.02673083117017204,0.0
ENSG00000130517,PGPEP1,5,0.500406834825061,0.026437961354845524,0.0
ENSG00000130479,MAP1S,5,0.500406834825061,0.02673083117017204,0.0
ENSG00000130477,UNC13A,5,0.500406834825061,0.026437961354845524,0.0
ENSG00000130429,ARPC1B,5,0.500406834825061,0.02673083117017204,0.0
ENSG00000130414,NDUFA10,5,0.500406834825061,0.026437961354845524,0.0
ENSG00000127191,TRAF2,5,0.5001627339300246,0.02152442658310508,0.004273504273504274
ENSG00000127184,COX7C,5,0.500406834825061,0.02673083117017204,0.0
ENSG00000127152,BCL11B,5,0.5003525901817196,0.023312539316736682,0.0
ENSG00000124444,ZNF576,5,0.500406834825061,0.02673083117017204,0.0
ENSG00000124562,SNRPC,5,0.500406834825061,0.02673083117017204,0.0
ENSG00000124541,RRP36,5,0.500406834825061,0.026437961354845524,0.0
ENSG00000124535,WRNIP1,5,0.500406834825061,0.026437961354845524,0.0
ENSG00000124532,MRS2,5,0.500406834825061,0.026437961354845524,0.0
ENSG00000124507,PACSIN1,5,0.500406834825061,0.026437961354845524,0.0
ENSG00000124496,TRERF1,5,0.500406834825061,0.023723110375495814,0.0
ENSG00000124493,GRM4,5,0.500406834825061,0.026578650495061102,0.0
ENSG00000124486,USP9X,5,0.5001627339300246,0.021503657160588774,0.004405286343612335
ENSG00000124459,ZNF45,5,0.500406834825061,0.026437961354845524,0.0
ENSG00000124422,USP22,5,0.5001627339300246,0.021405281775118672,0.010752688172043012
ENSG00000124574,ABCC10,5,0.5003525901817196,0.023312539316736682,0.0
ENSG00000124406,ATP8A1,5,0.5003525901817196,0.023312539316736682,0.0
ENSG00000124383,MPHOSPH10,5,0.500406834825061,0.026437961354845524,0.0
ENSG00000124374,PAIP2B,5,0.500406834825061,0.02673083117017204,0.0
ENSG00000124356,STAMBP,5,0.500406834825061,0.026437961354845524,0.0
ENSG00000124313,IQSEC2,5,0.500406834825061,0.026437961354845524,0.0
ENSG00000124302,CHST8,5,0.5003525901817196,0.023312539316736682,0.0
ENSG00000124299,PEPD,5,0.5003525901817196,0.023312539316736682,0.0
ENSG00000124279,FASTKD3,5,0.500406834825061,0.026578650495061102,0.0
ENSG00000124275,MTRR,5,0.500406834825061,0.026437961354845524,0.0
ENSG00000124571,XPO5,5,0.500406834825061,0.02673083117017204,0.0
ENSG00000124575,H1-3,5,0.4977759696230021,0.01535624617174373,0.06712528663748175
ENSG00000124226,RNF114,5,0.500406834825061,0.02673083117017204,0.0
ENSG00000124766,SOX4,5,0.500406834825061,0.023430240560169298,0.0
ENSG00000125149,PHAF1,5,0.500406834825061,0.026578650495061102,0.0
ENSG00000125107,CNOT1,5,0.4977759696230021,0.015351548424270929,0.03535766729599329
ENSG00000124839,RAB17,5,0.500406834825061,0.026578650495061102,0.0
ENSG00000124802,EEF1E1,5,0.500406834825061,0.026578650495061102,0.0
ENSG00000124789,NUP153,5,0.5001627339300246,0.02152442658310508,0.004273504273504274
ENSG00000124787,RPP40,5,0.500406834825061,0.026437961354845524,0.0
ENSG00000124784,RIOK1,5,0.500406834825061,0.02673083117017204,0.0
ENSG00000124783,SSR1,5,0.5001627339300246,0.021516014573189544,0.004366812227074236
ENSG00000124767,GLO1,5,0.5001627339300246,0.021503657160588774,0.004405286343612335
ENSG00000124749,COL21A1,5,0.500406834825061,0.026437961354845524,0.0
ENSG00000124588,NQO2,5,0.500406834825061,0.026578650495061102,0.0
ENSG00000124733,MEA1,5,0.500406834825061,0.026437961354845524,0.0
ENSG00000124702,KLHDC3,5,0.500406834825061,0.026437961354845524,0.0
ENSG00000124688,MAD2L1BP,5,0.500406834825061,0.02673083117017204,0.0
ENSG00000124659,TBCC,5,0.500406834825061,0.026578650495061102,0.0
ENSG00000124641,MED20,5,0.500406834825061,0.02673083117017204,0.0
ENSG00000124615,MOCS1,5,0.500406834825061,0.02673083117017204,0.0
ENSG00000124614,RPS10,5,0.500406834825061,0.02673083117017204,0.0
ENSG00000124608,AARS2,5,0.500406834825061,0.02673083117017204,0.0
ENSG00000124593,ENSG00000124593,5,0.500406834825061,0.026437961354845524,0.0
ENSG00000124228,DDX27,5,0.500406834825061,0.026437961354845524,0.0
ENSG00000124225,PMEPA1,5,0.5003525901817196,0.023312539316736682,0.0
ENSG00000127080,IPPK,5,0.500406834825061,0.026578650495061102,0.0
ENSG00000123349,PFDN5,5,0.500406834825061,0.026437961354845524,0.0
ENSG00000123560,PLP1,5,0.500406834825061,0.023430240560169298,0.0
ENSG00000123552,USP45,5,0.500406834825061,0.026437961354845524,0.0
ENSG00000123545,NDUFAF4,5,0.500406834825061,0.026578650495061102,0.0
ENSG00000123505,AMD1,5,0.500406834825061,0.026578650495061102,0.0
ENSG00000123416,TUBA1B,5,0.4977759696230021,0.01533547674922743,0.09546219691271804
ENSG00000123395,ATG101,5,0.500406834825061,0.026578650495061102,0.0
ENSG00000123384,LRP1,5,0.500406834825061,0.026437961354845524,0.0
ENSG00000123358,NR4A1,5,0.5001627339300246,0.021503657160588774,0.004405286343612335
ENSG00000123353,ORMDL2,5,0.500406834825061,0.026578650495061102,0.0
ENSG00000123268,ATF1,5,0.500406834825061,0.026578650495061102,0.0
ENSG00000123572,NRK,5,0.500406834825061,0.026578650495061102,0.0
ENSG00000123243,ITIH5,5,0.500406834825061,0.02673083117017204,0.0
ENSG00000123213,NLN,5,0.5003525901817196,0.023312539316736682,0.0
ENSG00000123179,EBPL,5,0.500406834825061,0.026578650495061102,0.0
ENSG00000123159,GIPC1,5,0.5003525901817196,0.023312539316736682,0.0
ENSG00000123144,TRIR,5,0.500406834825061,0.02673083117017204,0.0
ENSG00000123143,PKN1,5,0.500406834825061,0.026437961354845524,0.0
ENSG00000123136,DDX39A,5,0.500406834825061,0.02673083117017204,0.0
ENSG00000123131,PRDX4,5,0.500406834825061,0.026578650495061102,0.0
ENSG00000123130,ACOT9,5,0.5003525901817196,0.023312539316736682,0.0
ENSG00000123562,MORF4L2,5,0.4977759696230021,0.01533547674922743,0.09546219691271804
ENSG00000123595,RAB9A,5,0.500406834825061,0.02673083117017204,0.0
ENSG00000124217,MOCS3,5,0.500406834825061,0.026437961354845524,0.0
ENSG00000124155,PIGT,5,0.500406834825061,0.02673083117017204,0.0
ENSG00000124214,STAU1,5,0.500406834825061,0.026578650495061102,0.0
ENSG00000124207,CSE1L,5,0.5001627339300246,0.02152442658310508,0.004273504273504274
ENSG00000124201,ZNFX1,5,0.500406834825061,0.02673083117017204,0.0
ENSG00000124198,ARFGEF2,5,0.5003525901817196,0.023312539316736682,0.0
ENSG00000124194,GDAP1L1,5,0.5003525901817196,0.023312539316736682,0.0
ENSG00000124193,SRSF6,5,0.5003525901817196,0.023312539316736682,0.0
ENSG00000124181,PLCG1,5,0.500406834825061,0.02358242123528024,0.037037037037037035
ENSG00000124172,ATP5F1E,5,0.500406834825061,0.02673083117017204,0.0
ENSG00000124160,NCOA5,5,0.5003525901817196,0.023312539316736682,0.0
ENSG00000124145,SDC4,5,0.5001627339300246,0.021503657160588774,0.004405286343612335
ENSG00000123600,METTL8,5,0.500406834825061,0.026437961354845524,0.0
ENSG00000124120,TTPAL,5,0.5003525901817196,0.023312539316736682,0.0
ENSG00000123992,DNPEP,5,0.500406834825061,0.026437961354845524,0.0
ENSG00000123989,CHPF,5,0.5003525901817196,0.023312539316736682,0.0
ENSG00000123975,CKS2,5,0.4977759696230021,0.01535624617174373,0.06712528663748175
ENSG00000123908,AGO2,5,0.500406834825061,0.026578650495061102,0.0
ENSG00000123836,PFKFB2,5,0.500406834825061,0.026437961354845524,0.0
ENSG00000123739,PLA2G12A,5,0.5003525901817196,0.023312539316736682,0.0
ENSG00000123737,EXOSC9,5,0.500406834825061,0.02673083117017204,0.0
ENSG00000123643,SLC36A1,5,0.500406834825061,0.026578650495061102,0.0
ENSG00000125166,GOT2,5,0.500406834825061,0.026578650495061102,0.0
ENSG00000125170,DOK4,5,0.5003525901817196,0.023312539316736682,0.0
ENSG00000125304,TM9SF2,5,0.500406834825061,0.026437961354845524,0.0
ENSG00000126247,CAPNS1,5,0.500406834825061,0.026578650495061102,0.0
ENSG00000126457,PRMT1,5,0.500406834825061,0.02673083117017204,0.0
ENSG00000126456,IRF3,5,0.500406834825061,0.02673083117017204,0.0
ENSG00000126453,BCL2L12,5,0.5001627339300246,0.021405281775118672,0.010752688172043012
ENSG00000126432,PRDX5,5,0.500406834825061,0.026437961354845524,0.0
ENSG00000126391,FRMD8,5,0.5003525901817196,0.023312539316736682,0.0
ENSG00000126267,COX6B1,5,0.500406834825061,0.026578650495061102,0.0
ENSG00000126261,UBA2,5,0.4977759696230021,0.015351548424270929,0.03535766729599329
ENSG00000126254,RBM42,5,0.500406834825061,0.026578650495061102,0.0
ENSG00000126249,PDCD2L,5,0.500406834825061,0.026437961354845524,0.0
ENSG00000126226,PCID2,5,0.500406834825061,0.02673083117017204,0.0
ENSG00000126464,PRR12,5,0.500406834825061,0.02673083117017204,0.0
ENSG00000126215,XRCC3,5,0.500406834825061,0.02673083117017204,0.0
ENSG00000126107,HECTD3,5,0.500406834825061,0.023430240560169298,0.0
ENSG00000126088,UROD,5,0.500406834825061,0.026437961354845524,0.0
ENSG00000126067,PSMB2,5,0.500406834825061,0.026578650495061102,0.0
ENSG00000126062,TMEM115,5,0.5003525901817196,0.023312539316736682,0.0
ENSG00000126010,GRPR,5,0.500406834825061,0.026578650495061102,0.0
ENSG00000125995,ROMO1,5,0.500406834825061,0.02673083117017204,0.0
ENSG00000125991,ERGIC3,5,0.500406834825061,0.026437961354845524,0.0
ENSG00000125977,EIF2S2,5,0.500406834825061,0.026578650495061102,0.0
ENSG00000126461,SCAF1,5,0.500406834825061,0.02673083117017204,0.0
ENSG00000126522,ASL,5,0.5003525901817196,0.023312539316736682,0.0
ENSG00000125351,UPF3B,5,0.4977759696230021,0.015351548424270929,0.03535766729599329
ENSG00000126777,KTN1,5,0.5001627339300246,0.021503657160588774,0.004405286343612335
ENSG00000127054,INTS11,5,0.500406834825061,0.02673083117017204,0.0
ENSG00000127022,CANX,5,0.500406834825061,0.02673083117017204,0.0
ENSG00000126953,TIMM8A,5,0.500406834825061,0.026437961354845524,0.0
ENSG00000126945,HNRNPH2,5,0.500406834825061,0.02673083117017204,0.0
ENSG00000126934,MAP2K2,5,0.500406834825061,0.02673083117017204,0.0
ENSG00000126878,AIF1L,5,0.500406834825061,0.026578650495061102,0.0
ENSG00000126822,PLEKHG3,5,0.5001627339300246,0.021503657160588774,0.004405286343612335
ENSG00000126814,TRMT5,5,0.5003525901817196,0.023312539316736682,0.0
ENSG00000126803,HSPA2,5,0.500406834825061,0.02673083117017204,0.0
ENSG00000126775,ATG14,5,0.5003525901817196,0.023312539316736682,0.0
ENSG00000126524,SBDS,5,0.500406834825061,0.02673083117017204,0.0
ENSG00000126767,ELK1,5,0.500406834825061,0.02673083117017204,0.0
ENSG00000126756,UXT,5,0.5001627339300246,0.021516014573189544,0.004366812227074236
ENSG00000126749,EMG1,5,0.500406834825061,0.026578650495061102,0.0
ENSG00000126746,ZNF384,5,0.500406834825061,0.02673083117017204,0.0
ENSG00000126733,DACH2,5,0.500406834825061,0.02673083117017204,0.0
ENSG00000126698,DNAJC8,5,0.500406834825061,0.026578650495061102,0.0
ENSG00000126602,TRAP1,5,0.500406834825061,0.02673083117017204,0.0
ENSG00000126583,PRKCG,5,0.500406834825061,0.02673083117017204,0.0
ENSG00000126581,BECN1,5,0.500406834825061,0.02673083117017204,0.0
ENSG00000125966,MMP24,5,0.500406834825061,0.026437961354845524,0.0
ENSG00000125952,MAX,5,0.5003525901817196,0.023312539316736682,0.0
ENSG00000125912,NCLN,5,0.500406834825061,0.026578650495061102,0.0
ENSG00000125482,TTF1,5,0.500406834825061,0.02673083117017204,0.0
ENSG00000125691,RPL23,5,0.500406834825061,0.02673083117017204,0.0
ENSG00000125686,MED1,5,0.500406834825061,0.02673083117017204,0.0
ENSG00000125656,CLPP,5,0.500406834825061,0.023723110375495814,0.0
ENSG00000125651,GTF2F1,5,0.500406834825061,0.026437961354845524,0.0
ENSG00000125630,POLR1B,5,0.500406834825061,0.026578650495061102,0.0
ENSG00000125505,MBOAT7,5,0.500406834825061,0.026578650495061102,0.0
ENSG00000125503,PPP1R12C,5,0.500406834825061,0.026578650495061102,0.0
ENSG00000125485,DDX31,5,0.500406834825061,0.026437961354845524,0.0
ENSG00000125484,GTF3C4,5,0.500406834825061,0.026578650495061102,0.0
ENSG00000125458,NT5C,5,0.500406834825061,0.026437961354845524,0.0
ENSG00000125901,MRPS26,5,0.500406834825061,0.026578650495061102,0.0
ENSG00000125454,SLC25A19,5,0.500406834825061,0.026578650495061102,0.0
ENSG00000125450,NUP85,5,0.500406834825061,0.026578650495061102,0.0
ENSG00000125449,ARMC7,5,0.500406834825061,0.026437961354845524,0.0
ENSG00000125447,GGA3,5,0.500406834825061,0.02673083117017204,0.0
ENSG00000125445,MRPS7,5,0.500406834825061,0.026578650495061102,0.0
ENSG00000125430,HS3ST3B1,5,0.500406834825061,0.023430240560169298,0.0
ENSG00000125356,NDUFA1,5,0.500406834825061,0.02673083117017204,0.0
ENSG00000125354,SEPTIN6,5,0.5003525901817196,0.023312539316736682,0.0
ENSG00000125352,RNF113A,5,0.500406834825061,0.026578650495061102,0.0
ENSG00000125731,SH2D3A,5,0.500406834825061,0.026437961354845524,0.0
ENSG00000125733,TRIP10,5,0.500406834825061,0.02673083117017204,0.0
ENSG00000125741,OPA3,5,0.500406834825061,0.026437961354845524,0.0
ENSG00000125743,SNRPD2,5,0.500406834825061,0.02673083117017204,0.0
ENSG00000125885,MCM8,5,0.5001627339300246,0.021344151978307555,0.024390243902439025
ENSG00000125877,ITPA,5,0.5003525901817196,0.023312539316736682,0.0
ENSG00000125871,MGME1,5,0.4977759696230021,0.01533547674922743,0.09546219691271804
ENSG00000125870,SNRPB2,5,0.500406834825061,0.02673083117017204,0.0
ENSG00000125868,DSTN,5,0.500406834825061,0.02673083117017204,0.0
ENSG00000125851,PCSK2,5,0.5003525901817196,0.023312539316736682,0.0
ENSG00000125850,OVOL2,5,0.500406834825061,0.02673083117017204,0.0
ENSG00000125844,RRBP1,5,0.500406834825061,0.026437961354845524,0.0
ENSG00000125835,SNRPB,5,0.500406834825061,0.02673083117017204,0.0
ENSG00000125834,STK35,5,0.500406834825061,0.02673083117017204,0.0
ENSG00000125826,RBCK1,5,0.5003525901817196,0.023312539316736682,0.0
ENSG00000125821,DTD1,5,0.500406834825061,0.026578650495061102,0.0
ENSG00000125818,PSMF1,5,0.5003525901817196,0.023312539316736682,0.0
ENSG00000125817,CENPB,5,0.500406834825061,0.026437961354845524,0.0
ENSG00000125812,GZF1,5,0.500406834825061,0.02673083117017204,0.0
ENSG00000125779,PANK2,5,0.5001627339300246,0.021516014573189544,0.004366812227074236
ENSG00000125755,SYMPK,5,0.500406834825061,0.02673083117017204,0.0
ENSG00000125753,VASP,5,0.500406834825061,0.02673083117017204,0.0
ENSG00000125744,RTN2,5,0.5003525901817196,0.023312539316736682,0.0
ENSG00000291336,ENSG00000291336,5,0.5001627339300246,0.02152442658310508,0.004273504273504274
