 ,names,degree,harmonic,eigenvector_centrality,betweenness
ENSG00000160973,FOXH1,88,0.38182064848731334,0.20704303425205328,69334.88828935569
ENSG00000159166,LAD1,75,0.38919006919007015,0.21610285488303926,65301.73013626397
ENSG00000102755,FLT1,65,0.31524216524216897,1.0,35801.030895276745
ENSG00000187140,FOXD3,61,0.3753194953194928,0.13461992277315354,43086.883139080455
ENSG00000289195,ENSG00000289195,61,0.3040645773979111,0.9993152091557496,22495.58971318167
ENSG00000280511,ENSG00000280511,58,0.36537511870844563,0.20096535185684902,49822.28041380676
ENSG00000285689,ENSG00000285689,57,0.3722886989553604,0.13144096348415146,49405.464696710325
ENSG00000160200,CBS,56,0.3620811287477895,0.09930500518112266,35659.41884711998
ENSG00000132297,HHLA1,55,0.3613173246506524,0.13121667454582298,33886.46093500859
ENSG00000120659,TNFSF11,53,0.36718898385564447,0.15927673434091877,38210.26339321295
ENSG00000260834,ENSG00000260834,51,0.30950617283950865,0.8645404761576392,17627.08425299168
ENSG00000197408,CYP2B6,49,0.35391398724731543,0.10583189286559917,30196.821753896464
ENSG00000232325,ENSG00000232325,48,0.37114638447971476,0.10162627645749714,36855.92352226454
ENSG00000290092,ENSG00000290092,48,0.35548907882240727,0.27751289238675936,51307.25859569854
ENSG00000149418,ST14,47,0.36566137566136936,0.12481392051737367,29174.514681069566
ENSG00000253348,ENSG00000253348,45,0.3527648894315504,0.06776256370851703,30355.182294068876
ENSG00000211772,TRBC2,44,0.3520716320716281,0.08222534223048615,27570.581329579498
ENSG00000258649,ENSG00000258649,44,0.33587844254510923,0.6320417332101995,37052.9513032868
ENSG00000283877,ENSG00000283877,44,0.3435436168769471,0.1212804858768942,21864.04532431817
ENSG00000127824,TUBA4A,43,0.36193867860534,0.09118368339984434,27302.617407127844
ENSG00000179023,KLHDC7A,42,0.36030525030524563,0.0872319235994671,27731.49347603346
ENSG00000101311,FERMT1,42,0.34648622981956023,0.10850750168466142,22894.75939138929
ENSG00000229544,NKX1-2,41,0.36513905847238676,0.12307671060884119,27403.36119664477
ENSG00000231698,ENSG00000231698,41,0.3038746438746458,0.5973541243869022,13749.4373411838
ENSG00000103067,ESRP2,40,0.3511694478361099,0.09879504782372807,19900.734398337143
ENSG00000118785,SPP1,39,0.3530212996879618,0.07845667232966544,24805.247172568263
ENSG00000265992,ESRG,39,0.27665309998643123,0.6372018399833809,11583.151079824624
ENSG00000182866,LCK,39,0.36172568172567676,0.10644721192165262,23747.698627602233
ENSG00000138161,CUZD1,38,0.33375118708451873,0.10276543655049059,24653.96330874737
ENSG00000147596,PRDM14,38,0.3425356125356096,0.2789846989681291,27653.39062019558
ENSG00000289205,ENSG00000289205,38,0.36696784696784335,0.10249201687968795,26568.096386987138
ENSG00000237923,LINC02570,37,0.3668566001899282,0.17571634126827915,34986.79875276863
ENSG00000230798,FOXD3-AS1,37,0.3593555826889097,0.10824990513751268,22001.469950906714
ENSG00000257086,ENSG00000257086,36,0.33352462352462325,0.06806730171016977,15171.863091213272
ENSG00000236373,LINC02653,36,0.3075498575498602,0.10034988156374407,13772.919340017195
ENSG00000249152,LNCPRESS2,36,0.32536562203229086,0.6157822555104276,21581.363159326345
ENSG00000253507,IADEN,35,0.34205806539139577,0.08352676555902941,14335.854911000097
ENSG00000288895,ENSG00000288895,35,0.2557183557183532,0.40590502407135903,3876.268481067088
ENSG00000280707,HPAT5,35,0.34386514719847683,0.400833541531298,33840.93749670493
ENSG00000135547,HEY2,35,0.34493962827295843,0.07948138764530022,16746.104216700398
ENSG00000229271,ENSG00000229271,34,0.31996879663546574,0.0669220510469806,11846.871351597321
ENSG00000231762,ENSG00000231762,34,0.3477981277981234,0.07478091431970339,17595.77676391191
ENSG00000269842,ENSG00000269842,34,0.3358513091846415,0.07205241698876509,13247.364265524966
ENSG00000181885,CLDN7,33,0.34776014109346914,0.09476550580889279,14004.484218252888
ENSG00000196932,TMEM26,32,0.3238746438746444,0.08432970186908821,11729.948561245828
ENSG00000288932,ENSG00000288932,32,0.34587979921312734,0.07238528628784544,18269.323798893685
ENSG00000179059,ZFP42,32,0.32033238366572053,0.30702673224238086,22178.700722380203
ENSG00000254277,ENSG00000254277,32,0.2597001763668402,0.38926770305784014,4835.432695891836
ENSG00000132698,RAB25,31,0.3420241486908127,0.05606151114606164,16828.70439790705
ENSG00000142273,CBLC,31,0.3372568172568146,0.05466175709600531,14749.025895201536
ENSG00000069482,GAL,30,0.34077872744539056,0.10250571654822527,19999.635644484366
ENSG00000289527,ENSG00000289527,30,0.3472839506172791,0.1845116913532372,22075.226212278114
ENSG00000169418,NPR1,30,0.3376651743318384,0.04851735502486171,14424.02805568725
ENSG00000230937,MIR205HG,30,0.3110609143942507,0.047403499541424865,9604.166927977558
ENSG00000163814,CDCP1,30,0.331642924976258,0.07755003526051443,15109.956684741943
ENSG00000052344,PRSS8,30,0.3400678334011642,0.07625788271333106,10700.819602322701
ENSG00000182107,TMEM30B,30,0.34976393976393416,0.07416971174622831,15296.45596777977
ENSG00000120949,TNFRSF8,30,0.3232383665717013,0.09994452668567172,12405.821351407081
ENSG00000255666,LINC02700,30,0.33479582146248527,0.0727514342885435,14027.495306043007
ENSG00000111704,NANOG,30,0.35084656084655536,0.09556008630319791,19089.329928191975
ENSG00000116833,NR5A2,29,0.33523266856599926,0.12672166751249303,13863.193783147404
ENSG00000143632,ACTA1,29,0.338899742233073,0.05798140738045818,13009.626193830176
ENSG00000104413,ESRP1,29,0.31232668566002303,0.4075165087838664,14815.379086510939
ENSG00000179899,PHC1P1,29,0.33366300366300344,0.06755421498483927,12376.834826584902
ENSG00000259203,ENSG00000259203,29,0.3439424772758071,0.07291381552451473,13872.757122497935
ENSG00000234261,ENSG00000234261,29,0.29468186134852686,0.4783559335473825,12494.98176508776
ENSG00000280056,ENSG00000280056,29,0.3240279473612818,0.03414998634037376,12619.153129731116
ENSG00000107562,CXCL12,29,0.31117758784425814,0.06439815347153785,11078.172424584098
ENSG00000170608,FOXA3,28,0.3339994573327891,0.05450323743777163,9405.172524048103
ENSG00000258609,LINC-ROR,28,0.3157997557997585,0.02484065749636084,13601.410944904826
ENSG00000017483,SLC38A5,28,0.32334011667345297,0.07082566411821671,7474.2973307852235
ENSG00000254934,LINC00678,28,0.28135938135937977,0.4722838620792505,8286.298957099509
ENSG00000092345,DAZL,28,0.3214529914529931,0.0844240708675775,7931.344811703982
ENSG00000124233,SEMG1,27,0.32502509835843213,0.05094136568871863,14509.597956424963
ENSG00000287150,ENSG00000287150,27,0.3361986161986145,0.05563141937309815,12137.743811599175
ENSG00000112164,GLP1R,27,0.32973137973137984,0.05856469350274327,9968.021998232292
ENSG00000185338,SOCS1,26,0.337076380409712,0.057184694430266775,12020.545006148703
ENSG00000049283,EPN3,26,0.31944105277438845,0.03285599138256076,11815.791223256609
ENSG00000131203,IDO1,26,0.3155935422602127,0.2340525494621321,19681.12777670174
ENSG00000168671,UGT3A2,26,0.33679148012481075,0.06548315938717217,8575.641240046762
ENSG00000254365,ENSG00000254365,26,0.32891466558133176,0.055235345278761484,9852.284493499148
ENSG00000197462,ENSG00000197462,26,0.29201872201872153,0.3425186278443275,6637.877046833696
ENSG00000055732,MCOLN3,26,0.33436575769908927,0.054599238028361446,12001.271364503085
ENSG00000291111,ENSG00000291111,26,0.32969746303079533,0.06233036015730302,10180.396396086753
ENSG00000164265,SCGB3A2,26,0.34360059693392536,0.06636786247156636,14562.250793919597
ENSG00000179046,TRIML2,26,0.32899335232668475,0.17896194005763055,13635.033900414832
ENSG00000162344,FGF19,26,0.31803554470221473,0.06234842285399026,7330.14432483252
ENSG00000289894,ENSG00000289894,26,0.28254646587979804,0.4608843253700476,5119.482742232464
ENSG00000133980,VRTN,25,0.30765432098765744,0.2669404924302284,10074.491696593328
ENSG00000227838,CPMER,25,0.30658119658119914,0.18685807703955398,12703.868952137524
ENSG00000182931,WFDC10B,25,0.3297164563831227,0.04781193600953875,11218.731358936338
ENSG00000288749,ENSG00000288749,25,0.3337321937321912,0.13457935087760603,17885.95226009604
ENSG00000132768,DPH2,25,0.3112223578890265,0.04685347987313177,10237.091726279563
ENSG00000232301,LNCPRESS1,25,0.3464767331433942,0.1319071279376752,15508.282175711705
ENSG00000157150,TIMP4,25,0.32962148962148896,0.05298423330199352,14814.181399204488
ENSG00000130182,ZSCAN10,24,0.3121557454890828,0.18403261870870485,8912.020613303783
ENSG00000289287,ENSG00000289287,24,0.33601139601139324,0.11837065742150163,11366.404415385174
ENSG00000119411,BSPRY,24,0.3279975579975585,0.056247787057371754,11903.988885344417
ENSG00000274090,ENSG00000274090,23,0.24855921855921626,0.3286152552751832,2127.851871640758
ENSG00000271945,ENSG00000271945,23,0.2832763532763518,0.40164877113363,5147.750554236244
ENSG00000089327,FXYD5,23,0.3234676434676427,0.05332207486605151,7316.747755601469
ENSG00000139269,INHBE,23,0.32661646994980265,0.04283652708845972,8018.961989491203
ENSG00000289326,ENSG00000289326,23,0.29896757563424275,0.031545861779876234,7234.373013384575
ENSG00000122641,INHBA,23,0.3093894993895024,0.04069776342266385,8178.420616675559
ENSG00000142698,C1orf94,23,0.3170438203771547,0.04478847126276133,7436.4288174655885
ENSG00000204352,FAM120A2P,23,0.3351254917921569,0.04220837605066952,12331.338529571767
ENSG00000228944,ENSG00000228944,22,0.3284330484330468,0.06494948029884046,11691.058935244451
ENSG00000141934,PLPP2,22,0.30759734093067687,0.08981161851730798,5860.854086066913
ENSG00000289158,ENSG00000289158,22,0.3014814814814825,0.19212259055662714,9053.782740684555
ENSG00000127507,ADGRE2,22,0.32585130918464095,0.04408508814374601,11586.867671592448
ENSG00000289479,ENSG00000289479,22,0.31919278252611644,0.178766677299535,8976.147626718404
ENSG00000232252,ENSG00000232252,22,0.31262108262108657,0.08441260519035206,13280.382023106755
ENSG00000289533,ENSG00000289533,22,0.29463437796771064,0.31423530114217646,4146.616427261095
ENSG00000234787,LINC00458,22,0.3058689458689486,0.05896908000007407,4739.325351738247
ENSG00000223572,CKMT1A,22,0.330314746981413,0.03644318713297888,9026.770141303363
ENSG00000134207,SYT6,22,0.29624881291547966,0.33192237375875233,6253.863617758958
ENSG00000248995,LINC02231,22,0.327028897028896,0.047067873633716596,7590.079183510322
ENSG00000224273,RABGEF1P3,22,0.3266951566951561,0.060692155711472545,9201.487468719304
ENSG00000138100,TRIM54,22,0.33195767195766934,0.05180782049636835,10302.730136510834
ENSG00000124610,H1-1,21,0.31636005969339487,0.02701494486665674,11255.41256397096
ENSG00000283809,ENSG00000283809,21,0.31934608601275355,0.04689479292186419,6812.221426412255
ENSG00000136110,CNMD,21,0.3001234567901243,0.11968171436068992,10804.219011154219
ENSG00000164588,HCN1,21,0.27982905982905815,0.3289953589371111,7948.117639117516
ENSG00000166145,SPINT1,21,0.32376204042870743,0.054076518298953394,8481.200439157363
ENSG00000083307,GRHL2,21,0.27386650386650196,0.2963297814949892,5405.8913159074555
ENSG00000158050,DUSP2,20,0.313259394926062,0.03286548015201509,9153.094875810231
ENSG00000133962,CATSPERB,20,0.3090503323836691,0.07069896004153844,4835.057061868739
ENSG00000260362,ENSG00000260362,20,0.3232017365350688,0.04560969652193962,8872.960711289972
ENSG00000286719,ENSG00000286719,20,0.31479310812644434,0.04015130537143899,7200.7262440473805
ENSG00000140832,MARVELD3,20,0.3295319495319486,0.05526881377207806,6268.3503423184875
ENSG00000235152,ENSG00000235152,20,0.2795536562203213,0.32534796997799437,3934.2087972412396
ENSG00000166573,GALR1,20,0.3234160900827572,0.03352622773631732,8479.776748699996
ENSG00000124839,RAB17,20,0.3240930674263997,0.07506207836812281,9490.097352005992
ENSG00000214922,HLA-F-AS1,20,0.30590828924162533,0.045733739600650136,7738.712748615736
ENSG00000177108,ZDHHC22,20,0.3302577669244313,0.059957572208746805,6372.0810640936
ENSG00000146477,SLC22A3,20,0.323866503866504,0.05076047046248693,10433.068697268756
ENSG00000254339,ENSG00000254339,20,0.2957075023741678,0.35986649392687947,7499.650504948699
ENSG00000101194,SLC17A9,20,0.32794057794057724,0.056107839534453856,9539.70787475686
ENSG00000070019,GUCY2C,19,0.3234771401438059,0.0435903193442455,7359.94506453424
ENSG00000230923,LINC00309,19,0.32858635191968444,0.0386814446791448,7735.001637091736
ENSG00000184012,TMPRSS2,19,0.3239329805996464,0.03668663786024812,7397.800138612907
ENSG00000115107,STEAP3,19,0.31814000814000865,0.048234711049689315,7778.037193166931
ENSG00000289489,ENSG00000289489,19,0.3303717270383907,0.04804693319147754,8223.168205800903
ENSG00000106789,CORO2A,19,0.3268660968660955,0.10621961068422188,12473.85907013548
ENSG00000259580,ENSG00000259580,19,0.32343915343915325,0.04731831384321717,7676.147747850829
ENSG00000228420,LINC01768,19,0.32787952787952623,0.047527764437773214,6669.2811118881955
ENSG00000250993,ENSG00000250993,19,0.3140550807217494,0.0506085101573424,6837.320822334008
ENSG00000237289,CKMT1B,19,0.33059964726631164,0.04822212992329238,7545.931457861638
ENSG00000094755,GABRP,19,0.3141514041514043,0.029979473356981874,5613.403181738083
ENSG00000175707,KDF1,19,0.32109347442680847,0.04490455543326292,6247.852646936639
ENSG00000167600,CYP2S1,18,0.2915574548907881,0.13748298451852473,5045.370921137965
ENSG00000130545,CRB3,18,0.317019400352735,0.028957444142408726,7072.651932340363
ENSG00000006606,CCL26,18,0.3269814136480789,0.047487989225334475,5533.620691927415
ENSG00000146904,EPHA1,18,0.31061728395062016,0.17647596150689834,4408.6689470760475
ENSG00000254297,TENM2-AS2,18,0.3088386921720279,0.03434659180037559,5713.106669408164
ENSG00000224557,HLA-DPB2,18,0.3248161714828377,0.053375582567561745,5972.518952996729
ENSG00000173083,HPSE,18,0.3110609143942498,0.02935349143331997,6392.699237703957
ENSG00000162949,CAPN13,18,0.3207705874372529,0.03584087976063278,6866.920880092689
ENSG00000228648,ENSG00000228648,18,0.3177465744132429,0.03214784038732625,7472.335221091179
ENSG00000249998,ENSG00000249998,18,0.32671550671550625,0.0324277563113609,10851.319959557399
ENSG00000124780,KCNK17,18,0.3107475240808598,0.03203211361544162,5466.711537295558
ENSG00000117407,ARTN,18,0.3134391534391548,0.02810166658768011,6723.756800515357
ENSG00000174951,FUT1,18,0.3145027811694503,0.0304857946591636,8089.05336804121
ENSG00000228204,ENSG00000228204,18,0.28221272554605753,0.2551460123832807,6499.981679144816
ENSG00000262370,ENSG00000262370,18,0.3234391534391543,0.04555391517169401,6690.924985348313
ENSG00000287492,ENSG00000287492,17,0.2963458146791462,0.01755587450742142,4828.358786233973
ENSG00000100292,HMOX1,17,0.31580382580382693,0.03491981084958911,6074.907521361246
ENSG00000171517,LPAR3,17,0.30913580246913763,0.07302785050798064,5683.667218183675
ENSG00000146530,VWDE,17,0.2509510242843544,0.2659420926019279,1747.9385763897546
ENSG00000228613,LALTOP,17,0.31600325600325674,0.04530203768137442,5310.561936166334
ENSG00000117322,CR2,17,0.31223375390042074,0.04348966521684749,6174.224331695623
ENSG00000170891,CYTL1,17,0.3054205670872326,0.02214275581995554,5275.587538560967
ENSG00000162069,BICDL2,17,0.31765567765567765,0.03366782230993363,5078.4433006288145
ENSG00000036828,CASR,17,0.31152082485416005,0.02347236335403959,6686.0874998814925
ENSG00000077009,NMRK2,17,0.3238285171618496,0.04659149082300249,6708.177765172769
ENSG00000261757,ENSG00000261757,17,0.3184778184778194,0.03598793657309366,6999.99049422767
ENSG00000140563,MCTP2,17,0.31151132817799654,0.06037561225326798,3979.955907635824
ENSG00000289509,ENSG00000289509,17,0.32228055894722507,0.04014130737530725,5844.593015197089
ENSG00000103490,PYCARD,17,0.3144661511328189,0.03571300854543996,5811.144705822177
ENSG00000198576,ARC,17,0.3168918735585413,0.042414257468905106,6133.412634066791
ENSG00000076662,ICAM3,17,0.31832994166327616,0.032536577480884434,6486.395943033066
ENSG00000152779,SLC16A12,17,0.3129914529914545,0.049468204779407735,4753.592572329578
ENSG00000110104,CCDC86,16,0.3083475783475806,0.04142897216591458,8141.620532669765
ENSG00000255192,NANOGP8,16,0.29709130375796905,0.02156154571576777,4558.393238001242
ENSG00000261236,BOP1,16,0.3056857956857972,0.038706572090477606,5682.238429140765
ENSG00000251567,ENSG00000251567,16,0.28934201600868287,0.018372545007787917,3846.6677431901708
ENSG00000256008,CABP1-DT,16,0.29563740785962905,0.019194959290641165,4100.820737327684
ENSG00000281103,TRG-AS1,16,0.32179215845882625,0.04094540197307132,6727.820206663866
ENSG00000128626,MRPS12,16,0.3105331705331728,0.04860477929758635,2983.045014780965
ENSG00000128965,CHAC1,16,0.3122235788902474,0.03989235037698821,4784.671211640333
ENSG00000116661,FBXO2,16,0.30457468457468656,0.023108957419802473,6206.462792356493
ENSG00000253686,LINC01484,16,0.3124799891466582,0.03476798190795695,4780.420938496968
ENSG00000270141,TERC,16,0.3105996472663159,0.040564680802134614,4353.297057377301
ENSG00000274652,ENSG00000274652,16,0.32035273368606654,0.039955167990916224,6303.248011349992
ENSG00000164251,F2RL1,16,0.3187762854429517,0.036964963066093,7164.544182220475
ENSG00000101187,SLCO4A1,16,0.30938407271740775,0.03314791471228945,4294.767930656216
ENSG00000083454,P2RX5,16,0.3288142721476033,0.04885026063760325,7571.587141690368
ENSG00000148357,HMCN2,16,0.30541310541310807,0.033755333681164915,5585.600292606904
ENSG00000203635,ENSG00000203635,16,0.3141798941798946,0.02849798118536654,5410.706762166384
ENSG00000243207,PPAN-P2RY11,16,0.28280762447429186,0.011518878449738399,4816.041707127531
ENSG00000206262,FOXL2NB,15,0.31376204042870887,0.022274688572490597,6853.272809458713
ENSG00000114812,VIPR1,15,0.3177221543888207,0.04399896371994488,5661.274750346712
ENSG00000186603,HPDL,15,0.3239424772758105,0.03661331414841724,7022.962520937047
ENSG00000136997,MYC,15,0.30873422873423123,0.04252174669501557,4958.235694691185
ENSG00000288595,ENSG00000288595,15,0.31362908696242114,0.03305016506589089,3981.840257160422
ENSG00000170542,SERPINB9,15,0.28019943019942883,0.060869761975443935,4806.340309413214
ENSG00000133477,FAM83F,15,0.30684846018179607,0.06305449578219939,4993.13434467317
ENSG00000289399,ENSG00000289399,15,0.3096119929453288,0.04816373234564022,5625.851653251682
ENSG00000289113,ENSG00000289113,15,0.3261443494776799,0.06797328125728136,8502.194874840929
ENSG00000289458,ENSG00000289458,15,0.3101112467779162,0.03619186678268133,4101.579387672704
ENSG00000251654,ENSG00000251654,15,0.3227255460588779,0.07959384659769653,9358.521277379246
ENSG00000103044,HAS3,15,0.3085103785103811,0.04061739915633859,3772.8535543632065
ENSG00000235750,KIAA0040,15,0.31236602903269745,0.03485298040060578,4197.372847307706
ENSG00000248605,ENSG00000248605,15,0.2532261565594866,0.2812056079617004,2069.1069132262755
ENSG00000153093,ACOXL,15,0.26602224935558,0.2712239427504444,1764.73003432262
ENSG00000130701,RBBP8NL,15,0.28055352055351956,0.009711154603012728,4589.573682403284
ENSG00000143340,FAM163A,15,0.307959571292906,0.021312027971909134,4913.54312701538
ENSG00000228592,ENSG00000228592,15,0.3000664767331446,0.1513964556476797,3168.6855305026797
ENSG00000109625,CPZ,15,0.3103337403337421,0.03683548257518791,5059.26411376923
ENSG00000165731,RET,14,0.317841541174875,0.02942416723227286,5905.461354294804
ENSG00000139629,GALNT6,14,0.31732872066205475,0.04035066968325961,2990.2866242563423
ENSG00000163032,VSNL1,14,0.2727974494641141,0.1989910943124832,2951.9726762271102
ENSG00000123342,MMP19,14,0.29532492199158844,0.025160553859910145,4286.681368007387
ENSG00000176387,HSD11B2,14,0.3191086691086711,0.05187670952906289,4267.630737435532
ENSG00000164591,MYOZ3,14,0.31495455162122077,0.04352264666600551,3683.5712650870655
ENSG00000115194,SLC30A3,14,0.3199633699633689,0.029114383212167434,6838.932911099758
ENSG00000165929,TC2N,14,0.27824311490977993,0.22579666572893575,4653.806690575381
ENSG00000115112,TFCP2L1,14,0.3059327092660443,0.036354656785832065,2976.338698522483
ENSG00000179750,APOBEC3B,14,0.27916022249355443,0.027557154549488632,2626.1709107411707
ENSG00000265763,ZNF488,14,0.3221096187762859,0.04007391977737358,5555.751919679973
ENSG00000204531,POU5F1,14,0.2643372676705986,0.20360387464677163,1715.3733998388352
ENSG00000249790,LINC02972,14,0.30422602089268935,0.11772484755005497,4536.265963667553
ENSG00000129667,RHBDF2,14,0.3119196852530207,0.029280975998991054,3619.815641422758
ENSG00000178896,EXOSC4,14,0.2911219644552976,0.0164704210021302,3200.5957412642597
ENSG00000280142,ENSG00000280142,14,0.30318816985483754,0.02213486755293759,4909.812163701621
ENSG00000204644,ZFP57,14,0.3174284357617697,0.03056763377633873,5992.570444548047
ENSG00000185101,ANO9,13,0.2970858770858784,0.018637498919350334,4051.272427825871
ENSG00000204121,ECEL1P1,13,0.2875783475783474,0.027830329119724943,2665.7626633457203
ENSG00000248329,APELA,13,0.2753181386514703,0.15453248342290601,1972.4341174793117
ENSG00000232359,ENSG00000232359,13,0.25770768326323756,0.0043144091249141215,2328.834789385698
ENSG00000130813,SHFL,13,0.3059842626509307,0.025339426028581157,2926.9056705517582
ENSG00000059378,PARP12,13,0.2788793922127242,0.025900043694224727,2674.744998743891
ENSG00000168404,MLKL,13,0.31609822276489025,0.03494617997024565,3494.190190133599
ENSG00000116096,SPR,13,0.31183964183964397,0.024254237784748514,5166.6565677802455
ENSG00000241186,CRIPTO,13,0.2720892687559331,0.24883828884170867,4812.002517707885
ENSG00000149150,SLC43A1,13,0.29823497490164247,0.0367088700400987,3178.8257292338326
ENSG00000058085,LAMC2,13,0.3151865418532099,0.03886779923685989,3544.3377050780423
ENSG00000117877,POLR1G,13,0.3070099036765728,0.03164813952214812,6329.392662961689
ENSG00000124493,GRM4,13,0.3021462488129174,0.06493462667896531,3860.879172560053
ENSG00000287238,ENSG00000287238,13,0.27671143671143505,0.021107250899895867,2637.771279787627
ENSG00000249310,APOBEC3B-AS1,13,0.2821910188576845,0.02257956102883737,3872.7449196740417
ENSG00000288798,ENSG00000288798,13,0.3150997150997169,0.05361791941565868,7265.542609685174
ENSG00000128052,KDR,13,0.26718491385157767,0.20719084415184577,2154.8738571534063
ENSG00000229153,EPHA1-AS1,13,0.2967250033916708,0.04098711384626319,3545.5854709112123
ENSG00000235215,ENSG00000235215,13,0.30935558268891766,0.024957927020500988,5842.490957881563
ENSG00000186297,GABRA5,13,0.2975322208655537,0.022089202186481086,2216.171852516579
ENSG00000134917,ADAMTS8,13,0.3177560710894073,0.053773458767280145,3686.3965389982723
ENSG00000172403,SYNPO2,13,0.3023836657170013,0.05064657391977441,3486.6209712913924
ENSG00000139832,RAB20,13,0.3102957536290888,0.03324923341644613,3495.6746975812052
ENSG00000163235,TGFA,13,0.31696242029575294,0.05355959555009098,4441.675887330079
ENSG00000125731,SH2D3A,13,0.31274589607922987,0.026604508198115585,4163.323013198668
ENSG00000229546,LINC00428,13,0.2829412562745889,0.011220065239439447,2682.456325152116
ENSG00000180269,GPR139,13,0.29881291547958366,0.016785208303471473,5325.3826157338635
ENSG00000260123,CARMAL,13,0.3143983177316528,0.04100301418412818,4338.071704144337
ENSG00000185847,VHRT,13,0.2892850359517029,0.013931786493117304,2795.311532357769
ENSG00000146955,RAB19,13,0.3207515940849271,0.035636095290104676,5899.828393410995
ENSG00000112297,CRYBG1,13,0.27746031746031585,0.19782302755383707,2334.981808752234
ENSG00000183421,RIPK4,13,0.3132641432641443,0.025250382852496582,5236.662714024306
ENSG00000110660,SLC35F2,13,0.2952435219101888,0.05741555682895214,3059.3799203214967
ENSG00000183742,MACC1,13,0.26955365622032007,0.20063754410761175,3887.79166134924
ENSG00000156076,WIF1,13,0.3211979378646046,0.03245750146529161,3855.769091907947
ENSG00000123609,NMI,12,0.29643060643060554,0.017096254847265166,4256.086225057091
ENSG00000277200,CCDC92B,12,0.2958323158323167,0.02564134406256966,4214.585678544668
ENSG00000188883,KLRG2,12,0.3081576448243132,0.05587084286046705,3557.3357730987505
ENSG00000179344,HLA-DQB1,12,0.2849735449735443,0.02651847258560378,4192.393502023317
ENSG00000100341,PNPLA5,12,0.30226156559490097,0.01939756541481218,4279.41846803863
ENSG00000118777,ABCG2,12,0.3191140957807627,0.03653623992038468,3634.3269657206956
ENSG00000253117,OC90,12,0.2973232939899599,0.017806387710915715,4867.30242400224
ENSG00000232293,PAICSP7,12,0.2936575769909091,0.01294229316794042,4328.294612938848
ENSG00000007376,RPUSD1,12,0.2961077194410511,0.03489135379695845,1605.2441245629732
ENSG00000250994,ENSG00000250994,12,0.3010649843983191,0.022865973062182594,2715.4209272091794
ENSG00000095383,TBC1D2,12,0.30542395875729333,0.021831004920724498,4236.176617548799
ENSG00000164620,RELL2,12,0.31190069190069386,0.031261444545465915,2695.576374418309
ENSG00000039068,CDH1,12,0.24944376611043037,0.26109391480185123,644.0170586331212
ENSG00000172336,POP7,12,0.30352462352462534,0.027678231431612386,4214.816949027586
ENSG00000145113,MUC4,12,0.2934486501153165,0.025120021664512507,3136.8586717106914
ENSG00000229191,ENSG00000229191,12,0.2878415411748745,0.019403844183424685,2316.403900647848
ENSG00000172819,RARG,12,0.30112060778727573,0.04171746596315869,3636.178192356538
ENSG00000267432,DNAH17-AS1,12,0.290064441731109,0.016655412358715253,2349.3770203551703
ENSG00000141655,TNFRSF11A,12,0.3070180436847122,0.06641438104443453,5992.491171438323
ENSG00000124143,ARHGAP40,12,0.29118437118437085,0.020429815730260373,4682.1450757273315
ENSG00000166166,TRMT61A,12,0.31559354226021136,0.04169505245416825,4976.143990716502
ENSG00000188112,C6orf132,12,0.2909496676163344,0.13586617460549952,3805.814085190073
ENSG00000223368,ENSG00000223368,12,0.2704510921177582,0.006271368704117341,3039.4785129286197
ENSG00000165025,SYK,12,0.2952326685660019,0.03682092480949384,3502.8418859897492
ENSG00000261786,ENSG00000261786,12,0.2588251254917893,0.007150662983963823,1305.2888930316494
ENSG00000166736,HTR3A,12,0.2856769773436447,0.01029139459739196,2486.84125351274
ENSG00000257446,ZNF878,12,0.3182119115452454,0.028000373322026647,6866.403556094485
ENSG00000178773,CPNE7,12,0.3037701804368492,0.03169018519581353,6631.801755245141
ENSG00000087128,TMPRSS11E,12,0.28235155790711436,0.014807092001022999,2523.957218939028
ENSG00000282564,ENSG00000282564,12,0.30863383530050476,0.036013538218799976,3535.523177668425
ENSG00000257956,NOP56P3,12,0.2989282322615663,0.02456976138809014,2797.015474872813
ENSG00000285939,ENSG00000285939,12,0.24479310812643923,0.16039604952555286,461.1498801501408
ENSG00000124343,XG,11,0.3015072581739261,0.017785517487422704,3220.7476869866464
ENSG00000250899,ENSG00000250899,11,0.31468321801655247,0.030316021082433024,4146.551747134255
ENSG00000231781,ENSG00000231781,11,0.28973137973138013,0.014378066579103673,3207.499111858113
ENSG00000164362,TERT,11,0.29424501424501415,0.059522617288088844,3014.3273747854287
ENSG00000145642,SHISAL2B,11,0.3083869217202551,0.030399439570514723,2389.274693436776
ENSG00000099337,KCNK6,11,0.31324514991181757,0.03382333674817409,3031.841055497404
ENSG00000226361,TERF1P5,11,0.303562610229277,0.024050578292239066,5465.2237703082465
ENSG00000074370,ATP2A3,11,0.3036100936100945,0.03146731286563583,2706.109876359323
ENSG00000137078,SIT1,11,0.2639811423144748,0.005987472286945887,2263.4265493252346
ENSG00000178718,RPP25,11,0.3060127526794209,0.023764996478283514,2277.1027917290876
ENSG00000259803,SLC22A31,11,0.29258987925654584,0.010695800427793882,3854.62708182424
ENSG00000240253,FAR2P3,11,0.2752964319630973,0.008140151569728965,3586.153267289394
ENSG00000140853,NLRC5,11,0.30451092117758954,0.03573551617391347,4805.232931280569
ENSG00000197385,ZNF860,11,0.31760819427485965,0.03686855631615014,5051.957634615055
ENSG00000163735,CXCL5,11,0.26196174196173877,0.015099580441372029,1147.0458555812684
ENSG00000037897,METTL1,11,0.312821869488538,0.032068245224714485,2712.9180734631186
ENSG00000277883,NLRP3P1,11,0.31126034459367896,0.023340264863465274,3195.1864679983373
ENSG00000290067,ENSG00000290067,11,0.29390991724325,0.02853907624093015,2033.2917176425908
ENSG00000142539,ENSG00000142539,11,0.3116876950210298,0.023829637602722557,3983.4067562280115
ENSG00000081051,AFP,11,0.28793718627052045,0.013845204513022158,2929.3999251628125
ENSG00000159753,CARMIL2,11,0.2990326956993631,0.022810946294460326,3592.0517402517758
ENSG00000056291,NPFFR2,11,0.2924881291547954,0.05392373678939696,1272.7786144657612
ENSG00000010278,CD9,11,0.29155745489078816,0.09798834828024854,2784.563362086103
ENSG00000162542,TMCO4,11,0.30287884954551825,0.02362501172880406,3123.1104642643304
ENSG00000257474,ENSG00000257474,11,0.2957617690951023,0.029844610912543847,1522.7112686983696
ENSG00000262160,ENSG00000262160,11,0.299963369963371,0.01772786020923244,4635.081710109268
ENSG00000138646,HERC5,11,0.2906457739791074,0.03247640374219197,2778.059976019537
ENSG00000198598,MMP17,11,0.3080450413783764,0.0367567949946881,2769.234074204811
ENSG00000153898,MCOLN2,11,0.304284357617693,0.02058883324244669,3083.8342332706943
ENSG00000116649,SRM,11,0.2908085741419079,0.016180853751101093,4777.455544223978
ENSG00000130768,SMPDL3B,11,0.31045719712386677,0.05569795775770032,3121.939775268949
ENSG00000257869,ENSG00000257869,11,0.32219373219373015,0.03705517802299786,6479.213117359932
ENSG00000060140,STYK1,11,0.30475919142585994,0.02185893982967141,3193.6628548527983
ENSG00000274317,LINC02334,11,0.27265635598968724,0.025809220949002763,1500.8248020708727
ENSG00000100604,CHGA,11,0.2832288698955358,0.030164666653008,3186.3587687936742
ENSG00000160606,TLCD1,11,0.3195319495319503,0.04164357572167465,2554.5687725454977
ENSG00000152969,JAKMIP1,11,0.27879392212725435,0.1517804087421071,2174.496934079847
ENSG00000188848,BEND4,11,0.27820512820512694,0.0737975183190624,2077.47217087761
ENSG00000185670,ZBTB3,11,0.30746438746438876,0.025441902535066178,5430.924388146705
ENSG00000230927,TMBIM7P,11,0.2811748745082069,0.014775673015688924,2073.973999948576
ENSG00000132692,BCAN,11,0.29922262922263004,0.02677884745284284,3104.5932646374886
ENSG00000258417,ENSG00000258417,11,0.2913553113553111,0.019129178924639778,1689.3231368789939
ENSG00000163013,FBXO41,11,0.3029982363315706,0.0409433745886878,2868.231092004908
ENSG00000150990,DHX37,11,0.28346764346764297,0.03828321832715051,4029.266061828167
ENSG00000251504,LINC01099,11,0.2972147605480944,0.026023793019594028,2540.605613155304
ENSG00000224039,CDYLP1,11,0.27411613078279595,0.011214300408823378,2615.8134696232
ENSG00000127831,VIL1,11,0.30535341202008076,0.029009132276326052,2002.801607312821
ENSG00000167034,NKX3-1,10,0.29096187762854403,0.01556741442764755,2062.544100398186
ENSG00000068831,RASGRP2,10,0.32296024962691555,0.04099633627039702,3069.614569972508
ENSG00000138642,HERC6,10,0.2877207977207975,0.020793178938231703,2873.4817123296093
ENSG00000188487,INSC,10,0.28058065391398695,0.01101774145521438,1676.9534971754254
ENSG00000104611,SH2D4A,10,0.2831922398589062,0.013392001140178566,2744.935217532192
ENSG00000043143,JADE2,10,0.284501424501424,0.09818970171421107,2685.7535755989106
ENSG00000181577,LINC03040,10,0.28971148193370466,0.014397990735473437,3525.2204218897405
ENSG00000048162,NOP16,10,0.31110297110297247,0.037699838147777755,1899.6215094407132
ENSG00000160867,FGFR4,10,0.28557454890788203,0.050210151589804256,1859.470845719042
ENSG00000180730,SHISA2,10,0.31233753900420835,0.039757637044451136,2131.736877088071
ENSG00000232790,LINC01162,10,0.28890923890923875,0.03710353337000233,995.0716906660759
ENSG00000131264,CDX4,10,0.2598561931895237,0.008535554529112744,1070.4445462940223
ENSG00000168040,FADD,10,0.3096689730023087,0.035926478059001114,2944.991354742109
ENSG00000167775,CD320,10,0.3209754443087773,0.03495779179163834,4098.802190333473
ENSG00000238266,ENSG00000238266,10,0.2885442952109616,0.024897403342654015,895.8645954237049
ENSG00000008516,MMP25,10,0.3020621353954689,0.02480063765013889,1512.1490812708091
ENSG00000169894,MUC3A,10,0.30085470085470256,0.036028675750979004,2420.7496128656203
ENSG00000248901,LINC01846,10,0.2901438068104736,0.03188504419007964,1660.3181858816738
ENSG00000111319,SCNN1A,10,0.2689038122371431,0.2365745614578037,1742.121307568726
ENSG00000164626,KCNK5,10,0.3108452041785388,0.054470500586155164,3215.582448159635
ENSG00000119888,EPCAM,10,0.27095102428435563,0.20240909402158005,3004.1500318858216
ENSG00000287523,ENSG00000287523,10,0.27318138651471774,0.22470686609519175,1132.237891564658
ENSG00000213071,LPAL2,10,0.2839479039479034,0.015508394711988473,2774.759852099268
ENSG00000118194,TNNT2,10,0.28696242029575364,0.014463630102886637,2669.128592598388
ENSG00000287068,ENSG00000287068,10,0.267832044498709,0.0055038361497377584,2305.4854737704386
ENSG00000164687,FABP5,10,0.3051010717677399,0.031204643410446715,3772.5863923112347
ENSG00000197721,CR1L,10,0.3051282051282075,0.04546647357721634,2287.753309461195
ENSG00000112812,PRSS16,10,0.290453127119794,0.02853709783948931,1945.5925560616633
ENSG00000226673,LINC01108,10,0.2883380816714148,0.029031698077619614,3388.8258184558226
ENSG00000237742,HEY2-AS1,10,0.2732193732193714,0.17526412432146166,1471.086786298163
ENSG00000101282,RSPO4,10,0.298424908424909,0.02609614666377042,1810.732038930387
ENSG00000183844,FAM3B,10,0.2782924071812967,0.011627562712046059,2787.416079369217
ENSG00000113356,POLR3G,10,0.24966761633428022,0.23838405640197755,1182.1443744631752
ENSG00000159712,ANKRD18CP,10,0.2356817256817247,0.18699303155942143,698.5690978670407
ENSG00000162496,DHRS3,10,0.3051390584723941,0.042438842982691245,2076.52209779494
ENSG00000177096,PHETA2,10,0.2910934744268078,0.013961525488800447,2986.860629265672
ENSG00000146094,DOK3,10,0.3162976529643204,0.028129908202529294,2400.538458932387
ENSG00000205517,RGL3,10,0.29367521367521293,0.15150683480798185,3008.6719857898424
ENSG00000235494,ENSG00000235494,10,0.30099850766517416,0.022198492485086544,3130.116655874197
ENSG00000262814,MRPL12,10,0.3072432505765855,0.02606315385121921,3637.070988442878
ENSG00000280079,ENSG00000280079,10,0.30879120879121114,0.03556911404382373,2440.1822136000933
ENSG00000148291,SURF2,10,0.29144078144078106,0.025689526548865173,2458.428865557106
ENSG00000141738,GRB7,10,0.29799348799348785,0.02533537674347012,1211.3020635805485
ENSG00000022355,GABRA1,10,0.2725889748111968,0.006470149143404091,1875.359025186142
ENSG00000278630,LINC02335,10,0.30893637226970744,0.06392750848795546,2791.2771093845154
ENSG00000171126,KCNG3,10,0.2861633428300089,0.17207859053840152,2871.009815014954
ENSG00000187955,COL14A1,10,0.2760683760683743,0.16144301078916048,1324.4103593906639
ENSG00000019582,CD74,10,0.30981142314475685,0.026655123382010877,5450.770327185163
ENSG00000124787,RPP40,10,0.2985537918871242,0.034992407039074414,1548.1674457484814
ENSG00000248746,ACTN3,10,0.3063817663817685,0.053318802498639115,3690.749810299956
ENSG00000177971,IMP3,10,0.29121693121693115,0.023617834435168142,1907.4300882331036
ENSG00000171227,TMEM37,10,0.2993745760412422,0.023536030340491117,2244.561081938115
ENSG00000165644,COMTD1,9,0.306791480124815,0.026442036200954828,1218.271764379608
ENSG00000236333,TRHDE-AS1,9,0.31361009361009407,0.025380171616670888,2726.011932816216
ENSG00000234273,ENSG00000234273,9,0.2929032695699351,0.028417164265056263,1331.7438890437588
ENSG00000236714,ENSG00000236714,9,0.2958404558404557,0.09110150038452457,3019.176575923841
ENSG00000165905,LARGE2,9,0.31689458689458594,0.04059018042401375,3934.8495806056976
ENSG00000235192,ENSG00000235192,9,0.26695428028761126,0.010517945937831332,1420.6205045211905
ENSG00000257258,ENSG00000257258,9,0.27845113734002663,0.011519640684256255,1610.529701723917
ENSG00000135917,SLC19A3,9,0.3094790394790417,0.033970936196901655,2231.3403874143632
ENSG00000155307,SAMSN1,9,0.284949124949125,0.011621177438461798,1531.7203048177769
ENSG00000197461,PDGFA,9,0.30208112874779625,0.03478631312756081,1773.5327696663014
ENSG00000196542,SPTSSB,9,0.29530050196716917,0.024818915956660793,934.5172715939445
ENSG00000235559,NOP56P1,9,0.30716185049518585,0.03465008988051045,2577.9977868073147
ENSG00000234614,C2CD4D-AS1,9,0.2959272825939498,0.014460122580387709,3263.75325096241
ENSG00000197442,MAP3K5,9,0.29529100529100605,0.027170122894880234,1878.8983512496443
ENSG00000165816,VWA2,9,0.30778863112196564,0.02446125644316326,3381.0111678546473
ENSG00000180448,ARHGAP45,9,0.3051295617962307,0.02464599088273085,1742.6241733169782
ENSG00000233393,ENSG00000233393,9,0.2999145299145312,0.046629096483858545,1687.1013895235635
ENSG00000288015,ENSG00000288015,9,0.26535883869216964,0.013461063418242028,1009.1284244853225
ENSG00000142632,ARHGEF19,9,0.29511056844390204,0.031780243710734644,1435.310522139732
ENSG00000250046,ENSG00000250046,9,0.30732329398996155,0.024747098313839474,2241.348966387086
ENSG00000142684,ZNF593,9,0.29439831773165015,0.019610868633643246,2328.5741754727915
ENSG00000118160,SLC8A2,9,0.29785510785510894,0.02691559908279842,2617.576459990467
ENSG00000173621,LRFN4,9,0.2904816171482836,0.025577771315743975,1351.0189740178225
ENSG00000185187,SIGIRR,9,0.3002387735721078,0.028777587484989476,2047.5705257640238
ENSG00000173673,HES3,9,0.3014258580925246,0.028891701377175526,1491.9654680433323
ENSG00000101098,RIMS4,9,0.2891452991452992,0.054133246709665815,2493.2396319293816
ENSG00000116771,AGMAT,9,0.3018532085198755,0.022256306150100172,2735.796660204228
ENSG00000250266,LINC01612,9,0.2887627187627189,0.012378849523664297,2513.7028313069045
ENSG00000184307,ZDHHC23,9,0.30015330348663855,0.031863012274380625,2979.95661350489
ENSG00000115353,TACR1,9,0.30125356125356223,0.04076278994547963,3926.350627814679
ENSG00000286717,ENSG00000286717,9,0.28465608465608455,0.018385343502298,982.051043381063
ENSG00000148680,HTR7,9,0.2562433862433834,0.2028482897256419,422.55264817034157
ENSG00000113749,HRH2,9,0.294645231311898,0.018770682260063513,2979.131268704388
ENSG00000286069,ENSG00000286069,9,0.29117894451227855,0.020526668055303107,1226.0508551483629
ENSG00000274588,DGKK,9,0.3028110161443513,0.04221512696041986,2589.6648692558147
ENSG00000103089,FA2H,9,0.28012481345814594,0.014332367262797532,2186.957338832561
ENSG00000103174,NAGPA,9,0.3142233075566415,0.023499681226708792,3676.8630022374605
ENSG00000277027,RMRP,9,0.29091303757970405,0.013171930215668932,1698.3273830881742
ENSG00000221890,NPTXR,9,0.31216659883326614,0.025957803587194177,2722.969134317111
ENSG00000103316,CRYM,9,0.3172093338760016,0.03307872887706693,1562.3092400778755
ENSG00000177519,RPRM,9,0.306962420295754,0.021958950216990895,2351.274033471347
ENSG00000178394,HTR1A,9,0.28010310676977257,0.013234160008256118,807.8621458647746
ENSG00000106785,TRIM14,9,0.3057088590421937,0.0329468836652323,1361.9978244458891
ENSG00000179178,TMEM125,9,0.30313593813593626,0.027705563437404625,2354.9284011450454
ENSG00000179403,VWA1,9,0.29196784696784706,0.017398141161593394,2342.960494297383
ENSG00000181274,FRAT2,9,0.3163600596933957,0.047360139378450024,2010.2802491328282
ENSG00000105523,FAM83E,9,0.30583231583231574,0.02356102889710301,1750.0855244272502
ENSG00000121454,LHX4,9,0.3127079093745777,0.03266092754946572,2573.2641157035346
ENSG00000253626,EIF5AL1,9,0.3107420974087659,0.02902691975872422,2893.72756072717
ENSG00000124749,COL21A1,9,0.3038746438746456,0.06147291809220546,2270.3511395938317
ENSG00000249675,ENSG00000249675,9,0.3031257631257651,0.024727024325810587,1906.4533711611173
ENSG00000289358,ENSG00000289358,9,0.25955501288834293,0.1895087232375278,468.49537835534716
ENSG00000204959,ARHGEF34P,9,0.29463166463166396,0.018026679461222637,3815.0819891774204
ENSG00000171777,RASGRP4,9,0.28479853479853445,0.011654930091241685,1759.7135526751608
ENSG00000237943,PRKCQ-AS1,9,0.3149396282729622,0.03667202480789688,4040.1058356817575
ENSG00000254252,RPL7P20,9,0.27101410934744197,0.005932753223730749,1085.8592783367146
ENSG00000205037,ENSG00000205037,9,0.2798589065255727,0.008405404780296043,2298.1947064309543
ENSG00000170801,HTRA3,9,0.3002197802197805,0.015404334640029311,2856.0178292254077
ENSG00000088926,F11,9,0.31108397775064633,0.022446874731706992,3780.1964277542593
ENSG00000077238,IL4R,9,0.289839913173247,0.016995948904843225,4086.884525533429
ENSG00000289372,ENSG00000289372,9,0.3090611857278538,0.023635640174409403,3875.905765593053
ENSG00000065361,ERBB3,9,0.28102564102564,0.10763151202749482,1005.3129196159396
ENSG00000130203,APOE,9,0.28195631528964815,0.03661693966556828,2344.510305629117
ENSG00000261183,SPINT1-AS1,9,0.2950447700447687,0.016040323109386412,3018.0518396752555
ENSG00000260836,ENSG00000260836,9,0.2804997060552621,0.011877678651769991,1304.805210551293
ENSG00000168394,TAP1,9,0.2537281237281201,0.009935557928217658,699.7671817662402
ENSG00000124134,KCNS1,9,0.2646619635508516,0.004852057075244777,1059.6241646984759
ENSG00000289308,ENSG00000289308,9,0.2641948175281485,0.22396560194749182,1270.4993642126126
ENSG00000247626,MARS2,8,0.30628815628815825,0.029379310540986057,2319.3303473187775
ENSG00000250770,ENSG00000250770,8,0.29087098087098034,0.01937947632465617,1166.3110887169266
ENSG00000243081,ENSG00000243081,8,0.24768348935015386,0.0036881714561521547,720.6245372079388
ENSG00000163840,DTX3L,8,0.27270926604259776,0.010409550246886407,1140.814913458456
ENSG00000164128,NPY1R,8,0.29818749152082435,0.02393367302364668,999.4416032901967
ENSG00000161179,YDJC,8,0.31076109076109304,0.03043854592432843,4788.005117247083
ENSG00000162066,AMDHD2,8,0.28018179351512623,0.014906773754179975,1008.4903708775734
ENSG00000253731,PCDHGA6,8,0.290732600732601,0.012642015968468201,1603.416489463647
ENSG00000156966,B3GNT7,8,0.30468186134852926,0.025781490123703343,2950.2941344674664
ENSG00000253313,C1orf210,8,0.27988377877266807,0.011778124707978694,1178.0154431443254
ENSG00000254858,MPV17L2,8,0.2804951838285165,0.014177642562539783,725.4855280390497
ENSG00000163874,ZC3H12A,8,0.27946072446072395,0.022276123055444248,707.5772507477532
ENSG00000249001,DMP1-AS1,8,0.30865282865283045,0.02337263396663957,1502.8469421984153
ENSG00000248131,LINC01194,8,0.2605887939221234,0.18474292809255305,2130.2660764678812
ENSG00000254695,ENSG00000254695,8,0.2797557997557992,0.01814349359239548,1406.2342452385726
ENSG00000249129,SUDS3P1,8,0.2789282322615652,0.009055248863121004,940.0710853203511
ENSG00000240563,L1TD1,8,0.23882648215981347,0.18285905434773625,93.55084912606246
ENSG00000150594,ADRA2A,8,0.27408085741418897,0.019819816384065228,1015.1023441819312
ENSG00000151650,VENTX,8,0.26747117080450283,0.004857660649560787,791.2570923019396
ENSG00000254946,LINC02751,8,0.30405643738977267,0.02898898657548632,2362.099495160409
ENSG00000143375,CGN,8,0.28240265906932527,0.036388360081713235,2010.6747617138556
ENSG00000246627,ENSG00000246627,8,0.28514855514855536,0.0092585926146271,1427.8077900643464
ENSG00000141506,PIK3R5,8,0.2927648894315562,0.02102959854597695,1142.1935217203597
ENSG00000156959,LHFPL4,8,0.28701804368471007,0.10734723979343622,873.2160947261875
ENSG00000157992,KRTCAP3,8,0.2794885361552022,0.014801227622923312,2082.854298803807
ENSG00000143858,SYT2,8,0.27851851851851755,0.058916231314404946,2258.8576743755257
ENSG00000122140,MRPS2,8,0.2862366029032692,0.02151823158266951,3207.602922878871
ENSG00000138166,DUSP5,8,0.29054266720933475,0.012890265224120043,3498.06162924332
ENSG00000274276,ENSG00000274276,8,0.30930809930810105,0.024931942880014997,1451.4728112279029
ENSG00000104369,JPH1,8,0.2753140686474005,0.13877387604566793,1173.0083384642624
ENSG00000224506,LINC02523,8,0.2961267127933792,0.017059059048155634,2822.2241719188105
ENSG00000282022,ENSG00000282022,8,0.3041798941798957,0.037149733099944404,3603.2422908531435
ENSG00000179546,HTR1D,8,0.28678062678062716,0.02413306915517841,2771.933989557189
ENSG00000280780,JAKMIP2-AS1,8,0.2513770180436815,0.17055998432912797,342.548872135182
ENSG00000177700,POLR2L,8,0.25770723104056187,0.011231533675415918,3459.5150282695854
ENSG00000277161,PIGW,8,0.2928652828652818,0.025673602536190193,1884.5896487076
ENSG00000276045,ORAI1,8,0.28796906796906757,0.021919998333121485,1559.3861109873496
ENSG00000176485,PLAAT3,8,0.2943779677113014,0.03158552288555391,1659.306922207116
ENSG00000113319,RASGRF2,8,0.2632071632071608,0.18049516545185149,749.8453028467621
ENSG00000172554,SNTG2,8,0.24369963369963107,0.16532812852292567,3645.0391325454266
ENSG00000226792,C13orf42,8,0.2843874643874639,0.10307494385115436,1998.539398639669
ENSG00000272711,HK2-DT,8,0.2874467507800845,0.011067809298031276,2508.066814930601
ENSG00000114767,RRP9,8,0.2787857821191148,0.01284686830072451,1102.3409207106197
ENSG00000272293,ENSG00000272293,8,0.29397639397639314,0.0168632686204899,1721.4234348962643
ENSG00000116898,MRPS15,8,0.26444580111246585,0.006428771528140454,2941.5555367844254
ENSG00000117595,IRF6,8,0.3026319359652698,0.018200943579759654,1963.265667064568
ENSG00000269404,SPIB,8,0.30339709673042925,0.02152551894526344,1510.9131145976737
ENSG00000119946,CNNM1,8,0.2946167412834084,0.02366068860449326,1690.7934397694764
ENSG00000229140,CCDC26,8,0.30074209740876595,0.02348621564585048,1363.1576922013628
ENSG00000182645,CCDC172,8,0.3128693528693546,0.030869966552921308,2569.839442239273
ENSG00000102096,PIM2,8,0.2759354226020879,0.07258537714664404,1101.013614671863
ENSG00000184162,NR2C2AP,8,0.29902862569529287,0.019557985082669226,1897.4485423512954
ENSG00000184481,FOXO4,8,0.2854768688102017,0.027723090142552923,680.4890639122956
ENSG00000198736,MSRB1,8,0.27627865961199244,0.009940403123374223,1337.741537998994
ENSG00000197837,H4C16,8,0.29415954415954476,0.02200672023677698,1551.0431948974754
ENSG00000197785,ATAD3A,8,0.29456518789851927,0.035094720759027344,1972.699744792722
ENSG00000197355,UAP1L1,8,0.2727330077330071,0.0068425799956301474,1385.7832698193613
ENSG00000198931,APRT,8,0.3014923348256694,0.025271225750684745,1654.1863298700034
ENSG00000020129,NCDN,8,0.2651960385293703,0.007380002948066343,815.4027116219327
ENSG00000291008,ENSG00000291008,8,0.2585409035409016,0.004879552585232573,1602.018654251533
ENSG00000290685,ENSG00000290685,8,0.28869895536562257,0.03682099077346618,3102.2722374295163
ENSG00000290596,FAR2P2,8,0.29844932844932714,0.02159194904935704,2133.0381945768536
ENSG00000204252,HLA-DOA,8,0.305291005291007,0.023324879878889145,2035.8323946487983
ENSG00000204264,PSMB8,8,0.28904219237552625,0.017687656186448072,3340.6926328023424
ENSG00000189149,ABCA15P,8,0.26826617826617616,0.012840461890116665,812.1710239560012
ENSG00000065717,TLE2,8,0.3072853072853096,0.030660062717648075,2127.8406357767362
ENSG00000069018,TRPC7,8,0.26557319223985676,0.006367703349568392,1381.7653568593812
ENSG00000070886,EPHA8,8,0.277726676615566,0.014311076966106347,2302.0238471542634
ENSG00000078725,BRINP1,8,0.25654863654863364,0.19503493187349843,591.5923907028018
ENSG00000088305,DNMT3B,8,0.24144485144484878,0.1614201521430596,506.48892284964126
ENSG00000205220,PSMB10,8,0.310618640618643,0.031894939059755385,1827.0607229631873
ENSG00000186197,EDARADD,8,0.28285035951702603,0.027426009782604933,1732.4313023113634
ENSG00000172935,MRGPRF,8,0.29638176638176617,0.04543609220923995,5985.275039652658
ENSG00000155465,SLC7A7,8,0.2855575905575909,0.018559324528619466,1821.788672011046
ENSG00000232233,LINC02043,8,0.28423280423280445,0.009188256734384986,2276.5990700793172
ENSG00000236094,ENSG00000236094,8,0.30261294261294397,0.024232071038193463,1420.8070028154011
ENSG00000167105,TMEM92,8,0.30436033102699905,0.026980241497117315,2438.5924140722764
ENSG00000166133,RPUSD2,8,0.2994322344322327,0.022293006163779307,1262.0960319365126
ENSG00000169860,P2RY1,8,0.28291547958214597,0.03112610729698998,2018.5110403951385
ENSG00000166105,GLB1L3,8,0.2704422737756053,0.1224967906047358,523.0439090231015
ENSG00000165912,PACSIN3,8,0.30465472798806253,0.024122770255201403,1569.2924167289318
ENSG00000135248,GARIN1B,8,0.29592728259395007,0.023614527770312775,1701.3232709908061
ENSG00000261373,VPS9D1-AS1,8,0.2780070546737207,0.016696362343278807,979.9049743313769
ENSG00000167346,MMP26,8,0.2824962691629352,0.022191650625635287,674.5891487882128
ENSG00000258123,LINC02444,8,0.2929792429792419,0.017373322406033315,1663.666771679071
ENSG00000170190,SLC16A5,8,0.29018722018722054,0.012759630943010539,1734.9788547445066
ENSG00000125878,TCF15,8,0.27543345543345416,0.00793135775035443,1745.5706387566963
ENSG00000170745,KCNS3,8,0.29247863247863215,0.04712678363303249,1547.5105158589788
ENSG00000231789,PIK3CD-AS2,8,0.3051295617962302,0.027732594322710018,1283.6743965851406
ENSG00000125414,MYH2,8,0.2825254375254378,0.009432866696294664,2058.354791388887
ENSG00000165215,CLDN3,8,0.27288834622167846,0.008549132398288672,1600.664299908229
ENSG00000167173,C15orf39,8,0.2911870845204181,0.023574560477995193,2213.8778112560485
ENSG00000130707,ASS1,8,0.2901817935151274,0.027050955427906948,2004.6588971274432
ENSG00000130054,NALF2,8,0.3034771401438087,0.025110972399963252,1869.7862772533865
ENSG00000124116,WFDC3,8,0.3027418260751607,0.02170019921057498,2164.401642402446
ENSG00000164647,STEAP1,8,0.28745624745624804,0.013380529451037824,1871.5676939270304
ENSG00000123329,ARHGAP9,8,0.2732173382173378,0.0062809446858068056,1763.5092099219992
ENSG00000136167,LCP1,8,0.2900257766924434,0.011160456660956105,1689.3523329713134
ENSG00000137474,MYO7A,8,0.30856735856736006,0.03890479587494873,1847.719244385291
ENSG00000214894,LINC00243,7,0.30961741961742184,0.030852705323938866,883.1054483615884
ENSG00000187017,ESPN,7,0.2955854022520695,0.01393790783613394,1774.0541198087014
ENSG00000184428,TOP1MT,7,0.27463437796771023,0.02514501398840593,2073.512576886218
ENSG00000158716,DUSP23,7,0.28343508343508356,0.01291370057059961,826.6108416944752
ENSG00000186439,TRDN,7,0.314113417446751,0.032286189012370126,2657.630844405661
ENSG00000186222,BLOC1S4,7,0.27123185456518634,0.012014760205854853,699.6149451754931
ENSG00000214772,GUCY2C-AS1,7,0.274254510921176,0.0970603451529069,1484.2424030755724
ENSG00000184809,B3GALT5-AS1,7,0.2919848053181384,0.07080895533002092,2134.7553035301557
ENSG00000214706,IFRD2,7,0.2865730565730566,0.01720969335745776,888.4591715882193
ENSG00000184979,USP18,7,0.2713014968570525,0.010960382865801883,849.6812778641261
ENSG00000246082,NUDT16L2P,7,0.2859937593270922,0.018939049751547858,1250.373926202057
ENSG00000155886,SLC24A2,7,0.2632668566001868,0.12740124286116938,1419.61042619231
ENSG00000157765,SLC34A2,7,0.26572039072038933,0.005239751065168601,1012.3819305502991
ENSG00000157554,ERG,7,0.2845027811694477,0.039901144870426425,703.8361913700668
ENSG00000244342,LINC00698,7,0.2463966897300202,0.18041193103120284,123.02547596543509
ENSG00000157510,AFAP1L1,7,0.30796906796906975,0.024102797894602082,1787.6569088090616
ENSG00000189410,SH2D5,7,0.2777506444173101,0.014518941412631043,580.6806517541487
ENSG00000165271,NOL6,7,0.27677248677248567,0.014625325746515028,1570.9980972732
ENSG00000196549,MME,7,0.2722981956315269,0.13574343892630397,616.7147737751656
ENSG00000237640,ENSG00000237640,7,0.30574684574684663,0.019328959821062645,1784.151733039052
ENSG00000164078,MST1R,7,0.2887009903676574,0.01602425504215455,1548.8485521001987
ENSG00000198885,ITPRIPL1,7,0.29541446208112776,0.01649050766618439,1362.2603346157775
ENSG00000198768,APCDD1L,7,0.3007095373762048,0.02382563760543048,1848.3370139610838
ENSG00000236391,ENSG00000236391,7,0.289630986297653,0.015388755837109934,1878.5172954274747
ENSG00000197847,SLC22A20P,7,0.30016822683489447,0.02411239738931144,846.6903904721127
ENSG00000164411,GJB7,7,0.3018681318681328,0.020240944829975342,1968.6750786845562
ENSG00000198626,RYR2,7,0.24842219508885877,0.18751542180414854,365.56649983289765
ENSG00000235688,SNTG2-AS1,7,0.2917962284628957,0.017189370069645403,1348.8906189162701
ENSG00000183486,MX2,7,0.2848785782119114,0.017777678428102305,1176.756929551238
ENSG00000183873,SCN5A,7,0.2892877492877495,0.041261911539124355,1096.572792063319
ENSG00000162729,IGSF8,7,0.29285035951702576,0.017481494475751386,1466.9871862784544
ENSG00000239789,MRPS17,7,0.29255664088997396,0.023320759974076066,1455.170800506779
ENSG00000164344,KLKB1,7,0.2911301044634376,0.04663910837636779,1352.4396049566212
ENSG00000226506,ENSG00000226506,7,0.2793610093610088,0.010550370294384586,1035.7249271623039
ENSG00000162194,LBHD1,7,0.2853534120200782,0.021721363270558226,1711.813317202907
ENSG00000175602,CCDC85B,7,0.2754870438203771,0.010484372522961636,1179.7349485967495
ENSG00000171345,KRT19,7,0.2903717270383935,0.02309486300922602,856.100047297206
ENSG00000163293,NIPAL1,7,0.2905467372134038,0.03263025169050448,1056.5742710110994
ENSG00000227057,WDR46,7,0.28434133767467085,0.019305616525426696,1415.9388980769347
ENSG00000174744,BRMS1,7,0.2953615520282183,0.029851692691402143,1720.1760174042026
ENSG00000183684,ALYREF,7,0.30191018857685575,0.03548827857452394,697.6267824799497
ENSG00000174567,GOLT1A,7,0.2964984398317734,0.024389131286456492,895.1815914510028
ENSG00000229335,DANT1,7,0.2630212996879635,0.17253332265343682,1048.1927453383937
ENSG00000173918,C1QTNF1,7,0.2505838194727069,0.0034398073226692724,379.8266306364336
ENSG00000163191,S100A11,7,0.2968294668294676,0.02791037362540401,1749.678042882119
ENSG00000228714,ENSG00000228714,7,0.25206484873151214,0.15222172894702157,146.7046422236765
ENSG00000163092,XIRP2,7,0.28106498439831734,0.01272640848814572,1401.7178815322445
ENSG00000173153,ESRRA,7,0.29221950888617493,0.02244105266017001,828.1928763316338
ENSG00000241168,ENSG00000241168,7,0.30097069597069426,0.02301603972155485,920.540251748807
ENSG00000176769,TCERG1L,7,0.2778741012074339,0.009869411412221942,2073.67097163677
ENSG00000226409,ENSG00000226409,7,0.2907231040564376,0.013105139102388308,1197.9661113428003
ENSG00000241832,CECR3,7,0.2999823633156978,0.021412156184181762,1749.6687493936631
ENSG00000177238,TRIM72,7,0.2644037444037419,0.0063606375332403145,705.6496647601562
ENSG00000243709,LEFTY1,7,0.27228055894722425,0.009442463789358235,2182.489751227663
ENSG00000172366,MCRIP2,7,0.2914448514448513,0.01740011564870165,1252.561162350477
ENSG00000221963,APOL6,7,0.25684371184370997,0.004268388779040072,1108.8788108629556
ENSG00000182795,C1orf116,7,0.2914163614163613,0.015702225235949125,990.9008347461494
ENSG00000169230,PRELID1,7,0.274759191425857,0.013657092536277641,2299.565173851328
ENSG00000182325,FBXL6,7,0.30713336046669465,0.025945502808170786,1570.7663789527955
ENSG00000231918,NRXN1-DT,7,0.2819834486501145,0.02386644388961058,348.6585915964271
ENSG00000182264,IZUMO1,7,0.27500746167412693,0.01162640573489001,667.5440655806009
ENSG00000224287,ENSG00000224287,7,0.2981590014923332,0.026580717127475843,944.9208512444474
ENSG00000243004,MACC1-OT1,7,0.2497150997150971,0.2388111540080174,272.30589657168815
ENSG00000180178,FAR2P1,7,0.2854809388142723,0.014384788183127523,1718.026761421488
ENSG00000179958,DCTPP1,7,0.28682539682539654,0.02277276622748269,1638.9642889702677
ENSG00000169594,BNC1,7,0.2676733143399787,0.022979924600981267,1811.5131482235447
ENSG00000169689,CENPX,7,0.2891466558133224,0.02254959857642265,1267.3375810004202
ENSG00000160932,LY6E,7,0.270512820512819,0.009974877071797,1654.359988383774
ENSG00000177459,ERICH5,7,0.2635531135531111,0.006054417910060598,2508.994410759753
ENSG00000169933,FRMPD4,7,0.2911748745082078,0.02570314052327742,826.3081296845236
ENSG00000176728,TTTY14,7,0.3048351648351661,0.025541451943650387,2522.9864271601605
ENSG00000003249,DBNDD1,7,0.3034201600868276,0.03259110117785761,1825.9586989443305
ENSG00000143942,CHAC2,7,0.27237552570885815,0.005743628160321339,1523.623529344293
ENSG00000283567,C19orf85,7,0.27304571971238556,0.005735918801357472,1091.4928875017408
ENSG00000104518,GSDMD,7,0.30367657034323764,0.021700557248102506,1758.7640787162698
ENSG00000105048,TNNT1,7,0.27387464387464255,0.05900353364957876,2324.624603868163
ENSG00000105131,EPHX3,7,0.30100800434133823,0.019794284725250945,1294.7245475815935
ENSG00000135763,URB2,7,0.25740740740740464,0.017997574476843678,1987.1357036297275
ENSG00000135638,EMX1,7,0.3057142857142871,0.02333703377399582,1067.843434038648
ENSG00000135525,MAP7,7,0.2523185456518748,0.17910363798856563,1800.7414878652403
ENSG00000134716,CYP2J2,7,0.30196716863383494,0.017859297187039727,1160.0308004630085
ENSG00000106538,RARRES2,7,0.28282051282051246,0.054536940895810355,850.5879939919797
ENSG00000105707,HPN,7,0.2991466558133236,0.027798669167621956,812.2345296053045
ENSG00000134516,DOCK2,7,0.28755935422602086,0.035427279955956736,792.6815656726203
ENSG00000134070,IRAK2,7,0.29266585266585177,0.02571267272603853,1274.5069713250584
ENSG00000259033,ENSG00000259033,7,0.27739384072717277,0.05974614116100182,1072.916434906382
ENSG00000106018,VIPR2,7,0.26373219373219126,0.039909429061277556,854.2546912361985
ENSG00000280560,ENSG00000280560,7,0.28457875457875476,0.014354454388366265,1438.3773194074654
ENSG00000136943,CTSV,7,0.24434269434269196,0.20986480015445527,899.7862934275992
ENSG00000137393,RNF144B,7,0.288888888888889,0.02990158491810891,1039.1484148167394
ENSG00000137709,POU2F3,7,0.2740564373897693,0.010608468772003533,933.976081189263
ENSG00000123989,CHPF,7,0.27493962827296037,0.012806577739527522,960.7451869846957
ENSG00000138356,AOX1,7,0.30837742504409305,0.025990106032652446,1213.681712787846
ENSG00000138622,HCN4,7,0.289108669108669,0.029669706589441625,916.403582493716
ENSG00000138678,GPAT3,7,0.29727581060914177,0.02277594536030069,1203.7460361073267
ENSG00000102575,ACP5,7,0.2705101071767722,0.0077772954444062,391.35377821223966
ENSG00000255121,CENATAC-DT,7,0.2794607244607248,0.008590894271555793,1518.0539580769268
ENSG00000254614,CAPN1-AS1,7,0.28590489757156495,0.01136994988131017,1141.6346628420367
ENSG00000254510,ENSG00000254510,7,0.2828320444987116,0.014509010052966322,916.402447098465
ENSG00000286380,ENSG00000286380,7,0.3057183557183576,0.030480828271711117,1252.6238145158393
ENSG00000101695,RNF125,7,0.2999063899063913,0.026733501048985874,2643.8963574693958
ENSG00000141524,TMC6,7,0.3033821733821743,0.02722926794901812,833.5370611588336
ENSG00000101292,PROKR2,7,0.2575980192646841,0.0041387677701256505,621.6372758642244
ENSG00000141873,SLC39A3,7,0.2736955636955625,0.009005390780446352,917.0608586122383
ENSG00000101220,ADISSP,7,0.2932593949260606,0.03417626945480031,1294.1614252807412
ENSG00000106333,PCOLCE,7,0.2892280558947228,0.015529187408185471,1286.4196979545147
ENSG00000279852,ENSG00000279852,7,0.2864970831637499,0.015427252275996102,1126.001062725953
ENSG00000143554,SLC27A3,7,0.28716185049518395,0.015595810210386803,1151.6721408535211
ENSG00000126010,GRPR,7,0.24738570071903088,0.0869490928904499,527.1999238892795
ENSG00000261638,ENSG00000261638,7,0.2829643196309864,0.010000197456682154,1149.333887552263
ENSG00000128165,ADM2,7,0.28761769095102413,0.0229393191661309,619.5377903571863
ENSG00000116774,OLFML3,7,0.2690503323836636,0.04782005344676129,313.3496335984362
ENSG00000262302,ENSG00000262302,7,0.2994410527743878,0.03192698008061402,1658.683822066455
ENSG00000262660,ENSG00000262660,7,0.2535632885632863,0.007514934231989432,848.2056228425661
ENSG00000117600,PLPPR4,7,0.32143535476868673,0.04099913906566924,2057.4222826940454
ENSG00000263528,IKBKE,7,0.26698141364807804,0.01663519648086948,790.1661307384073
ENSG00000108684,ASIC2,7,0.25579568579568274,0.13413140375487917,208.60961500464555
ENSG00000119121,TRPM6,7,0.302043142043143,0.01951469442788701,1252.2090875472893
ENSG00000263958,NETO1-DT,7,0.2814638447971781,0.007914015823275776,1274.5291588736384
ENSG00000124875,CXCL6,7,0.27745353412019935,0.01928877540116138,774.9303484561696
ENSG00000155629,PIK3AP1,7,0.2943983177316515,0.02262576725833543,1797.776171265399
ENSG00000121904,CSMD2,7,0.23272011938678544,0.17266841529812033,35.25432603972006
ENSG00000267260,ENSG00000267260,7,0.28610771944105273,0.017807222845847775,1419.9048942488048
ENSG00000129354,AP1M2,7,0.28691358024691366,0.05900065022944016,750.985935305316
ENSG00000129911,KLF16,7,0.2937389770723088,0.03103143878563672,237.49054454243702
ENSG00000115339,GALNT3,7,0.2728869895536545,0.1567472748309683,682.3039282319533
ENSG00000113327,GABRG2,7,0.28606566273232953,0.0117887037990402,1380.794140437401
ENSG00000260498,ENSG00000260498,7,0.26572016460905246,0.005560997983641336,611.4425375462819
ENSG00000130731,METTL26,7,0.2826414326414328,0.012992630110228868,935.6692207302656
ENSG00000130762,ARHGEF16,7,0.30638312304979115,0.029897507266586274,1928.2658067189316
ENSG00000130810,PPAN,7,0.28300366300366214,0.022980186296815364,792.2787614739773
ENSG00000112578,BYSL,7,0.2967209333875994,0.027912460894676347,502.6621005497231
ENSG00000111679,PTPN6,7,0.2806756206756204,0.010673558064390349,785.95204543378
ENSG00000275234,ENSG00000275234,7,0.30077058743725515,0.01662920840747501,1725.2120947737064
ENSG00000276476,LINC00540,7,0.27957807624474174,0.05370077114160385,923.40835593302
ENSG00000276547,PCDHGB5,7,0.28778863112196496,0.0116409338447704,1347.7533442718586
ENSG00000109854,HTATIP2,7,0.2832397232397231,0.01191424649519419,2148.9231265293947
ENSG00000132603,NIP7,7,0.2670370370370349,0.015271162239250713,2204.110517431166
ENSG00000132677,RHBG,7,0.27162664495997696,0.009742390430689338,1528.7477524232254
ENSG00000132773,TOE1,7,0.30669651336318227,0.027278262185196283,2915.620865780522
ENSG00000142552,RCN3,7,0.27359652692985886,0.010194368582536877,593.5196097568753
ENSG00000267055,ENSG00000267055,7,0.28926604259937605,0.024813192571996687,864.885984886268
ENSG00000154096,THY1,7,0.24710758377424688,0.20718702096441569,787.5090050330895
ENSG00000287616,ENSG00000287616,7,0.2701722968389624,0.005572462108653134,1339.2333071454927
ENSG00000290790,ENSG00000290790,7,0.2718450685117336,0.01084171862005482,1035.20201519544
ENSG00000077348,EXOSC5,7,0.2932492199158854,0.02356956604514414,1484.8212560741626
ENSG00000289292,ENSG00000289292,7,0.29363451363451376,0.018161353600345473,1112.1716063162537
ENSG00000016402,IL20RA,7,0.29553656220322927,0.0307828626288208,2555.153410844281
ENSG00000089250,NOS1,7,0.28882376882376876,0.02394918629810631,1004.5444897786538
ENSG00000144550,CPNE9,7,0.30356261022927683,0.024235044018965018,1348.5607784163585
ENSG00000147485,PXDNL,7,0.2612101478768119,0.014824356192308194,1023.2003861649259
ENSG00000050327,ARHGEF5,7,0.29765432098765515,0.040118207263072525,1126.5982109552856
ENSG00000288789,ENSG00000288789,7,0.2816876950210283,0.007115041522369703,1888.6211056126351
ENSG00000249532,MIR302CHG,7,0.25887396554062936,0.1848059587457799,355.1319658600214
ENSG00000016391,CHDH,7,0.27172975172975034,0.007154508995240128,1093.78022706854
ENSG00000015475,BID,7,0.2785944919278247,0.011644272712753251,1974.1514472300387
ENSG00000291338,ENSG00000291338,7,0.28314475647808973,0.012945294069939087,566.5619623170709
ENSG00000088836,SLC4A11,7,0.30717134717134875,0.02783777944462904,1267.5522053816896
ENSG00000148444,COMMD3,7,0.29486365486365573,0.02219498816750326,1462.4267144448074
ENSG00000005020,SKAP2,7,0.29250440917107523,0.02404445015286658,786.201207574511
ENSG00000197279,ZNF165,6,0.2987477954144631,0.02836140700703546,1036.476198182344
ENSG00000111087,GLI1,6,0.3057522724189398,0.03484870290112625,2128.8338830434286
ENSG00000175894,TSPEAR,6,0.24914394247727265,0.010907348061906002,153.85381748595918
ENSG00000198915,RASGEF1A,6,0.2672758106091421,0.004895794676547459,1601.3949223993307
ENSG00000176101,SSNA1,6,0.2868206484873154,0.021285634566897027,639.1448215030077
ENSG00000203326,ZNF525,6,0.24714150047483088,0.16952253449844956,131.5027776627613
ENSG00000024422,EHD2,6,0.28434676434676437,0.013268230438090823,919.5725914043152
ENSG00000111344,RASAL1,6,0.31132139465472874,0.0412464710500653,1275.0311029980255
ENSG00000273340,MICE,6,0.26574322796545014,0.007858569067570011,462.64993552152134
ENSG00000100605,ITPK1,6,0.23441459774792955,0.12345181780841935,246.73565602539082
ENSG00000177192,PUS1,6,0.2663532763532741,0.0887951328542796,293.19476663127034
ENSG00000175283,DOLK,6,0.2667399267399249,0.0055808698957274736,480.8432782907117
ENSG00000225444,LINC01867,6,0.27339709673042845,0.011007289046455954,914.006014330962
ENSG00000289958,ENSG00000289958,6,0.2975986975986984,0.01900913277351634,766.6846264410977
ENSG00000204267,TAP2,6,0.2846357346357345,0.028475718229655323,264.81865545907067
ENSG00000054219,LY75,6,0.298812915479583,0.05839012082139857,701.0203413040454
ENSG00000196218,RYR1,6,0.2462379595712896,0.10822475512117317,476.19246283940373
ENSG00000290357,ENSG00000290357,6,0.277312440645773,0.06573822043339127,2009.6620960010034
ENSG00000033011,ALG1,6,0.29856328856328856,0.030781716086007344,1138.425368917197
ENSG00000108961,RANGRF,6,0.2410609143942442,0.0017675559898128234,1702.2837846181433
ENSG00000278619,MRM1,6,0.28410934744268057,0.018350725415976998,665.7056296320811
ENSG00000178038,ALS2CL,6,0.268069461402793,0.007205588961481102,1717.928884080183
ENSG00000278615,C11orf98,6,0.31512006512006646,0.03333779025931021,1637.707306315156
ENSG00000203875,SNHG5,6,0.2699409849409845,0.0064795963341661164,423.01726901415617
ENSG00000110090,CPT1A,6,0.300503323836658,0.04203394220714904,954.9267074256775
ENSG00000110675,ELMOD1,6,0.2736155202821858,0.01090090755994012,795.1683419804134
ENSG00000196793,ZNF239,6,0.2767046533713191,0.014705412409395107,480.9979696612498
ENSG00000014216,CAPN1,6,0.25346357346357046,0.004747631269459869,380.21134100837634
ENSG00000013275,PSMC4,6,0.2579704246370885,0.009111196035004206,335.73246523051216
ENSG00000272398,CD24,6,0.24564780898113842,0.11776560538476248,804.1002835347816
ENSG00000173457,PPP1R14B,6,0.2828842762176091,0.021971747674451314,765.607888108115
ENSG00000007264,MATK,6,0.3011029711029697,0.027545955797600843,399.8142827828506
ENSG00000198765,SYCP1,6,0.24055759055758755,0.0028448780224926513,524.3130215940819
ENSG00000197989,SNHG12,6,0.2958879392212722,0.02830674677333572,1434.5694002213888
ENSG00000229051,LINC01788,6,0.27347374847374795,0.008667139936480607,669.941708993815
ENSG00000120833,SOCS2,6,0.29719034052367405,0.021786860137945653,957.1736551258678
ENSG00000267882,ENSG00000267882,6,0.25889612445167864,0.004314747182780012,804.3449853508353
ENSG00000172987,HPSE2,6,0.28850630850630876,0.017660723413475254,1185.8150318551136
ENSG00000267662,TSHZ3-AS1,6,0.28167277167277144,0.010228156982432181,497.4374883333936
ENSG00000006611,USH1C,6,0.2761741961741949,0.019744958497212188,528.333028081578
ENSG00000172889,EGFL7,6,0.2859842626509295,0.013295427153467126,670.9906622282875
ENSG00000198286,CARD11,6,0.25674399674399395,0.07589247403807839,374.913709370178
ENSG00000172738,TMEM217,6,0.2895835029168362,0.011183451308913763,1791.386909445093
ENSG00000004948,CALCR,6,0.29057183557183586,0.016839921856168824,792.9311239586143
ENSG00000123095,BHLHE41,6,0.2919915886582551,0.016513397492064073,1368.6910595104443
ENSG00000123201,GUCY1B2,6,0.2898019264685934,0.01488229472213195,795.0130688127816
ENSG00000118894,EEF2KMT,6,0.2947361280694617,0.01687417735505438,779.4639983865859
ENSG00000173465,ZNRD2,6,0.29597069597069464,0.030824418168492265,205.048545205531
ENSG00000291124,ENSG00000291124,6,0.2710324243657568,0.00587248078311441,1504.2369055656927
ENSG00000291189,ENSG00000291189,6,0.2921001221001215,0.017105585941580726,722.080063971006
ENSG00000227712,ENSG00000227712,6,0.30020078686745405,0.0231393471159253,840.8823773131764
ENSG00000204315,FKBPL,6,0.28996336996336974,0.012518759512403638,1058.3333798777703
ENSG00000011009,LYPLA2,6,0.30225206891873585,0.023247718629863943,640.6376493659743
ENSG00000272070,ENSG00000272070,6,0.2704816171482828,0.007066828754444215,878.6651638945715
ENSG00000271894,ENSG00000271894,6,0.2828747795414459,0.016360394349044738,748.7476201132846
ENSG00000197594,ENPP1,6,0.2536060236060207,0.20709192091157752,82.7476892807363
ENSG00000174607,UGT8,6,0.278176638176637,0.06220194881147169,691.9746056296102
ENSG00000271893,ENSG00000271893,6,0.28872744539411166,0.11519680343034722,3375.3947616557107
ENSG00000116329,OPRD1,6,0.30814000814000914,0.028900854651910817,882.9893283075794
ENSG00000008323,PLEKHG6,6,0.30245149911816677,0.023492918449817782,610.3553006819945
ENSG00000117115,PADI2,6,0.2819488536155208,0.012381462808612874,539.7377372202421
ENSG00000198805,PNP,6,0.29337878171211446,0.022036407944318263,792.1525754444705
ENSG00000197774,EME2,6,0.2817012617012612,0.015662010989245665,1012.7893339104777
ENSG00000173890,GPR160,6,0.27818206484873026,0.15781461848999545,775.6070469383615
ENSG00000173705,SUSD5,6,0.2937905304571969,0.019102773528626785,694.6235143731778
ENSG00000225366,CRIPTO3,6,0.2638631121964444,0.004574308803967173,2571.657393831247
ENSG00000179409,GEMIN4,6,0.2741514041514032,0.010484204454566702,692.6358124682653
ENSG00000281641,SAMD12-AS1,6,0.2896649029982367,0.025003129840351385,615.7114355446096
ENSG00000101443,WFDC2,6,0.29802604802604915,0.021691650694313523,1213.0400846551947
ENSG00000186367,MINAR2,6,0.2857943291276628,0.011178366025220975,921.8127586876798
ENSG00000184110,EIF3C,6,0.2631881698548342,0.005268673339522982,727.6643245291945
ENSG00000186377,CYP4X1,6,0.258595170261836,0.005784840708497695,903.113420021324
ENSG00000286279,ENSG00000286279,6,0.2695604395604379,0.011378051485641458,651.8829494591225
ENSG00000205885,C1RL-AS1,6,0.28471713471713433,0.019825364478399766,330.1830614917495
ENSG00000183778,B3GALT5,6,0.2311816578483241,0.14692087047484714,57.61899675485025
ENSG00000205622,ETS2-AS1,6,0.2898399131732466,0.010745232101834755,1037.2448993589376
ENSG00000183751,TBL3,6,0.2641324107990753,0.007846166350872229,858.0173284271661
ENSG00000289084,ENSG00000289084,6,0.25979785646452047,0.16167302676227868,751.4279243264797
ENSG00000286271,ENSG00000286271,6,0.2912359245692581,0.015630947712309835,1149.750298458251
ENSG00000183638,RP1L1,6,0.27707705874372557,0.011775165325258841,681.5932940998937
ENSG00000183617,MRPL54,6,0.2549694749694724,0.006714986087621101,441.65356410657984
ENSG00000215866,LINC01356,6,0.31214353547687024,0.03331063271351361,585.9038926454152
ENSG00000103226,NOMO3,6,0.28284628951295665,0.013928895142945232,471.0767462279556
ENSG00000216490,IFI30,6,0.28739926739926785,0.014866069967212788,1171.6371600684802
ENSG00000288000,ENSG00000288000,6,0.29908017908017925,0.015682433795952074,2162.361889907953
ENSG00000184344,GDF3,6,0.27007800841134144,0.007444911033152339,1240.100522658603
ENSG00000063015,SEZ6,6,0.29620268620268614,0.02201859718059155,532.3833025769452
ENSG00000184363,PKP3,6,0.24814814814814604,0.003084962012894623,980.2587148991468
ENSG00000213339,QTRT1,6,0.2959177859177865,0.021050366338269285,1430.5827896557223
ENSG00000100767,PAPLN,6,0.29416090082756796,0.02501214290727664,1700.3289391341427
ENSG00000185352,HS6ST3,6,0.26386243386243147,0.1803473164432373,1410.626083581393
ENSG00000287037,ENSG00000287037,6,0.2924989824989824,0.02981893383214783,762.2498896159242
ENSG00000185085,INTS5,6,0.26909917243250414,0.00814996684870198,490.48954041644265
ENSG00000213445,SIPA1,6,0.27679148012481236,0.016810277194946256,710.201684595552
ENSG00000213889,PPM1N,6,0.2750875050875041,0.008416632772822282,807.1456219420861
ENSG00000286856,ENSG00000286856,6,0.2807312440645775,0.0173795200494641,3699.3229137831977
ENSG00000213023,SYT3,6,0.2860561660561661,0.012741972531151459,2246.5393081857605
ENSG00000184785,SMIM10,6,0.2818627051960389,0.01096681888554661,1128.5471306422694
ENSG00000184731,FAM110C,6,0.2993270926604261,0.02589314764270534,616.8730974948572
ENSG00000184697,CLDN6,6,0.2473897707231007,0.1627250934279619,508.12325997866
ENSG00000101276,SLC52A3,6,0.24974155474155263,0.0033253387224138117,762.4084063126653
ENSG00000099899,TRMT2A,6,0.2809510242843573,0.014551329030953176,1033.2881337617366
ENSG00000214796,TUBA5P,6,0.28061864061864034,0.011909041432385246,1265.1267557474512
ENSG00000103253,HAGHL,6,0.27943698277031537,0.015015613803210672,400.89764440201077
ENSG00000088992,TESC,6,0.2849301315967983,0.013836964940163616,817.3936575726559
ENSG00000183091,NEB,6,0.26246642246642005,0.14276540238555985,858.0988904469418
ENSG00000187840,EIF4EBP1,6,0.2830294396961057,0.06095610880948995,1059.1976480273026
ENSG00000204673,AKT1S1,6,0.2789668973002305,0.02161590715151267,817.328050953575
ENSG00000284753,EEF1AKMT4,6,0.2898168498168501,0.012344620428130093,1488.9887417173125
ENSG00000284691,ENSG00000284691,6,0.28363858363858324,0.022804042459363863,1648.5919935513905
ENSG00000066735,KIF26A,6,0.3032302265635607,0.03235115208333539,862.8359609842992
ENSG00000282988,ENSG00000282988,6,0.2828978428978429,0.013214217193681653,1413.1403459793596
ENSG00000105612,DNASE2,6,0.2940184506851164,0.019473328643234897,451.98105184470984
ENSG00000179918,SEPHS2,6,0.3025084791751472,0.023304539960990425,2150.070071991188
ENSG00000225077,ICMT-DT,6,0.25217880884547245,0.007644549486617833,1389.8316196592248
ENSG00000225087,ENSG00000225087,6,0.2534432234432202,0.07998588519010744,935.3677270058986
ENSG00000065911,MTHFD2,6,0.22371727038393838,0.09262505388406153,216.23180444861643
ENSG00000065057,NTHL1,6,0.2961836928503603,0.021418626794065695,1112.8714335350412
ENSG00000064270,ATP2C2,6,0.2931732465065796,0.016586842297657032,992.7772678241375
ENSG00000105939,ZC3HAV1,6,0.2524474291140925,0.10357048122075992,817.1959656976312
ENSG00000185306,C12orf56,6,0.25979649979649694,0.050098338259966194,535.7232637845417
ENSG00000063241,ISOC2,6,0.3141324107990793,0.03631035101608817,787.2397795367517
ENSG00000285458,C4orf36,6,0.29619318952652257,0.014939635820201549,766.2955056794567
ENSG00000204956,PCDHGA1,6,0.29737620404287024,0.016618390743616505,1257.9347397944355
ENSG00000073350,LLGL2,6,0.29733279066612495,0.02197995744894319,598.25826212863
ENSG00000285838,ENSG00000285838,6,0.2664136480803136,0.005223838518112402,848.6310712491598
ENSG00000183010,PYCR1,6,0.27806403473070057,0.016031353704334974,357.5524871268199
ENSG00000182870,GALNT9,6,0.29051010717677367,0.018562735954225803,458.9831679537262
ENSG00000103326,CAPN15,6,0.2661362094695409,0.007608414142959032,826.3577224597058
ENSG00000187984,ANKRD19P,6,0.2406925790259098,0.0021705332472041574,497.5724722009378
ENSG00000103335,PIEZO1,6,0.292203228869896,0.02111946171956769,2575.3794646567007
ENSG00000187994,RINL,6,0.2885483652150323,0.013325855017937158,785.28494373757
ENSG00000104043,ATP8B4,6,0.2751349884683207,0.014098614913384948,363.6351843374165
ENSG00000181392,SYNE4,6,0.2998880748880737,0.024676067171030245,633.1741272965958
ENSG00000285820,ENSG00000285820,6,0.2749640482973809,0.00785327783531877,617.2562787490247
ENSG00000289291,ENSG00000289291,6,0.2584402839958391,0.005719483695752505,1679.2981623066976
ENSG00000104522,GFUS,6,0.3066205399538743,0.03037936810101019,1254.2630436320278
ENSG00000223756,TSSC2,6,0.29593677927011197,0.02717421827185884,1024.045599325897
ENSG00000104635,SLC39A14,6,0.2313051146384466,0.10705942289240944,155.22918270547237
ENSG00000104825,NFKBIB,6,0.2878835978835983,0.01496911698571102,1295.9364906998987
ENSG00000221955,SLC12A8,6,0.2653276353276332,0.02741644934990646,595.4394634577301
ENSG00000155846,PPARGC1B,6,0.253599240265904,0.06577527067965476,288.96586593807814
ENSG00000171759,PAH,6,0.29183964183964195,0.020888950853070885,1058.993050307326
ENSG00000141753,IGFBP4,6,0.2651851851851824,0.03927443766898516,1891.3824725736213
ENSG00000163959,SLC51A,6,0.2932587165920494,0.019753725213104024,534.3908728208199
ENSG00000139209,SLC38A4,6,0.2845489078822407,0.038511563599861125,1098.2988267638252
ENSG00000139239,RPL14P1,6,0.30055826889160026,0.020913358816372466,990.0043702722081
ENSG00000254789,ENSG00000254789,6,0.2911314611314609,0.013558761045477666,1910.3958070363356
ENSG00000254587,ENSG00000254587,6,0.2743277709944362,0.015308668526824378,390.29287304734055
ENSG00000140835,CHST4,6,0.30131257631257513,0.026840021026789528,1061.0814503065913
ENSG00000141052,MYOCD,6,0.2784154117487446,0.012042256569937437,1634.0529024362677
ENSG00000254261,ENSG00000254261,6,0.25882512549178965,0.007457853795740685,348.391945897829
ENSG00000240666,MME-AS1,6,0.2845679012345674,0.03421536908485328,1744.3264701125802
ENSG00000236829,ENSG00000236829,6,0.30417039750373254,0.02104305945638555,2036.5188634913854
ENSG00000241002,RPL32P13,6,0.28696242029575386,0.013636173345691754,819.9183586687618
ENSG00000163251,FZD5,6,0.2748256681590004,0.01995315367544237,789.8954695749128
ENSG00000141965,FEM1A,6,0.2903337403337397,0.02375840504867297,745.3698944549949
ENSG00000141994,DUS3L,6,0.27365757699090926,0.016151760211059595,1697.177906085737
ENSG00000253910,PCDHGB2,6,0.29377153710487114,0.015593248409288007,1289.2871361552313
ENSG00000253636,ENSG00000253636,6,0.24405779405779165,0.21130651497271632,158.69418120750376
ENSG00000162878,PKDCC,6,0.28737620404287095,0.015033328187174485,938.4906890836548
ENSG00000143494,VASH2,6,0.23666666666666508,0.13043154664922196,176.62128649472496
ENSG00000164086,DUSP7,6,0.2887003120336454,0.016346346881883682,724.9830027439797
ENSG00000164099,PRSS12,6,0.2821435354768688,0.010582223616131129,1413.90317793779
ENSG00000198483,ANKRD35,6,0.28064713064713026,0.008426827299191308,1077.286833970501
ENSG00000257150,PGAM1P5,6,0.25154524487857466,0.12537867780757184,709.0934010008815
ENSG00000134323,MYCN,6,0.2812929046262375,0.02233229146496924,1082.1750019196957
ENSG00000166073,GPR176,6,0.2259476326142998,0.10934748842892238,42.273766244547964
ENSG00000165917,RAPSN,6,0.2603337403337387,0.004674520260175038,734.7728245427897
ENSG00000258593,ENSG00000258593,6,0.27658255324921904,0.010690975060212316,534.2911947796908
ENSG00000135423,GLS2,6,0.2728177994844644,0.021119818116242858,696.548438874933
ENSG00000165646,SLC18A2,6,0.2900637633970971,0.018029510101430054,580.6292551511325
ENSG00000258077,ENSG00000258077,6,0.2622167955501261,0.016328279964941825,160.11978751686718
ENSG00000165186,PTCHD1,6,0.30337132003798795,0.04861674196092169,2911.66445716337
ENSG00000136305,CIDEB,6,0.2794600461267128,0.01026980943505476,427.663604011877
ENSG00000236780,LINC01829,6,0.2506091439424736,0.08180869694691363,909.3413739738475
ENSG00000136463,TACO1,6,0.2671523538190185,0.009241207631365838,728.5906373233356
ENSG00000136933,RABEPK,6,0.25586623253289614,0.005454494426522326,754.1281342028363
ENSG00000164616,FBXL21P,6,0.2693786460453109,0.018205947154132446,1609.3869419586065
ENSG00000255968,ITPR2-AS2,6,0.2488481888481858,0.002461242384168032,832.6138040067734
ENSG00000138030,KHK,6,0.28568036901370236,0.012944803119276437,1471.735975144241
ENSG00000138073,PREB,6,0.27160629493962707,0.00663396716856051,2455.1117450099237
ENSG00000138316,ADAMTS14,6,0.3154524487857815,0.03226360766030419,1013.9115411775506
ENSG00000255595,LINC02350,6,0.2743969610636262,0.08357492823641408,1156.7067983325899
ENSG00000162639,HENMT1,6,0.301634784968119,0.018405618640692623,1210.506876413989
ENSG00000162458,FBLIM1,6,0.2726590693257345,0.06586397818739283,399.02469791319305
ENSG00000133863,TEX15,6,0.23507393840727006,0.09806968198003228,193.25226226083979
ENSG00000157214,STEAP2,6,0.25391127391127066,0.1854838348962237,387.34814504579435
ENSG00000149573,MPZL2,6,0.25650024872246996,0.005708148009153339,522.9851166808193
ENSG00000150051,MKX,6,0.28448921448921466,0.010803634625579699,990.9058699958686
ENSG00000158220,ESYT3,6,0.2793162393162385,0.05964631661520671,852.876495114269
ENSG00000157778,PSMG3,6,0.285670872337539,0.01791458020508426,1641.1367377331094
ENSG00000151962,RBM46,6,0.28479310812644104,0.024979434545569112,527.5579832117777
ENSG00000157734,SNX22,6,0.2751824718491378,0.010807845215594535,609.3303655171686
ENSG00000152137,HSPB8,6,0.2848161714828381,0.014594230506016522,1314.0400672329733
ENSG00000157557,ETS2,6,0.2785958485958478,0.015453079933508751,802.2775065728717
ENSG00000249335,ENSG00000249335,6,0.289042192375526,0.014568607074385308,465.9781719573802
ENSG00000159450,TCHH,6,0.2764075430742091,0.008465789836868824,1073.4968651910121
ENSG00000154065,ANKRD29,6,0.2942273775607102,0.017604386964342283,1331.8911683717108
ENSG00000156574,NODAL,6,0.26361145027811517,0.004167295594681827,767.7661591459188
ENSG00000156564,LRFN2,6,0.27800705467372067,0.021005122743319813,1295.7656275095762
ENSG00000156453,PCDH1,6,0.26698548365214775,0.14036042572311816,754.4094276576382
ENSG00000154316,TDH,6,0.2830402930402932,0.008823756576682312,786.7300667365208
ENSG00000154655,L3MBTL4,6,0.2624080857414164,0.10792682260047778,542.2532405204526
ENSG00000156049,GNA14,6,0.28249762583095817,0.12994640479819045,1388.8208660127427
ENSG00000155926,SLA,6,0.24699430199430064,0.002635108417798485,918.0573922197366
ENSG00000244509,APOBEC3C,6,0.24778863112196137,0.00976952211379447,230.21140884160408
ENSG00000159640,ACE,6,0.2613451363451355,0.005697897243790306,308.5582296852555
ENSG00000162444,RBP7,6,0.2597849681182998,0.00403107373401267,509.6347199263958
ENSG00000160818,GPATCH4,6,0.25634920634920344,0.07013731236482963,761.387500171036
ENSG00000162377,COA7,6,0.2755840455840442,0.060951273643877,329.58644938084024
ENSG00000144229,THSD7B,6,0.23690951024284218,0.07536675612444245,50.626816276964675
ENSG00000144645,OSBPL10,6,0.23638583638583444,0.13960065451220868,594.8402507173073
ENSG00000145103,ILDR1,6,0.2796214896214892,0.007889522506985235,685.9298110154657
ENSG00000162062,TEDC2,6,0.2561280694614001,0.003936093926664276,966.2128765112633
ENSG00000161249,DMKN,6,0.2548256681589986,0.08261685889910617,643.650416062697
ENSG00000251184,ENSG00000251184,6,0.2850447700447705,0.01742667346985668,847.0911568951092
ENSG00000146834,MEPCE,6,0.26077058743725173,0.008998597922361552,391.24092906303827
ENSG00000242770,CD200R1L-AS1,6,0.25161307827974233,0.0038256608049604753,322.7710890737834
ENSG00000160117,ANKLE1,6,0.2902577669244338,0.014391459592500483,696.4644879630221
ENSG00000160685,ZBTB7B,6,0.28207705874372513,0.01677766333363368,1218.8091797455222
ENSG00000160602,NEK8,6,0.2692511192511177,0.00793736300869753,848.9974151752621
ENSG00000160588,MPZL3,6,0.2893325193325196,0.01258594032073611,556.7905953775984
ENSG00000243811,APOBEC3D,6,0.2729439696106348,0.0217885957832237,1338.3250432956283
ENSG00000160326,SLC2A6,6,0.2985537918871258,0.022230253129767442,958.4604191954571
ENSG00000160219,GAB3,6,0.2895366978700313,0.01664740757521674,1381.5820989287915
ENSG00000244165,P2RY11,6,0.2854144620811284,0.02116445640182737,608.2350489467758
ENSG00000160172,FAM86C2P,6,0.2744837878171203,0.008298187686403405,793.2345404025531
ENSG00000258724,PINX1,6,0.2848731515398184,0.011299272120694452,1283.6300729143875
ENSG00000164181,ELOVL7,6,0.2619346086012726,0.08453071238683699,1282.2998058663927
ENSG00000133710,SPINK5,6,0.29188983855650524,0.05205092871978615,1594.2613197506796
ENSG00000169750,RAC3,6,0.2699348799348785,0.012371194206705247,586.326214868261
ENSG00000131477,RAMP2,6,0.25840252340252257,0.007688945487356052,196.61899893090944
ENSG00000167807,ENSG00000167807,6,0.290694614027948,0.018407108045030724,2354.154833316751
ENSG00000167962,ZNF598,6,0.2784344051010709,0.017128683344676633,694.0585876211042
ENSG00000167994,RAB3IL1,6,0.25046262379595446,0.0022865457449461352,526.9425255913312
ENSG00000260364,ENSG00000260364,6,0.2767616334282987,0.11495799492283268,654.1762382974275
ENSG00000168101,NUDT16L1,6,0.30317324650658045,0.02297087366934817,1377.084728547919
ENSG00000168143,FAM83B,6,0.29544295210961885,0.03383812886053748,1457.4086377130313
ENSG00000232445,EMSLR,6,0.28650522317188953,0.14517139120962805,1267.494347393983
ENSG00000261069,ENSG00000261069,6,0.26329534662867743,0.05133000660336112,912.9833819695975
ENSG00000130208,APOC1,6,0.3024420024420045,0.024911188738260707,1156.3761032539549
ENSG00000129932,DOHH,6,0.2917487450820776,0.021665836874944385,674.2340567582798
ENSG00000129925,PGAP6,6,0.30748473748473915,0.028293975142098228,1783.4315195491506
ENSG00000127774,EMC6,6,0.2546927146927114,0.005039633913403848,737.4664544971132
ENSG00000262209,PCDHGB3,6,0.2686446886446867,0.010068420770611227,513.697209487372
ENSG00000231482,ENSG00000231482,6,0.26262786596119686,0.15811002136219698,189.6210283750358
ENSG00000131969,ABHD12B,6,0.2826672093338753,0.022870608555297517,789.9283658324249
ENSG00000126460,PRRG2,6,0.2896214896214897,0.01235099965873471,1178.8549641359195
ENSG00000231171,LINC01098,6,0.27673992673992576,0.011158702395049699,601.5033281717189
ENSG00000126249,PDCD2L,6,0.2751872201872199,0.012070392926224222,634.8432461267563
ENSG00000170468,RIOX1,6,0.297636684303351,0.02341867828970231,1697.7917598161166
ENSG00000262943,ALOX12P2,6,0.29160493827160533,0.022327333677732004,1680.3330028002542
ENSG00000263823,ENSG00000263823,6,0.2592762176095499,0.00583052008959649,1130.011204137078
ENSG00000265125,ENSG00000265125,6,0.2823565323565323,0.01038003557542791,1479.2303372017616
ENSG00000230552,ENSG00000230552,6,0.26023741690408103,0.006733267493206056,1257.0631612226882
ENSG00000265479,DTX2P1-UPK3BP1-PMS2P11,6,0.29398996065662714,0.016513057684370617,1413.4909621198642
ENSG00000124313,IQSEC2,6,0.2703038936372252,0.04631753412718187,3091.1807264458776
ENSG00000171421,MRPL36,6,0.288886175552842,0.020055255817495246,386.81377362283877
ENSG00000266869,ENSG00000266869,6,0.26247456247455975,0.017732331042260407,1748.3049783346298
ENSG00000229891,LINC01315,6,0.2736874236874234,0.009594223330806789,853.3011131543207
ENSG00000124019,FAM124B,6,0.2671218287884945,0.00766045456972183,370.5599375933702
ENSG00000131771,PPP1R1B,6,0.3014217880884554,0.02623531187407309,793.3849363443526
ENSG00000121570,DPPA4,6,0.2320974087640746,0.14375931604281308,74.54393739302594
ENSG00000133316,WDR74,6,0.26735314068647253,0.008914986497751064,1646.3889324496056
ENSG00000166347,CYB5A,6,0.2751756885090208,0.03408755902171829,1025.7818645288205
ENSG00000166535,A2ML1,6,0.29773029439696214,0.03511356197812026,1678.968320215463
ENSG00000259115,ENSG00000259115,5,0.30326821326821435,0.02157757173763936,311.3291431637518
ENSG00000270933,ENSG00000270933,5,0.2697313797313791,0.008646008085382314,310.5380810608201
ENSG00000225546,LINC02476,5,0.284588251254918,0.012504485883510866,205.12130365221506
ENSG00000269893,SNHG8,5,0.21946479446479478,0.06367457010612522,25.871903252095453
ENSG00000231163,CSMD2-AS1,5,0.2756288156288148,0.00787965578412834,730.7979105460364
ENSG00000284644,ENSG00000284644,5,0.2726984126984112,0.02324783140299386,283.41603034362134
ENSG00000250579,ADAMTS16-DT,5,0.2614448514448489,0.006603521692916348,712.3232536483379
ENSG00000204287,HLA-DRA,5,0.22915411748745027,0.0016969839941508615,182.31876866263775
ENSG00000228598,MACC1-AS1,5,0.2815778049111381,0.01154382903291227,245.09666217906522
ENSG00000250479,CHCHD10,5,0.2600698684032004,0.005384613568829546,284.71171419297144
ENSG00000250420,AACSP1,5,0.25744675078008167,0.0033820679807435865,721.8308185347003
ENSG00000228649,SNHG26,5,0.2521394654727953,0.09518851694403153,169.838127995814
ENSG00000228659,LINC01201,5,0.2637240537240513,0.010181342184472808,536.076612643448
ENSG00000250646,ENSG00000250646,5,0.2638818794374345,0.005862479404705245,396.5439103010627
ENSG00000285968,ENSG00000285968,5,0.24627798127797865,0.0023242680045692703,403.1578799214057
ENSG00000258380,FOXN3-AS4,5,0.29026726360059757,0.017625539416420956,748.5178679764439
ENSG00000258451,EGILA,5,0.2623375390042031,0.008259640182540101,442.6101786658181
ENSG00000250708,LINC02269,5,0.2823945190611854,0.02289785785325241,381.63611210957254
ENSG00000259199,ENSG00000259199,5,0.26823090489757,0.005764856126201847,337.989927259921
ENSG00000250709,CCDC169-SOHLH2,5,0.27204924704924666,0.006486363615610571,670.3182550828943
ENSG00000250820,ENSG00000250820,5,0.24791344458010867,0.0051971462254258105,491.02142000061986
ENSG00000285517,LINC00941,5,0.27513905847239084,0.008701941314069093,782.3846411428048
ENSG00000225564,LINC01492,5,0.23673246506579593,0.00261931960962866,130.02292324805404
ENSG00000257727,CNPY2,5,0.26412834079500586,0.0074656159728877835,930.5041928265967
ENSG00000242715,CCDC169,5,0.27589743589743454,0.06293237595736695,721.006511473505
ENSG00000205116,TMEM88B,5,0.24522995522995175,0.003055589059175351,697.1918629027521
ENSG00000251027,LINC01950,5,0.24544295210961578,0.1372338299372775,14.924553001321803
ENSG00000271860,ENSG00000271860,5,0.23630579297245807,0.08870374800028968,73.84331874039819
ENSG00000251226,LINC02714,5,0.27275607108940436,0.007311897302314962,470.06624405244713
ENSG00000290729,ENSG00000290729,5,0.2799443766110431,0.009366170120947193,759.1008559088185
ENSG00000268182,SMIM17,5,0.29385700719033997,0.016175710329657682,460.82780068599703
ENSG00000204091,TDRG1,5,0.28509609731832025,0.014670403202078373,299.7320445754407
ENSG00000259048,ENSG00000259048,5,0.2657034323700971,0.04336888292259423,1364.186777484477
ENSG00000267070,ENSG00000267070,5,0.2933916700583366,0.02034184190221957,617.6623285995993
ENSG00000235173,HGH1,5,0.2969339302672636,0.014277439190727522,1008.6166476698613
ENSG00000230212,CBR1-AS1,5,0.2647985347985325,0.007851505333489788,185.38065454450708
ENSG00000198746,GPATCH3,5,0.3048826482159823,0.019985747052531217,524.6758291975384
ENSG00000230537,LINC02937,5,0.2744078144078136,0.00881068374196624,269.1996948211441
ENSG00000258603,ENSG00000258603,5,0.2607231040564348,0.019137039339870637,73.28332132105785
ENSG00000291234,ENSG00000291234,5,0.2869814136480809,0.015054413159464226,764.5883716160018
ENSG00000267512,NACC1-AS1,5,0.27730430063763345,0.007628081350909923,1145.4270959868165
ENSG00000291188,ENSG00000291188,5,0.2679175145841797,0.005878501601607842,515.7018689603843
ENSG00000249259,ENSG00000249259,5,0.26448514448514227,0.005504734122369771,381.3170669867544
ENSG00000282386,ENSG00000282386,5,0.26131189797856236,0.004614594942060896,535.1053123755097
ENSG00000266402,SNHG25,5,0.2754985754985745,0.020064880157263737,534.2722376197884
ENSG00000249378,LINC01060,5,0.29593270926604276,0.016314053973906496,574.2039812928953
ENSG00000267750,RUNDC3A-AS1,5,0.274065934065933,0.007285202384939015,280.51243410781643
ENSG00000289026,ENSG00000289026,5,0.2952896486229825,0.03761631525099053,749.43426517652
ENSG00000224825,RORB-AS1,5,0.28769909103242425,0.0179690458226847,148.96020569440338
ENSG00000258479,LINC00640,5,0.25817030705919414,0.003632985530693616,378.13013830979065
ENSG00000291084,ALOX12P2,5,0.23938271604937952,0.06216875713564818,1741.4213032270695
ENSG00000265107,GJA5,5,0.26039207705874146,0.003921332676055364,464.5632840078116
ENSG00000249684,ENSG00000249684,5,0.2809971509971506,0.04702574710812302,418.9606777815746
ENSG00000250033,SLC7A11-AS1,5,0.2868566001899337,0.02551816408931766,2711.2990904442786
ENSG00000264164,ENSG00000264164,5,0.2847089947089944,0.01688769966830175,400.03784367693453
ENSG00000247596,TWF2,5,0.30875729209062563,0.026714741204839625,1226.3303831379183
ENSG00000198937,CCDC167,5,0.2691276624609942,0.010120792016332328,218.47286540805544
ENSG00000250251,PKD1P6,5,0.2752150318816978,0.00985589949376967,1157.131340794674
ENSG00000247077,PGAM5,5,0.27995387328720595,0.018088949942492362,1377.4145562922122
ENSG00000268089,GABRQ,5,0.2731827431827422,0.008593815789722653,416.85748378999153
ENSG00000250309,MYOZ3-AS1,5,0.24499389499389224,0.0024710630912666708,460.5773272512265
ENSG00000228033,ENSG00000228033,5,0.27138651471984626,0.03292837864359518,727.3455539759967
ENSG00000205571,SMN2,5,0.29953601953601966,0.01869516360743513,729.740794004051
ENSG00000236635,LINC02540,5,0.2903527336860671,0.016354980492808518,718.2052936485845
ENSG00000276170,ENSG00000276170,5,0.2852815086148419,0.023276458031833203,599.7449340008948
ENSG00000260368,ENSG00000260368,5,0.2870573870573874,0.016218459412216703,306.89034507921616
ENSG00000257096,ENSG00000257096,5,0.28183014516347926,0.010510490542122292,519.341249335594
ENSG00000286827,ENSG00000286827,5,0.28397096730430077,0.014176066941284704,649.8538114881263
ENSG00000260266,PPIAP46,5,0.24412766246099346,0.002396331091443145,1033.1956191955467
ENSG00000274993,ENSG00000274993,5,0.2687821643377194,0.007878847751126482,274.70768533571714
ENSG00000254233,LINC02365,5,0.2700678334011653,0.008468274923303029,523.7208934143955
ENSG00000240093,ENSG00000240093,5,0.3062786596119947,0.020876264530310638,1604.9620183338463
ENSG00000286733,LINC02348,5,0.24813932980599418,0.0023197980357268833,394.49918832788745
ENSG00000256995,LINC02955,5,0.25241215574548603,0.09804181923786341,59.155604792175396
ENSG00000286685,ENSG00000286685,5,0.29027676027676014,0.013388267711883076,712.578810311578
ENSG00000232956,SNHG15,5,0.27230904897571434,0.024790557009618443,337.0074477026594
ENSG00000286536,ENSG00000286536,5,0.2951200651200661,0.019456235665874656,1637.6911769464136
ENSG00000225648,SBDSP1,5,0.30073260073260094,0.02656840076602472,449.3331461634377
ENSG00000215251,FASTKD5,5,0.26574752408085633,0.00746254953017182,330.9533108602867
ENSG00000273489,ENSG00000273489,5,0.2884398317731651,0.020695330612891777,311.5065409277096
ENSG00000285834,ENSG00000285834,5,0.26112739112738853,0.01326743475409277,335.69744652884845
ENSG00000256234,SSPN-AS1,5,0.2631845520734401,0.005508146772260587,295.46753560615593
ENSG00000233056,ERVH48-1,5,0.2761416361416355,0.008557286760123151,536.7098973715752
ENSG00000225889,ENSG00000225889,5,0.2842830009496676,0.056713309032376515,621.4401265683242
ENSG00000236989,ENSG00000236989,5,0.258675213675212,0.003792691961835444,909.0794311870625
ENSG00000234377,OBI1-AS1,5,0.26270790937457367,0.046746151207358,667.2171469416139
ENSG00000285985,LINC02689,5,0.2698209198209185,0.006315345460409815,758.009685820479
ENSG00000260288,ENSG00000260288,5,0.2936480803147464,0.01475507672934836,596.3187903285449
ENSG00000260338,LINC01570,5,0.26526387193053713,0.006261463536895295,279.9260488321026
ENSG00000226332,ENSG00000226332,5,0.2641694930583814,0.005227916194111061,279.6498101668797
ENSG00000278041,ENSG00000278041,5,0.24343553565775627,0.002040879242005608,751.0697590374887
ENSG00000267059,ENSG00000267059,5,0.26455569122235584,0.0051484251135040975,376.63363036970253
ENSG00000226031,FGF13-AS1,5,0.2591005291005264,0.00390196893127917,685.6790422226122
ENSG00000214756,CSKMT,5,0.28094288427621716,0.018531006918536645,200.750860799826
ENSG00000260260,SNHG19,5,0.29595577262243855,0.020715952723254997,263.6694722830722
ENSG00000242372,EIF6,5,0.24937774159996165,0.0038996290882960124,311.9476276612869
ENSG00000261324,ENSG00000261324,5,0.27422330755664,0.009465160751044732,344.3245113177234
ENSG00000242114,MTFP1,5,0.3076651743318417,0.02751198094977308,1597.2964854550262
ENSG00000251273,LINC02228,5,0.27171415004748356,0.00791849884673237,379.5990754273901
ENSG00000288632,ENSG00000288632,5,0.26875593542260046,0.01493605842720671,867.0104859871288
ENSG00000241484,ARHGAP8,5,0.24752001085334108,0.07226205857852977,125.65912529704923
ENSG00000261934,PCDHGA9,5,0.2765979288201517,0.00992727848947035,365.0537485149044
ENSG00000227954,TARID,5,0.27319766653099864,0.00979217195585615,428.940393839312
ENSG00000287963,ENSG00000287963,5,0.29865282865282755,0.023780563288686475,106.07672371210127
ENSG00000287836,ENSG00000287836,5,0.2723816307149638,0.007736537530730188,169.54131237067296
ENSG00000206190,ATP10A,5,0.28181522181522195,0.011304331500769548,2048.2492138513758
ENSG00000287721,ENSG00000287721,5,0.2579518835074375,0.003746985415751368,927.0490530308207
ENSG00000206341,HLA-H,5,0.2862596662596666,0.011263697476275283,637.9045667631082
ENSG00000261740,BOLA2-SMG1P6,5,0.26617962284628827,0.006238067888698931,359.7141828726703
ENSG00000287392,ENSG00000287392,5,0.2922032288698959,0.038259603087452,801.1862772244733
ENSG00000225330,ENSG00000225330,5,0.2184316917650264,0.06083220972152526,34.85674885058957
ENSG00000260719,ENSG00000260719,5,0.2689472256138907,0.013796013738156246,91.02585931147608
ENSG00000213185,FAM24B,5,0.2709510242843564,0.007759517328061491,346.6620297662049
ENSG00000285625,ENSG00000285625,5,0.2882349749016414,0.021523731933726153,457.2926154469083
ENSG00000285688,ENSG00000285688,5,0.28569529236195945,0.01076795211898763,968.9373510586385
ENSG00000227392,HPN-AS1,5,0.26325057658390755,0.007869614604895768,930.7378914651226
ENSG00000253368,TRNP1,5,0.299211775878444,0.03808870669037216,1854.3417637770197
ENSG00000236305,SLC12A9-AS1,5,0.28081400081400015,0.014771258237912092,336.33487753421565
ENSG00000241336,LINC01487,5,0.25490435490435165,0.008637555104170334,192.99341852013782
ENSG00000226887,ERVMER34-1,5,0.2701248134581454,0.00812100959298701,455.2552321080381
ENSG00000286905,ENSG00000286905,5,0.2866490299823635,0.013297154630181551,552.4314557224294
ENSG00000279583,ENSG00000279583,5,0.2613234296567619,0.006983762060189861,294.5035913986744
ENSG00000253485,PCDHGA5,5,0.2610758377425023,0.004457974168555586,583.7575032744064
ENSG00000272752,STAG3L5P-PVRIG2P-PILRB,5,0.2702672636005956,0.007420704019779628,161.63954820438076
ENSG00000253807,LINC01170,5,0.27087369420702617,0.022079822697023306,443.3533924558356
ENSG00000287149,ENSG00000287149,5,0.28348663681997044,0.011888038770501663,366.0377014170781
ENSG00000172602,RND1,5,0.2588956722290022,0.015571059625016337,126.68393311654144
ENSG00000198468,FLVCR1-DT,5,0.28370506037172705,0.018144106278427316,458.01967201313715
ENSG00000147676,MAL2,5,0.2630837064170373,0.18980521751413124,48.27208068828958
ENSG00000148288,GBGT1,5,0.2732546465879787,0.012826958992770778,521.38302802664
ENSG00000148335,NTMT1,5,0.28449328449328426,0.018991933964427166,829.1314383681203
ENSG00000148841,ITPRIP,5,0.2946737213403875,0.018629926408000305,339.6397823788011
ENSG00000102879,CORO1A,5,0.2538739655406299,0.005455222576220236,251.13579823258837
ENSG00000102445,RUBCNL,5,0.28130240130240103,0.011262548903510312,359.2973327929718
ENSG00000149054,ZNF215,5,0.21578483245150112,0.038861769889762636,52.90784566026183
ENSG00000149782,PLCB3,5,0.26562203228869713,0.01258423609444653,686.2582473880316
ENSG00000149926,TLCD3B,5,0.24788902455568781,0.0032932563841426223,434.2806869625303
ENSG00000150556,LYPD6B,5,0.2833998100664767,0.03264414754096626,630.5826623736082
ENSG00000102290,PCDH11X,5,0.23117758784425413,0.1523106551457726,2.5391591152235815
ENSG00000151224,MAT1A,5,0.28756071089404456,0.011842205465650497,702.1420277891493
ENSG00000151882,CCL28,5,0.26308008863564314,0.004576990979600705,263.4338379505319
ENSG00000152208,GRID2,5,0.23483787817121005,0.10984521980156042,25.775523610446267
ENSG00000152939,MARVELD2,5,0.26524759191425645,0.011852504543838089,2575.7371340641926
ENSG00000153485,LYSET,5,0.2539519739519709,0.009477183559971838,585.6837543606243
ENSG00000154118,JPH3,5,0.27115045448378633,0.022287871082506853,338.4628073292217
ENSG00000154237,LRRK1,5,0.296715506715507,0.019075005660845166,948.2543836516585
ENSG00000103024,NME3,5,0.27272690272690175,0.009600249242401729,280.8368780389943
ENSG00000103042,SLC38A7,5,0.2825559625559623,0.013403085648451071,327.2878905340684
ENSG00000155367,PPM1J,5,0.2822764889431554,0.012177864940462652,394.6015944758537
ENSG00000147601,TERF1,5,0.23628679962013116,0.14573423231417895,3.1784361716974647
ENSG00000142347,MYO1F,5,0.24583163749830222,0.001963149357243365,371.84064548301876
ENSG00000142405,NLRP12,5,0.2512474562474543,0.005722349172323033,288.65325056373314
ENSG00000142544,CTU1,5,0.2854958621625295,0.012060185844816492,905.0866443548
ENSG00000142675,CNKSR1,5,0.273372676706009,0.009029889852258152,599.822199026243
ENSG00000143297,FCRL5,5,0.2559191425858066,0.008384784435228977,1120.6202526638576
ENSG00000143412,ANXA9,5,0.22668814724370193,0.0015330606072829097,244.91025125953897
ENSG00000143768,LEFTY2,5,0.25956993623660035,0.004785492014694637,658.0476561188849
ENSG00000144591,GMPPA,5,0.26609822276488726,0.017271471192158903,380.3185669276472
ENSG00000144649,GASK1A,5,0.28229819563152836,0.0992985831874486,1706.7510725299928
ENSG00000144659,SLC25A38,5,0.258548365215029,0.004457473964833682,395.51287378228193
ENSG00000144908,ALDH1L1,5,0.268677248677247,0.006511751433360064,525.6112782142684
ENSG00000145075,ENSG00000145075,5,0.2665425315425305,0.00597748094182225,241.16627336392025
ENSG00000145626,UGT3A1,5,0.27109347442680615,0.007758803271336255,273.66983360152676
ENSG00000103257,SLC7A5,5,0.2616619183285821,0.09927031599944662,519.0461041700675
ENSG00000145990,GFOD1,5,0.2457034323700955,0.03566674882652726,388.28250228881626
ENSG00000146215,CRIP3,5,0.2842273775607112,0.011878748946799807,708.4496616288026
ENSG00000147059,SPIN2A,5,0.27318477818477777,0.007090983425523837,498.19346337525053
ENSG00000154832,CXXC1,5,0.29040021706688346,0.0201224380295203,897.0736270326925
ENSG00000101945,SUV39H1,5,0.2163356396689718,0.001970376034422565,240.26713326554884
ENSG00000090674,MCOLN1,5,0.2766490299823631,0.007275362716299169,745.6928838278973
ENSG00000164076,CAMKV,5,0.25932709266042336,0.011454716902269228,827.8285018420015
ENSG00000099977,DDT,5,0.2951064984398318,0.016265417754289017,1398.551573171996
ENSG00000099821,POLRMT,5,0.257874101207432,0.004257119533822698,784.007546840004
ENSG00000164430,CGAS,5,0.2885944919278259,0.036946556349838885,1069.4197644286994
ENSG00000164749,HNF4G,5,0.28247998914665584,0.012520952096180182,303.2537705079404
ENSG00000165349,SLC7A3,5,0.2827635327635324,0.052738737562699325,3224.3988791644583
ENSG00000096433,ITPR3,5,0.29098765432098767,0.06761284023567166,1388.198162442367
ENSG00000166342,NETO1,5,0.2545217745217716,0.15784759752271024,106.8649482466715
ENSG00000166501,PRKCB,5,0.2797150997150985,0.06094886108701757,3790.0725851081634
ENSG00000167118,URM1,5,0.26534798534798343,0.0056706156496905274,2659.4299066483586
ENSG00000167394,ZNF668,5,0.2812169312169309,0.011272162518011199,719.6050460003942
ENSG00000167447,SMG8,5,0.26302129968796384,0.007363707665595994,131.44008609221945
ENSG00000167716,WDR81,5,0.273429656762989,0.012551693876871346,575.3964884071199
ENSG00000092200,RPGRIP1,5,0.27626916293582887,0.006213409697081212,1062.7842585709093
ENSG00000168004,PLAAT5,5,0.2707570207570192,0.009650848894037754,541.1395607484004
ENSG00000168286,THAP11,5,0.24863519196852246,0.002269956268568572,544.7725982088505
ENSG00000091073,DTX2,5,0.29183421516754826,0.016100772266413033,1043.0679669396498
ENSG00000168389,MFSD2A,5,0.29534798534798545,0.02090374703451855,376.2211304346621
ENSG00000164089,ETNPPL,5,0.2643203093203084,0.00482270749882918,696.690137530045
ENSG00000100029,PES1,5,0.25164970831637207,0.0057645200517932125,484.38587681573006
ENSG00000101842,VSIG1,5,0.2610900827567481,0.004594411709803733,332.4936177508454
ENSG00000163888,CAMK2N2,5,0.2567121150454473,0.0037984610476143525,290.0553587534049
ENSG00000101638,ST8SIA5,5,0.2537125220458533,0.003497375177991577,484.8357869047349
ENSG00000157601,MX1,5,0.27129426129425943,0.013766380074838809,453.2660260201522
ENSG00000158457,TSPAN33,5,0.28053859720526364,0.012469482321060103,503.0335905869943
ENSG00000159167,STC1,5,0.28467372134038815,0.02673902038064072,316.45498808105737
ENSG00000159228,CBR1,5,0.23758784425450863,0.13743813451822576,13.498768792921531
ENSG00000101017,CD40,5,0.28134988468321787,0.010252843370594285,568.8778978602661
ENSG00000100889,PCK2,5,0.2767901234567892,0.04840588322360767,418.11322532609904
ENSG00000160446,ZDHHC12,5,0.25593067426400606,0.0031804687635334354,335.8899424880301
ENSG00000160888,IER2,5,0.28961063627730316,0.03079242873632328,870.7865038453374
ENSG00000112759,SLC29A1,5,0.26627730294396756,0.04603431001517343,216.65223669812835
ENSG00000100092,SH3BP1,5,0.244455297788628,0.003903402897140928,1227.8910127702602
ENSG00000163050,COQ8A,5,0.27156423823090364,0.010945552558292588,851.3558119692277
ENSG00000163376,KBTBD8,5,0.2727065527065514,0.019206237995423776,738.980277550674
ENSG00000163528,CHCHD4,5,0.2524135124135094,0.003987265085956064,1446.349435356052
ENSG00000163584,RPL22L1,5,0.2433903133903105,0.07710698967110859,65.51698878362117
ENSG00000163666,HESX1,5,0.278092524759191,0.013124571870276013,1088.517503425098
ENSG00000163827,LRRC2,5,0.30062678062678205,0.0432315984735439,823.224121450941
ENSG00000141682,PMAIP1,5,0.27425993759326933,0.1474702123829458,418.95674629532385
ENSG00000141384,TAF4B,5,0.2483950617283922,0.18314734271384994,38.47291120990062
ENSG00000140545,MFGE8,5,0.23062813729480228,0.05171775679752026,769.5558674041094
ENSG00000110446,SLC15A3,5,0.29127391127391167,0.01517864307202062,643.890401730249
ENSG00000123395,ATG101,5,0.27334961334961205,0.011468711794396425,980.5241354798281
ENSG00000124217,MOCS3,5,0.27543888210554834,0.008417537126583196,646.3756671363158
ENSG00000124507,PACSIN1,5,0.2888888888888891,0.04921417895168691,3452.9890890469615
ENSG00000109832,DDX25,5,0.26252815086148285,0.008438407089660035,110.37553926190874
ENSG00000124688,MAD2L1BP,5,0.2810609143942477,0.009904897456229947,782.0079687048851
ENSG00000125170,DOK4,5,0.27383801383801304,0.007092626459739285,614.8651300707829
ENSG00000125454,SLC25A19,5,0.2624949124949102,0.004100084421035725,1710.045543199627
ENSG00000108950,FAM20A,5,0.2609686609686581,0.008470296790487681,792.0134893951118
ENSG00000125817,CENPB,5,0.27170126170126063,0.007903446369284813,293.6462112833045
ENSG00000108788,MLX,5,0.27086555419888636,0.008724032819053587,147.28736834193617
ENSG00000125864,BFSP1,5,0.2663980463980445,0.006663845145872856,529.6119123330054
ENSG00000126062,TMEM115,5,0.28722900556233927,0.019775915610441896,266.1164387135475
ENSG00000126803,HSPA2,5,0.2850535883869219,0.014470967378227326,296.16047112501724
ENSG00000126878,AIF1L,5,0.24216117216116942,0.16564397592215582,20.664771812111752
ENSG00000126953,TIMM8A,5,0.2531067697734332,0.004814581017062412,295.37073272442007
ENSG00000127423,AUNIP,5,0.2634160900827547,0.0066045073364668985,483.0006727926567
ENSG00000128805,ARHGAP22,5,0.24722968389634734,0.06887169816924715,132.28095792818343
ENSG00000121316,PLBD1,5,0.27067562067561934,0.010326671567141857,319.23303431815356
ENSG00000121207,LRAT,5,0.2503581603581572,0.08240199168154388,101.64102365670382
ENSG00000140511,HAPLN3,5,0.27952516619183215,0.03590050872638065,1108.1130197050002
ENSG00000120669,SOHLH2,5,0.25733279066612097,0.011286509345827233,482.18108662721926
ENSG00000112651,MRPL2,5,0.28346832180165565,0.021327263551948316,80.85675071861255
ENSG00000113119,TMCO6,5,0.26584723918057046,0.009530334186372225,658.4902859981277
ENSG00000112499,SLC22A2,5,0.256806855695744,0.006019192475416255,235.20440658393233
ENSG00000112110,MRPL18,5,0.2570953737620374,0.005692642395714664,246.4893835823916
ENSG00000113763,UNC5A,5,0.27480260480260366,0.011488407054637429,922.8037813861356
ENSG00000111752,PHC1,5,0.2394505494505473,0.1493715884887673,74.01694864990773
ENSG00000115295,CLIP4,5,0.2584873151539793,0.006760272988978336,1015.5407383689106
ENSG00000115539,PDCL3,5,0.25882512549179,0.011503553526385435,87.10752417042492
ENSG00000115648,MLPH,5,0.30035273368606846,0.03199123123821738,1919.1257380078762
ENSG00000115705,TPO,5,0.2834683218016557,0.012382891606443087,266.352059983299
ENSG00000115828,QPCT,5,0.282043142043142,0.009690738791135097,423.33541362532594
ENSG00000116254,CHD5,5,0.26916225749559,0.007535140839320295,266.14757166304355
ENSG00000111424,VDR,5,0.24868606701939802,0.003334392853458565,255.59114400710268
ENSG00000117280,RAB29,5,0.2926889160222487,0.015932496919028073,627.0843391735201
ENSG00000110719,TCIRG1,5,0.27311626644959874,0.007344019495313818,347.1432062964481
ENSG00000117984,CTSD,5,0.2558947225613863,0.006864534366996749,1803.0893612095426
ENSG00000118515,SGK1,5,0.26587572920906044,0.008681216934751235,561.1414059673762
ENSG00000108639,SYNGR2,5,0.2922337539004203,0.021903952392708072,545.1346149579782
ENSG00000130165,ELOF1,5,0.27362908696241944,0.00879009076031461,277.2417195737893
ENSG00000107815,TWNK,5,0.2555799755799727,0.024525956173560803,474.29271156646905
ENSG00000130876,SLC7A10,5,0.261665309998642,0.0044211992307587955,344.0653238870809
ENSG00000135842,NIBAN1,5,0.23883055216388255,0.05647254840206908,35.28238352387303
ENSG00000105499,PLA2G4C,5,0.2603391670058309,0.012764267299878819,165.96081242672915
ENSG00000135926,TMBIM1,5,0.28773165106498494,0.014972593350839874,260.9683768836096
ENSG00000136237,RAPGEF5,5,0.22565323565323492,0.08038021918914168,77.91613209091054
ENSG00000105281,SLC1A5,5,0.24157373490706507,0.06774220571816016,298.49113076239024
ENSG00000137124,ALDH1B1,5,0.27527201193867773,0.01917315204222536,252.41052149239073
ENSG00000137193,PIM1,5,0.2602062135395445,0.011278996385808588,340.1767100372893
ENSG00000137460,FHDC1,5,0.2668281101614412,0.07335445375353353,445.50097641238517
ENSG00000138134,STAMBPL1,5,0.2810080043413372,0.013840505543881136,607.0774743173253
ENSG00000105258,POLR2I,5,0.3081020214353557,0.032167809948600565,393.6596890824858
ENSG00000105173,CCNE1,5,0.29035273368606734,0.01572546973058897,782.7872128122137
ENSG00000104907,TRMT1,5,0.2691642924976243,0.02366337193311644,1198.2453141186804
ENSG00000139835,GRTP1,5,0.22614570614570692,0.10476519188235907,18.696643301391187
ENSG00000140090,SLC24A4,5,0.2961836928503588,0.014634217859056033,1092.576705575901
ENSG00000104472,CHRAC1,5,0.28409442409442365,0.018370297096239146,245.11872196615448
ENSG00000104361,NIPAL2,5,0.2719861619861607,0.011094309394877726,672.5451371293935
ENSG00000140470,ADAMTS17,5,0.27259259259259144,0.021263471382745605,473.9808192279994
ENSG00000135750,KCNK1,5,0.27872880206213463,0.021010157629369076,698.0293920679824
ENSG00000135605,TEC,5,0.2595278795278765,0.09875747728461218,649.0260599580096
ENSG00000105643,ARRDC2,5,0.2760283543616873,0.008985207558708647,1027.840772100728
ENSG00000133106,EPSTI1,5,0.23018586351919487,0.007313091093874205,562.2763750286573
ENSG00000131459,GFPT2,5,0.2437471170804475,0.1616603789783115,42.860567219506265
ENSG00000131979,GCH1,5,0.2725668159001478,0.01491645702935209,239.34449609209275
ENSG00000132164,SLC6A11,5,0.276639533306199,0.015362113433445335,116.58867715687616
ENSG00000132382,MYBBP1A,5,0.2648962148962127,0.10201746503996265,236.17660035882523
ENSG00000106348,IMPDH1,5,0.25549043549043293,0.0033048901225558886,3535.106377664037
ENSG00000132749,TESMIN,5,0.27220322886989384,0.03850542316313269,455.1565200605098
ENSG00000106327,TFR2,5,0.2875037308370646,0.008667601816511203,1060.7673075068158
ENSG00000133138,TBC1D8B,5,0.2752326685660005,0.058126507136416476,1196.5848824183884
ENSG00000135378,PRRG4,5,0.2762596662596656,0.007403409788791327,1273.6732383428966
ENSG00000133454,MYO18B,5,0.2518328584995216,0.02512704662734146,649.7596158122874
ENSG00000133636,NTS,5,0.2801071767738442,0.014308888573075149,182.71353379958762
ENSG00000106128,GHRHR,5,0.27617962284628894,0.008368643882758603,550.6949837280258
ENSG00000134873,CLDN10,5,0.2840089540089538,0.02037733978816181,458.9430372554436
ENSG00000135116,HRK,5,0.29302129968796586,0.014522304885062391,669.6587993868933
ENSG00000105671,DDX49,5,0.29672500339166896,0.028320727519615112,175.49032792879885
ENSG00000135324,MRAP2,5,0.2614584181250823,0.01602149488355379,473.31689814779764
ENSG00000168894,RNF181,5,0.2511938678605319,0.007901723705338322,265.49956214870485
ENSG00000161405,IKZF3,5,0.2637909826798711,0.005280732451740272,1106.9564602298444
ENSG00000183479,TREX2,5,0.2707041107041092,0.011488681338838812,421.54483918686066
ENSG00000179331,RAB39A,5,0.25561389228055575,0.10189291899893722,578.3499635731858
ENSG00000086475,SEPHS1,5,0.2553941120607757,0.16798731793438054,130.6655514316584
ENSG00000188603,CLN3,5,0.26778930945597507,0.009054563310758787,146.18102155019335
ENSG00000086570,FAT2,5,0.28252747252747273,0.009649594702779492,635.8907849301214
ENSG00000173366,ENSG00000173366,5,0.2791086691086693,0.00828308309684188,528.9150316421963
ENSG00000072818,ACAP1,5,0.28896621896621905,0.014964539756728318,351.8385312895291
ENSG00000179041,RRS1,5,0.25554605887938914,0.05770623218854287,105.40495190003874
ENSG00000072506,HSD17B10,5,0.2757332790666112,0.0159109348467074,457.67645687541733
ENSG00000179115,FARSA,5,0.2934581467914789,0.020172455629131888,333.6217653588398
ENSG00000173281,PPP1R3B,5,0.28945054945055015,0.022564710016546845,364.2035370388395
ENSG00000188760,TMEM198,5,0.30218559218559293,0.022364842351620895,719.4854282256576
ENSG00000173262,SLC2A14,5,0.2788848188848182,0.018916880560655835,1258.5882282690523
ENSG00000089847,ANKRD24,5,0.27861484194817443,0.014244190347235354,282.1315851118972
ENSG00000050344,NFE2L3,5,0.2484561117894418,0.17719421121207676,37.15044418685876
ENSG00000188976,NOC2L,5,0.25486501153167507,0.005913310943894467,982.7720203073975
ENSG00000173113,TRMT112,5,0.25172161172160856,0.005390433977086231,229.08843957342953
ENSG00000173077,DELEC1,5,0.2707624474291124,0.014701622690016987,57.39640116326483
ENSG00000185436,IFNLR1,5,0.2959842626509291,0.01730211085054422,801.0055891012807
ENSG00000072315,TRPC5,5,0.29887125220458566,0.024600922894985677,223.58514359370577
ENSG00000172936,MYD88,5,0.2972669922669902,0.021771599857734726,637.3804307763669
ENSG00000179841,AKAP5,5,0.2872663139329804,0.022204807265021692,168.074505833181
ENSG00000186019,ZNF225-AS1,5,0.2852815086148422,0.01189213493550965,743.4014186609595
ENSG00000196187,TMEM63A,5,0.2452475919142554,0.053620854473526686,145.00253480330989
ENSG00000178150,ZNF114,5,0.2840279473612809,0.009739294248620004,2126.607516020908
ENSG00000188295,ZNF669,5,0.25293582960249406,0.007365745330812084,118.79459622112076
ENSG00000177706,FAM20C,5,0.2501478768145401,0.0282489558019091,165.8554924178799
ENSG00000030110,BAK1,5,0.24843169176502264,0.0041571138219225826,218.6830639069418
ENSG00000175538,KCNE3,5,0.2826414326414322,0.015535222137680313,304.2120312937174
ENSG00000175040,CHST2,5,0.26925111925111783,0.007833281716513029,263.1686581020146
ENSG00000186838,SELENOV,5,0.27302129968796507,0.013759635874913865,357.0254300382879
ENSG00000174939,ASPHD1,5,0.28610771944105323,0.023987213778160415,1260.2353233512188
ENSG00000187051,RPS19BP1,5,0.2488861755528389,0.0033274927251837768,692.0765324181405
ENSG00000074276,CDHR2,5,0.2684208384208371,0.005890955525471879,594.7144474237581
ENSG00000187664,HAPLN4,5,0.2772568172568168,0.010028744265578943,396.41019369423714
ENSG00000174749,FAM241A,5,0.2872147605480944,0.01565186533145674,479.6631406297494
ENSG00000175756,AURKAIP1,5,0.26622167955501125,0.008211770652093307,1404.9407458518297
ENSG00000174600,CMKLR1,5,0.24716117216116956,0.004619650259817722,204.49711145690875
ENSG00000187867,PALM3,5,0.27992538325871635,0.01604270412053084,237.47163828039146
ENSG00000076944,STXBP2,5,0.2852394519061188,0.011162134510450134,858.4828734682611
ENSG00000188060,RAB42,5,0.2956138922805589,0.01662805967183316,710.242501509916
ENSG00000176490,DIRAS1,5,0.28401709401709424,0.010561853945994348,3068.799346838461
ENSG00000073536,NLE1,5,0.30061457061457064,0.02781611309401777,487.13752352214095
ENSG00000081052,COL4A4,5,0.25726767060100075,0.008076684932808827,182.52114570217879
ENSG00000176834,VSIG10,5,0.24936507936507643,0.18260917414333286,47.312053860739766
ENSG00000081692,JMJD4,5,0.28985890652557345,0.01656268164048326,451.3261334625859
ENSG00000174004,NRROS,5,0.2510735766291304,0.002384726444529898,727.9518041480379
ENSG00000173698,ADGRG2,5,0.29283950617283905,0.06776516247664377,1547.799972672863
ENSG00000177283,FZD8,5,0.28436982770316127,0.009155106954383515,748.5712577256536
ENSG00000172216,CEBPB,5,0.2854619454619457,0.012361108024682788,1083.7646008222096
ENSG00000089820,ARHGAP4,5,0.26942205942205777,0.010139745077652437,242.14362738716525
ENSG00000171812,COL8A2,5,0.28178876678876735,0.010871817913913515,816.6767115611542
ENSG00000197776,KLHDC1,5,0.2880165513498851,0.011738544549206182,2018.6508358992776
ENSG00000184924,PTRHD1,5,0.28090421923755293,0.02216980563564971,123.16694104779411
ENSG00000184908,CLCNKB,5,0.2737199837199824,0.013228043015245843,1332.0776927217164
ENSG00000170425,ADORA2B,5,0.27810744810744714,0.013264906927028915,745.5082557269743
ENSG00000197099,HRG-AS1,5,0.2906091439424771,0.012620473647826404,405.9701363126843
ENSG00000169972,PUSL1,5,0.2891941391941392,0.015329486102895862,251.25785961967014
ENSG00000064601,CTSA,5,0.29575634242300847,0.024886475458206624,337.00392774332244
ENSG00000197444,OGDHL,5,0.2961836928503599,0.023244674666311096,461.97193893971126
ENSG00000169836,TACR3,5,0.2816049382716047,0.0504268615328883,924.3665556672412
ENSG00000170855,TRIAP1,5,0.2770478903812231,0.01010313806027442,655.7683516434297
ENSG00000169682,SPNS1,5,0.26721883055216283,0.0059424661700078,1072.2786745888636
ENSG00000169618,PROKR1,5,0.26928096594763107,0.009171806720115734,229.22024040231065
ENSG00000184378,ACTRT3,5,0.27600868267534856,0.011959763436723435,561.194747892974
ENSG00000184281,TSSC4,5,0.27525844525844473,0.010025404629059506,177.9249769515876
ENSG00000169612,RAMAC,5,0.30154931488264725,0.02419163235090688,277.1169742863046
ENSG00000183783,KCTD8,5,0.24311897978564384,0.15541228097219884,10.954396148171636
ENSG00000183199,HSP90AB3P,5,0.2603873287206607,0.005436422105796637,305.10416888101406
ENSG00000170684,ZNF296,5,0.2923049789716453,0.020191937902949965,470.9271241809515
ENSG00000170703,TTLL6,5,0.26709537376203873,0.00733681810351901,514.4436199740687
ENSG00000014257,ACP3,5,0.2673436440103088,0.009762889877282774,288.10327129091866
ENSG00000013306,SLC25A39,5,0.2633211233211212,0.013192012890732836,713.5229224524421
ENSG00000196517,SLC6A9,5,0.30361959028625835,0.028593210157048986,418.60052688149926
ENSG00000184967,NOC4L,5,0.28379595712929045,0.016747335010565696,245.2896473607184
ENSG00000171608,PIK3CD,5,0.28179622846289465,0.023041434994662338,341.6887915999397
ENSG00000180815,MAP3K15,5,0.30041514041514117,0.02373258127399346,459.7307634680736
ENSG00000090376,IRAK3,5,0.25296024962691366,0.003272082567594071,1405.779761985412
ENSG00000196976,LAGE3,5,0.29308370641703924,0.025039705061833704,142.92220463827243
ENSG00000180921,FAM83H,5,0.2718382851716169,0.03335432716472637,969.1556253350822
ENSG00000175213,ZNF408,5,0.2615832315832289,0.007912161579626284,872.4686388117151
ENSG00000105676,ARMC6,4,0.2609130375797017,0.0068159884366287395,186.63897058472887
ENSG00000040487,SLC66A1,4,0.26193935693935533,0.004454395950988944,202.49054033514764
ENSG00000215274,GAGE10,4,0.2599253832587142,0.005207890897372324,1971.5769643015326
ENSG00000185298,CCDC137,4,0.2468389635056271,0.02723063072116244,82.58573478407112
ENSG00000106077,ABHD11,4,0.28761769095102513,0.014061179154228479,836.2335543450976
ENSG00000135063,ENTREP1,4,0.2713498846832167,0.01487907865800984,449.06222965211913
ENSG00000184261,KCNK12,4,0.24212996879663162,0.0034906932151409094,715.7351493200126
ENSG00000185668,POU3F1,4,0.23226563559896465,0.005891209706872742,660.4118393241476
ENSG00000213799,ZNF845,4,0.282128612128612,0.012903331728426287,474.3254231773303
ENSG00000284606,ENSG00000284606,4,0.26682946682946507,0.008495571618961388,444.9609577315349
ENSG00000135632,SMYD5,4,0.2427472527472497,0.00503590549512446,165.25038437391586
ENSG00000185885,IFITM1,4,0.25493013159679545,0.0047843120184420575,203.71349419460907
ENSG00000105518,TMEM205,4,0.258234974901639,0.005365387774946682,405.6070674443921
ENSG00000136950,ARPC5L,4,0.2596879663546305,0.005567303057898025,335.7335357789875
ENSG00000105447,GRWD1,4,0.2661741961741946,0.00983999998924279,299.15888690029345
ENSG00000213468,FIRRE,4,0.231507258173924,0.11432967781433961,5.969040364665694
ENSG00000106305,AIMP2,4,0.25943019943019663,0.018846907156084357,459.7767614774761
ENSG00000136270,TBRG4,4,0.26649572649572484,0.016577187880524046,523.9762839401251
ENSG00000184524,CEND1,4,0.23995590828923916,0.003686309989213788,73.39466932476633
ENSG00000133985,TTC9,4,0.2277397910731242,0.10440364718438673,6.740356315039473
ENSG00000213516,RBMXL1,4,0.2757075023741683,0.018270043587902518,814.0578626695551
ENSG00000257949,TEN1,4,0.2632302265635577,0.007375497850430953,290.6108964956125
ENSG00000050628,PTGER3,4,0.2590910324243628,0.006618386986549514,202.1907424518668
ENSG00000283554,LINC02341,4,0.23844729344729118,0.0019304744377937348,335.24587450507255
ENSG00000259291,ZNF710-AS1,4,0.2421625288291921,0.0031665852451790637,1036.8829636019827
ENSG00000185803,SLC52A2,4,0.28000135666802317,0.009666160522333357,942.7293471707447
ENSG00000133488,SEC14L4,4,0.26239451906118344,0.007907233181581071,156.63076954749025
ENSG00000214336,FOXI3,4,0.253851580518244,0.008273113206846218,209.81812018372216
ENSG00000280752,LINC00850,4,0.2434789490345028,0.002219554710273552,326.3026196638389
ENSG00000213588,ZBTB9,4,0.2527418260751564,0.004540424526205644,328.0495458503159
ENSG00000213638,ADAT3,4,0.2687871387871371,0.00892268611099639,536.3025271078212
ENSG00000142185,TRPM2,4,0.24994754216976267,0.00301988371808728,199.31953336736743
ENSG00000186787,SPIN2B,4,0.26059150725817254,0.005483747134718175,196.70306494367
ENSG00000270299,ENSG00000270299,4,0.26160222493555585,0.01126260070514465,83.28232783521024
ENSG00000109917,ZPR1,4,0.2404205670872303,0.0025094598241914693,472.9381311390949
ENSG00000110200,ANAPC15,4,0.24845475512141915,0.003972139426546879,265.54937798474685
ENSG00000121690,DEPDC7,4,0.2672283272283256,0.006704479378608288,109.23655447351548
ENSG00000014914,MTMR11,4,0.27509157509157434,0.008391866661907905,322.2932202578058
ENSG00000121236,TRIM6,4,0.2729114095780746,0.023080978821632802,264.4134176461261
ENSG00000276570,ENSG00000276570,4,0.26139329805996336,0.0048489777422266395,866.6150142283661
ENSG00000110717,NDUFS8,4,0.2525993759327064,0.0045576148723423145,361.7542679565776
ENSG00000269352,PTOV1-AS2,4,0.265485461041016,0.006707679592373842,200.2761677225793
ENSG00000119227,PIGZ,4,0.28242843576176896,0.01422330055731291,161.17636369145464
ENSG00000196990,FAM163B,4,0.2471516754850067,0.003623723120811495,196.0678477588499
ENSG00000203279,ENSG00000203279,4,0.24636955636955277,0.006726139093034512,241.2844940397374
ENSG00000197063,MAFG,4,0.27153574820241333,0.016647584173198945,15.904180278254302
ENSG00000117598,PLPPR5,4,0.26471170804503963,0.0064201639787653,224.98388449679706
ENSG00000111321,LTBR,4,0.25916632749965907,0.004975491954524954,124.44879468207364
ENSG00000290803,ENSG00000290803,4,0.2509238909238887,0.005366156147607878,235.33602601749166
ENSG00000008083,JARID2,4,0.23698819698819498,0.10766154623299799,5.625687185033465
ENSG00000271383,NBPF19,4,0.27303079636412914,0.010462649203423127,107.13058980327607
ENSG00000007314,SCN4A,4,0.2676068376068359,0.0104755673576468,394.8432798870828
ENSG00000198783,ZNF830,4,0.2431935965269269,0.0027761457370662503,1830.7373558680586
ENSG00000272414,FAM47E-STBD1,4,0.2638475105141751,0.006263911154393397,365.23817703024173
ENSG00000197971,MBP,4,0.27226970560303754,0.03009207844417065,792.2586582446027
ENSG00000198042,MAK16,4,0.2556600189933493,0.047543000519296254,967.6858921793594
ENSG00000291299,ENSG00000291299,4,0.25780762447428823,0.004630470745229434,397.8478347031668
ENSG00000006128,TAC1,4,0.2717012617012605,0.00713638420422596,561.2706090695295
ENSG00000113303,BTNL8,4,0.23224845113733747,0.0013708545542283743,235.01306319332437
ENSG00000198464,ZNF480,4,0.22050739384072665,0.05357496643426959,55.432664359333025
ENSG00000198546,ZNF511,4,0.2424270790937432,0.002084043272213356,767.3286240635632
ENSG00000273899,NOL12,4,0.2761552028218692,0.007578961056870069,362.83962240450586
ENSG00000277449,CEBPB-AS1,4,0.2532553249219898,0.0040080649222738116,314.37928960873563
ENSG00000123560,PLP1,4,0.2706471306471293,0.01524484504147851,522.2065609349393
ENSG00000266970,SOCS3-DT,4,0.27193867860534454,0.006929983835730582,269.06620781874176
ENSG00000124491,F13A1,4,0.2741514041514032,0.009665929591942133,155.3440542134788
ENSG00000130479,MAP1S,4,0.24203907203906921,0.0030647674728629098,88.20885440108995
ENSG00000130312,MRPL34,4,0.24642653642653334,0.0044153195219476535,475.34326048262733
ENSG00000130305,NSUN5,4,0.3014163614163611,0.035997100801073705,16.45857668582324
ENSG00000261348,LINC02136,4,0.2672812372812354,0.009744908774842473,192.5093924849949
ENSG00000290960,ENSG00000290960,4,0.2338461538461499,0.03437089943563069,2558.9429384861874
ENSG00000128340,RAC2,4,0.2558960792294097,0.0056430180828252255,211.25475129929154
ENSG00000128335,APOL2,4,0.26489757156423593,0.01031993326593531,159.296363482956
ENSG00000128228,SDF2L1,4,0.2584344051010691,0.0034377526403236883,1006.6014813128553
ENSG00000138669,PRKG2,4,0.25546194546194306,0.004343417752136727,321.13351309619003
ENSG00000261787,TCF24,4,0.24940894496449867,0.0028626110548748253,148.910064795535
ENSG00000188522,FAM83G,4,0.2514548003436869,0.003249289681796987,274.07951687799465
ENSG00000126882,FAM78A,4,0.25228236783792196,0.003079779817145893,168.6763667337683
ENSG00000188747,NOXA1,4,0.21961741961741957,0.0020638114817309165,86.02799656005861
ENSG00000262576,PCDHGA4,4,0.2753859720526385,0.00944499608790622,551.4283031124838
ENSG00000126522,ASL,4,0.24756885090218092,0.006305398410054193,968.6440355201387
ENSG00000204642,HLA-F,4,0.256029484918373,0.00371883250001626,273.4544075141375
ENSG00000125966,MMP24,4,0.26271333604666725,0.006284465248294037,114.02129917580174
ENSG00000279673,ENSG00000279673,4,0.2647542169764388,0.006454821684455152,140.95398574252891
ENSG00000204568,MRPS18B,4,0.27537647537647475,0.010731562321929277,579.4307597323459
ENSG00000204525,HLA-C,4,0.24682811016143985,0.023810761073812425,1008.3209571378568
ENSG00000204516,MICB,4,0.2591086691086665,0.004125748582468979,312.46132563485645
ENSG00000109519,GRPEL1,4,0.27256545923212433,0.013295563227619834,176.6675401511594
ENSG00000109667,SLC2A9,4,0.2645000678334002,0.006649261874623592,129.6265447167576
ENSG00000125355,TMEM255A,4,0.25306471306470996,0.0035356445440518297,2452.0338061478014
ENSG00000189369,GSPT2,4,0.2495929995929963,0.0037445416365059813,365.8815775210927
ENSG00000189420,ZFP92,4,0.253782390449054,0.0033970534967897635,382.10412722872917
ENSG00000196126,HLA-DRB1,4,0.28359652692986065,0.011754501999536178,291.1374994610824
ENSG00000128203,ASPHD2,4,0.24565730565730215,0.0019124380114652405,395.4448705764719
ENSG00000274021,ENSG00000274021,4,0.2519933975489514,0.0036643162533100326,231.3865995272497
ENSG00000139287,TPH2,4,0.25154253154252804,0.007875672149607528,46.25474338816874
ENSG00000174292,TNK1,4,0.26227106227106,0.004880147997752566,398.8351088328798
ENSG00000237149,ZNF503-AS2,4,0.2712318545651874,0.009791498785882032,109.48033137125607
ENSG00000163884,KLF15,4,0.2946547279880619,0.01719874267595005,660.7238268787281
ENSG00000163710,PCOLCE2,4,0.22587165920499103,0.04766093479266491,19.64080136550926
ENSG00000163673,DCLK3,4,0.25426061592728094,0.004705056626025159,47.55031163342867
ENSG00000100065,CARD10,4,0.24518654185320501,0.004113619080884053,194.8511597936756
ENSG00000240342,RPS2P5,4,0.26288427621760796,0.005393761207840939,206.53616355427974
ENSG00000287390,ENSG00000287390,4,0.27116176005064885,0.009164202456017855,214.62645956361217
ENSG00000163378,EOGT,4,0.2735531135531128,0.00810945186241796,210.69008596997713
ENSG00000228956,SATB1-AS1,4,0.28395197395197375,0.020072890771129944,232.66129198752066
ENSG00000287248,ENSG00000287248,4,0.2446262379595678,0.0024353449095130607,301.4177021102839
ENSG00000287200,ENSG00000287200,4,0.2677363994030658,0.006035111325869029,465.06552201007065
ENSG00000161981,SNRNP25,4,0.24296024962691368,0.005600187463236415,53.39292804457854
ENSG00000100263,RHBDD3,4,0.257027540360871,0.011635016626386501,638.324530140253
ENSG00000161920,MED11,4,0.25100732600732395,0.0037306437686658415,207.9213347055486
ENSG00000088386,SLC15A1,4,0.2802089268755926,0.03345414415202319,166.84465328767766
ENSG00000160796,NBEAL2,4,0.25942070275403356,0.014133703826051483,403.0491884849218
ENSG00000100304,TTLL12,4,0.25288698955365274,0.02264457453027623,1268.264001320572
ENSG00000100814,CCNB1IP1,4,0.19880274046941016,0.039959871005366396,1754.6666666666665
ENSG00000160688,FLAD1,4,0.28875729209062495,0.023266831430201793,194.45105223598813
ENSG00000160439,RDH13,4,0.26580382580382383,0.009554062517654036,275.8199685919652
ENSG00000160214,RRP1,4,0.24307420974087457,0.005668396689070111,312.4540658113535
ENSG00000160113,NR2F6,4,0.26283679283679046,0.008668057963544445,128.9789734596362
ENSG00000105248,YJU2,4,0.250487043820374,0.005685809886058624,97.45459357747937
ENSG00000228623,ZNF883,4,0.22912494912494816,0.07157423391322917,16.375218077359822
ENSG00000173486,FKBP2,4,0.2690666123999449,0.008799634875036948,154.77231001931293
ENSG00000158882,TOMM40L,4,0.26014380681047095,0.0068306416635602425,245.0770492543501
ENSG00000101445,PPP1R16B,4,0.2653194953194934,0.011372944294535016,199.58654160605613
ENSG00000171700,RGS19,4,0.2726319359652686,0.007572967084366037,473.8648797005689
ENSG00000229694,ENSG00000229694,4,0.25545719712386217,0.004410279481012458,562.3565555046197
ENSG00000287549,ENSG00000287549,4,0.2271446660335533,0.0010159182702286378,165.17735599716923
ENSG00000233718,MYCNOS,4,0.21677927011260212,0.0005064970797961062,325.44820597578195
ENSG00000169026,SLC49A3,4,0.2532220865554173,0.002584686604554397,312.87974847571945
ENSG00000232258,TMEM114,4,0.2416293582960223,0.0075655322112639315,181.2294390412834
ENSG00000169490,TM2D2,4,0.2572758106091413,0.005458060611062344,320.31639075511725
ENSG00000288880,ENSG00000288880,4,0.2232153032153026,0.04451043490670443,24.926462339350124
ENSG00000168769,TET2,4,0.21191086691087083,0.04737947396408181,5282.83990996665
ENSG00000231776,LINC01611,4,0.2493393026726329,0.0037109243788345683,153.75521589620064
ENSG00000090776,EFNB1,4,0.26830009496676005,0.022145236961290823,1294.023697670183
ENSG00000232838,PET117,4,0.2699165649165641,0.006671241490367669,388.18971233668384
ENSG00000231689,LINC01090,4,0.24209062542395646,0.1340707134757713,7.981528378564186
ENSG00000167779,IGFBP6,4,0.27882376882376825,0.009186809372417103,646.0998712592592
ENSG00000233276,GPX1,4,0.24579025912358904,0.004228922339309463,347.45284227738085
ENSG00000231389,HLA-DPA1,4,0.23592524759191305,0.002677575692580794,150.24126189347058
ENSG00000167515,TRAPPC2L,4,0.27539546872880183,0.013320503946604442,134.12212048689034
ENSG00000289109,ENSG00000289109,4,0.26346628679961803,0.01370281787530197,2013.0349375069347
ENSG00000170381,SEMA3E,4,0.26152082485415556,0.014959489310408379,75.84966599947538
ENSG00000234912,SNHG20,4,0.25661714828381316,0.004544982701682669,109.96259678511129
ENSG00000166831,RBPMS2,4,0.20124609957943596,0.030548623530832545,28.662549374522445
ENSG00000166289,PLEKHF1,4,0.2800203500203497,0.009806009226614823,329.8219992374583
ENSG00000170775,GPR37,4,0.2556383123049758,0.006338399637446344,359.57500530154164
ENSG00000235531,MSC-AS1,4,0.2891358024691361,0.030564099351406606,328.2474948449038
ENSG00000099814,CEP170B,4,0.24773707773707496,0.0032858052071761154,269.58134294952174
ENSG00000165140,FBP1,4,0.24888391443946822,0.0024672979818913896,319.6010630826489
ENSG00000236144,TMEM147-AS1,4,0.27394247727580934,0.013837973235822532,253.65687812348193
ENSG00000164976,MYORG,4,0.26816442816442726,0.006172716677573151,1183.2932317022437
ENSG00000236372,ENSG00000236372,4,0.2615560982227629,0.004632770719026977,455.2660066112037
ENSG00000171509,RXFP1,4,0.23401980735313793,0.0023872327565346687,502.38524740555874
ENSG00000174276,ZNHIT2,4,0.2870917559806454,0.01548382396819639,317.46706646013195
ENSG00000245768,ENSG00000245768,4,0.2833346900013569,0.018372752755729617,651.2391966477168
ENSG00000248627,ENSG00000248627,4,0.26266788766788646,0.006109011728224684,153.77099878711377
ENSG00000182117,NOP10,4,0.24795550128883126,0.00944895865694939,400.4623453154148
ENSG00000070423,RNF126,4,0.26661104327770807,0.009264689250562829,405.3051024845362
ENSG00000224577,LINC01117,4,0.26514991181657643,0.007327136123973395,381.7654397778958
ENSG00000154930,ACSS1,4,0.25156220322886763,0.0030928327266401207,337.13200627219095
ENSG00000065268,WDR18,4,0.2542273775607079,0.013931267308259507,337.80438399084744
ENSG00000253537,PCDHGA7,4,0.25018722018721684,0.0036714443175051774,173.20478934232122
ENSG00000198515,CNGA1,4,0.2505494505494473,0.0051773000256841685,101.05516606559155
ENSG00000181817,LSM10,4,0.2609564509564487,0.0061716226023471234,345.5637754718733
ENSG00000224167,ENSG00000224167,4,0.262874779541444,0.007604005029768766,251.86817596318392
ENSG00000182057,OGFRP1,4,0.247344096232983,0.0038209421480852254,279.4609241591111
ENSG00000169188,APEX2,4,0.24669244335910745,0.0037193849154251823,357.18669305162103
ENSG00000253939,ENSG00000253939,4,0.2643996743996723,0.005189350620205181,572.8415789503576
ENSG00000289587,ENSG00000289587,4,0.2413247863247837,0.00203277347207079,171.88830112564682
ENSG00000251450,RASGRF2-AS1,4,0.25194727083615776,0.00428171024650782,108.03126061502051
ENSG00000141101,NOB1,4,0.2484208384208358,0.00988329632530399,407.35158681592503
ENSG00000182199,SHMT2,4,0.2576638176638148,0.01740891005830669,582.5646121588399
ENSG00000182575,NXPH3,4,0.23647266313932705,0.0016810237246550634,287.1883823768539
ENSG00000062038,CDH3,4,0.22518518518518413,0.04735829732888423,94.86388593150313
ENSG00000183067,IGSF5,4,0.2588224121557424,0.053334487834847975,1082.5022130978973
ENSG00000139998,RAB15,4,0.2774806674806665,0.015481212092007904,130.61329820739599
ENSG00000221882,OR3A2,4,0.24365124587346634,0.002076929169998715,521.9755871266345
ENSG00000053108,FSTL4,4,0.2781454348121011,0.01254784030492726,237.11515469564756
ENSG00000139579,NABP2,4,0.25010989010988777,0.006082688126953561,47.996188154799825
ENSG00000105143,SLC1A6,4,0.2560283543616858,0.004683348483688129,125.83785357096579
ENSG00000254986,DPP3,4,0.24251390584723578,0.0037864516476368328,784.4581969664625
ENSG00000225159,NPM1P39,4,0.25398114231447394,0.002963888019828309,199.49302054771996
ENSG00000143570,SLC39A1,4,0.2502442002441967,0.04214754117358108,109.3488715228098
ENSG00000225285,LINC01770,4,0.2273847962736841,0.001115901131991839,161.61466852056694
ENSG00000147955,SIGMAR1,4,0.2514027947361252,0.004974996209489828,229.5491853734827
ENSG00000153443,UBALD1,4,0.26946547279880473,0.009928472622199817,157.89445696146134
ENSG00000151729,SLC25A4,4,0.2567724867724841,0.004761695750818624,1793.5952014711308
ENSG00000102178,UBL4A,4,0.2511870845204148,0.005188895465956825,2798.4170854839354
ENSG00000074966,TXK,4,0.2626129426129402,0.008874502697444555,213.05757432397445
ENSG00000250328,MGC32805,4,0.25440103106769457,0.004920846141567175,121.86333498678067
ENSG00000153446,C16orf89,4,0.2455044543933415,0.0023877394908715602,162.5538991343703
ENSG00000148334,PTGES2,4,0.27302129968796507,0.013066076725622319,142.5600873602212
ENSG00000177628,GBA1,4,0.2517127933794579,0.003440637196244261,496.00111180559145
ENSG00000251129,LINC02506,4,0.2561108849997726,0.0037540787626457258,71.001431036797
ENSG00000225873,C3orf86P,4,0.2966680233346906,0.01869391845966023,620.0043201918191
ENSG00000286622,ENSG00000286622,4,0.26815493148826347,0.006082825436541083,402.22311799357647
ENSG00000154146,NRGN,4,0.26932302265635455,0.00667465921230831,176.09817077958115
ENSG00000251271,ALG1L7P,4,0.23548817437706226,0.002640354530366733,59.112355290465295
ENSG00000153064,BANK1,4,0.2646696513363161,0.0061109667975383095,146.8522827745995
ENSG00000178162,FAR2P2,4,0.2832397232397231,0.010606987902172443,326.78482066186274
ENSG00000227946,INO80D-AS1,4,0.2705792972459625,0.011049725577220658,891.1353326200015
ENSG00000105298,CACTIN,3,0.2612929046262356,0.0074140808770215335,265.0659808459184
ENSG00000053372,MRTO4,3,0.2335029168362475,0.020014645597999724,355.5761631938029
ENSG00000108179,PPIF,3,0.23151675485008422,0.001505294288745808,160.41197485693175
ENSG00000008056,SYN1,3,0.26944105277438507,0.007448880044227924,452.7466545693177
ENSG00000280114,ENSG00000280114,3,0.25118844118843825,0.0036458379759318816,194.4960805850294
ENSG00000291258,ENSG00000291258,3,0.2542097408764044,0.004265541504355991,105.99389952755301
ENSG00000275481,ENSG00000275481,3,0.23972459639125993,0.002897388856212359,66.20210895698334
ENSG00000283638,MIR106AHG,3,0.2419373219373184,0.008288648156741251,263.18898703421945
ENSG00000101347,SAMHD1,3,0.21773911273911312,0.026722242113152845,219.86697366139182
ENSG00000285864,ENSG00000285864,3,0.22252747252747163,0.0009612062543903199,156.8322530745401
ENSG00000076864,RAP1GAP,3,0.2541134174467481,0.0038577507269040483,112.80425798557626
ENSG00000100410,PHF5A,3,0.2357848324514956,0.004625500873605574,302.43836617259416
ENSG00000106803,SEC61B,3,0.21019739519739478,0.0005150699960042828,992.7485965397356
ENSG00000288741,ENSG00000288741,3,0.25300366300365956,0.005148844784685835,59.532504697498815
ENSG00000095380,NANS,3,0.25425586758919816,0.0076189246553887416,307.41595014000546
ENSG00000026559,KCNG1,3,0.26296024962691406,0.005689974357145428,282.2286894645463
ENSG00000290888,ENSG00000290888,3,0.27532492199158787,0.008000888328485998,133.3722721737614
ENSG00000099715,PCDH11Y,3,0.25333265499931945,0.004047817544378812,82.6178970901488
ENSG00000099795,NDUFB7,3,0.23581874915207918,0.0016990845733016358,141.2273787517831
ENSG00000287962,ENSG00000287962,3,0.21196038529371813,0.0004899644354972475,100.08999339778197
ENSG00000287881,ENSG00000287881,3,0.2390571157237792,0.004819582489184846,23.183056327832254
ENSG00000109736,MFSD10,3,0.2389241622574918,0.00240475739647851,460.9470160487599
ENSG00000067829,IDH3G,3,0.249006014561568,0.003933190131630858,71.40710031757187
ENSG00000106268,NUDT1,3,0.25472663139329543,0.0036797858126759665,329.4229141471135
ENSG00000103740,ACSBG1,3,0.2595224528557836,0.006481609889145722,98.38193111818576
ENSG00000090432,MUL1,3,0.2540184506851142,0.003840447602155771,262.66752150381654
ENSG00000142961,MOB3C,3,0.2494281644281622,0.0027590773213618377,138.6247849313862
ENSG00000160695,VPS11,3,0.2538095238095208,0.00698052625884089,511.74395165477006
ENSG00000250519,ENSG00000250519,3,0.2550902184235487,0.022279703980129625,689.7725940352476
ENSG00000243742,RPLP0P2,3,0.24870754759643476,0.0029828612444030133,103.42018077502954
ENSG00000159314,ARHGAP27,3,0.26634513634513435,0.008376534544145043,263.63707519744094
ENSG00000244945,RUFY1-AS1,3,0.23933998100664505,0.0017797840336048255,164.65592797271827
ENSG00000247317,LY6E-DT,3,0.2373721340387973,0.0017029767983833919,128.97319575812546
ENSG00000179066,ENSG00000179066,3,0.24140889974223023,0.002496662247872432,107.53832982045984
ENSG00000248242,ENSG00000248242,3,0.2635626102292751,0.004589041177733578,166.3732765872544
ENSG00000179933,C14orf119,3,0.24644959978292974,0.0037205585676171214,601.868098990692
ENSG00000224635,ENSG00000224635,3,0.25206213539546596,0.0028035725911191582,503.38233451181776
ENSG00000151090,THRB,3,0.22124677791344452,0.032040826937214925,20.314153218179243
ENSG00000148908,RGS10,3,0.27515940849274084,0.010168480303443654,102.93512785968441
ENSG00000148175,STOM,3,0.2642463709130353,0.008953335605801608,98.03194157010512
ENSG00000139410,SDSL,3,0.24586148419481493,0.003086007603525176,402.3996921144056
ENSG00000250974,LINC02196,3,0.2452007868674513,0.002411055605433428,46.70761733799962
ENSG00000145912,NHP2,3,0.21580563469452158,0.0007055019470191319,62.42344628364159
ENSG00000141556,TBCD,3,0.17317957762402306,0.002789978224326039,3507.0
ENSG00000223715,LINC01208,3,0.23935015601681847,0.027904661222987796,726.0632759259538
ENSG00000222017,ENSG00000222017,3,0.22099579432912644,0.01153431036929948,174.2043135651363
ENSG00000182858,ALG12,3,0.2595794329127638,0.004155125415437053,114.09946469967932
ENSG00000140365,COMMD4,3,0.23084656084655655,0.001160380931605035,163.84139829389238
ENSG00000140280,LYSMD2,3,0.23628001628001388,0.004200652172800753,29.824960801072415
ENSG00000139637,MYG1,3,0.24186813186813005,0.0036125539815664376,89.73605149231506
ENSG00000183196,CHST6,3,0.2543182743182712,0.004307934774140574,611.0371386036431
ENSG00000178927,CYBC1,3,0.24131189797856117,0.0035048085163697363,251.96565470638933
ENSG00000160781,PAQR6,3,0.2219337041559252,0.000913459131990139,36.27361200967483
ENSG00000242802,AP5Z1,3,0.24786460453126818,0.003080453649938628,263.97371656319285
ENSG00000241945,PWP2,3,0.24326889160222415,0.003733311608673276,14.906958204573943
ENSG00000169258,GPRIN1,3,0.2600203500203477,0.006571159320505291,47.20112546929743
ENSG00000171522,PTGER4,3,0.245801112467776,0.0035264070718791416,111.78820613137857
ENSG00000168890,TMEM150A,3,0.2434215167548468,0.004789290495335546,202.60240131237794
ENSG00000232573,RPL3P4,3,0.2544693166915381,0.004437283535984532,46.57257627102686
ENSG00000232650,LINC01780,3,0.2561572378239024,0.004412968757687557,138.27312983051428
ENSG00000172139,SLC9C1,3,0.24203093203092838,0.004148959057074379,105.98608787479658
ENSG00000234380,LINC01426,3,0.24116266449599455,0.0029949236677431386,254.12086946807122
ENSG00000167114,SLC27A4,3,0.24218152218151898,0.003266232353904014,99.57895132396487
ENSG00000165724,ZMYND19,3,0.24626283181838507,0.0029802189906024523,296.74283706916856
ENSG00000235568,NFAM1,3,0.2402143535476838,0.0014703930916403673,186.54666072445173
ENSG00000165272,AQP3,3,0.24035002035001707,0.0023890816050854413,114.46548256865827
ENSG00000228679,ENSG00000228679,3,0.22843983177316426,0.0015828966996574087,16.120656209373216
ENSG00000164885,CDK5,3,0.25786392619725823,0.0045894794333122,119.92339356316536
ENSG00000164342,TLR3,3,0.24427599149821236,0.0024548020060141643,28.71717976586939
ENSG00000173401,GLIPR1L1,3,0.24632478632478316,0.004696865240521609,38.00429555378836
ENSG00000164120,HPGD,3,0.2451641568308211,0.0024721829798147812,28.776488630365513
ENSG00000163932,PRKCD,3,0.24446615113281409,0.003127566006143378,86.43411796789704
ENSG00000228470,ENSG00000228470,3,0.24743318409984746,0.0035612666017913104,207.567986843206
ENSG00000240449,REPIN1-AS1,3,0.23798580020802063,0.0015272804264600478,112.12771500330433
ENSG00000227540,ENSG00000227540,3,0.2509528331750536,0.0026612951033162325,222.71336212603686
ENSG00000175229,GAL3ST3,3,0.2405196038529338,0.002278743309225252,102.71665932632658
ENSG00000255114,HYOU1-AS1,3,0.24833672500338883,0.0028550925642607003,287.2055590672569
ENSG00000230325,ENSG00000230325,3,0.2486012752679388,0.003488637243858501,317.31531581379966
ENSG00000255624,C10orf88B,3,0.24540428707095116,0.002945987120577843,28.12082410056663
ENSG00000130332,LSM7,3,0.21174738841405544,0.002478719345576723,852.4869881116765
ENSG00000129255,MPDU1,3,0.2544607244607218,0.005028257605661403,218.47020066710706
ENSG00000125912,NCLN,3,0.24203907203906863,0.024210934181289643,1668.0301648061898
ENSG00000256278,ENSG00000256278,3,0.24476778365667093,0.002856344926033498,37.48410906992006
ENSG00000125656,CLPP,3,0.24925111925111615,0.003208546607852292,144.4537909278672
ENSG00000186806,VSIG10L,3,0.2314706281372914,0.005456234658079334,445.45037458890283
ENSG00000205002,AARD,3,0.22947813503368786,0.000798575489637654,201.70440421594776
ENSG00000265818,EEF1E1-BLOC1S5,3,0.2349464116130762,0.008016055914710541,1.3923076923076922
ENSG00000123444,KBTBD4,3,0.2586229819563126,0.009845518303441915,1183.264140754645
ENSG00000123360,PDE1B,3,0.28005426672093325,0.010636824176975352,176.3100829068896
ENSG00000196352,CD55,3,0.24933794600460968,0.0031632899307850446,111.60689214004611
ENSG00000267673,FDX2,3,0.2560371727038371,0.003259717550982586,145.31705494519485
ENSG00000119599,DCAF4,3,0.2473992673992649,0.005208762527112966,34.01839302678808
ENSG00000269957,ENSG00000269957,3,0.21959548681770755,0.0006287167629514338,40.60224827273433
ENSG00000203710,CR1,3,0.22341202007868502,0.0008681023759178337,103.47040629934007
ENSG00000197291,RAMP2-AS1,3,0.2362915479582129,0.002620835871937085,134.08034879062882
ENSG00000198870,STKLD1,3,0.266541853208518,0.010013184687132455,108.67702659414496
ENSG00000197870,PRB3,3,0.23518586351919565,0.001426490929151354,54.798882963579075
ENSG00000198331,HYLS1,3,0.2458228191561495,0.00302723376600198,81.52281343612515
ENSG00000114529,C3orf52,3,0.23435083435083054,0.001589955324137272,776.4640885589619
ENSG00000273217,ENSG00000273217,3,0.24235246235245866,0.002723428779025943,518.1890910407107
ENSG00000198346,ZNF813,3,0.25452177452177144,0.004275491383880017,146.1505630049688
ENSG00000130307,USHBP1,3,0.27113688780355394,0.007764889866852947,131.1061572282694
ENSG00000185869,ZNF829,3,0.24183014516347526,0.003867746512196742,371.5940813956244
ENSG00000130429,ARPC1B,3,0.2566965133631773,0.005933203793790312,65.13789412669243
ENSG00000185666,SYN3,3,0.2091948175281545,0.05617296233144422,0.0
ENSG00000256321,ENSG00000256321,3,0.24161488717044083,0.002059951200859985,111.34691216358377
ENSG00000136877,FPGS,3,0.2579215845882486,0.0035048654559168765,315.1984896747405
ENSG00000136856,SLC2A8,3,0.2621665988332641,0.006037913929485402,283.59717161503033
ENSG00000136014,USP44,3,0.2082614299281002,0.05594441218629171,2.9126483292444494
ENSG00000257681,ENSG00000257681,3,0.2527187627187601,0.004670312138157052,82.92028957838185
ENSG00000219404,NGRNP4,3,0.21585877085877084,0.0006677460670339215,9.801662419955232
ENSG00000135736,CCDC102A,3,0.24719983719983385,0.0028375411182793315,205.26529952157824
ENSG00000135480,KRT7,3,0.2342915931804803,0.0019488314060062243,57.54743607795239
ENSG00000184564,SLITRK6,3,0.2474860941527577,0.0038166298243370225,240.77216314998137
ENSG00000212864,RNF208,3,0.24596594763261234,0.002139369135374607,91.82210928605882
ENSG00000134802,SLC43A3,3,0.2521245421245397,0.004249012414092796,7.00360014552474
ENSG00000258466,ENSG00000258466,3,0.227724867724867,0.0013981987253974095,32.970002897502184
ENSG00000258982,YY1-DT,3,0.2528313661646968,0.007424596599344501,340.06008846917535
ENSG00000132429,POPDC3,3,0.24519332519332193,0.002521385663121948,91.8554989614181
ENSG00000132819,RBM38,3,0.2476136209469513,0.0029638782396779347,95.84445583706051
ENSG00000259153,MAP3K9-DT,3,0.24648351648351322,0.004772499108876616,31.261921807535032
ENSG00000259305,ZHX1-C8orf76,3,0.24866843033509492,0.005920244399801421,17.48927045000003
ENSG00000134184,GSTM1,3,0.25650861484194604,0.00402554308343079,234.51232526130775
ENSG00000173436,MICOS10,2,0.18353072853073027,0.00017508575335805902,25.18187504769382
ENSG00000205763,RP9P,2,0.22110161443494722,0.010885689622948218,2.3584975008888054
ENSG00000090372,STRN4,2,0.22897164563830788,0.0010028303383829173,39.25368800127576
ENSG00000179761,PIPOX,2,0.24709673043006025,0.005656635839858521,17.196524290223365
ENSG00000197766,CFD,2,0.23415276081942446,0.0025278706682858067,89.82781104442802
ENSG00000290810,YWHAEP7,2,0.2134242300908954,0.000630511875972803,51.238002282816225
ENSG00000172830,SSH3,2,0.2230647130647125,0.009616957166126016,35.491118193577506
ENSG00000289182,ENSG00000289182,2,0.2242748609415226,0.0011560188148218517,139.1766566629381
ENSG00000174343,CHRNA9,2,0.21996540496540273,0.000679152445299058,53.03143039286653
ENSG00000180638,SLC47A2,2,0.22172296838963307,0.001640588193877978,2.9314210799344864
ENSG00000196756,SNHG17,2,0.2058097046985932,0.00032126801618254466,53.34649082254115
ENSG00000228262,LINC01320,2,0.23884411884411536,0.0021636465878821366,70.86406615725161
ENSG00000055950,MRPL43,2,0.23246777913444172,0.002611231190474656,27.216652505738335
ENSG00000112796,ENPP5,2,0.24719983719983404,0.0046622372891850835,335.72253520661343
ENSG00000104915,STX10,2,0.2351200651200613,0.007902103064198137,363.9935190612581
ENSG00000263878,DLGAP1-AS4,2,0.21008614841948095,0.0012411859241509245,17.27303922878123
ENSG00000285854,ENSG00000285854,2,0.2197123863790495,0.003378689539481181,375.7444955868603
ENSG00000103811,CTSH,2,0.23360059693392757,0.0033568058898177603,11.384440424262333
ENSG00000233016,SNHG7,2,0.24336182336181958,0.01742739405038319,1184.9189540210143
ENSG00000139433,GLTP,2,0.22502826391714972,0.0012131532451933181,14.267608084506177
ENSG00000257878,ENSG00000257878,2,0.2410046126712775,0.0016466591674006948,93.51432548424971
ENSG00000282458,WASH5P,2,0.22072446072445862,0.000602011768060189,37.16354687218736
ENSG00000278238,CKAP2-DT,2,0.2283272283272247,0.0012471270374970807,28.989091649899787
ENSG00000151164,RAD9B,2,0.24204314204313862,0.003168890876224408,17.389393362019153
ENSG00000270441,LAMB2P1,2,0.22175959842626197,0.010732441752840358,416.55222474941127
ENSG00000271204,ENSG00000271204,2,0.2058886175552868,0.0008747675506491941,18.22883698523451
ENSG00000115556,PLCD4,2,0.2220503776059303,0.0010996281559080487,16.23791760154555
ENSG00000275464,ENSG00000275464,2,0.22671889838556192,0.0009429821066535337,39.503980257617805
ENSG00000275367,ENSG00000275367,2,0.21461267127933317,0.0004967419811312468,64.17512483981328
ENSG00000273270,LINC03072,2,0.20989960656627052,0.00041280418882935755,40.888120675178136
ENSG00000251461,ENSG00000251461,2,0.21481345814679026,0.0006681357847040982,28.9217395209941
ENSG00000292277,ENSG00000292277,2,0.2383733550400196,0.004475334399590194,9.575506218253166
ENSG00000154548,SRSF12,2,0.2153581603581609,0.028967846030517524,0.0
ENSG00000099822,HCN2,2,0.2310423732645938,0.0011274494023539939,62.14356268055048
ENSG00000100068,LRP5L,2,0.23475647808980776,0.0016621998132801805,44.236457532479726
ENSG00000156206,CFAP161,2,0.23355447022113351,0.0022396504600469052,42.59668945253385
ENSG00000162851,TFB2M,2,0.2221204721204681,0.0010863830921610622,149.8576009380006
ENSG00000162825,NBPF20,2,0.21872586261474822,0.0005677739962367242,31.32114210224051
ENSG00000161999,JMJD8,2,0.23352100574322565,0.00146245813410348,40.759466386025174
ENSG00000166228,PCBD1,2,0.20386311219644787,0.0007720871589754018,0.0
ENSG00000288643,ENSG00000288643,2,0.24447836114502502,0.008844890049881376,51.08228308115621
ENSG00000156968,MPV17L,2,0.24172839506172578,0.0031443640266573085,23.10071935955398
ENSG00000235897,TM4SF19-AS1,1,0.20279518835074417,0.00027847820693812085,0.0
ENSG00000121871,SLITRK3,1,0.19226767060100639,0.009668883355175299,0.0
ENSG00000164106,SCRG1,1,0.2071053226608769,0.00037597378363866236,0.0
ENSG00000163632,C3orf49,1,0.14642744087188408,0.00016316626974185685,0.0
ENSG00000111452,ADGRD1,1,0.20058992447881446,0.00020677506596863976,0.0
ENSG00000268030,ENSG00000268030,1,0.20803871026093035,0.00033163456066876215,0.0
ENSG00000196700,ZNF512B,1,0.23149233482566453,0.003687615472239134,0.0
ENSG00000264622,ENSG00000264622,1,0.20472301361190193,0.0003045730334157264,0.0
ENSG00000265349,ENSG00000265349,1,0.16364762809207128,0.002336972752855925,0.0
ENSG00000264513,ENSG00000264513,1,0.20205987428209657,0.00019327985734885587,0.0
ENSG00000131669,NINJ1,1,0.21158911047799728,0.00038797423830984817,0.0
ENSG00000134326,CMPK2,1,0.21928707095373715,0.0012584505313240127,0.0
ENSG00000290230,ENSG00000290230,1,0.22147108035996618,0.0006865051883174583,0.0
ENSG00000226747,ENSG00000226747,1,0.21326414326414134,0.000798707611849568,0.0
ENSG00000226435,ANKRD18DP,1,0.19400804956360732,0.00016235730452207327,0.0
ENSG00000103888,CEMIP,1,0.14642744087188408,0.00016316626974185685,0.0
ENSG00000273521,ENSG00000273521,1,0.2404870438203744,0.003162556501170825,0.0
ENSG00000168936,TMEM129,1,0.1877533577533596,0.0020101129821323217,0.0
